-- ============================================================
-- FSANZ Schedule 8 → CIG seed
-- Generated: 2026-04-18T09:05:32.714958+00:00
-- Ingester:  seed-fsanz v1.0.0
-- Source:    https://www.legislation.gov.au/F2015L00478/latest/text
-- ============================================================

INSERT INTO ingestion_run (ingester_name, ingester_version, status) VALUES ('seed-fsanz', '1.0.0', 'running');

INSERT INTO fact_evidence (source_name, source_url, source_section, snapshot_date, language, retrieved_by) VALUES ('FSANZ Food Standards Code Schedule 8 — Food additive names and code numbers', 'https://www.legislation.gov.au/F2015L00478/latest/text', 'Schedule 8 — Food additive names and code numbers', '2026-04-18', 'en', 'seed-fsanz:1.0.0') ON CONFLICT(source_url, snapshot_date) DO NOTHING;

INSERT INTO ingredient (canonical_id, primary_name, ingredient_class, ins_number, category, is_natural) VALUES ('NAME_this_standard_commences_on_1_march_2016_being_the_date_specified_as_the_commence', 'This Standard commences on 1 March 2016, being the date specified as the commencement date in notices in the Gazette and the New Zealand Gazette under section 92 of the Food Standards Australia New Zealand Act 1991 (Cth). See also section 93 of that Act. S8—2 Food additive names and code numbers For the definition of code number in section 1.1.2—2 and for subsection 1.2.4— 7(1), the food additive names and *code numbers are as listed in the following table (first in alphabetical order, then in numerical order): Food additive names—alphabetical listing Acacia or gum Arabic', 'substance', '414', 'food', 0) ON CONFLICT(canonical_id) DO NOTHING;
INSERT INTO ingredient_alias (canonical_id, alias, alias_normalized, alias_type, language_code, confidence, source) VALUES ('NAME_this_standard_commences_on_1_march_2016_being_the_date_specified_as_the_commence', 'This Standard commences on 1 March 2016, being the date specified as the commencement date in notices in the Gazette and the New Zealand Gazette under section 92 of the Food Standards Australia New Zealand Act 1991 (Cth). See also section 93 of that Act. S8—2 Food additive names and code numbers For the definition of code number in section 1.1.2—2 and for subsection 1.2.4— 7(1), the food additive names and *code numbers are as listed in the following table (first in alphabetical order, then in numerical order): Food additive names—alphabetical listing Acacia or gum Arabic', 'this standard commences on 1 march 2016, being the date specified as the commencement date in notices in the gazette and the new zealand gazette under section 92 of the food standards australia new zealand act 1991 (cth). see also section 93 of that act. s8—2 food additive names and code numbers for the definition of code number in section 1.1.2—2 and for subsection 1.2.4— 7(1), the food additive names and *code numbers are as listed in the following table (first in alphabetical order, then in numerical order): food additive names—alphabetical listing acacia or gum arabic', 'synonym', 'en', 1.0, 'FSANZ-Sched8') ON CONFLICT(alias_normalized, alias_type, COALESCE(language_code, '')) DO NOTHING;
INSERT INTO ingredient_alias (canonical_id, alias, alias_normalized, alias_type, language_code, confidence, source) VALUES ('NAME_this_standard_commences_on_1_march_2016_being_the_date_specified_as_the_commence', '414', '414', 'ins_number', NULL, 1.0, 'FSANZ-Sched8') ON CONFLICT(alias_normalized, alias_type, COALESCE(language_code, '')) DO NOTHING;
INSERT OR IGNORE INTO regulatory_fact (canonical_id, jurisdiction, fact_type, status, regulation_ref, product_category, evidence_id) VALUES ('NAME_this_standard_commences_on_1_march_2016_being_the_date_specified_as_the_commence', 'AU_NZ_FSANZ', 'permitted', 'Permitted food additive in Australia/New Zealand (INS 414)', 'FSANZ Schedule 8', 'food', (SELECT id FROM fact_evidence WHERE source_url = 'https://www.legislation.gov.au/F2015L00478/latest/text' AND snapshot_date = '2026-04-18' LIMIT 1));
INSERT INTO ingredient (canonical_id, primary_name, ingredient_class, ins_number, category, is_natural) VALUES ('NAME_acesulphame_potassium', 'Acesulphame potassium', 'substance', '950', 'food', 0) ON CONFLICT(canonical_id) DO NOTHING;
INSERT INTO ingredient_alias (canonical_id, alias, alias_normalized, alias_type, language_code, confidence, source) VALUES ('NAME_acesulphame_potassium', 'Acesulphame potassium', 'acesulphame potassium', 'synonym', 'en', 1.0, 'FSANZ-Sched8') ON CONFLICT(alias_normalized, alias_type, COALESCE(language_code, '')) DO NOTHING;
INSERT INTO ingredient_alias (canonical_id, alias, alias_normalized, alias_type, language_code, confidence, source) VALUES ('NAME_acesulphame_potassium', '950', '950', 'ins_number', NULL, 1.0, 'FSANZ-Sched8') ON CONFLICT(alias_normalized, alias_type, COALESCE(language_code, '')) DO NOTHING;
INSERT OR IGNORE INTO regulatory_fact (canonical_id, jurisdiction, fact_type, status, regulation_ref, product_category, evidence_id) VALUES ('NAME_acesulphame_potassium', 'AU_NZ_FSANZ', 'permitted', 'Permitted food additive in Australia/New Zealand (INS 950)', 'FSANZ Schedule 8', 'food', (SELECT id FROM fact_evidence WHERE source_url = 'https://www.legislation.gov.au/F2015L00478/latest/text' AND snapshot_date = '2026-04-18' LIMIT 1));
INSERT INTO ingredient (canonical_id, primary_name, ingredient_class, ins_number, category, is_natural) VALUES ('NAME_acetic_acid_glacial', 'Acetic acid, glacial', 'substance', '260', 'food', 0) ON CONFLICT(canonical_id) DO NOTHING;
INSERT INTO ingredient_alias (canonical_id, alias, alias_normalized, alias_type, language_code, confidence, source) VALUES ('NAME_acetic_acid_glacial', 'Acetic acid, glacial', 'acetic acid, glacial', 'synonym', 'en', 1.0, 'FSANZ-Sched8') ON CONFLICT(alias_normalized, alias_type, COALESCE(language_code, '')) DO NOTHING;
INSERT INTO ingredient_alias (canonical_id, alias, alias_normalized, alias_type, language_code, confidence, source) VALUES ('NAME_acetic_acid_glacial', '260', '260', 'ins_number', NULL, 1.0, 'FSANZ-Sched8') ON CONFLICT(alias_normalized, alias_type, COALESCE(language_code, '')) DO NOTHING;
INSERT OR IGNORE INTO regulatory_fact (canonical_id, jurisdiction, fact_type, status, regulation_ref, product_category, evidence_id) VALUES ('NAME_acetic_acid_glacial', 'AU_NZ_FSANZ', 'permitted', 'Permitted food additive in Australia/New Zealand (INS 260)', 'FSANZ Schedule 8', 'food', (SELECT id FROM fact_evidence WHERE source_url = 'https://www.legislation.gov.au/F2015L00478/latest/text' AND snapshot_date = '2026-04-18' LIMIT 1));
INSERT INTO ingredient (canonical_id, primary_name, ingredient_class, ins_number, category, is_natural) VALUES ('NAME_acetic_and_fatty_acid_esters_of_glycerol', 'Acetic and fatty acid esters of glycerol', 'substance', '472a', 'food', 0) ON CONFLICT(canonical_id) DO NOTHING;
INSERT INTO ingredient_alias (canonical_id, alias, alias_normalized, alias_type, language_code, confidence, source) VALUES ('NAME_acetic_and_fatty_acid_esters_of_glycerol', 'Acetic and fatty acid esters of glycerol', 'acetic and fatty acid esters of glycerol', 'synonym', 'en', 1.0, 'FSANZ-Sched8') ON CONFLICT(alias_normalized, alias_type, COALESCE(language_code, '')) DO NOTHING;
INSERT INTO ingredient_alias (canonical_id, alias, alias_normalized, alias_type, language_code, confidence, source) VALUES ('NAME_acetic_and_fatty_acid_esters_of_glycerol', '472a', '472a', 'ins_number', NULL, 1.0, 'FSANZ-Sched8') ON CONFLICT(alias_normalized, alias_type, COALESCE(language_code, '')) DO NOTHING;
INSERT OR IGNORE INTO regulatory_fact (canonical_id, jurisdiction, fact_type, status, regulation_ref, product_category, evidence_id) VALUES ('NAME_acetic_and_fatty_acid_esters_of_glycerol', 'AU_NZ_FSANZ', 'permitted', 'Permitted food additive in Australia/New Zealand (INS 472a)', 'FSANZ Schedule 8', 'food', (SELECT id FROM fact_evidence WHERE source_url = 'https://www.legislation.gov.au/F2015L00478/latest/text' AND snapshot_date = '2026-04-18' LIMIT 1));
INSERT INTO ingredient (canonical_id, primary_name, ingredient_class, ins_number, category, is_natural) VALUES ('NAME_acetylated_distarch_adipate', 'Acetylated distarch adipate', 'substance', '1422', 'food', 0) ON CONFLICT(canonical_id) DO NOTHING;
INSERT INTO ingredient_alias (canonical_id, alias, alias_normalized, alias_type, language_code, confidence, source) VALUES ('NAME_acetylated_distarch_adipate', 'Acetylated distarch adipate', 'acetylated distarch adipate', 'synonym', 'en', 1.0, 'FSANZ-Sched8') ON CONFLICT(alias_normalized, alias_type, COALESCE(language_code, '')) DO NOTHING;
INSERT INTO ingredient_alias (canonical_id, alias, alias_normalized, alias_type, language_code, confidence, source) VALUES ('NAME_acetylated_distarch_adipate', '1422', '1422', 'ins_number', NULL, 1.0, 'FSANZ-Sched8') ON CONFLICT(alias_normalized, alias_type, COALESCE(language_code, '')) DO NOTHING;
INSERT OR IGNORE INTO regulatory_fact (canonical_id, jurisdiction, fact_type, status, regulation_ref, product_category, evidence_id) VALUES ('NAME_acetylated_distarch_adipate', 'AU_NZ_FSANZ', 'permitted', 'Permitted food additive in Australia/New Zealand (INS 1422)', 'FSANZ Schedule 8', 'food', (SELECT id FROM fact_evidence WHERE source_url = 'https://www.legislation.gov.au/F2015L00478/latest/text' AND snapshot_date = '2026-04-18' LIMIT 1));
INSERT INTO ingredient (canonical_id, primary_name, ingredient_class, ins_number, category, is_natural) VALUES ('NAME_acetylated_distarch_phosphate', 'Acetylated distarch phosphate', 'substance', '1414', 'food', 0) ON CONFLICT(canonical_id) DO NOTHING;
INSERT INTO ingredient_alias (canonical_id, alias, alias_normalized, alias_type, language_code, confidence, source) VALUES ('NAME_acetylated_distarch_phosphate', 'Acetylated distarch phosphate', 'acetylated distarch phosphate', 'synonym', 'en', 1.0, 'FSANZ-Sched8') ON CONFLICT(alias_normalized, alias_type, COALESCE(language_code, '')) DO NOTHING;
INSERT INTO ingredient_alias (canonical_id, alias, alias_normalized, alias_type, language_code, confidence, source) VALUES ('NAME_acetylated_distarch_phosphate', '1414', '1414', 'ins_number', NULL, 1.0, 'FSANZ-Sched8') ON CONFLICT(alias_normalized, alias_type, COALESCE(language_code, '')) DO NOTHING;
INSERT OR IGNORE INTO regulatory_fact (canonical_id, jurisdiction, fact_type, status, regulation_ref, product_category, evidence_id) VALUES ('NAME_acetylated_distarch_phosphate', 'AU_NZ_FSANZ', 'permitted', 'Permitted food additive in Australia/New Zealand (INS 1414)', 'FSANZ Schedule 8', 'food', (SELECT id FROM fact_evidence WHERE source_url = 'https://www.legislation.gov.au/F2015L00478/latest/text' AND snapshot_date = '2026-04-18' LIMIT 1));
INSERT INTO ingredient (canonical_id, primary_name, ingredient_class, ins_number, category, is_natural) VALUES ('NAME_acetylated_oxidised_starch', 'Acetylated oxidised starch', 'substance', '1451', 'food', 0) ON CONFLICT(canonical_id) DO NOTHING;
INSERT INTO ingredient_alias (canonical_id, alias, alias_normalized, alias_type, language_code, confidence, source) VALUES ('NAME_acetylated_oxidised_starch', 'Acetylated oxidised starch', 'acetylated oxidised starch', 'synonym', 'en', 1.0, 'FSANZ-Sched8') ON CONFLICT(alias_normalized, alias_type, COALESCE(language_code, '')) DO NOTHING;
INSERT INTO ingredient_alias (canonical_id, alias, alias_normalized, alias_type, language_code, confidence, source) VALUES ('NAME_acetylated_oxidised_starch', '1451', '1451', 'ins_number', NULL, 1.0, 'FSANZ-Sched8') ON CONFLICT(alias_normalized, alias_type, COALESCE(language_code, '')) DO NOTHING;
INSERT OR IGNORE INTO regulatory_fact (canonical_id, jurisdiction, fact_type, status, regulation_ref, product_category, evidence_id) VALUES ('NAME_acetylated_oxidised_starch', 'AU_NZ_FSANZ', 'permitted', 'Permitted food additive in Australia/New Zealand (INS 1451)', 'FSANZ Schedule 8', 'food', (SELECT id FROM fact_evidence WHERE source_url = 'https://www.legislation.gov.au/F2015L00478/latest/text' AND snapshot_date = '2026-04-18' LIMIT 1));
INSERT INTO ingredient (canonical_id, primary_name, ingredient_class, ins_number, category, is_natural) VALUES ('NAME_acid_treated_starch', 'Acid treated starch', 'substance', '1401', 'food', 0) ON CONFLICT(canonical_id) DO NOTHING;
INSERT INTO ingredient_alias (canonical_id, alias, alias_normalized, alias_type, language_code, confidence, source) VALUES ('NAME_acid_treated_starch', 'Acid treated starch', 'acid treated starch', 'synonym', 'en', 1.0, 'FSANZ-Sched8') ON CONFLICT(alias_normalized, alias_type, COALESCE(language_code, '')) DO NOTHING;
INSERT INTO ingredient_alias (canonical_id, alias, alias_normalized, alias_type, language_code, confidence, source) VALUES ('NAME_acid_treated_starch', '1401', '1401', 'ins_number', NULL, 1.0, 'FSANZ-Sched8') ON CONFLICT(alias_normalized, alias_type, COALESCE(language_code, '')) DO NOTHING;
INSERT OR IGNORE INTO regulatory_fact (canonical_id, jurisdiction, fact_type, status, regulation_ref, product_category, evidence_id) VALUES ('NAME_acid_treated_starch', 'AU_NZ_FSANZ', 'permitted', 'Permitted food additive in Australia/New Zealand (INS 1401)', 'FSANZ Schedule 8', 'food', (SELECT id FROM fact_evidence WHERE source_url = 'https://www.legislation.gov.au/F2015L00478/latest/text' AND snapshot_date = '2026-04-18' LIMIT 1));
INSERT INTO ingredient (canonical_id, primary_name, ingredient_class, ins_number, category, is_natural) VALUES ('NAME_adipic_acid', 'Adipic acid', 'substance', '355', 'food', 0) ON CONFLICT(canonical_id) DO NOTHING;
INSERT INTO ingredient_alias (canonical_id, alias, alias_normalized, alias_type, language_code, confidence, source) VALUES ('NAME_adipic_acid', 'Adipic acid', 'adipic acid', 'synonym', 'en', 1.0, 'FSANZ-Sched8') ON CONFLICT(alias_normalized, alias_type, COALESCE(language_code, '')) DO NOTHING;
INSERT INTO ingredient_alias (canonical_id, alias, alias_normalized, alias_type, language_code, confidence, source) VALUES ('NAME_adipic_acid', '355', '355', 'ins_number', NULL, 1.0, 'FSANZ-Sched8') ON CONFLICT(alias_normalized, alias_type, COALESCE(language_code, '')) DO NOTHING;
INSERT OR IGNORE INTO regulatory_fact (canonical_id, jurisdiction, fact_type, status, regulation_ref, product_category, evidence_id) VALUES ('NAME_adipic_acid', 'AU_NZ_FSANZ', 'permitted', 'Permitted food additive in Australia/New Zealand (INS 355)', 'FSANZ Schedule 8', 'food', (SELECT id FROM fact_evidence WHERE source_url = 'https://www.legislation.gov.au/F2015L00478/latest/text' AND snapshot_date = '2026-04-18' LIMIT 1));
INSERT INTO ingredient (canonical_id, primary_name, ingredient_class, ins_number, category, is_natural) VALUES ('NAME_advantame', 'Advantame', 'substance', '969', 'food', 0) ON CONFLICT(canonical_id) DO NOTHING;
INSERT INTO ingredient_alias (canonical_id, alias, alias_normalized, alias_type, language_code, confidence, source) VALUES ('NAME_advantame', 'Advantame', 'advantame', 'synonym', 'en', 1.0, 'FSANZ-Sched8') ON CONFLICT(alias_normalized, alias_type, COALESCE(language_code, '')) DO NOTHING;
INSERT INTO ingredient_alias (canonical_id, alias, alias_normalized, alias_type, language_code, confidence, source) VALUES ('NAME_advantame', '969', '969', 'ins_number', NULL, 1.0, 'FSANZ-Sched8') ON CONFLICT(alias_normalized, alias_type, COALESCE(language_code, '')) DO NOTHING;
INSERT OR IGNORE INTO regulatory_fact (canonical_id, jurisdiction, fact_type, status, regulation_ref, product_category, evidence_id) VALUES ('NAME_advantame', 'AU_NZ_FSANZ', 'permitted', 'Permitted food additive in Australia/New Zealand (INS 969)', 'FSANZ Schedule 8', 'food', (SELECT id FROM fact_evidence WHERE source_url = 'https://www.legislation.gov.au/F2015L00478/latest/text' AND snapshot_date = '2026-04-18' LIMIT 1));
INSERT INTO ingredient (canonical_id, primary_name, ingredient_class, ins_number, category, is_natural) VALUES ('NAME_agar', 'Agar', 'substance', '406', 'food', 0) ON CONFLICT(canonical_id) DO NOTHING;
INSERT INTO ingredient_alias (canonical_id, alias, alias_normalized, alias_type, language_code, confidence, source) VALUES ('NAME_agar', 'Agar', 'agar', 'synonym', 'en', 1.0, 'FSANZ-Sched8') ON CONFLICT(alias_normalized, alias_type, COALESCE(language_code, '')) DO NOTHING;
INSERT INTO ingredient_alias (canonical_id, alias, alias_normalized, alias_type, language_code, confidence, source) VALUES ('NAME_agar', '406', '406', 'ins_number', NULL, 1.0, 'FSANZ-Sched8') ON CONFLICT(alias_normalized, alias_type, COALESCE(language_code, '')) DO NOTHING;
INSERT OR IGNORE INTO regulatory_fact (canonical_id, jurisdiction, fact_type, status, regulation_ref, product_category, evidence_id) VALUES ('NAME_agar', 'AU_NZ_FSANZ', 'permitted', 'Permitted food additive in Australia/New Zealand (INS 406)', 'FSANZ Schedule 8', 'food', (SELECT id FROM fact_evidence WHERE source_url = 'https://www.legislation.gov.au/F2015L00478/latest/text' AND snapshot_date = '2026-04-18' LIMIT 1));
INSERT INTO ingredient (canonical_id, primary_name, ingredient_class, ins_number, category, is_natural) VALUES ('NAME_alginic_acid', 'Alginic acid', 'substance', '400', 'food', 0) ON CONFLICT(canonical_id) DO NOTHING;
INSERT INTO ingredient_alias (canonical_id, alias, alias_normalized, alias_type, language_code, confidence, source) VALUES ('NAME_alginic_acid', 'Alginic acid', 'alginic acid', 'synonym', 'en', 1.0, 'FSANZ-Sched8') ON CONFLICT(alias_normalized, alias_type, COALESCE(language_code, '')) DO NOTHING;
INSERT INTO ingredient_alias (canonical_id, alias, alias_normalized, alias_type, language_code, confidence, source) VALUES ('NAME_alginic_acid', '400', '400', 'ins_number', NULL, 1.0, 'FSANZ-Sched8') ON CONFLICT(alias_normalized, alias_type, COALESCE(language_code, '')) DO NOTHING;
INSERT OR IGNORE INTO regulatory_fact (canonical_id, jurisdiction, fact_type, status, regulation_ref, product_category, evidence_id) VALUES ('NAME_alginic_acid', 'AU_NZ_FSANZ', 'permitted', 'Permitted food additive in Australia/New Zealand (INS 400)', 'FSANZ Schedule 8', 'food', (SELECT id FROM fact_evidence WHERE source_url = 'https://www.legislation.gov.au/F2015L00478/latest/text' AND snapshot_date = '2026-04-18' LIMIT 1));
INSERT INTO ingredient (canonical_id, primary_name, ingredient_class, ins_number, category, is_natural) VALUES ('NAME_alitame', 'Alitame', 'substance', '956', 'food', 0) ON CONFLICT(canonical_id) DO NOTHING;
INSERT INTO ingredient_alias (canonical_id, alias, alias_normalized, alias_type, language_code, confidence, source) VALUES ('NAME_alitame', 'Alitame', 'alitame', 'synonym', 'en', 1.0, 'FSANZ-Sched8') ON CONFLICT(alias_normalized, alias_type, COALESCE(language_code, '')) DO NOTHING;
INSERT INTO ingredient_alias (canonical_id, alias, alias_normalized, alias_type, language_code, confidence, source) VALUES ('NAME_alitame', '956', '956', 'ins_number', NULL, 1.0, 'FSANZ-Sched8') ON CONFLICT(alias_normalized, alias_type, COALESCE(language_code, '')) DO NOTHING;
INSERT OR IGNORE INTO regulatory_fact (canonical_id, jurisdiction, fact_type, status, regulation_ref, product_category, evidence_id) VALUES ('NAME_alitame', 'AU_NZ_FSANZ', 'permitted', 'Permitted food additive in Australia/New Zealand (INS 956)', 'FSANZ Schedule 8', 'food', (SELECT id FROM fact_evidence WHERE source_url = 'https://www.legislation.gov.au/F2015L00478/latest/text' AND snapshot_date = '2026-04-18' LIMIT 1));
INSERT INTO ingredient (canonical_id, primary_name, ingredient_class, ins_number, category, is_natural) VALUES ('NAME_alkaline_treated_starch', 'Alkaline treated starch', 'substance', '1402', 'food', 0) ON CONFLICT(canonical_id) DO NOTHING;
INSERT INTO ingredient_alias (canonical_id, alias, alias_normalized, alias_type, language_code, confidence, source) VALUES ('NAME_alkaline_treated_starch', 'Alkaline treated starch', 'alkaline treated starch', 'synonym', 'en', 1.0, 'FSANZ-Sched8') ON CONFLICT(alias_normalized, alias_type, COALESCE(language_code, '')) DO NOTHING;
INSERT INTO ingredient_alias (canonical_id, alias, alias_normalized, alias_type, language_code, confidence, source) VALUES ('NAME_alkaline_treated_starch', '1402', '1402', 'ins_number', NULL, 1.0, 'FSANZ-Sched8') ON CONFLICT(alias_normalized, alias_type, COALESCE(language_code, '')) DO NOTHING;
INSERT OR IGNORE INTO regulatory_fact (canonical_id, jurisdiction, fact_type, status, regulation_ref, product_category, evidence_id) VALUES ('NAME_alkaline_treated_starch', 'AU_NZ_FSANZ', 'permitted', 'Permitted food additive in Australia/New Zealand (INS 1402)', 'FSANZ Schedule 8', 'food', (SELECT id FROM fact_evidence WHERE source_url = 'https://www.legislation.gov.au/F2015L00478/latest/text' AND snapshot_date = '2026-04-18' LIMIT 1));
INSERT INTO ingredient (canonical_id, primary_name, ingredient_class, ins_number, category, is_natural) VALUES ('NAME_alkanet_or_alkannin', 'Alkanet or Alkannin', 'substance', '103', 'food', 0) ON CONFLICT(canonical_id) DO NOTHING;
INSERT INTO ingredient_alias (canonical_id, alias, alias_normalized, alias_type, language_code, confidence, source) VALUES ('NAME_alkanet_or_alkannin', 'Alkanet or Alkannin', 'alkanet or alkannin', 'synonym', 'en', 1.0, 'FSANZ-Sched8') ON CONFLICT(alias_normalized, alias_type, COALESCE(language_code, '')) DO NOTHING;
INSERT INTO ingredient_alias (canonical_id, alias, alias_normalized, alias_type, language_code, confidence, source) VALUES ('NAME_alkanet_or_alkannin', '103', '103', 'ins_number', NULL, 1.0, 'FSANZ-Sched8') ON CONFLICT(alias_normalized, alias_type, COALESCE(language_code, '')) DO NOTHING;
INSERT OR IGNORE INTO regulatory_fact (canonical_id, jurisdiction, fact_type, status, regulation_ref, product_category, evidence_id) VALUES ('NAME_alkanet_or_alkannin', 'AU_NZ_FSANZ', 'permitted', 'Permitted food additive in Australia/New Zealand (INS 103)', 'FSANZ Schedule 8', 'food', (SELECT id FROM fact_evidence WHERE source_url = 'https://www.legislation.gov.au/F2015L00478/latest/text' AND snapshot_date = '2026-04-18' LIMIT 1));
INSERT INTO ingredient (canonical_id, primary_name, ingredient_class, ins_number, category, is_natural) VALUES ('NAME_allura_red_ac', 'Allura red AC', 'substance', '129', 'food', 0) ON CONFLICT(canonical_id) DO NOTHING;
INSERT INTO ingredient_alias (canonical_id, alias, alias_normalized, alias_type, language_code, confidence, source) VALUES ('NAME_allura_red_ac', 'Allura red AC', 'allura red ac', 'synonym', 'en', 1.0, 'FSANZ-Sched8') ON CONFLICT(alias_normalized, alias_type, COALESCE(language_code, '')) DO NOTHING;
INSERT INTO ingredient_alias (canonical_id, alias, alias_normalized, alias_type, language_code, confidence, source) VALUES ('NAME_allura_red_ac', '129', '129', 'ins_number', NULL, 1.0, 'FSANZ-Sched8') ON CONFLICT(alias_normalized, alias_type, COALESCE(language_code, '')) DO NOTHING;
INSERT OR IGNORE INTO regulatory_fact (canonical_id, jurisdiction, fact_type, status, regulation_ref, product_category, evidence_id) VALUES ('NAME_allura_red_ac', 'AU_NZ_FSANZ', 'permitted', 'Permitted food additive in Australia/New Zealand (INS 129)', 'FSANZ Schedule 8', 'food', (SELECT id FROM fact_evidence WHERE source_url = 'https://www.legislation.gov.au/F2015L00478/latest/text' AND snapshot_date = '2026-04-18' LIMIT 1));
INSERT INTO ingredient (canonical_id, primary_name, ingredient_class, ins_number, category, is_natural) VALUES ('NAME_aluminium', 'Aluminium', 'substance', '173', 'food', 0) ON CONFLICT(canonical_id) DO NOTHING;
INSERT INTO ingredient_alias (canonical_id, alias, alias_normalized, alias_type, language_code, confidence, source) VALUES ('NAME_aluminium', 'Aluminium', 'aluminium', 'synonym', 'en', 1.0, 'FSANZ-Sched8') ON CONFLICT(alias_normalized, alias_type, COALESCE(language_code, '')) DO NOTHING;
INSERT INTO ingredient_alias (canonical_id, alias, alias_normalized, alias_type, language_code, confidence, source) VALUES ('NAME_aluminium', '173', '173', 'ins_number', NULL, 1.0, 'FSANZ-Sched8') ON CONFLICT(alias_normalized, alias_type, COALESCE(language_code, '')) DO NOTHING;
INSERT OR IGNORE INTO regulatory_fact (canonical_id, jurisdiction, fact_type, status, regulation_ref, product_category, evidence_id) VALUES ('NAME_aluminium', 'AU_NZ_FSANZ', 'permitted', 'Permitted food additive in Australia/New Zealand (INS 173)', 'FSANZ Schedule 8', 'food', (SELECT id FROM fact_evidence WHERE source_url = 'https://www.legislation.gov.au/F2015L00478/latest/text' AND snapshot_date = '2026-04-18' LIMIT 1));
INSERT INTO ingredient (canonical_id, primary_name, ingredient_class, ins_number, category, is_natural) VALUES ('NAME_aluminium_silicate', 'Aluminium silicate', 'substance', '559', 'food', 0) ON CONFLICT(canonical_id) DO NOTHING;
INSERT INTO ingredient_alias (canonical_id, alias, alias_normalized, alias_type, language_code, confidence, source) VALUES ('NAME_aluminium_silicate', 'Aluminium silicate', 'aluminium silicate', 'synonym', 'en', 1.0, 'FSANZ-Sched8') ON CONFLICT(alias_normalized, alias_type, COALESCE(language_code, '')) DO NOTHING;
INSERT INTO ingredient_alias (canonical_id, alias, alias_normalized, alias_type, language_code, confidence, source) VALUES ('NAME_aluminium_silicate', '559', '559', 'ins_number', NULL, 1.0, 'FSANZ-Sched8') ON CONFLICT(alias_normalized, alias_type, COALESCE(language_code, '')) DO NOTHING;
INSERT OR IGNORE INTO regulatory_fact (canonical_id, jurisdiction, fact_type, status, regulation_ref, product_category, evidence_id) VALUES ('NAME_aluminium_silicate', 'AU_NZ_FSANZ', 'permitted', 'Permitted food additive in Australia/New Zealand (INS 559)', 'FSANZ Schedule 8', 'food', (SELECT id FROM fact_evidence WHERE source_url = 'https://www.legislation.gov.au/F2015L00478/latest/text' AND snapshot_date = '2026-04-18' LIMIT 1));
INSERT INTO ingredient (canonical_id, primary_name, ingredient_class, ins_number, category, is_natural) VALUES ('NAME_amaranth', 'Amaranth', 'substance', '123', 'food', 0) ON CONFLICT(canonical_id) DO NOTHING;
INSERT INTO ingredient_alias (canonical_id, alias, alias_normalized, alias_type, language_code, confidence, source) VALUES ('NAME_amaranth', 'Amaranth', 'amaranth', 'synonym', 'en', 1.0, 'FSANZ-Sched8') ON CONFLICT(alias_normalized, alias_type, COALESCE(language_code, '')) DO NOTHING;
INSERT INTO ingredient_alias (canonical_id, alias, alias_normalized, alias_type, language_code, confidence, source) VALUES ('NAME_amaranth', '123', '123', 'ins_number', NULL, 1.0, 'FSANZ-Sched8') ON CONFLICT(alias_normalized, alias_type, COALESCE(language_code, '')) DO NOTHING;
INSERT OR IGNORE INTO regulatory_fact (canonical_id, jurisdiction, fact_type, status, regulation_ref, product_category, evidence_id) VALUES ('NAME_amaranth', 'AU_NZ_FSANZ', 'permitted', 'Permitted food additive in Australia/New Zealand (INS 123)', 'FSANZ Schedule 8', 'food', (SELECT id FROM fact_evidence WHERE source_url = 'https://www.legislation.gov.au/F2015L00478/latest/text' AND snapshot_date = '2026-04-18' LIMIT 1));
INSERT INTO ingredient (canonical_id, primary_name, ingredient_class, ins_number, category, is_natural) VALUES ('NAME_ammonium_acetate', 'Ammonium acetate', 'substance', '264', 'food', 0) ON CONFLICT(canonical_id) DO NOTHING;
INSERT INTO ingredient_alias (canonical_id, alias, alias_normalized, alias_type, language_code, confidence, source) VALUES ('NAME_ammonium_acetate', 'Ammonium acetate', 'ammonium acetate', 'synonym', 'en', 1.0, 'FSANZ-Sched8') ON CONFLICT(alias_normalized, alias_type, COALESCE(language_code, '')) DO NOTHING;
INSERT INTO ingredient_alias (canonical_id, alias, alias_normalized, alias_type, language_code, confidence, source) VALUES ('NAME_ammonium_acetate', '264', '264', 'ins_number', NULL, 1.0, 'FSANZ-Sched8') ON CONFLICT(alias_normalized, alias_type, COALESCE(language_code, '')) DO NOTHING;
INSERT OR IGNORE INTO regulatory_fact (canonical_id, jurisdiction, fact_type, status, regulation_ref, product_category, evidence_id) VALUES ('NAME_ammonium_acetate', 'AU_NZ_FSANZ', 'permitted', 'Permitted food additive in Australia/New Zealand (INS 264)', 'FSANZ Schedule 8', 'food', (SELECT id FROM fact_evidence WHERE source_url = 'https://www.legislation.gov.au/F2015L00478/latest/text' AND snapshot_date = '2026-04-18' LIMIT 1));
INSERT INTO ingredient (canonical_id, primary_name, ingredient_class, ins_number, category, is_natural) VALUES ('NAME_ammonium_adipates', 'Ammonium adipates', 'substance', '359', 'food', 0) ON CONFLICT(canonical_id) DO NOTHING;
INSERT INTO ingredient_alias (canonical_id, alias, alias_normalized, alias_type, language_code, confidence, source) VALUES ('NAME_ammonium_adipates', 'Ammonium adipates', 'ammonium adipates', 'synonym', 'en', 1.0, 'FSANZ-Sched8') ON CONFLICT(alias_normalized, alias_type, COALESCE(language_code, '')) DO NOTHING;
INSERT INTO ingredient_alias (canonical_id, alias, alias_normalized, alias_type, language_code, confidence, source) VALUES ('NAME_ammonium_adipates', '359', '359', 'ins_number', NULL, 1.0, 'FSANZ-Sched8') ON CONFLICT(alias_normalized, alias_type, COALESCE(language_code, '')) DO NOTHING;
INSERT OR IGNORE INTO regulatory_fact (canonical_id, jurisdiction, fact_type, status, regulation_ref, product_category, evidence_id) VALUES ('NAME_ammonium_adipates', 'AU_NZ_FSANZ', 'permitted', 'Permitted food additive in Australia/New Zealand (INS 359)', 'FSANZ Schedule 8', 'food', (SELECT id FROM fact_evidence WHERE source_url = 'https://www.legislation.gov.au/F2015L00478/latest/text' AND snapshot_date = '2026-04-18' LIMIT 1));
INSERT INTO ingredient (canonical_id, primary_name, ingredient_class, ins_number, category, is_natural) VALUES ('NAME_16_september_2025_schedule_8_1_authorised_version_f2025c00967_registered_0910202', '16 September 2025 Schedule 8 1 Authorised Version F2025C00967 registered 09/10/2025 Ammonium alginate', 'substance', '403', 'food', 0) ON CONFLICT(canonical_id) DO NOTHING;
INSERT INTO ingredient_alias (canonical_id, alias, alias_normalized, alias_type, language_code, confidence, source) VALUES ('NAME_16_september_2025_schedule_8_1_authorised_version_f2025c00967_registered_0910202', '16 September 2025 Schedule 8 1 Authorised Version F2025C00967 registered 09/10/2025 Ammonium alginate', '16 september 2025 schedule 8 1 authorised version f2025c00967 registered 09/10/2025 ammonium alginate', 'synonym', 'en', 1.0, 'FSANZ-Sched8') ON CONFLICT(alias_normalized, alias_type, COALESCE(language_code, '')) DO NOTHING;
INSERT INTO ingredient_alias (canonical_id, alias, alias_normalized, alias_type, language_code, confidence, source) VALUES ('NAME_16_september_2025_schedule_8_1_authorised_version_f2025c00967_registered_0910202', '403', '403', 'ins_number', NULL, 1.0, 'FSANZ-Sched8') ON CONFLICT(alias_normalized, alias_type, COALESCE(language_code, '')) DO NOTHING;
INSERT OR IGNORE INTO regulatory_fact (canonical_id, jurisdiction, fact_type, status, regulation_ref, product_category, evidence_id) VALUES ('NAME_16_september_2025_schedule_8_1_authorised_version_f2025c00967_registered_0910202', 'AU_NZ_FSANZ', 'permitted', 'Permitted food additive in Australia/New Zealand (INS 403)', 'FSANZ Schedule 8', 'food', (SELECT id FROM fact_evidence WHERE source_url = 'https://www.legislation.gov.au/F2015L00478/latest/text' AND snapshot_date = '2026-04-18' LIMIT 1));
INSERT INTO ingredient (canonical_id, primary_name, ingredient_class, ins_number, category, is_natural) VALUES ('NAME_ammonium_carbonate', 'Ammonium carbonate', 'substance', '503', 'food', 0) ON CONFLICT(canonical_id) DO NOTHING;
INSERT INTO ingredient_alias (canonical_id, alias, alias_normalized, alias_type, language_code, confidence, source) VALUES ('NAME_ammonium_carbonate', 'Ammonium carbonate', 'ammonium carbonate', 'synonym', 'en', 1.0, 'FSANZ-Sched8') ON CONFLICT(alias_normalized, alias_type, COALESCE(language_code, '')) DO NOTHING;
INSERT INTO ingredient_alias (canonical_id, alias, alias_normalized, alias_type, language_code, confidence, source) VALUES ('NAME_ammonium_carbonate', '503', '503', 'ins_number', NULL, 1.0, 'FSANZ-Sched8') ON CONFLICT(alias_normalized, alias_type, COALESCE(language_code, '')) DO NOTHING;
INSERT OR IGNORE INTO regulatory_fact (canonical_id, jurisdiction, fact_type, status, regulation_ref, product_category, evidence_id) VALUES ('NAME_ammonium_carbonate', 'AU_NZ_FSANZ', 'permitted', 'Permitted food additive in Australia/New Zealand (INS 503)', 'FSANZ Schedule 8', 'food', (SELECT id FROM fact_evidence WHERE source_url = 'https://www.legislation.gov.au/F2015L00478/latest/text' AND snapshot_date = '2026-04-18' LIMIT 1));
INSERT INTO ingredient (canonical_id, primary_name, ingredient_class, ins_number, category, is_natural) VALUES ('NAME_ammonium_chloride', 'Ammonium chloride', 'substance', '510', 'food', 0) ON CONFLICT(canonical_id) DO NOTHING;
INSERT INTO ingredient_alias (canonical_id, alias, alias_normalized, alias_type, language_code, confidence, source) VALUES ('NAME_ammonium_chloride', 'Ammonium chloride', 'ammonium chloride', 'synonym', 'en', 1.0, 'FSANZ-Sched8') ON CONFLICT(alias_normalized, alias_type, COALESCE(language_code, '')) DO NOTHING;
INSERT INTO ingredient_alias (canonical_id, alias, alias_normalized, alias_type, language_code, confidence, source) VALUES ('NAME_ammonium_chloride', '510', '510', 'ins_number', NULL, 1.0, 'FSANZ-Sched8') ON CONFLICT(alias_normalized, alias_type, COALESCE(language_code, '')) DO NOTHING;
INSERT OR IGNORE INTO regulatory_fact (canonical_id, jurisdiction, fact_type, status, regulation_ref, product_category, evidence_id) VALUES ('NAME_ammonium_chloride', 'AU_NZ_FSANZ', 'permitted', 'Permitted food additive in Australia/New Zealand (INS 510)', 'FSANZ Schedule 8', 'food', (SELECT id FROM fact_evidence WHERE source_url = 'https://www.legislation.gov.au/F2015L00478/latest/text' AND snapshot_date = '2026-04-18' LIMIT 1));
INSERT INTO ingredient (canonical_id, primary_name, ingredient_class, ins_number, category, is_natural) VALUES ('NAME_ammonium_citrate', 'Ammonium citrate', 'substance', '380', 'food', 0) ON CONFLICT(canonical_id) DO NOTHING;
INSERT INTO ingredient_alias (canonical_id, alias, alias_normalized, alias_type, language_code, confidence, source) VALUES ('NAME_ammonium_citrate', 'Ammonium citrate', 'ammonium citrate', 'synonym', 'en', 1.0, 'FSANZ-Sched8') ON CONFLICT(alias_normalized, alias_type, COALESCE(language_code, '')) DO NOTHING;
INSERT INTO ingredient_alias (canonical_id, alias, alias_normalized, alias_type, language_code, confidence, source) VALUES ('NAME_ammonium_citrate', '380', '380', 'ins_number', NULL, 1.0, 'FSANZ-Sched8') ON CONFLICT(alias_normalized, alias_type, COALESCE(language_code, '')) DO NOTHING;
INSERT OR IGNORE INTO regulatory_fact (canonical_id, jurisdiction, fact_type, status, regulation_ref, product_category, evidence_id) VALUES ('NAME_ammonium_citrate', 'AU_NZ_FSANZ', 'permitted', 'Permitted food additive in Australia/New Zealand (INS 380)', 'FSANZ Schedule 8', 'food', (SELECT id FROM fact_evidence WHERE source_url = 'https://www.legislation.gov.au/F2015L00478/latest/text' AND snapshot_date = '2026-04-18' LIMIT 1));
INSERT INTO ingredient (canonical_id, primary_name, ingredient_class, ins_number, category, is_natural) VALUES ('NAME_ammonium_fumarate', 'Ammonium fumarate', 'substance', '368', 'food', 0) ON CONFLICT(canonical_id) DO NOTHING;
INSERT INTO ingredient_alias (canonical_id, alias, alias_normalized, alias_type, language_code, confidence, source) VALUES ('NAME_ammonium_fumarate', 'Ammonium fumarate', 'ammonium fumarate', 'synonym', 'en', 1.0, 'FSANZ-Sched8') ON CONFLICT(alias_normalized, alias_type, COALESCE(language_code, '')) DO NOTHING;
INSERT INTO ingredient_alias (canonical_id, alias, alias_normalized, alias_type, language_code, confidence, source) VALUES ('NAME_ammonium_fumarate', '368', '368', 'ins_number', NULL, 1.0, 'FSANZ-Sched8') ON CONFLICT(alias_normalized, alias_type, COALESCE(language_code, '')) DO NOTHING;
INSERT OR IGNORE INTO regulatory_fact (canonical_id, jurisdiction, fact_type, status, regulation_ref, product_category, evidence_id) VALUES ('NAME_ammonium_fumarate', 'AU_NZ_FSANZ', 'permitted', 'Permitted food additive in Australia/New Zealand (INS 368)', 'FSANZ Schedule 8', 'food', (SELECT id FROM fact_evidence WHERE source_url = 'https://www.legislation.gov.au/F2015L00478/latest/text' AND snapshot_date = '2026-04-18' LIMIT 1));
INSERT INTO ingredient (canonical_id, primary_name, ingredient_class, ins_number, category, is_natural) VALUES ('NAME_ammonium_hydrogen_carbonate', 'Ammonium hydrogen carbonate', 'substance', '503', 'food', 0) ON CONFLICT(canonical_id) DO NOTHING;
INSERT INTO ingredient_alias (canonical_id, alias, alias_normalized, alias_type, language_code, confidence, source) VALUES ('NAME_ammonium_hydrogen_carbonate', 'Ammonium hydrogen carbonate', 'ammonium hydrogen carbonate', 'synonym', 'en', 1.0, 'FSANZ-Sched8') ON CONFLICT(alias_normalized, alias_type, COALESCE(language_code, '')) DO NOTHING;
INSERT INTO ingredient_alias (canonical_id, alias, alias_normalized, alias_type, language_code, confidence, source) VALUES ('NAME_ammonium_hydrogen_carbonate', '503', '503', 'ins_number', NULL, 1.0, 'FSANZ-Sched8') ON CONFLICT(alias_normalized, alias_type, COALESCE(language_code, '')) DO NOTHING;
INSERT OR IGNORE INTO regulatory_fact (canonical_id, jurisdiction, fact_type, status, regulation_ref, product_category, evidence_id) VALUES ('NAME_ammonium_hydrogen_carbonate', 'AU_NZ_FSANZ', 'permitted', 'Permitted food additive in Australia/New Zealand (INS 503)', 'FSANZ Schedule 8', 'food', (SELECT id FROM fact_evidence WHERE source_url = 'https://www.legislation.gov.au/F2015L00478/latest/text' AND snapshot_date = '2026-04-18' LIMIT 1));
INSERT INTO ingredient (canonical_id, primary_name, ingredient_class, ins_number, category, is_natural) VALUES ('NAME_ammonium_lactate', 'Ammonium lactate', 'substance', '328', 'food', 0) ON CONFLICT(canonical_id) DO NOTHING;
INSERT INTO ingredient_alias (canonical_id, alias, alias_normalized, alias_type, language_code, confidence, source) VALUES ('NAME_ammonium_lactate', 'Ammonium lactate', 'ammonium lactate', 'synonym', 'en', 1.0, 'FSANZ-Sched8') ON CONFLICT(alias_normalized, alias_type, COALESCE(language_code, '')) DO NOTHING;
INSERT INTO ingredient_alias (canonical_id, alias, alias_normalized, alias_type, language_code, confidence, source) VALUES ('NAME_ammonium_lactate', '328', '328', 'ins_number', NULL, 1.0, 'FSANZ-Sched8') ON CONFLICT(alias_normalized, alias_type, COALESCE(language_code, '')) DO NOTHING;
INSERT OR IGNORE INTO regulatory_fact (canonical_id, jurisdiction, fact_type, status, regulation_ref, product_category, evidence_id) VALUES ('NAME_ammonium_lactate', 'AU_NZ_FSANZ', 'permitted', 'Permitted food additive in Australia/New Zealand (INS 328)', 'FSANZ Schedule 8', 'food', (SELECT id FROM fact_evidence WHERE source_url = 'https://www.legislation.gov.au/F2015L00478/latest/text' AND snapshot_date = '2026-04-18' LIMIT 1));
INSERT INTO ingredient (canonical_id, primary_name, ingredient_class, ins_number, category, is_natural) VALUES ('NAME_ammonium_malate', 'Ammonium malate', 'substance', '349', 'food', 0) ON CONFLICT(canonical_id) DO NOTHING;
INSERT INTO ingredient_alias (canonical_id, alias, alias_normalized, alias_type, language_code, confidence, source) VALUES ('NAME_ammonium_malate', 'Ammonium malate', 'ammonium malate', 'synonym', 'en', 1.0, 'FSANZ-Sched8') ON CONFLICT(alias_normalized, alias_type, COALESCE(language_code, '')) DO NOTHING;
INSERT INTO ingredient_alias (canonical_id, alias, alias_normalized, alias_type, language_code, confidence, source) VALUES ('NAME_ammonium_malate', '349', '349', 'ins_number', NULL, 1.0, 'FSANZ-Sched8') ON CONFLICT(alias_normalized, alias_type, COALESCE(language_code, '')) DO NOTHING;
INSERT OR IGNORE INTO regulatory_fact (canonical_id, jurisdiction, fact_type, status, regulation_ref, product_category, evidence_id) VALUES ('NAME_ammonium_malate', 'AU_NZ_FSANZ', 'permitted', 'Permitted food additive in Australia/New Zealand (INS 349)', 'FSANZ Schedule 8', 'food', (SELECT id FROM fact_evidence WHERE source_url = 'https://www.legislation.gov.au/F2015L00478/latest/text' AND snapshot_date = '2026-04-18' LIMIT 1));
INSERT INTO ingredient (canonical_id, primary_name, ingredient_class, ins_number, category, is_natural) VALUES ('NAME_ammonium_phosphate_dibasic', 'Ammonium phosphate, dibasic', 'substance', '342', 'food', 0) ON CONFLICT(canonical_id) DO NOTHING;
INSERT INTO ingredient_alias (canonical_id, alias, alias_normalized, alias_type, language_code, confidence, source) VALUES ('NAME_ammonium_phosphate_dibasic', 'Ammonium phosphate, dibasic', 'ammonium phosphate, dibasic', 'synonym', 'en', 1.0, 'FSANZ-Sched8') ON CONFLICT(alias_normalized, alias_type, COALESCE(language_code, '')) DO NOTHING;
INSERT INTO ingredient_alias (canonical_id, alias, alias_normalized, alias_type, language_code, confidence, source) VALUES ('NAME_ammonium_phosphate_dibasic', '342', '342', 'ins_number', NULL, 1.0, 'FSANZ-Sched8') ON CONFLICT(alias_normalized, alias_type, COALESCE(language_code, '')) DO NOTHING;
INSERT OR IGNORE INTO regulatory_fact (canonical_id, jurisdiction, fact_type, status, regulation_ref, product_category, evidence_id) VALUES ('NAME_ammonium_phosphate_dibasic', 'AU_NZ_FSANZ', 'permitted', 'Permitted food additive in Australia/New Zealand (INS 342)', 'FSANZ Schedule 8', 'food', (SELECT id FROM fact_evidence WHERE source_url = 'https://www.legislation.gov.au/F2015L00478/latest/text' AND snapshot_date = '2026-04-18' LIMIT 1));
INSERT INTO ingredient (canonical_id, primary_name, ingredient_class, ins_number, category, is_natural) VALUES ('NAME_ammonium_phosphate_monobasic_or', 'Ammonium phosphate, monobasic or', 'substance', '342', 'food', 0) ON CONFLICT(canonical_id) DO NOTHING;
INSERT INTO ingredient_alias (canonical_id, alias, alias_normalized, alias_type, language_code, confidence, source) VALUES ('NAME_ammonium_phosphate_monobasic_or', 'Ammonium phosphate, monobasic or', 'ammonium phosphate, monobasic or', 'synonym', 'en', 1.0, 'FSANZ-Sched8') ON CONFLICT(alias_normalized, alias_type, COALESCE(language_code, '')) DO NOTHING;
INSERT INTO ingredient_alias (canonical_id, alias, alias_normalized, alias_type, language_code, confidence, source) VALUES ('NAME_ammonium_phosphate_monobasic_or', '342', '342', 'ins_number', NULL, 1.0, 'FSANZ-Sched8') ON CONFLICT(alias_normalized, alias_type, COALESCE(language_code, '')) DO NOTHING;
INSERT OR IGNORE INTO regulatory_fact (canonical_id, jurisdiction, fact_type, status, regulation_ref, product_category, evidence_id) VALUES ('NAME_ammonium_phosphate_monobasic_or', 'AU_NZ_FSANZ', 'permitted', 'Permitted food additive in Australia/New Zealand (INS 342)', 'FSANZ Schedule 8', 'food', (SELECT id FROM fact_evidence WHERE source_url = 'https://www.legislation.gov.au/F2015L00478/latest/text' AND snapshot_date = '2026-04-18' LIMIT 1));
INSERT INTO ingredient (canonical_id, primary_name, ingredient_class, ins_number, category, is_natural) VALUES ('NAME_ammonium_dihydrogen_phosphates_ammonium_salts_of_phosphatidic_acid', 'Ammonium dihydrogen phosphates Ammonium salts of phosphatidic acid', 'substance', '442', 'food', 0) ON CONFLICT(canonical_id) DO NOTHING;
INSERT INTO ingredient_alias (canonical_id, alias, alias_normalized, alias_type, language_code, confidence, source) VALUES ('NAME_ammonium_dihydrogen_phosphates_ammonium_salts_of_phosphatidic_acid', 'Ammonium dihydrogen phosphates Ammonium salts of phosphatidic acid', 'ammonium dihydrogen phosphates ammonium salts of phosphatidic acid', 'synonym', 'en', 1.0, 'FSANZ-Sched8') ON CONFLICT(alias_normalized, alias_type, COALESCE(language_code, '')) DO NOTHING;
INSERT INTO ingredient_alias (canonical_id, alias, alias_normalized, alias_type, language_code, confidence, source) VALUES ('NAME_ammonium_dihydrogen_phosphates_ammonium_salts_of_phosphatidic_acid', '442', '442', 'ins_number', NULL, 1.0, 'FSANZ-Sched8') ON CONFLICT(alias_normalized, alias_type, COALESCE(language_code, '')) DO NOTHING;
INSERT OR IGNORE INTO regulatory_fact (canonical_id, jurisdiction, fact_type, status, regulation_ref, product_category, evidence_id) VALUES ('NAME_ammonium_dihydrogen_phosphates_ammonium_salts_of_phosphatidic_acid', 'AU_NZ_FSANZ', 'permitted', 'Permitted food additive in Australia/New Zealand (INS 442)', 'FSANZ Schedule 8', 'food', (SELECT id FROM fact_evidence WHERE source_url = 'https://www.legislation.gov.au/F2015L00478/latest/text' AND snapshot_date = '2026-04-18' LIMIT 1));
INSERT INTO ingredient (canonical_id, primary_name, ingredient_class, ins_number, category, is_natural) VALUES ('NAME_α_amylase', 'α-Amylase', 'substance', '1100', 'food', 0) ON CONFLICT(canonical_id) DO NOTHING;
INSERT INTO ingredient_alias (canonical_id, alias, alias_normalized, alias_type, language_code, confidence, source) VALUES ('NAME_α_amylase', 'α-Amylase', 'α-amylase', 'synonym', 'en', 1.0, 'FSANZ-Sched8') ON CONFLICT(alias_normalized, alias_type, COALESCE(language_code, '')) DO NOTHING;
INSERT INTO ingredient_alias (canonical_id, alias, alias_normalized, alias_type, language_code, confidence, source) VALUES ('NAME_α_amylase', '1100', '1100', 'ins_number', NULL, 1.0, 'FSANZ-Sched8') ON CONFLICT(alias_normalized, alias_type, COALESCE(language_code, '')) DO NOTHING;
INSERT OR IGNORE INTO regulatory_fact (canonical_id, jurisdiction, fact_type, status, regulation_ref, product_category, evidence_id) VALUES ('NAME_α_amylase', 'AU_NZ_FSANZ', 'permitted', 'Permitted food additive in Australia/New Zealand (INS 1100)', 'FSANZ Schedule 8', 'food', (SELECT id FROM fact_evidence WHERE source_url = 'https://www.legislation.gov.au/F2015L00478/latest/text' AND snapshot_date = '2026-04-18' LIMIT 1));
INSERT INTO ingredient (canonical_id, primary_name, ingredient_class, ins_number, category, is_natural) VALUES ('NAME_annatto_extracts', 'Annatto extracts', 'substance', '160b', 'food', 0) ON CONFLICT(canonical_id) DO NOTHING;
INSERT INTO ingredient_alias (canonical_id, alias, alias_normalized, alias_type, language_code, confidence, source) VALUES ('NAME_annatto_extracts', 'Annatto extracts', 'annatto extracts', 'synonym', 'en', 1.0, 'FSANZ-Sched8') ON CONFLICT(alias_normalized, alias_type, COALESCE(language_code, '')) DO NOTHING;
INSERT INTO ingredient_alias (canonical_id, alias, alias_normalized, alias_type, language_code, confidence, source) VALUES ('NAME_annatto_extracts', '160b', '160b', 'ins_number', NULL, 1.0, 'FSANZ-Sched8') ON CONFLICT(alias_normalized, alias_type, COALESCE(language_code, '')) DO NOTHING;
INSERT OR IGNORE INTO regulatory_fact (canonical_id, jurisdiction, fact_type, status, regulation_ref, product_category, evidence_id) VALUES ('NAME_annatto_extracts', 'AU_NZ_FSANZ', 'permitted', 'Permitted food additive in Australia/New Zealand (INS 160b)', 'FSANZ Schedule 8', 'food', (SELECT id FROM fact_evidence WHERE source_url = 'https://www.legislation.gov.au/F2015L00478/latest/text' AND snapshot_date = '2026-04-18' LIMIT 1));
INSERT INTO ingredient (canonical_id, primary_name, ingredient_class, ins_number, category, is_natural) VALUES ('NAME_anthocyanins_or_grape_skin_extract_or', 'Anthocyanins or Grape skin extract or', 'substance', '163', 'food', 0) ON CONFLICT(canonical_id) DO NOTHING;
INSERT INTO ingredient_alias (canonical_id, alias, alias_normalized, alias_type, language_code, confidence, source) VALUES ('NAME_anthocyanins_or_grape_skin_extract_or', 'Anthocyanins or Grape skin extract or', 'anthocyanins or grape skin extract or', 'synonym', 'en', 1.0, 'FSANZ-Sched8') ON CONFLICT(alias_normalized, alias_type, COALESCE(language_code, '')) DO NOTHING;
INSERT INTO ingredient_alias (canonical_id, alias, alias_normalized, alias_type, language_code, confidence, source) VALUES ('NAME_anthocyanins_or_grape_skin_extract_or', '163', '163', 'ins_number', NULL, 1.0, 'FSANZ-Sched8') ON CONFLICT(alias_normalized, alias_type, COALESCE(language_code, '')) DO NOTHING;
INSERT OR IGNORE INTO regulatory_fact (canonical_id, jurisdiction, fact_type, status, regulation_ref, product_category, evidence_id) VALUES ('NAME_anthocyanins_or_grape_skin_extract_or', 'AU_NZ_FSANZ', 'permitted', 'Permitted food additive in Australia/New Zealand (INS 163)', 'FSANZ Schedule 8', 'food', (SELECT id FROM fact_evidence WHERE source_url = 'https://www.legislation.gov.au/F2015L00478/latest/text' AND snapshot_date = '2026-04-18' LIMIT 1));
INSERT INTO ingredient (canonical_id, primary_name, ingredient_class, ins_number, category, is_natural) VALUES ('NAME_blackcurrant_extract_arabinogalactan_or_larch_gum', 'Blackcurrant extract Arabinogalactan or larch gum', 'substance', '409', 'food', 0) ON CONFLICT(canonical_id) DO NOTHING;
INSERT INTO ingredient_alias (canonical_id, alias, alias_normalized, alias_type, language_code, confidence, source) VALUES ('NAME_blackcurrant_extract_arabinogalactan_or_larch_gum', 'Blackcurrant extract Arabinogalactan or larch gum', 'blackcurrant extract arabinogalactan or larch gum', 'synonym', 'en', 1.0, 'FSANZ-Sched8') ON CONFLICT(alias_normalized, alias_type, COALESCE(language_code, '')) DO NOTHING;
INSERT INTO ingredient_alias (canonical_id, alias, alias_normalized, alias_type, language_code, confidence, source) VALUES ('NAME_blackcurrant_extract_arabinogalactan_or_larch_gum', '409', '409', 'ins_number', NULL, 1.0, 'FSANZ-Sched8') ON CONFLICT(alias_normalized, alias_type, COALESCE(language_code, '')) DO NOTHING;
INSERT OR IGNORE INTO regulatory_fact (canonical_id, jurisdiction, fact_type, status, regulation_ref, product_category, evidence_id) VALUES ('NAME_blackcurrant_extract_arabinogalactan_or_larch_gum', 'AU_NZ_FSANZ', 'permitted', 'Permitted food additive in Australia/New Zealand (INS 409)', 'FSANZ Schedule 8', 'food', (SELECT id FROM fact_evidence WHERE source_url = 'https://www.legislation.gov.au/F2015L00478/latest/text' AND snapshot_date = '2026-04-18' LIMIT 1));
INSERT INTO ingredient (canonical_id, primary_name, ingredient_class, ins_number, category, is_natural) VALUES ('NAME_ascorbic_acid', 'Ascorbic acid', 'substance', '300', 'food', 0) ON CONFLICT(canonical_id) DO NOTHING;
INSERT INTO ingredient_alias (canonical_id, alias, alias_normalized, alias_type, language_code, confidence, source) VALUES ('NAME_ascorbic_acid', 'Ascorbic acid', 'ascorbic acid', 'synonym', 'en', 1.0, 'FSANZ-Sched8') ON CONFLICT(alias_normalized, alias_type, COALESCE(language_code, '')) DO NOTHING;
INSERT INTO ingredient_alias (canonical_id, alias, alias_normalized, alias_type, language_code, confidence, source) VALUES ('NAME_ascorbic_acid', '300', '300', 'ins_number', NULL, 1.0, 'FSANZ-Sched8') ON CONFLICT(alias_normalized, alias_type, COALESCE(language_code, '')) DO NOTHING;
INSERT OR IGNORE INTO regulatory_fact (canonical_id, jurisdiction, fact_type, status, regulation_ref, product_category, evidence_id) VALUES ('NAME_ascorbic_acid', 'AU_NZ_FSANZ', 'permitted', 'Permitted food additive in Australia/New Zealand (INS 300)', 'FSANZ Schedule 8', 'food', (SELECT id FROM fact_evidence WHERE source_url = 'https://www.legislation.gov.au/F2015L00478/latest/text' AND snapshot_date = '2026-04-18' LIMIT 1));
INSERT INTO ingredient (canonical_id, primary_name, ingredient_class, ins_number, category, is_natural) VALUES ('NAME_ascorbyl_palmitate', 'Ascorbyl palmitate', 'substance', '304', 'food', 0) ON CONFLICT(canonical_id) DO NOTHING;
INSERT INTO ingredient_alias (canonical_id, alias, alias_normalized, alias_type, language_code, confidence, source) VALUES ('NAME_ascorbyl_palmitate', 'Ascorbyl palmitate', 'ascorbyl palmitate', 'synonym', 'en', 1.0, 'FSANZ-Sched8') ON CONFLICT(alias_normalized, alias_type, COALESCE(language_code, '')) DO NOTHING;
INSERT INTO ingredient_alias (canonical_id, alias, alias_normalized, alias_type, language_code, confidence, source) VALUES ('NAME_ascorbyl_palmitate', '304', '304', 'ins_number', NULL, 1.0, 'FSANZ-Sched8') ON CONFLICT(alias_normalized, alias_type, COALESCE(language_code, '')) DO NOTHING;
INSERT OR IGNORE INTO regulatory_fact (canonical_id, jurisdiction, fact_type, status, regulation_ref, product_category, evidence_id) VALUES ('NAME_ascorbyl_palmitate', 'AU_NZ_FSANZ', 'permitted', 'Permitted food additive in Australia/New Zealand (INS 304)', 'FSANZ Schedule 8', 'food', (SELECT id FROM fact_evidence WHERE source_url = 'https://www.legislation.gov.au/F2015L00478/latest/text' AND snapshot_date = '2026-04-18' LIMIT 1));
INSERT INTO ingredient (canonical_id, primary_name, ingredient_class, ins_number, category, is_natural) VALUES ('NAME_aspartame', 'Aspartame', 'substance', '951', 'food', 0) ON CONFLICT(canonical_id) DO NOTHING;
INSERT INTO ingredient_alias (canonical_id, alias, alias_normalized, alias_type, language_code, confidence, source) VALUES ('NAME_aspartame', 'Aspartame', 'aspartame', 'synonym', 'en', 1.0, 'FSANZ-Sched8') ON CONFLICT(alias_normalized, alias_type, COALESCE(language_code, '')) DO NOTHING;
INSERT INTO ingredient_alias (canonical_id, alias, alias_normalized, alias_type, language_code, confidence, source) VALUES ('NAME_aspartame', '951', '951', 'ins_number', NULL, 1.0, 'FSANZ-Sched8') ON CONFLICT(alias_normalized, alias_type, COALESCE(language_code, '')) DO NOTHING;
INSERT OR IGNORE INTO regulatory_fact (canonical_id, jurisdiction, fact_type, status, regulation_ref, product_category, evidence_id) VALUES ('NAME_aspartame', 'AU_NZ_FSANZ', 'permitted', 'Permitted food additive in Australia/New Zealand (INS 951)', 'FSANZ Schedule 8', 'food', (SELECT id FROM fact_evidence WHERE source_url = 'https://www.legislation.gov.au/F2015L00478/latest/text' AND snapshot_date = '2026-04-18' LIMIT 1));
INSERT INTO ingredient (canonical_id, primary_name, ingredient_class, ins_number, category, is_natural) VALUES ('NAME_aspartame_acesulphame_salt', 'Aspartame-acesulphame salt', 'substance', '962', 'food', 0) ON CONFLICT(canonical_id) DO NOTHING;
INSERT INTO ingredient_alias (canonical_id, alias, alias_normalized, alias_type, language_code, confidence, source) VALUES ('NAME_aspartame_acesulphame_salt', 'Aspartame-acesulphame salt', 'aspartame-acesulphame salt', 'synonym', 'en', 1.0, 'FSANZ-Sched8') ON CONFLICT(alias_normalized, alias_type, COALESCE(language_code, '')) DO NOTHING;
INSERT INTO ingredient_alias (canonical_id, alias, alias_normalized, alias_type, language_code, confidence, source) VALUES ('NAME_aspartame_acesulphame_salt', '962', '962', 'ins_number', NULL, 1.0, 'FSANZ-Sched8') ON CONFLICT(alias_normalized, alias_type, COALESCE(language_code, '')) DO NOTHING;
INSERT OR IGNORE INTO regulatory_fact (canonical_id, jurisdiction, fact_type, status, regulation_ref, product_category, evidence_id) VALUES ('NAME_aspartame_acesulphame_salt', 'AU_NZ_FSANZ', 'permitted', 'Permitted food additive in Australia/New Zealand (INS 962)', 'FSANZ Schedule 8', 'food', (SELECT id FROM fact_evidence WHERE source_url = 'https://www.legislation.gov.au/F2015L00478/latest/text' AND snapshot_date = '2026-04-18' LIMIT 1));
INSERT INTO ingredient (canonical_id, primary_name, ingredient_class, ins_number, category, is_natural) VALUES ('NAME_azorubine_or_carmoisine', 'Azorubine or Carmoisine', 'substance', '122', 'food', 0) ON CONFLICT(canonical_id) DO NOTHING;
INSERT INTO ingredient_alias (canonical_id, alias, alias_normalized, alias_type, language_code, confidence, source) VALUES ('NAME_azorubine_or_carmoisine', 'Azorubine or Carmoisine', 'azorubine or carmoisine', 'synonym', 'en', 1.0, 'FSANZ-Sched8') ON CONFLICT(alias_normalized, alias_type, COALESCE(language_code, '')) DO NOTHING;
INSERT INTO ingredient_alias (canonical_id, alias, alias_normalized, alias_type, language_code, confidence, source) VALUES ('NAME_azorubine_or_carmoisine', '122', '122', 'ins_number', NULL, 1.0, 'FSANZ-Sched8') ON CONFLICT(alias_normalized, alias_type, COALESCE(language_code, '')) DO NOTHING;
INSERT OR IGNORE INTO regulatory_fact (canonical_id, jurisdiction, fact_type, status, regulation_ref, product_category, evidence_id) VALUES ('NAME_azorubine_or_carmoisine', 'AU_NZ_FSANZ', 'permitted', 'Permitted food additive in Australia/New Zealand (INS 122)', 'FSANZ Schedule 8', 'food', (SELECT id FROM fact_evidence WHERE source_url = 'https://www.legislation.gov.au/F2015L00478/latest/text' AND snapshot_date = '2026-04-18' LIMIT 1));
INSERT INTO ingredient (canonical_id, primary_name, ingredient_class, ins_number, category, is_natural) VALUES ('NAME_b_apo_8_carotenoic_acid_methyl_or_ethyl', 'b-apo-8′-Carotenoic acid methyl or ethyl', 'substance', '160f', 'food', 0) ON CONFLICT(canonical_id) DO NOTHING;
INSERT INTO ingredient_alias (canonical_id, alias, alias_normalized, alias_type, language_code, confidence, source) VALUES ('NAME_b_apo_8_carotenoic_acid_methyl_or_ethyl', 'b-apo-8′-Carotenoic acid methyl or ethyl', 'b-apo-8′-carotenoic acid methyl or ethyl', 'synonym', 'en', 1.0, 'FSANZ-Sched8') ON CONFLICT(alias_normalized, alias_type, COALESCE(language_code, '')) DO NOTHING;
INSERT INTO ingredient_alias (canonical_id, alias, alias_normalized, alias_type, language_code, confidence, source) VALUES ('NAME_b_apo_8_carotenoic_acid_methyl_or_ethyl', '160f', '160f', 'ins_number', NULL, 1.0, 'FSANZ-Sched8') ON CONFLICT(alias_normalized, alias_type, COALESCE(language_code, '')) DO NOTHING;
INSERT OR IGNORE INTO regulatory_fact (canonical_id, jurisdiction, fact_type, status, regulation_ref, product_category, evidence_id) VALUES ('NAME_b_apo_8_carotenoic_acid_methyl_or_ethyl', 'AU_NZ_FSANZ', 'permitted', 'Permitted food additive in Australia/New Zealand (INS 160f)', 'FSANZ Schedule 8', 'food', (SELECT id FROM fact_evidence WHERE source_url = 'https://www.legislation.gov.au/F2015L00478/latest/text' AND snapshot_date = '2026-04-18' LIMIT 1));
INSERT INTO ingredient (canonical_id, primary_name, ingredient_class, ins_number, category, is_natural) VALUES ('NAME_ester_b_apo_8_carotenal', 'ester b-apo-8′-Carotenal', 'substance', '160e', 'food', 0) ON CONFLICT(canonical_id) DO NOTHING;
INSERT INTO ingredient_alias (canonical_id, alias, alias_normalized, alias_type, language_code, confidence, source) VALUES ('NAME_ester_b_apo_8_carotenal', 'ester b-apo-8′-Carotenal', 'ester b-apo-8′-carotenal', 'synonym', 'en', 1.0, 'FSANZ-Sched8') ON CONFLICT(alias_normalized, alias_type, COALESCE(language_code, '')) DO NOTHING;
INSERT INTO ingredient_alias (canonical_id, alias, alias_normalized, alias_type, language_code, confidence, source) VALUES ('NAME_ester_b_apo_8_carotenal', '160e', '160e', 'ins_number', NULL, 1.0, 'FSANZ-Sched8') ON CONFLICT(alias_normalized, alias_type, COALESCE(language_code, '')) DO NOTHING;
INSERT OR IGNORE INTO regulatory_fact (canonical_id, jurisdiction, fact_type, status, regulation_ref, product_category, evidence_id) VALUES ('NAME_ester_b_apo_8_carotenal', 'AU_NZ_FSANZ', 'permitted', 'Permitted food additive in Australia/New Zealand (INS 160e)', 'FSANZ Schedule 8', 'food', (SELECT id FROM fact_evidence WHERE source_url = 'https://www.legislation.gov.au/F2015L00478/latest/text' AND snapshot_date = '2026-04-18' LIMIT 1));
INSERT INTO ingredient (canonical_id, primary_name, ingredient_class, ins_number, category, is_natural) VALUES ('NAME_beeswax_white_and_yellow', 'Beeswax, white and yellow', 'substance', '901', 'food', 0) ON CONFLICT(canonical_id) DO NOTHING;
INSERT INTO ingredient_alias (canonical_id, alias, alias_normalized, alias_type, language_code, confidence, source) VALUES ('NAME_beeswax_white_and_yellow', 'Beeswax, white and yellow', 'beeswax, white and yellow', 'synonym', 'en', 1.0, 'FSANZ-Sched8') ON CONFLICT(alias_normalized, alias_type, COALESCE(language_code, '')) DO NOTHING;
INSERT INTO ingredient_alias (canonical_id, alias, alias_normalized, alias_type, language_code, confidence, source) VALUES ('NAME_beeswax_white_and_yellow', '901', '901', 'ins_number', NULL, 1.0, 'FSANZ-Sched8') ON CONFLICT(alias_normalized, alias_type, COALESCE(language_code, '')) DO NOTHING;
INSERT OR IGNORE INTO regulatory_fact (canonical_id, jurisdiction, fact_type, status, regulation_ref, product_category, evidence_id) VALUES ('NAME_beeswax_white_and_yellow', 'AU_NZ_FSANZ', 'permitted', 'Permitted food additive in Australia/New Zealand (INS 901)', 'FSANZ Schedule 8', 'food', (SELECT id FROM fact_evidence WHERE source_url = 'https://www.legislation.gov.au/F2015L00478/latest/text' AND snapshot_date = '2026-04-18' LIMIT 1));
INSERT INTO ingredient (canonical_id, primary_name, ingredient_class, ins_number, category, is_natural) VALUES ('NAME_beet_red', 'Beet red', 'substance', '162', 'food', 0) ON CONFLICT(canonical_id) DO NOTHING;
INSERT INTO ingredient_alias (canonical_id, alias, alias_normalized, alias_type, language_code, confidence, source) VALUES ('NAME_beet_red', 'Beet red', 'beet red', 'synonym', 'en', 1.0, 'FSANZ-Sched8') ON CONFLICT(alias_normalized, alias_type, COALESCE(language_code, '')) DO NOTHING;
INSERT INTO ingredient_alias (canonical_id, alias, alias_normalized, alias_type, language_code, confidence, source) VALUES ('NAME_beet_red', '162', '162', 'ins_number', NULL, 1.0, 'FSANZ-Sched8') ON CONFLICT(alias_normalized, alias_type, COALESCE(language_code, '')) DO NOTHING;
INSERT OR IGNORE INTO regulatory_fact (canonical_id, jurisdiction, fact_type, status, regulation_ref, product_category, evidence_id) VALUES ('NAME_beet_red', 'AU_NZ_FSANZ', 'permitted', 'Permitted food additive in Australia/New Zealand (INS 162)', 'FSANZ Schedule 8', 'food', (SELECT id FROM fact_evidence WHERE source_url = 'https://www.legislation.gov.au/F2015L00478/latest/text' AND snapshot_date = '2026-04-18' LIMIT 1));
INSERT INTO ingredient (canonical_id, primary_name, ingredient_class, ins_number, category, is_natural) VALUES ('NAME_bentonite', 'Bentonite', 'substance', '558', 'food', 0) ON CONFLICT(canonical_id) DO NOTHING;
INSERT INTO ingredient_alias (canonical_id, alias, alias_normalized, alias_type, language_code, confidence, source) VALUES ('NAME_bentonite', 'Bentonite', 'bentonite', 'synonym', 'en', 1.0, 'FSANZ-Sched8') ON CONFLICT(alias_normalized, alias_type, COALESCE(language_code, '')) DO NOTHING;
INSERT INTO ingredient_alias (canonical_id, alias, alias_normalized, alias_type, language_code, confidence, source) VALUES ('NAME_bentonite', '558', '558', 'ins_number', NULL, 1.0, 'FSANZ-Sched8') ON CONFLICT(alias_normalized, alias_type, COALESCE(language_code, '')) DO NOTHING;
INSERT OR IGNORE INTO regulatory_fact (canonical_id, jurisdiction, fact_type, status, regulation_ref, product_category, evidence_id) VALUES ('NAME_bentonite', 'AU_NZ_FSANZ', 'permitted', 'Permitted food additive in Australia/New Zealand (INS 558)', 'FSANZ Schedule 8', 'food', (SELECT id FROM fact_evidence WHERE source_url = 'https://www.legislation.gov.au/F2015L00478/latest/text' AND snapshot_date = '2026-04-18' LIMIT 1));
INSERT INTO ingredient (canonical_id, primary_name, ingredient_class, ins_number, category, is_natural) VALUES ('NAME_benzoic_acid', 'Benzoic acid', 'substance', '210', 'food', 0) ON CONFLICT(canonical_id) DO NOTHING;
INSERT INTO ingredient_alias (canonical_id, alias, alias_normalized, alias_type, language_code, confidence, source) VALUES ('NAME_benzoic_acid', 'Benzoic acid', 'benzoic acid', 'synonym', 'en', 1.0, 'FSANZ-Sched8') ON CONFLICT(alias_normalized, alias_type, COALESCE(language_code, '')) DO NOTHING;
INSERT INTO ingredient_alias (canonical_id, alias, alias_normalized, alias_type, language_code, confidence, source) VALUES ('NAME_benzoic_acid', '210', '210', 'ins_number', NULL, 1.0, 'FSANZ-Sched8') ON CONFLICT(alias_normalized, alias_type, COALESCE(language_code, '')) DO NOTHING;
INSERT OR IGNORE INTO regulatory_fact (canonical_id, jurisdiction, fact_type, status, regulation_ref, product_category, evidence_id) VALUES ('NAME_benzoic_acid', 'AU_NZ_FSANZ', 'permitted', 'Permitted food additive in Australia/New Zealand (INS 210)', 'FSANZ Schedule 8', 'food', (SELECT id FROM fact_evidence WHERE source_url = 'https://www.legislation.gov.au/F2015L00478/latest/text' AND snapshot_date = '2026-04-18' LIMIT 1));
INSERT INTO ingredient (canonical_id, primary_name, ingredient_class, ins_number, category, is_natural) VALUES ('NAME_bleached_starch', 'Bleached starch', 'substance', '1403', 'food', 0) ON CONFLICT(canonical_id) DO NOTHING;
INSERT INTO ingredient_alias (canonical_id, alias, alias_normalized, alias_type, language_code, confidence, source) VALUES ('NAME_bleached_starch', 'Bleached starch', 'bleached starch', 'synonym', 'en', 1.0, 'FSANZ-Sched8') ON CONFLICT(alias_normalized, alias_type, COALESCE(language_code, '')) DO NOTHING;
INSERT INTO ingredient_alias (canonical_id, alias, alias_normalized, alias_type, language_code, confidence, source) VALUES ('NAME_bleached_starch', '1403', '1403', 'ins_number', NULL, 1.0, 'FSANZ-Sched8') ON CONFLICT(alias_normalized, alias_type, COALESCE(language_code, '')) DO NOTHING;
INSERT OR IGNORE INTO regulatory_fact (canonical_id, jurisdiction, fact_type, status, regulation_ref, product_category, evidence_id) VALUES ('NAME_bleached_starch', 'AU_NZ_FSANZ', 'permitted', 'Permitted food additive in Australia/New Zealand (INS 1403)', 'FSANZ Schedule 8', 'food', (SELECT id FROM fact_evidence WHERE source_url = 'https://www.legislation.gov.au/F2015L00478/latest/text' AND snapshot_date = '2026-04-18' LIMIT 1));
INSERT INTO ingredient (canonical_id, primary_name, ingredient_class, ins_number, category, is_natural) VALUES ('NAME_bone_phosphate', 'Bone phosphate', 'substance', '542', 'food', 0) ON CONFLICT(canonical_id) DO NOTHING;
INSERT INTO ingredient_alias (canonical_id, alias, alias_normalized, alias_type, language_code, confidence, source) VALUES ('NAME_bone_phosphate', 'Bone phosphate', 'bone phosphate', 'synonym', 'en', 1.0, 'FSANZ-Sched8') ON CONFLICT(alias_normalized, alias_type, COALESCE(language_code, '')) DO NOTHING;
INSERT INTO ingredient_alias (canonical_id, alias, alias_normalized, alias_type, language_code, confidence, source) VALUES ('NAME_bone_phosphate', '542', '542', 'ins_number', NULL, 1.0, 'FSANZ-Sched8') ON CONFLICT(alias_normalized, alias_type, COALESCE(language_code, '')) DO NOTHING;
INSERT OR IGNORE INTO regulatory_fact (canonical_id, jurisdiction, fact_type, status, regulation_ref, product_category, evidence_id) VALUES ('NAME_bone_phosphate', 'AU_NZ_FSANZ', 'permitted', 'Permitted food additive in Australia/New Zealand (INS 542)', 'FSANZ Schedule 8', 'food', (SELECT id FROM fact_evidence WHERE source_url = 'https://www.legislation.gov.au/F2015L00478/latest/text' AND snapshot_date = '2026-04-18' LIMIT 1));
INSERT INTO ingredient (canonical_id, primary_name, ingredient_class, ins_number, category, is_natural) VALUES ('NAME_brilliant_black_bn_or_brilliant_black_pn', 'Brilliant black BN or Brilliant Black PN', 'substance', '151', 'food', 0) ON CONFLICT(canonical_id) DO NOTHING;
INSERT INTO ingredient_alias (canonical_id, alias, alias_normalized, alias_type, language_code, confidence, source) VALUES ('NAME_brilliant_black_bn_or_brilliant_black_pn', 'Brilliant black BN or Brilliant Black PN', 'brilliant black bn or brilliant black pn', 'synonym', 'en', 1.0, 'FSANZ-Sched8') ON CONFLICT(alias_normalized, alias_type, COALESCE(language_code, '')) DO NOTHING;
INSERT INTO ingredient_alias (canonical_id, alias, alias_normalized, alias_type, language_code, confidence, source) VALUES ('NAME_brilliant_black_bn_or_brilliant_black_pn', '151', '151', 'ins_number', NULL, 1.0, 'FSANZ-Sched8') ON CONFLICT(alias_normalized, alias_type, COALESCE(language_code, '')) DO NOTHING;
INSERT OR IGNORE INTO regulatory_fact (canonical_id, jurisdiction, fact_type, status, regulation_ref, product_category, evidence_id) VALUES ('NAME_brilliant_black_bn_or_brilliant_black_pn', 'AU_NZ_FSANZ', 'permitted', 'Permitted food additive in Australia/New Zealand (INS 151)', 'FSANZ Schedule 8', 'food', (SELECT id FROM fact_evidence WHERE source_url = 'https://www.legislation.gov.au/F2015L00478/latest/text' AND snapshot_date = '2026-04-18' LIMIT 1));
INSERT INTO ingredient (canonical_id, primary_name, ingredient_class, ins_number, category, is_natural) VALUES ('NAME_brilliant_blue_fcf', 'Brilliant Blue FCF', 'substance', '133', 'food', 0) ON CONFLICT(canonical_id) DO NOTHING;
INSERT INTO ingredient_alias (canonical_id, alias, alias_normalized, alias_type, language_code, confidence, source) VALUES ('NAME_brilliant_blue_fcf', 'Brilliant Blue FCF', 'brilliant blue fcf', 'synonym', 'en', 1.0, 'FSANZ-Sched8') ON CONFLICT(alias_normalized, alias_type, COALESCE(language_code, '')) DO NOTHING;
INSERT INTO ingredient_alias (canonical_id, alias, alias_normalized, alias_type, language_code, confidence, source) VALUES ('NAME_brilliant_blue_fcf', '133', '133', 'ins_number', NULL, 1.0, 'FSANZ-Sched8') ON CONFLICT(alias_normalized, alias_type, COALESCE(language_code, '')) DO NOTHING;
INSERT OR IGNORE INTO regulatory_fact (canonical_id, jurisdiction, fact_type, status, regulation_ref, product_category, evidence_id) VALUES ('NAME_brilliant_blue_fcf', 'AU_NZ_FSANZ', 'permitted', 'Permitted food additive in Australia/New Zealand (INS 133)', 'FSANZ Schedule 8', 'food', (SELECT id FROM fact_evidence WHERE source_url = 'https://www.legislation.gov.au/F2015L00478/latest/text' AND snapshot_date = '2026-04-18' LIMIT 1));
INSERT INTO ingredient (canonical_id, primary_name, ingredient_class, ins_number, category, is_natural) VALUES ('NAME_brown_ht', 'Brown HT', 'substance', '155', 'food', 0) ON CONFLICT(canonical_id) DO NOTHING;
INSERT INTO ingredient_alias (canonical_id, alias, alias_normalized, alias_type, language_code, confidence, source) VALUES ('NAME_brown_ht', 'Brown HT', 'brown ht', 'synonym', 'en', 1.0, 'FSANZ-Sched8') ON CONFLICT(alias_normalized, alias_type, COALESCE(language_code, '')) DO NOTHING;
INSERT INTO ingredient_alias (canonical_id, alias, alias_normalized, alias_type, language_code, confidence, source) VALUES ('NAME_brown_ht', '155', '155', 'ins_number', NULL, 1.0, 'FSANZ-Sched8') ON CONFLICT(alias_normalized, alias_type, COALESCE(language_code, '')) DO NOTHING;
INSERT OR IGNORE INTO regulatory_fact (canonical_id, jurisdiction, fact_type, status, regulation_ref, product_category, evidence_id) VALUES ('NAME_brown_ht', 'AU_NZ_FSANZ', 'permitted', 'Permitted food additive in Australia/New Zealand (INS 155)', 'FSANZ Schedule 8', 'food', (SELECT id FROM fact_evidence WHERE source_url = 'https://www.legislation.gov.au/F2015L00478/latest/text' AND snapshot_date = '2026-04-18' LIMIT 1));
INSERT INTO ingredient (canonical_id, primary_name, ingredient_class, ins_number, category, is_natural) VALUES ('NAME_butane', 'Butane', 'substance', '943a', 'food', 0) ON CONFLICT(canonical_id) DO NOTHING;
INSERT INTO ingredient_alias (canonical_id, alias, alias_normalized, alias_type, language_code, confidence, source) VALUES ('NAME_butane', 'Butane', 'butane', 'synonym', 'en', 1.0, 'FSANZ-Sched8') ON CONFLICT(alias_normalized, alias_type, COALESCE(language_code, '')) DO NOTHING;
INSERT INTO ingredient_alias (canonical_id, alias, alias_normalized, alias_type, language_code, confidence, source) VALUES ('NAME_butane', '943a', '943a', 'ins_number', NULL, 1.0, 'FSANZ-Sched8') ON CONFLICT(alias_normalized, alias_type, COALESCE(language_code, '')) DO NOTHING;
INSERT OR IGNORE INTO regulatory_fact (canonical_id, jurisdiction, fact_type, status, regulation_ref, product_category, evidence_id) VALUES ('NAME_butane', 'AU_NZ_FSANZ', 'permitted', 'Permitted food additive in Australia/New Zealand (INS 943a)', 'FSANZ Schedule 8', 'food', (SELECT id FROM fact_evidence WHERE source_url = 'https://www.legislation.gov.au/F2015L00478/latest/text' AND snapshot_date = '2026-04-18' LIMIT 1));
INSERT INTO ingredient (canonical_id, primary_name, ingredient_class, ins_number, category, is_natural) VALUES ('NAME_butylated_hydroxyanisole', 'Butylated hydroxyanisole', 'substance', '320', 'food', 0) ON CONFLICT(canonical_id) DO NOTHING;
INSERT INTO ingredient_alias (canonical_id, alias, alias_normalized, alias_type, language_code, confidence, source) VALUES ('NAME_butylated_hydroxyanisole', 'Butylated hydroxyanisole', 'butylated hydroxyanisole', 'synonym', 'en', 1.0, 'FSANZ-Sched8') ON CONFLICT(alias_normalized, alias_type, COALESCE(language_code, '')) DO NOTHING;
INSERT INTO ingredient_alias (canonical_id, alias, alias_normalized, alias_type, language_code, confidence, source) VALUES ('NAME_butylated_hydroxyanisole', '320', '320', 'ins_number', NULL, 1.0, 'FSANZ-Sched8') ON CONFLICT(alias_normalized, alias_type, COALESCE(language_code, '')) DO NOTHING;
INSERT OR IGNORE INTO regulatory_fact (canonical_id, jurisdiction, fact_type, status, regulation_ref, product_category, evidence_id) VALUES ('NAME_butylated_hydroxyanisole', 'AU_NZ_FSANZ', 'permitted', 'Permitted food additive in Australia/New Zealand (INS 320)', 'FSANZ Schedule 8', 'food', (SELECT id FROM fact_evidence WHERE source_url = 'https://www.legislation.gov.au/F2015L00478/latest/text' AND snapshot_date = '2026-04-18' LIMIT 1));
INSERT INTO ingredient (canonical_id, primary_name, ingredient_class, ins_number, category, is_natural) VALUES ('NAME_butylated_hydroxytoluene', 'Butylated hydroxytoluene', 'substance', '321', 'food', 0) ON CONFLICT(canonical_id) DO NOTHING;
INSERT INTO ingredient_alias (canonical_id, alias, alias_normalized, alias_type, language_code, confidence, source) VALUES ('NAME_butylated_hydroxytoluene', 'Butylated hydroxytoluene', 'butylated hydroxytoluene', 'synonym', 'en', 1.0, 'FSANZ-Sched8') ON CONFLICT(alias_normalized, alias_type, COALESCE(language_code, '')) DO NOTHING;
INSERT INTO ingredient_alias (canonical_id, alias, alias_normalized, alias_type, language_code, confidence, source) VALUES ('NAME_butylated_hydroxytoluene', '321', '321', 'ins_number', NULL, 1.0, 'FSANZ-Sched8') ON CONFLICT(alias_normalized, alias_type, COALESCE(language_code, '')) DO NOTHING;
INSERT OR IGNORE INTO regulatory_fact (canonical_id, jurisdiction, fact_type, status, regulation_ref, product_category, evidence_id) VALUES ('NAME_butylated_hydroxytoluene', 'AU_NZ_FSANZ', 'permitted', 'Permitted food additive in Australia/New Zealand (INS 321)', 'FSANZ Schedule 8', 'food', (SELECT id FROM fact_evidence WHERE source_url = 'https://www.legislation.gov.au/F2015L00478/latest/text' AND snapshot_date = '2026-04-18' LIMIT 1));
INSERT INTO ingredient (canonical_id, primary_name, ingredient_class, ins_number, category, is_natural) VALUES ('NAME_calcium_acetate', 'Calcium acetate', 'substance', '263', 'food', 0) ON CONFLICT(canonical_id) DO NOTHING;
INSERT INTO ingredient_alias (canonical_id, alias, alias_normalized, alias_type, language_code, confidence, source) VALUES ('NAME_calcium_acetate', 'Calcium acetate', 'calcium acetate', 'synonym', 'en', 1.0, 'FSANZ-Sched8') ON CONFLICT(alias_normalized, alias_type, COALESCE(language_code, '')) DO NOTHING;
INSERT INTO ingredient_alias (canonical_id, alias, alias_normalized, alias_type, language_code, confidence, source) VALUES ('NAME_calcium_acetate', '263', '263', 'ins_number', NULL, 1.0, 'FSANZ-Sched8') ON CONFLICT(alias_normalized, alias_type, COALESCE(language_code, '')) DO NOTHING;
INSERT OR IGNORE INTO regulatory_fact (canonical_id, jurisdiction, fact_type, status, regulation_ref, product_category, evidence_id) VALUES ('NAME_calcium_acetate', 'AU_NZ_FSANZ', 'permitted', 'Permitted food additive in Australia/New Zealand (INS 263)', 'FSANZ Schedule 8', 'food', (SELECT id FROM fact_evidence WHERE source_url = 'https://www.legislation.gov.au/F2015L00478/latest/text' AND snapshot_date = '2026-04-18' LIMIT 1));
INSERT INTO ingredient (canonical_id, primary_name, ingredient_class, ins_number, category, is_natural) VALUES ('NAME_calcium_alginate', 'Calcium alginate', 'substance', '404', 'food', 0) ON CONFLICT(canonical_id) DO NOTHING;
INSERT INTO ingredient_alias (canonical_id, alias, alias_normalized, alias_type, language_code, confidence, source) VALUES ('NAME_calcium_alginate', 'Calcium alginate', 'calcium alginate', 'synonym', 'en', 1.0, 'FSANZ-Sched8') ON CONFLICT(alias_normalized, alias_type, COALESCE(language_code, '')) DO NOTHING;
INSERT INTO ingredient_alias (canonical_id, alias, alias_normalized, alias_type, language_code, confidence, source) VALUES ('NAME_calcium_alginate', '404', '404', 'ins_number', NULL, 1.0, 'FSANZ-Sched8') ON CONFLICT(alias_normalized, alias_type, COALESCE(language_code, '')) DO NOTHING;
INSERT OR IGNORE INTO regulatory_fact (canonical_id, jurisdiction, fact_type, status, regulation_ref, product_category, evidence_id) VALUES ('NAME_calcium_alginate', 'AU_NZ_FSANZ', 'permitted', 'Permitted food additive in Australia/New Zealand (INS 404)', 'FSANZ Schedule 8', 'food', (SELECT id FROM fact_evidence WHERE source_url = 'https://www.legislation.gov.au/F2015L00478/latest/text' AND snapshot_date = '2026-04-18' LIMIT 1));
INSERT INTO ingredient (canonical_id, primary_name, ingredient_class, ins_number, category, is_natural) VALUES ('NAME_calcium_aluminium_silicate', 'Calcium aluminium silicate', 'substance', '556', 'food', 0) ON CONFLICT(canonical_id) DO NOTHING;
INSERT INTO ingredient_alias (canonical_id, alias, alias_normalized, alias_type, language_code, confidence, source) VALUES ('NAME_calcium_aluminium_silicate', 'Calcium aluminium silicate', 'calcium aluminium silicate', 'synonym', 'en', 1.0, 'FSANZ-Sched8') ON CONFLICT(alias_normalized, alias_type, COALESCE(language_code, '')) DO NOTHING;
INSERT INTO ingredient_alias (canonical_id, alias, alias_normalized, alias_type, language_code, confidence, source) VALUES ('NAME_calcium_aluminium_silicate', '556', '556', 'ins_number', NULL, 1.0, 'FSANZ-Sched8') ON CONFLICT(alias_normalized, alias_type, COALESCE(language_code, '')) DO NOTHING;
INSERT OR IGNORE INTO regulatory_fact (canonical_id, jurisdiction, fact_type, status, regulation_ref, product_category, evidence_id) VALUES ('NAME_calcium_aluminium_silicate', 'AU_NZ_FSANZ', 'permitted', 'Permitted food additive in Australia/New Zealand (INS 556)', 'FSANZ Schedule 8', 'food', (SELECT id FROM fact_evidence WHERE source_url = 'https://www.legislation.gov.au/F2015L00478/latest/text' AND snapshot_date = '2026-04-18' LIMIT 1));
INSERT INTO ingredient (canonical_id, primary_name, ingredient_class, ins_number, category, is_natural) VALUES ('NAME_16_september_2025_schedule_8_2_authorised_version_f2025c00967_registered_0910202', '16 September 2025 Schedule 8 2 Authorised Version F2025C00967 registered 09/10/2025 Calcium ascorbate', 'substance', '302', 'food', 0) ON CONFLICT(canonical_id) DO NOTHING;
INSERT INTO ingredient_alias (canonical_id, alias, alias_normalized, alias_type, language_code, confidence, source) VALUES ('NAME_16_september_2025_schedule_8_2_authorised_version_f2025c00967_registered_0910202', '16 September 2025 Schedule 8 2 Authorised Version F2025C00967 registered 09/10/2025 Calcium ascorbate', '16 september 2025 schedule 8 2 authorised version f2025c00967 registered 09/10/2025 calcium ascorbate', 'synonym', 'en', 1.0, 'FSANZ-Sched8') ON CONFLICT(alias_normalized, alias_type, COALESCE(language_code, '')) DO NOTHING;
INSERT INTO ingredient_alias (canonical_id, alias, alias_normalized, alias_type, language_code, confidence, source) VALUES ('NAME_16_september_2025_schedule_8_2_authorised_version_f2025c00967_registered_0910202', '302', '302', 'ins_number', NULL, 1.0, 'FSANZ-Sched8') ON CONFLICT(alias_normalized, alias_type, COALESCE(language_code, '')) DO NOTHING;
INSERT OR IGNORE INTO regulatory_fact (canonical_id, jurisdiction, fact_type, status, regulation_ref, product_category, evidence_id) VALUES ('NAME_16_september_2025_schedule_8_2_authorised_version_f2025c00967_registered_0910202', 'AU_NZ_FSANZ', 'permitted', 'Permitted food additive in Australia/New Zealand (INS 302)', 'FSANZ Schedule 8', 'food', (SELECT id FROM fact_evidence WHERE source_url = 'https://www.legislation.gov.au/F2015L00478/latest/text' AND snapshot_date = '2026-04-18' LIMIT 1));
INSERT INTO ingredient (canonical_id, primary_name, ingredient_class, ins_number, category, is_natural) VALUES ('NAME_calcium_benzoate', 'Calcium benzoate', 'substance', '213', 'food', 0) ON CONFLICT(canonical_id) DO NOTHING;
INSERT INTO ingredient_alias (canonical_id, alias, alias_normalized, alias_type, language_code, confidence, source) VALUES ('NAME_calcium_benzoate', 'Calcium benzoate', 'calcium benzoate', 'synonym', 'en', 1.0, 'FSANZ-Sched8') ON CONFLICT(alias_normalized, alias_type, COALESCE(language_code, '')) DO NOTHING;
INSERT INTO ingredient_alias (canonical_id, alias, alias_normalized, alias_type, language_code, confidence, source) VALUES ('NAME_calcium_benzoate', '213', '213', 'ins_number', NULL, 1.0, 'FSANZ-Sched8') ON CONFLICT(alias_normalized, alias_type, COALESCE(language_code, '')) DO NOTHING;
INSERT OR IGNORE INTO regulatory_fact (canonical_id, jurisdiction, fact_type, status, regulation_ref, product_category, evidence_id) VALUES ('NAME_calcium_benzoate', 'AU_NZ_FSANZ', 'permitted', 'Permitted food additive in Australia/New Zealand (INS 213)', 'FSANZ Schedule 8', 'food', (SELECT id FROM fact_evidence WHERE source_url = 'https://www.legislation.gov.au/F2015L00478/latest/text' AND snapshot_date = '2026-04-18' LIMIT 1));
INSERT INTO ingredient (canonical_id, primary_name, ingredient_class, ins_number, category, is_natural) VALUES ('NAME_calcium_carbonate', 'Calcium carbonate', 'substance', '170', 'food', 0) ON CONFLICT(canonical_id) DO NOTHING;
INSERT INTO ingredient_alias (canonical_id, alias, alias_normalized, alias_type, language_code, confidence, source) VALUES ('NAME_calcium_carbonate', 'Calcium carbonate', 'calcium carbonate', 'synonym', 'en', 1.0, 'FSANZ-Sched8') ON CONFLICT(alias_normalized, alias_type, COALESCE(language_code, '')) DO NOTHING;
INSERT INTO ingredient_alias (canonical_id, alias, alias_normalized, alias_type, language_code, confidence, source) VALUES ('NAME_calcium_carbonate', '170', '170', 'ins_number', NULL, 1.0, 'FSANZ-Sched8') ON CONFLICT(alias_normalized, alias_type, COALESCE(language_code, '')) DO NOTHING;
INSERT OR IGNORE INTO regulatory_fact (canonical_id, jurisdiction, fact_type, status, regulation_ref, product_category, evidence_id) VALUES ('NAME_calcium_carbonate', 'AU_NZ_FSANZ', 'permitted', 'Permitted food additive in Australia/New Zealand (INS 170)', 'FSANZ Schedule 8', 'food', (SELECT id FROM fact_evidence WHERE source_url = 'https://www.legislation.gov.au/F2015L00478/latest/text' AND snapshot_date = '2026-04-18' LIMIT 1));
INSERT INTO ingredient (canonical_id, primary_name, ingredient_class, ins_number, category, is_natural) VALUES ('NAME_calcium_chloride', 'Calcium chloride', 'substance', '509', 'food', 0) ON CONFLICT(canonical_id) DO NOTHING;
INSERT INTO ingredient_alias (canonical_id, alias, alias_normalized, alias_type, language_code, confidence, source) VALUES ('NAME_calcium_chloride', 'Calcium chloride', 'calcium chloride', 'synonym', 'en', 1.0, 'FSANZ-Sched8') ON CONFLICT(alias_normalized, alias_type, COALESCE(language_code, '')) DO NOTHING;
INSERT INTO ingredient_alias (canonical_id, alias, alias_normalized, alias_type, language_code, confidence, source) VALUES ('NAME_calcium_chloride', '509', '509', 'ins_number', NULL, 1.0, 'FSANZ-Sched8') ON CONFLICT(alias_normalized, alias_type, COALESCE(language_code, '')) DO NOTHING;
INSERT OR IGNORE INTO regulatory_fact (canonical_id, jurisdiction, fact_type, status, regulation_ref, product_category, evidence_id) VALUES ('NAME_calcium_chloride', 'AU_NZ_FSANZ', 'permitted', 'Permitted food additive in Australia/New Zealand (INS 509)', 'FSANZ Schedule 8', 'food', (SELECT id FROM fact_evidence WHERE source_url = 'https://www.legislation.gov.au/F2015L00478/latest/text' AND snapshot_date = '2026-04-18' LIMIT 1));
INSERT INTO ingredient (canonical_id, primary_name, ingredient_class, ins_number, category, is_natural) VALUES ('NAME_calcium_citrate', 'Calcium citrate', 'substance', '333', 'food', 0) ON CONFLICT(canonical_id) DO NOTHING;
INSERT INTO ingredient_alias (canonical_id, alias, alias_normalized, alias_type, language_code, confidence, source) VALUES ('NAME_calcium_citrate', 'Calcium citrate', 'calcium citrate', 'synonym', 'en', 1.0, 'FSANZ-Sched8') ON CONFLICT(alias_normalized, alias_type, COALESCE(language_code, '')) DO NOTHING;
INSERT INTO ingredient_alias (canonical_id, alias, alias_normalized, alias_type, language_code, confidence, source) VALUES ('NAME_calcium_citrate', '333', '333', 'ins_number', NULL, 1.0, 'FSANZ-Sched8') ON CONFLICT(alias_normalized, alias_type, COALESCE(language_code, '')) DO NOTHING;
INSERT OR IGNORE INTO regulatory_fact (canonical_id, jurisdiction, fact_type, status, regulation_ref, product_category, evidence_id) VALUES ('NAME_calcium_citrate', 'AU_NZ_FSANZ', 'permitted', 'Permitted food additive in Australia/New Zealand (INS 333)', 'FSANZ Schedule 8', 'food', (SELECT id FROM fact_evidence WHERE source_url = 'https://www.legislation.gov.au/F2015L00478/latest/text' AND snapshot_date = '2026-04-18' LIMIT 1));
INSERT INTO ingredient (canonical_id, primary_name, ingredient_class, ins_number, category, is_natural) VALUES ('NAME_calcium_disodium', 'Calcium disodium', 'substance', '385', 'food', 0) ON CONFLICT(canonical_id) DO NOTHING;
INSERT INTO ingredient_alias (canonical_id, alias, alias_normalized, alias_type, language_code, confidence, source) VALUES ('NAME_calcium_disodium', 'Calcium disodium', 'calcium disodium', 'synonym', 'en', 1.0, 'FSANZ-Sched8') ON CONFLICT(alias_normalized, alias_type, COALESCE(language_code, '')) DO NOTHING;
INSERT INTO ingredient_alias (canonical_id, alias, alias_normalized, alias_type, language_code, confidence, source) VALUES ('NAME_calcium_disodium', '385', '385', 'ins_number', NULL, 1.0, 'FSANZ-Sched8') ON CONFLICT(alias_normalized, alias_type, COALESCE(language_code, '')) DO NOTHING;
INSERT OR IGNORE INTO regulatory_fact (canonical_id, jurisdiction, fact_type, status, regulation_ref, product_category, evidence_id) VALUES ('NAME_calcium_disodium', 'AU_NZ_FSANZ', 'permitted', 'Permitted food additive in Australia/New Zealand (INS 385)', 'FSANZ Schedule 8', 'food', (SELECT id FROM fact_evidence WHERE source_url = 'https://www.legislation.gov.au/F2015L00478/latest/text' AND snapshot_date = '2026-04-18' LIMIT 1));
INSERT INTO ingredient (canonical_id, primary_name, ingredient_class, ins_number, category, is_natural) VALUES ('NAME_ethylenediaminetetraacetate_or_calcium_disodium_edta_calcium_fumarate', 'ethylenediaminetetraacetate or calcium disodium EDTA Calcium fumarate', 'substance', '367', 'food', 0) ON CONFLICT(canonical_id) DO NOTHING;
INSERT INTO ingredient_alias (canonical_id, alias, alias_normalized, alias_type, language_code, confidence, source) VALUES ('NAME_ethylenediaminetetraacetate_or_calcium_disodium_edta_calcium_fumarate', 'ethylenediaminetetraacetate or calcium disodium EDTA Calcium fumarate', 'ethylenediaminetetraacetate or calcium disodium edta calcium fumarate', 'synonym', 'en', 1.0, 'FSANZ-Sched8') ON CONFLICT(alias_normalized, alias_type, COALESCE(language_code, '')) DO NOTHING;
INSERT INTO ingredient_alias (canonical_id, alias, alias_normalized, alias_type, language_code, confidence, source) VALUES ('NAME_ethylenediaminetetraacetate_or_calcium_disodium_edta_calcium_fumarate', '367', '367', 'ins_number', NULL, 1.0, 'FSANZ-Sched8') ON CONFLICT(alias_normalized, alias_type, COALESCE(language_code, '')) DO NOTHING;
INSERT OR IGNORE INTO regulatory_fact (canonical_id, jurisdiction, fact_type, status, regulation_ref, product_category, evidence_id) VALUES ('NAME_ethylenediaminetetraacetate_or_calcium_disodium_edta_calcium_fumarate', 'AU_NZ_FSANZ', 'permitted', 'Permitted food additive in Australia/New Zealand (INS 367)', 'FSANZ Schedule 8', 'food', (SELECT id FROM fact_evidence WHERE source_url = 'https://www.legislation.gov.au/F2015L00478/latest/text' AND snapshot_date = '2026-04-18' LIMIT 1));
INSERT INTO ingredient (canonical_id, primary_name, ingredient_class, ins_number, category, is_natural) VALUES ('NAME_calcium_gluconate', 'Calcium gluconate', 'substance', '578', 'food', 0) ON CONFLICT(canonical_id) DO NOTHING;
INSERT INTO ingredient_alias (canonical_id, alias, alias_normalized, alias_type, language_code, confidence, source) VALUES ('NAME_calcium_gluconate', 'Calcium gluconate', 'calcium gluconate', 'synonym', 'en', 1.0, 'FSANZ-Sched8') ON CONFLICT(alias_normalized, alias_type, COALESCE(language_code, '')) DO NOTHING;
INSERT INTO ingredient_alias (canonical_id, alias, alias_normalized, alias_type, language_code, confidence, source) VALUES ('NAME_calcium_gluconate', '578', '578', 'ins_number', NULL, 1.0, 'FSANZ-Sched8') ON CONFLICT(alias_normalized, alias_type, COALESCE(language_code, '')) DO NOTHING;
INSERT OR IGNORE INTO regulatory_fact (canonical_id, jurisdiction, fact_type, status, regulation_ref, product_category, evidence_id) VALUES ('NAME_calcium_gluconate', 'AU_NZ_FSANZ', 'permitted', 'Permitted food additive in Australia/New Zealand (INS 578)', 'FSANZ Schedule 8', 'food', (SELECT id FROM fact_evidence WHERE source_url = 'https://www.legislation.gov.au/F2015L00478/latest/text' AND snapshot_date = '2026-04-18' LIMIT 1));
INSERT INTO ingredient (canonical_id, primary_name, ingredient_class, ins_number, category, is_natural) VALUES ('NAME_calcium_glutamate', 'Calcium glutamate', 'substance', '623', 'food', 0) ON CONFLICT(canonical_id) DO NOTHING;
INSERT INTO ingredient_alias (canonical_id, alias, alias_normalized, alias_type, language_code, confidence, source) VALUES ('NAME_calcium_glutamate', 'Calcium glutamate', 'calcium glutamate', 'synonym', 'en', 1.0, 'FSANZ-Sched8') ON CONFLICT(alias_normalized, alias_type, COALESCE(language_code, '')) DO NOTHING;
INSERT INTO ingredient_alias (canonical_id, alias, alias_normalized, alias_type, language_code, confidence, source) VALUES ('NAME_calcium_glutamate', '623', '623', 'ins_number', NULL, 1.0, 'FSANZ-Sched8') ON CONFLICT(alias_normalized, alias_type, COALESCE(language_code, '')) DO NOTHING;
INSERT OR IGNORE INTO regulatory_fact (canonical_id, jurisdiction, fact_type, status, regulation_ref, product_category, evidence_id) VALUES ('NAME_calcium_glutamate', 'AU_NZ_FSANZ', 'permitted', 'Permitted food additive in Australia/New Zealand (INS 623)', 'FSANZ Schedule 8', 'food', (SELECT id FROM fact_evidence WHERE source_url = 'https://www.legislation.gov.au/F2015L00478/latest/text' AND snapshot_date = '2026-04-18' LIMIT 1));
INSERT INTO ingredient (canonical_id, primary_name, ingredient_class, ins_number, category, is_natural) VALUES ('NAME_calcium_hydroxide', 'Calcium hydroxide', 'substance', '526', 'food', 0) ON CONFLICT(canonical_id) DO NOTHING;
INSERT INTO ingredient_alias (canonical_id, alias, alias_normalized, alias_type, language_code, confidence, source) VALUES ('NAME_calcium_hydroxide', 'Calcium hydroxide', 'calcium hydroxide', 'synonym', 'en', 1.0, 'FSANZ-Sched8') ON CONFLICT(alias_normalized, alias_type, COALESCE(language_code, '')) DO NOTHING;
INSERT INTO ingredient_alias (canonical_id, alias, alias_normalized, alias_type, language_code, confidence, source) VALUES ('NAME_calcium_hydroxide', '526', '526', 'ins_number', NULL, 1.0, 'FSANZ-Sched8') ON CONFLICT(alias_normalized, alias_type, COALESCE(language_code, '')) DO NOTHING;
INSERT OR IGNORE INTO regulatory_fact (canonical_id, jurisdiction, fact_type, status, regulation_ref, product_category, evidence_id) VALUES ('NAME_calcium_hydroxide', 'AU_NZ_FSANZ', 'permitted', 'Permitted food additive in Australia/New Zealand (INS 526)', 'FSANZ Schedule 8', 'food', (SELECT id FROM fact_evidence WHERE source_url = 'https://www.legislation.gov.au/F2015L00478/latest/text' AND snapshot_date = '2026-04-18' LIMIT 1));
INSERT INTO ingredient (canonical_id, primary_name, ingredient_class, ins_number, category, is_natural) VALUES ('NAME_calcium_lactate', 'Calcium lactate', 'substance', '327', 'food', 0) ON CONFLICT(canonical_id) DO NOTHING;
INSERT INTO ingredient_alias (canonical_id, alias, alias_normalized, alias_type, language_code, confidence, source) VALUES ('NAME_calcium_lactate', 'Calcium lactate', 'calcium lactate', 'synonym', 'en', 1.0, 'FSANZ-Sched8') ON CONFLICT(alias_normalized, alias_type, COALESCE(language_code, '')) DO NOTHING;
INSERT INTO ingredient_alias (canonical_id, alias, alias_normalized, alias_type, language_code, confidence, source) VALUES ('NAME_calcium_lactate', '327', '327', 'ins_number', NULL, 1.0, 'FSANZ-Sched8') ON CONFLICT(alias_normalized, alias_type, COALESCE(language_code, '')) DO NOTHING;
INSERT OR IGNORE INTO regulatory_fact (canonical_id, jurisdiction, fact_type, status, regulation_ref, product_category, evidence_id) VALUES ('NAME_calcium_lactate', 'AU_NZ_FSANZ', 'permitted', 'Permitted food additive in Australia/New Zealand (INS 327)', 'FSANZ Schedule 8', 'food', (SELECT id FROM fact_evidence WHERE source_url = 'https://www.legislation.gov.au/F2015L00478/latest/text' AND snapshot_date = '2026-04-18' LIMIT 1));
INSERT INTO ingredient (canonical_id, primary_name, ingredient_class, ins_number, category, is_natural) VALUES ('NAME_calcium_lactylate', 'Calcium lactylate', 'substance', '482', 'food', 0) ON CONFLICT(canonical_id) DO NOTHING;
INSERT INTO ingredient_alias (canonical_id, alias, alias_normalized, alias_type, language_code, confidence, source) VALUES ('NAME_calcium_lactylate', 'Calcium lactylate', 'calcium lactylate', 'synonym', 'en', 1.0, 'FSANZ-Sched8') ON CONFLICT(alias_normalized, alias_type, COALESCE(language_code, '')) DO NOTHING;
INSERT INTO ingredient_alias (canonical_id, alias, alias_normalized, alias_type, language_code, confidence, source) VALUES ('NAME_calcium_lactylate', '482', '482', 'ins_number', NULL, 1.0, 'FSANZ-Sched8') ON CONFLICT(alias_normalized, alias_type, COALESCE(language_code, '')) DO NOTHING;
INSERT OR IGNORE INTO regulatory_fact (canonical_id, jurisdiction, fact_type, status, regulation_ref, product_category, evidence_id) VALUES ('NAME_calcium_lactylate', 'AU_NZ_FSANZ', 'permitted', 'Permitted food additive in Australia/New Zealand (INS 482)', 'FSANZ Schedule 8', 'food', (SELECT id FROM fact_evidence WHERE source_url = 'https://www.legislation.gov.au/F2015L00478/latest/text' AND snapshot_date = '2026-04-18' LIMIT 1));
INSERT INTO ingredient (canonical_id, primary_name, ingredient_class, ins_number, category, is_natural) VALUES ('NAME_calcium_lignosulphonate', 'Calcium lignosulphonate (40-65)', 'substance', '1522', 'food', 0) ON CONFLICT(canonical_id) DO NOTHING;
INSERT INTO ingredient_alias (canonical_id, alias, alias_normalized, alias_type, language_code, confidence, source) VALUES ('NAME_calcium_lignosulphonate', 'Calcium lignosulphonate (40-65)', 'calcium lignosulphonate (40-65)', 'synonym', 'en', 1.0, 'FSANZ-Sched8') ON CONFLICT(alias_normalized, alias_type, COALESCE(language_code, '')) DO NOTHING;
INSERT INTO ingredient_alias (canonical_id, alias, alias_normalized, alias_type, language_code, confidence, source) VALUES ('NAME_calcium_lignosulphonate', '1522', '1522', 'ins_number', NULL, 1.0, 'FSANZ-Sched8') ON CONFLICT(alias_normalized, alias_type, COALESCE(language_code, '')) DO NOTHING;
INSERT OR IGNORE INTO regulatory_fact (canonical_id, jurisdiction, fact_type, status, regulation_ref, product_category, evidence_id) VALUES ('NAME_calcium_lignosulphonate', 'AU_NZ_FSANZ', 'permitted', 'Permitted food additive in Australia/New Zealand (INS 1522)', 'FSANZ Schedule 8', 'food', (SELECT id FROM fact_evidence WHERE source_url = 'https://www.legislation.gov.au/F2015L00478/latest/text' AND snapshot_date = '2026-04-18' LIMIT 1));
INSERT INTO ingredient (canonical_id, primary_name, ingredient_class, ins_number, category, is_natural) VALUES ('NAME_calcium_malate', 'Calcium malate', 'substance', '352', 'food', 0) ON CONFLICT(canonical_id) DO NOTHING;
INSERT INTO ingredient_alias (canonical_id, alias, alias_normalized, alias_type, language_code, confidence, source) VALUES ('NAME_calcium_malate', 'Calcium malate', 'calcium malate', 'synonym', 'en', 1.0, 'FSANZ-Sched8') ON CONFLICT(alias_normalized, alias_type, COALESCE(language_code, '')) DO NOTHING;
INSERT INTO ingredient_alias (canonical_id, alias, alias_normalized, alias_type, language_code, confidence, source) VALUES ('NAME_calcium_malate', '352', '352', 'ins_number', NULL, 1.0, 'FSANZ-Sched8') ON CONFLICT(alias_normalized, alias_type, COALESCE(language_code, '')) DO NOTHING;
INSERT OR IGNORE INTO regulatory_fact (canonical_id, jurisdiction, fact_type, status, regulation_ref, product_category, evidence_id) VALUES ('NAME_calcium_malate', 'AU_NZ_FSANZ', 'permitted', 'Permitted food additive in Australia/New Zealand (INS 352)', 'FSANZ Schedule 8', 'food', (SELECT id FROM fact_evidence WHERE source_url = 'https://www.legislation.gov.au/F2015L00478/latest/text' AND snapshot_date = '2026-04-18' LIMIT 1));
INSERT INTO ingredient (canonical_id, primary_name, ingredient_class, ins_number, category, is_natural) VALUES ('NAME_calcium_oleyl_lactylate', 'Calcium oleyl lactylate', 'substance', '482', 'food', 0) ON CONFLICT(canonical_id) DO NOTHING;
INSERT INTO ingredient_alias (canonical_id, alias, alias_normalized, alias_type, language_code, confidence, source) VALUES ('NAME_calcium_oleyl_lactylate', 'Calcium oleyl lactylate', 'calcium oleyl lactylate', 'synonym', 'en', 1.0, 'FSANZ-Sched8') ON CONFLICT(alias_normalized, alias_type, COALESCE(language_code, '')) DO NOTHING;
INSERT INTO ingredient_alias (canonical_id, alias, alias_normalized, alias_type, language_code, confidence, source) VALUES ('NAME_calcium_oleyl_lactylate', '482', '482', 'ins_number', NULL, 1.0, 'FSANZ-Sched8') ON CONFLICT(alias_normalized, alias_type, COALESCE(language_code, '')) DO NOTHING;
INSERT OR IGNORE INTO regulatory_fact (canonical_id, jurisdiction, fact_type, status, regulation_ref, product_category, evidence_id) VALUES ('NAME_calcium_oleyl_lactylate', 'AU_NZ_FSANZ', 'permitted', 'Permitted food additive in Australia/New Zealand (INS 482)', 'FSANZ Schedule 8', 'food', (SELECT id FROM fact_evidence WHERE source_url = 'https://www.legislation.gov.au/F2015L00478/latest/text' AND snapshot_date = '2026-04-18' LIMIT 1));
INSERT INTO ingredient (canonical_id, primary_name, ingredient_class, ins_number, category, is_natural) VALUES ('NAME_calcium_oxide', 'Calcium oxide', 'substance', '529', 'food', 0) ON CONFLICT(canonical_id) DO NOTHING;
INSERT INTO ingredient_alias (canonical_id, alias, alias_normalized, alias_type, language_code, confidence, source) VALUES ('NAME_calcium_oxide', 'Calcium oxide', 'calcium oxide', 'synonym', 'en', 1.0, 'FSANZ-Sched8') ON CONFLICT(alias_normalized, alias_type, COALESCE(language_code, '')) DO NOTHING;
INSERT INTO ingredient_alias (canonical_id, alias, alias_normalized, alias_type, language_code, confidence, source) VALUES ('NAME_calcium_oxide', '529', '529', 'ins_number', NULL, 1.0, 'FSANZ-Sched8') ON CONFLICT(alias_normalized, alias_type, COALESCE(language_code, '')) DO NOTHING;
INSERT OR IGNORE INTO regulatory_fact (canonical_id, jurisdiction, fact_type, status, regulation_ref, product_category, evidence_id) VALUES ('NAME_calcium_oxide', 'AU_NZ_FSANZ', 'permitted', 'Permitted food additive in Australia/New Zealand (INS 529)', 'FSANZ Schedule 8', 'food', (SELECT id FROM fact_evidence WHERE source_url = 'https://www.legislation.gov.au/F2015L00478/latest/text' AND snapshot_date = '2026-04-18' LIMIT 1));
INSERT INTO ingredient (canonical_id, primary_name, ingredient_class, ins_number, category, is_natural) VALUES ('NAME_calcium_phosphate_dibasic_or_calcium_hydrogen_phosphate', 'Calcium phosphate, dibasic or calcium hydrogen phosphate', 'substance', '341', 'food', 0) ON CONFLICT(canonical_id) DO NOTHING;
INSERT INTO ingredient_alias (canonical_id, alias, alias_normalized, alias_type, language_code, confidence, source) VALUES ('NAME_calcium_phosphate_dibasic_or_calcium_hydrogen_phosphate', 'Calcium phosphate, dibasic or calcium hydrogen phosphate', 'calcium phosphate, dibasic or calcium hydrogen phosphate', 'synonym', 'en', 1.0, 'FSANZ-Sched8') ON CONFLICT(alias_normalized, alias_type, COALESCE(language_code, '')) DO NOTHING;
INSERT INTO ingredient_alias (canonical_id, alias, alias_normalized, alias_type, language_code, confidence, source) VALUES ('NAME_calcium_phosphate_dibasic_or_calcium_hydrogen_phosphate', '341', '341', 'ins_number', NULL, 1.0, 'FSANZ-Sched8') ON CONFLICT(alias_normalized, alias_type, COALESCE(language_code, '')) DO NOTHING;
INSERT OR IGNORE INTO regulatory_fact (canonical_id, jurisdiction, fact_type, status, regulation_ref, product_category, evidence_id) VALUES ('NAME_calcium_phosphate_dibasic_or_calcium_hydrogen_phosphate', 'AU_NZ_FSANZ', 'permitted', 'Permitted food additive in Australia/New Zealand (INS 341)', 'FSANZ Schedule 8', 'food', (SELECT id FROM fact_evidence WHERE source_url = 'https://www.legislation.gov.au/F2015L00478/latest/text' AND snapshot_date = '2026-04-18' LIMIT 1));
INSERT INTO ingredient (canonical_id, primary_name, ingredient_class, ins_number, category, is_natural) VALUES ('NAME_calcium_phosphate_monobasic_or', 'Calcium phosphate, monobasic or', 'substance', '341', 'food', 0) ON CONFLICT(canonical_id) DO NOTHING;
INSERT INTO ingredient_alias (canonical_id, alias, alias_normalized, alias_type, language_code, confidence, source) VALUES ('NAME_calcium_phosphate_monobasic_or', 'Calcium phosphate, monobasic or', 'calcium phosphate, monobasic or', 'synonym', 'en', 1.0, 'FSANZ-Sched8') ON CONFLICT(alias_normalized, alias_type, COALESCE(language_code, '')) DO NOTHING;
INSERT INTO ingredient_alias (canonical_id, alias, alias_normalized, alias_type, language_code, confidence, source) VALUES ('NAME_calcium_phosphate_monobasic_or', '341', '341', 'ins_number', NULL, 1.0, 'FSANZ-Sched8') ON CONFLICT(alias_normalized, alias_type, COALESCE(language_code, '')) DO NOTHING;
INSERT OR IGNORE INTO regulatory_fact (canonical_id, jurisdiction, fact_type, status, regulation_ref, product_category, evidence_id) VALUES ('NAME_calcium_phosphate_monobasic_or', 'AU_NZ_FSANZ', 'permitted', 'Permitted food additive in Australia/New Zealand (INS 341)', 'FSANZ Schedule 8', 'food', (SELECT id FROM fact_evidence WHERE source_url = 'https://www.legislation.gov.au/F2015L00478/latest/text' AND snapshot_date = '2026-04-18' LIMIT 1));
INSERT INTO ingredient (canonical_id, primary_name, ingredient_class, ins_number, category, is_natural) VALUES ('NAME_calcium_dihydrogen_phosphate_calcium_phosphate_tribasic', 'calcium dihydrogen phosphate Calcium phosphate, tribasic', 'substance', '341', 'food', 0) ON CONFLICT(canonical_id) DO NOTHING;
INSERT INTO ingredient_alias (canonical_id, alias, alias_normalized, alias_type, language_code, confidence, source) VALUES ('NAME_calcium_dihydrogen_phosphate_calcium_phosphate_tribasic', 'calcium dihydrogen phosphate Calcium phosphate, tribasic', 'calcium dihydrogen phosphate calcium phosphate, tribasic', 'synonym', 'en', 1.0, 'FSANZ-Sched8') ON CONFLICT(alias_normalized, alias_type, COALESCE(language_code, '')) DO NOTHING;
INSERT INTO ingredient_alias (canonical_id, alias, alias_normalized, alias_type, language_code, confidence, source) VALUES ('NAME_calcium_dihydrogen_phosphate_calcium_phosphate_tribasic', '341', '341', 'ins_number', NULL, 1.0, 'FSANZ-Sched8') ON CONFLICT(alias_normalized, alias_type, COALESCE(language_code, '')) DO NOTHING;
INSERT OR IGNORE INTO regulatory_fact (canonical_id, jurisdiction, fact_type, status, regulation_ref, product_category, evidence_id) VALUES ('NAME_calcium_dihydrogen_phosphate_calcium_phosphate_tribasic', 'AU_NZ_FSANZ', 'permitted', 'Permitted food additive in Australia/New Zealand (INS 341)', 'FSANZ Schedule 8', 'food', (SELECT id FROM fact_evidence WHERE source_url = 'https://www.legislation.gov.au/F2015L00478/latest/text' AND snapshot_date = '2026-04-18' LIMIT 1));
INSERT INTO ingredient (canonical_id, primary_name, ingredient_class, ins_number, category, is_natural) VALUES ('NAME_calcium_propionate', 'Calcium propionate', 'substance', '282', 'food', 0) ON CONFLICT(canonical_id) DO NOTHING;
INSERT INTO ingredient_alias (canonical_id, alias, alias_normalized, alias_type, language_code, confidence, source) VALUES ('NAME_calcium_propionate', 'Calcium propionate', 'calcium propionate', 'synonym', 'en', 1.0, 'FSANZ-Sched8') ON CONFLICT(alias_normalized, alias_type, COALESCE(language_code, '')) DO NOTHING;
INSERT INTO ingredient_alias (canonical_id, alias, alias_normalized, alias_type, language_code, confidence, source) VALUES ('NAME_calcium_propionate', '282', '282', 'ins_number', NULL, 1.0, 'FSANZ-Sched8') ON CONFLICT(alias_normalized, alias_type, COALESCE(language_code, '')) DO NOTHING;
INSERT OR IGNORE INTO regulatory_fact (canonical_id, jurisdiction, fact_type, status, regulation_ref, product_category, evidence_id) VALUES ('NAME_calcium_propionate', 'AU_NZ_FSANZ', 'permitted', 'Permitted food additive in Australia/New Zealand (INS 282)', 'FSANZ Schedule 8', 'food', (SELECT id FROM fact_evidence WHERE source_url = 'https://www.legislation.gov.au/F2015L00478/latest/text' AND snapshot_date = '2026-04-18' LIMIT 1));
INSERT INTO ingredient (canonical_id, primary_name, ingredient_class, ins_number, category, is_natural) VALUES ('NAME_calcium_silicate', 'Calcium silicate', 'substance', '552', 'food', 0) ON CONFLICT(canonical_id) DO NOTHING;
INSERT INTO ingredient_alias (canonical_id, alias, alias_normalized, alias_type, language_code, confidence, source) VALUES ('NAME_calcium_silicate', 'Calcium silicate', 'calcium silicate', 'synonym', 'en', 1.0, 'FSANZ-Sched8') ON CONFLICT(alias_normalized, alias_type, COALESCE(language_code, '')) DO NOTHING;
INSERT INTO ingredient_alias (canonical_id, alias, alias_normalized, alias_type, language_code, confidence, source) VALUES ('NAME_calcium_silicate', '552', '552', 'ins_number', NULL, 1.0, 'FSANZ-Sched8') ON CONFLICT(alias_normalized, alias_type, COALESCE(language_code, '')) DO NOTHING;
INSERT OR IGNORE INTO regulatory_fact (canonical_id, jurisdiction, fact_type, status, regulation_ref, product_category, evidence_id) VALUES ('NAME_calcium_silicate', 'AU_NZ_FSANZ', 'permitted', 'Permitted food additive in Australia/New Zealand (INS 552)', 'FSANZ Schedule 8', 'food', (SELECT id FROM fact_evidence WHERE source_url = 'https://www.legislation.gov.au/F2015L00478/latest/text' AND snapshot_date = '2026-04-18' LIMIT 1));
INSERT INTO ingredient (canonical_id, primary_name, ingredient_class, ins_number, category, is_natural) VALUES ('NAME_calcium_sorbate', 'Calcium sorbate', 'substance', '203', 'food', 0) ON CONFLICT(canonical_id) DO NOTHING;
INSERT INTO ingredient_alias (canonical_id, alias, alias_normalized, alias_type, language_code, confidence, source) VALUES ('NAME_calcium_sorbate', 'Calcium sorbate', 'calcium sorbate', 'synonym', 'en', 1.0, 'FSANZ-Sched8') ON CONFLICT(alias_normalized, alias_type, COALESCE(language_code, '')) DO NOTHING;
INSERT INTO ingredient_alias (canonical_id, alias, alias_normalized, alias_type, language_code, confidence, source) VALUES ('NAME_calcium_sorbate', '203', '203', 'ins_number', NULL, 1.0, 'FSANZ-Sched8') ON CONFLICT(alias_normalized, alias_type, COALESCE(language_code, '')) DO NOTHING;
INSERT OR IGNORE INTO regulatory_fact (canonical_id, jurisdiction, fact_type, status, regulation_ref, product_category, evidence_id) VALUES ('NAME_calcium_sorbate', 'AU_NZ_FSANZ', 'permitted', 'Permitted food additive in Australia/New Zealand (INS 203)', 'FSANZ Schedule 8', 'food', (SELECT id FROM fact_evidence WHERE source_url = 'https://www.legislation.gov.au/F2015L00478/latest/text' AND snapshot_date = '2026-04-18' LIMIT 1));
INSERT INTO ingredient (canonical_id, primary_name, ingredient_class, ins_number, category, is_natural) VALUES ('NAME_calcium_stearoyl_lactylate', 'Calcium stearoyl lactylate', 'substance', '482', 'food', 0) ON CONFLICT(canonical_id) DO NOTHING;
INSERT INTO ingredient_alias (canonical_id, alias, alias_normalized, alias_type, language_code, confidence, source) VALUES ('NAME_calcium_stearoyl_lactylate', 'Calcium stearoyl lactylate', 'calcium stearoyl lactylate', 'synonym', 'en', 1.0, 'FSANZ-Sched8') ON CONFLICT(alias_normalized, alias_type, COALESCE(language_code, '')) DO NOTHING;
INSERT INTO ingredient_alias (canonical_id, alias, alias_normalized, alias_type, language_code, confidence, source) VALUES ('NAME_calcium_stearoyl_lactylate', '482', '482', 'ins_number', NULL, 1.0, 'FSANZ-Sched8') ON CONFLICT(alias_normalized, alias_type, COALESCE(language_code, '')) DO NOTHING;
INSERT OR IGNORE INTO regulatory_fact (canonical_id, jurisdiction, fact_type, status, regulation_ref, product_category, evidence_id) VALUES ('NAME_calcium_stearoyl_lactylate', 'AU_NZ_FSANZ', 'permitted', 'Permitted food additive in Australia/New Zealand (INS 482)', 'FSANZ Schedule 8', 'food', (SELECT id FROM fact_evidence WHERE source_url = 'https://www.legislation.gov.au/F2015L00478/latest/text' AND snapshot_date = '2026-04-18' LIMIT 1));
INSERT INTO ingredient (canonical_id, primary_name, ingredient_class, ins_number, category, is_natural) VALUES ('NAME_calcium_sulphate', 'Calcium sulphate', 'substance', '516', 'food', 0) ON CONFLICT(canonical_id) DO NOTHING;
INSERT INTO ingredient_alias (canonical_id, alias, alias_normalized, alias_type, language_code, confidence, source) VALUES ('NAME_calcium_sulphate', 'Calcium sulphate', 'calcium sulphate', 'synonym', 'en', 1.0, 'FSANZ-Sched8') ON CONFLICT(alias_normalized, alias_type, COALESCE(language_code, '')) DO NOTHING;
INSERT INTO ingredient_alias (canonical_id, alias, alias_normalized, alias_type, language_code, confidence, source) VALUES ('NAME_calcium_sulphate', '516', '516', 'ins_number', NULL, 1.0, 'FSANZ-Sched8') ON CONFLICT(alias_normalized, alias_type, COALESCE(language_code, '')) DO NOTHING;
INSERT OR IGNORE INTO regulatory_fact (canonical_id, jurisdiction, fact_type, status, regulation_ref, product_category, evidence_id) VALUES ('NAME_calcium_sulphate', 'AU_NZ_FSANZ', 'permitted', 'Permitted food additive in Australia/New Zealand (INS 516)', 'FSANZ Schedule 8', 'food', (SELECT id FROM fact_evidence WHERE source_url = 'https://www.legislation.gov.au/F2015L00478/latest/text' AND snapshot_date = '2026-04-18' LIMIT 1));
INSERT INTO ingredient (canonical_id, primary_name, ingredient_class, ins_number, category, is_natural) VALUES ('NAME_calcium_tartrate', 'Calcium tartrate', 'substance', '354', 'food', 0) ON CONFLICT(canonical_id) DO NOTHING;
INSERT INTO ingredient_alias (canonical_id, alias, alias_normalized, alias_type, language_code, confidence, source) VALUES ('NAME_calcium_tartrate', 'Calcium tartrate', 'calcium tartrate', 'synonym', 'en', 1.0, 'FSANZ-Sched8') ON CONFLICT(alias_normalized, alias_type, COALESCE(language_code, '')) DO NOTHING;
INSERT INTO ingredient_alias (canonical_id, alias, alias_normalized, alias_type, language_code, confidence, source) VALUES ('NAME_calcium_tartrate', '354', '354', 'ins_number', NULL, 1.0, 'FSANZ-Sched8') ON CONFLICT(alias_normalized, alias_type, COALESCE(language_code, '')) DO NOTHING;
INSERT OR IGNORE INTO regulatory_fact (canonical_id, jurisdiction, fact_type, status, regulation_ref, product_category, evidence_id) VALUES ('NAME_calcium_tartrate', 'AU_NZ_FSANZ', 'permitted', 'Permitted food additive in Australia/New Zealand (INS 354)', 'FSANZ Schedule 8', 'food', (SELECT id FROM fact_evidence WHERE source_url = 'https://www.legislation.gov.au/F2015L00478/latest/text' AND snapshot_date = '2026-04-18' LIMIT 1));
INSERT INTO ingredient (canonical_id, primary_name, ingredient_class, ins_number, category, is_natural) VALUES ('NAME_caramel_i', 'Caramel I', 'substance', '150a', 'food', 0) ON CONFLICT(canonical_id) DO NOTHING;
INSERT INTO ingredient_alias (canonical_id, alias, alias_normalized, alias_type, language_code, confidence, source) VALUES ('NAME_caramel_i', 'Caramel I', 'caramel i', 'synonym', 'en', 1.0, 'FSANZ-Sched8') ON CONFLICT(alias_normalized, alias_type, COALESCE(language_code, '')) DO NOTHING;
INSERT INTO ingredient_alias (canonical_id, alias, alias_normalized, alias_type, language_code, confidence, source) VALUES ('NAME_caramel_i', '150a', '150a', 'ins_number', NULL, 1.0, 'FSANZ-Sched8') ON CONFLICT(alias_normalized, alias_type, COALESCE(language_code, '')) DO NOTHING;
INSERT OR IGNORE INTO regulatory_fact (canonical_id, jurisdiction, fact_type, status, regulation_ref, product_category, evidence_id) VALUES ('NAME_caramel_i', 'AU_NZ_FSANZ', 'permitted', 'Permitted food additive in Australia/New Zealand (INS 150a)', 'FSANZ Schedule 8', 'food', (SELECT id FROM fact_evidence WHERE source_url = 'https://www.legislation.gov.au/F2015L00478/latest/text' AND snapshot_date = '2026-04-18' LIMIT 1));
INSERT INTO ingredient (canonical_id, primary_name, ingredient_class, ins_number, category, is_natural) VALUES ('NAME_caramel_ii', 'Caramel II', 'substance', '150b', 'food', 0) ON CONFLICT(canonical_id) DO NOTHING;
INSERT INTO ingredient_alias (canonical_id, alias, alias_normalized, alias_type, language_code, confidence, source) VALUES ('NAME_caramel_ii', 'Caramel II', 'caramel ii', 'synonym', 'en', 1.0, 'FSANZ-Sched8') ON CONFLICT(alias_normalized, alias_type, COALESCE(language_code, '')) DO NOTHING;
INSERT INTO ingredient_alias (canonical_id, alias, alias_normalized, alias_type, language_code, confidence, source) VALUES ('NAME_caramel_ii', '150b', '150b', 'ins_number', NULL, 1.0, 'FSANZ-Sched8') ON CONFLICT(alias_normalized, alias_type, COALESCE(language_code, '')) DO NOTHING;
INSERT OR IGNORE INTO regulatory_fact (canonical_id, jurisdiction, fact_type, status, regulation_ref, product_category, evidence_id) VALUES ('NAME_caramel_ii', 'AU_NZ_FSANZ', 'permitted', 'Permitted food additive in Australia/New Zealand (INS 150b)', 'FSANZ Schedule 8', 'food', (SELECT id FROM fact_evidence WHERE source_url = 'https://www.legislation.gov.au/F2015L00478/latest/text' AND snapshot_date = '2026-04-18' LIMIT 1));
INSERT INTO ingredient (canonical_id, primary_name, ingredient_class, ins_number, category, is_natural) VALUES ('NAME_caramel_iii', 'Caramel III', 'substance', '150c', 'food', 0) ON CONFLICT(canonical_id) DO NOTHING;
INSERT INTO ingredient_alias (canonical_id, alias, alias_normalized, alias_type, language_code, confidence, source) VALUES ('NAME_caramel_iii', 'Caramel III', 'caramel iii', 'synonym', 'en', 1.0, 'FSANZ-Sched8') ON CONFLICT(alias_normalized, alias_type, COALESCE(language_code, '')) DO NOTHING;
INSERT INTO ingredient_alias (canonical_id, alias, alias_normalized, alias_type, language_code, confidence, source) VALUES ('NAME_caramel_iii', '150c', '150c', 'ins_number', NULL, 1.0, 'FSANZ-Sched8') ON CONFLICT(alias_normalized, alias_type, COALESCE(language_code, '')) DO NOTHING;
INSERT OR IGNORE INTO regulatory_fact (canonical_id, jurisdiction, fact_type, status, regulation_ref, product_category, evidence_id) VALUES ('NAME_caramel_iii', 'AU_NZ_FSANZ', 'permitted', 'Permitted food additive in Australia/New Zealand (INS 150c)', 'FSANZ Schedule 8', 'food', (SELECT id FROM fact_evidence WHERE source_url = 'https://www.legislation.gov.au/F2015L00478/latest/text' AND snapshot_date = '2026-04-18' LIMIT 1));
INSERT INTO ingredient (canonical_id, primary_name, ingredient_class, ins_number, category, is_natural) VALUES ('NAME_caramel_iv', 'Caramel IV', 'substance', '150d', 'food', 0) ON CONFLICT(canonical_id) DO NOTHING;
INSERT INTO ingredient_alias (canonical_id, alias, alias_normalized, alias_type, language_code, confidence, source) VALUES ('NAME_caramel_iv', 'Caramel IV', 'caramel iv', 'synonym', 'en', 1.0, 'FSANZ-Sched8') ON CONFLICT(alias_normalized, alias_type, COALESCE(language_code, '')) DO NOTHING;
INSERT INTO ingredient_alias (canonical_id, alias, alias_normalized, alias_type, language_code, confidence, source) VALUES ('NAME_caramel_iv', '150d', '150d', 'ins_number', NULL, 1.0, 'FSANZ-Sched8') ON CONFLICT(alias_normalized, alias_type, COALESCE(language_code, '')) DO NOTHING;
INSERT OR IGNORE INTO regulatory_fact (canonical_id, jurisdiction, fact_type, status, regulation_ref, product_category, evidence_id) VALUES ('NAME_caramel_iv', 'AU_NZ_FSANZ', 'permitted', 'Permitted food additive in Australia/New Zealand (INS 150d)', 'FSANZ Schedule 8', 'food', (SELECT id FROM fact_evidence WHERE source_url = 'https://www.legislation.gov.au/F2015L00478/latest/text' AND snapshot_date = '2026-04-18' LIMIT 1));
INSERT INTO ingredient (canonical_id, primary_name, ingredient_class, ins_number, category, is_natural) VALUES ('NAME_carbon_blacks_or_vegetable_carbon', 'Carbon blacks or Vegetable carbon', 'substance', '153', 'food', 0) ON CONFLICT(canonical_id) DO NOTHING;
INSERT INTO ingredient_alias (canonical_id, alias, alias_normalized, alias_type, language_code, confidence, source) VALUES ('NAME_carbon_blacks_or_vegetable_carbon', 'Carbon blacks or Vegetable carbon', 'carbon blacks or vegetable carbon', 'synonym', 'en', 1.0, 'FSANZ-Sched8') ON CONFLICT(alias_normalized, alias_type, COALESCE(language_code, '')) DO NOTHING;
INSERT INTO ingredient_alias (canonical_id, alias, alias_normalized, alias_type, language_code, confidence, source) VALUES ('NAME_carbon_blacks_or_vegetable_carbon', '153', '153', 'ins_number', NULL, 1.0, 'FSANZ-Sched8') ON CONFLICT(alias_normalized, alias_type, COALESCE(language_code, '')) DO NOTHING;
INSERT OR IGNORE INTO regulatory_fact (canonical_id, jurisdiction, fact_type, status, regulation_ref, product_category, evidence_id) VALUES ('NAME_carbon_blacks_or_vegetable_carbon', 'AU_NZ_FSANZ', 'permitted', 'Permitted food additive in Australia/New Zealand (INS 153)', 'FSANZ Schedule 8', 'food', (SELECT id FROM fact_evidence WHERE source_url = 'https://www.legislation.gov.au/F2015L00478/latest/text' AND snapshot_date = '2026-04-18' LIMIT 1));
INSERT INTO ingredient (canonical_id, primary_name, ingredient_class, ins_number, category, is_natural) VALUES ('NAME_carbon_dioxide', 'Carbon dioxide', 'substance', '290', 'food', 0) ON CONFLICT(canonical_id) DO NOTHING;
INSERT INTO ingredient_alias (canonical_id, alias, alias_normalized, alias_type, language_code, confidence, source) VALUES ('NAME_carbon_dioxide', 'Carbon dioxide', 'carbon dioxide', 'synonym', 'en', 1.0, 'FSANZ-Sched8') ON CONFLICT(alias_normalized, alias_type, COALESCE(language_code, '')) DO NOTHING;
INSERT INTO ingredient_alias (canonical_id, alias, alias_normalized, alias_type, language_code, confidence, source) VALUES ('NAME_carbon_dioxide', '290', '290', 'ins_number', NULL, 1.0, 'FSANZ-Sched8') ON CONFLICT(alias_normalized, alias_type, COALESCE(language_code, '')) DO NOTHING;
INSERT OR IGNORE INTO regulatory_fact (canonical_id, jurisdiction, fact_type, status, regulation_ref, product_category, evidence_id) VALUES ('NAME_carbon_dioxide', 'AU_NZ_FSANZ', 'permitted', 'Permitted food additive in Australia/New Zealand (INS 290)', 'FSANZ Schedule 8', 'food', (SELECT id FROM fact_evidence WHERE source_url = 'https://www.legislation.gov.au/F2015L00478/latest/text' AND snapshot_date = '2026-04-18' LIMIT 1));
INSERT INTO ingredient (canonical_id, primary_name, ingredient_class, ins_number, category, is_natural) VALUES ('NAME_carnauba_wax', 'Carnauba wax', 'substance', '903', 'food', 0) ON CONFLICT(canonical_id) DO NOTHING;
INSERT INTO ingredient_alias (canonical_id, alias, alias_normalized, alias_type, language_code, confidence, source) VALUES ('NAME_carnauba_wax', 'Carnauba wax', 'carnauba wax', 'synonym', 'en', 1.0, 'FSANZ-Sched8') ON CONFLICT(alias_normalized, alias_type, COALESCE(language_code, '')) DO NOTHING;
INSERT INTO ingredient_alias (canonical_id, alias, alias_normalized, alias_type, language_code, confidence, source) VALUES ('NAME_carnauba_wax', '903', '903', 'ins_number', NULL, 1.0, 'FSANZ-Sched8') ON CONFLICT(alias_normalized, alias_type, COALESCE(language_code, '')) DO NOTHING;
INSERT OR IGNORE INTO regulatory_fact (canonical_id, jurisdiction, fact_type, status, regulation_ref, product_category, evidence_id) VALUES ('NAME_carnauba_wax', 'AU_NZ_FSANZ', 'permitted', 'Permitted food additive in Australia/New Zealand (INS 903)', 'FSANZ Schedule 8', 'food', (SELECT id FROM fact_evidence WHERE source_url = 'https://www.legislation.gov.au/F2015L00478/latest/text' AND snapshot_date = '2026-04-18' LIMIT 1));
INSERT INTO ingredient (canonical_id, primary_name, ingredient_class, ins_number, category, is_natural) VALUES ('NAME_carotene', 'Carotene', 'substance', '160a', 'food', 0) ON CONFLICT(canonical_id) DO NOTHING;
INSERT INTO ingredient_alias (canonical_id, alias, alias_normalized, alias_type, language_code, confidence, source) VALUES ('NAME_carotene', 'Carotene', 'carotene', 'synonym', 'en', 1.0, 'FSANZ-Sched8') ON CONFLICT(alias_normalized, alias_type, COALESCE(language_code, '')) DO NOTHING;
INSERT INTO ingredient_alias (canonical_id, alias, alias_normalized, alias_type, language_code, confidence, source) VALUES ('NAME_carotene', '160a', '160a', 'ins_number', NULL, 1.0, 'FSANZ-Sched8') ON CONFLICT(alias_normalized, alias_type, COALESCE(language_code, '')) DO NOTHING;
INSERT OR IGNORE INTO regulatory_fact (canonical_id, jurisdiction, fact_type, status, regulation_ref, product_category, evidence_id) VALUES ('NAME_carotene', 'AU_NZ_FSANZ', 'permitted', 'Permitted food additive in Australia/New Zealand (INS 160a)', 'FSANZ Schedule 8', 'food', (SELECT id FROM fact_evidence WHERE source_url = 'https://www.legislation.gov.au/F2015L00478/latest/text' AND snapshot_date = '2026-04-18' LIMIT 1));
INSERT INTO ingredient (canonical_id, primary_name, ingredient_class, ins_number, category, is_natural) VALUES ('NAME_carrageenan', 'Carrageenan', 'substance', '407', 'food', 0) ON CONFLICT(canonical_id) DO NOTHING;
INSERT INTO ingredient_alias (canonical_id, alias, alias_normalized, alias_type, language_code, confidence, source) VALUES ('NAME_carrageenan', 'Carrageenan', 'carrageenan', 'synonym', 'en', 1.0, 'FSANZ-Sched8') ON CONFLICT(alias_normalized, alias_type, COALESCE(language_code, '')) DO NOTHING;
INSERT INTO ingredient_alias (canonical_id, alias, alias_normalized, alias_type, language_code, confidence, source) VALUES ('NAME_carrageenan', '407', '407', 'ins_number', NULL, 1.0, 'FSANZ-Sched8') ON CONFLICT(alias_normalized, alias_type, COALESCE(language_code, '')) DO NOTHING;
INSERT OR IGNORE INTO regulatory_fact (canonical_id, jurisdiction, fact_type, status, regulation_ref, product_category, evidence_id) VALUES ('NAME_carrageenan', 'AU_NZ_FSANZ', 'permitted', 'Permitted food additive in Australia/New Zealand (INS 407)', 'FSANZ Schedule 8', 'food', (SELECT id FROM fact_evidence WHERE source_url = 'https://www.legislation.gov.au/F2015L00478/latest/text' AND snapshot_date = '2026-04-18' LIMIT 1));
INSERT INTO ingredient (canonical_id, primary_name, ingredient_class, ins_number, category, is_natural) VALUES ('NAME_cellulose_microcrystalline', 'Cellulose microcrystalline', 'substance', '460', 'food', 0) ON CONFLICT(canonical_id) DO NOTHING;
INSERT INTO ingredient_alias (canonical_id, alias, alias_normalized, alias_type, language_code, confidence, source) VALUES ('NAME_cellulose_microcrystalline', 'Cellulose microcrystalline', 'cellulose microcrystalline', 'synonym', 'en', 1.0, 'FSANZ-Sched8') ON CONFLICT(alias_normalized, alias_type, COALESCE(language_code, '')) DO NOTHING;
INSERT INTO ingredient_alias (canonical_id, alias, alias_normalized, alias_type, language_code, confidence, source) VALUES ('NAME_cellulose_microcrystalline', '460', '460', 'ins_number', NULL, 1.0, 'FSANZ-Sched8') ON CONFLICT(alias_normalized, alias_type, COALESCE(language_code, '')) DO NOTHING;
INSERT OR IGNORE INTO regulatory_fact (canonical_id, jurisdiction, fact_type, status, regulation_ref, product_category, evidence_id) VALUES ('NAME_cellulose_microcrystalline', 'AU_NZ_FSANZ', 'permitted', 'Permitted food additive in Australia/New Zealand (INS 460)', 'FSANZ Schedule 8', 'food', (SELECT id FROM fact_evidence WHERE source_url = 'https://www.legislation.gov.au/F2015L00478/latest/text' AND snapshot_date = '2026-04-18' LIMIT 1));
INSERT INTO ingredient (canonical_id, primary_name, ingredient_class, ins_number, category, is_natural) VALUES ('NAME_cellulose_powdered', 'Cellulose, powdered', 'substance', '460', 'food', 0) ON CONFLICT(canonical_id) DO NOTHING;
INSERT INTO ingredient_alias (canonical_id, alias, alias_normalized, alias_type, language_code, confidence, source) VALUES ('NAME_cellulose_powdered', 'Cellulose, powdered', 'cellulose, powdered', 'synonym', 'en', 1.0, 'FSANZ-Sched8') ON CONFLICT(alias_normalized, alias_type, COALESCE(language_code, '')) DO NOTHING;
INSERT INTO ingredient_alias (canonical_id, alias, alias_normalized, alias_type, language_code, confidence, source) VALUES ('NAME_cellulose_powdered', '460', '460', 'ins_number', NULL, 1.0, 'FSANZ-Sched8') ON CONFLICT(alias_normalized, alias_type, COALESCE(language_code, '')) DO NOTHING;
INSERT OR IGNORE INTO regulatory_fact (canonical_id, jurisdiction, fact_type, status, regulation_ref, product_category, evidence_id) VALUES ('NAME_cellulose_powdered', 'AU_NZ_FSANZ', 'permitted', 'Permitted food additive in Australia/New Zealand (INS 460)', 'FSANZ Schedule 8', 'food', (SELECT id FROM fact_evidence WHERE source_url = 'https://www.legislation.gov.au/F2015L00478/latest/text' AND snapshot_date = '2026-04-18' LIMIT 1));
INSERT INTO ingredient (canonical_id, primary_name, ingredient_class, ins_number, category, is_natural) VALUES ('NAME_chlorophyll', 'Chlorophyll', 'substance', '140', 'food', 0) ON CONFLICT(canonical_id) DO NOTHING;
INSERT INTO ingredient_alias (canonical_id, alias, alias_normalized, alias_type, language_code, confidence, source) VALUES ('NAME_chlorophyll', 'Chlorophyll', 'chlorophyll', 'synonym', 'en', 1.0, 'FSANZ-Sched8') ON CONFLICT(alias_normalized, alias_type, COALESCE(language_code, '')) DO NOTHING;
INSERT INTO ingredient_alias (canonical_id, alias, alias_normalized, alias_type, language_code, confidence, source) VALUES ('NAME_chlorophyll', '140', '140', 'ins_number', NULL, 1.0, 'FSANZ-Sched8') ON CONFLICT(alias_normalized, alias_type, COALESCE(language_code, '')) DO NOTHING;
INSERT OR IGNORE INTO regulatory_fact (canonical_id, jurisdiction, fact_type, status, regulation_ref, product_category, evidence_id) VALUES ('NAME_chlorophyll', 'AU_NZ_FSANZ', 'permitted', 'Permitted food additive in Australia/New Zealand (INS 140)', 'FSANZ Schedule 8', 'food', (SELECT id FROM fact_evidence WHERE source_url = 'https://www.legislation.gov.au/F2015L00478/latest/text' AND snapshot_date = '2026-04-18' LIMIT 1));
INSERT INTO ingredient (canonical_id, primary_name, ingredient_class, ins_number, category, is_natural) VALUES ('NAME_chlorophyll_copper_complex', 'Chlorophyll-copper complex', 'substance', '141', 'food', 0) ON CONFLICT(canonical_id) DO NOTHING;
INSERT INTO ingredient_alias (canonical_id, alias, alias_normalized, alias_type, language_code, confidence, source) VALUES ('NAME_chlorophyll_copper_complex', 'Chlorophyll-copper complex', 'chlorophyll-copper complex', 'synonym', 'en', 1.0, 'FSANZ-Sched8') ON CONFLICT(alias_normalized, alias_type, COALESCE(language_code, '')) DO NOTHING;
INSERT INTO ingredient_alias (canonical_id, alias, alias_normalized, alias_type, language_code, confidence, source) VALUES ('NAME_chlorophyll_copper_complex', '141', '141', 'ins_number', NULL, 1.0, 'FSANZ-Sched8') ON CONFLICT(alias_normalized, alias_type, COALESCE(language_code, '')) DO NOTHING;
INSERT OR IGNORE INTO regulatory_fact (canonical_id, jurisdiction, fact_type, status, regulation_ref, product_category, evidence_id) VALUES ('NAME_chlorophyll_copper_complex', 'AU_NZ_FSANZ', 'permitted', 'Permitted food additive in Australia/New Zealand (INS 141)', 'FSANZ Schedule 8', 'food', (SELECT id FROM fact_evidence WHERE source_url = 'https://www.legislation.gov.au/F2015L00478/latest/text' AND snapshot_date = '2026-04-18' LIMIT 1));
INSERT INTO ingredient (canonical_id, primary_name, ingredient_class, ins_number, category, is_natural) VALUES ('NAME_chlorophyllin_copper_complex_sodium', 'Chlorophyllin copper complex, sodium', 'substance', '141', 'food', 0) ON CONFLICT(canonical_id) DO NOTHING;
INSERT INTO ingredient_alias (canonical_id, alias, alias_normalized, alias_type, language_code, confidence, source) VALUES ('NAME_chlorophyllin_copper_complex_sodium', 'Chlorophyllin copper complex, sodium', 'chlorophyllin copper complex, sodium', 'synonym', 'en', 1.0, 'FSANZ-Sched8') ON CONFLICT(alias_normalized, alias_type, COALESCE(language_code, '')) DO NOTHING;
INSERT INTO ingredient_alias (canonical_id, alias, alias_normalized, alias_type, language_code, confidence, source) VALUES ('NAME_chlorophyllin_copper_complex_sodium', '141', '141', 'ins_number', NULL, 1.0, 'FSANZ-Sched8') ON CONFLICT(alias_normalized, alias_type, COALESCE(language_code, '')) DO NOTHING;
INSERT OR IGNORE INTO regulatory_fact (canonical_id, jurisdiction, fact_type, status, regulation_ref, product_category, evidence_id) VALUES ('NAME_chlorophyllin_copper_complex_sodium', 'AU_NZ_FSANZ', 'permitted', 'Permitted food additive in Australia/New Zealand (INS 141)', 'FSANZ Schedule 8', 'food', (SELECT id FROM fact_evidence WHERE source_url = 'https://www.legislation.gov.au/F2015L00478/latest/text' AND snapshot_date = '2026-04-18' LIMIT 1));
INSERT INTO ingredient (canonical_id, primary_name, ingredient_class, ins_number, category, is_natural) VALUES ('NAME_and_potassium_salts_16_september_2025_schedule_8_3_authorised_version_f2025c0096', 'and potassium salts 16 September 2025 Schedule 8 3 Authorised Version F2025C00967 registered 09/10/2025 Choline salts', 'substance', '1001', 'food', 0) ON CONFLICT(canonical_id) DO NOTHING;
INSERT INTO ingredient_alias (canonical_id, alias, alias_normalized, alias_type, language_code, confidence, source) VALUES ('NAME_and_potassium_salts_16_september_2025_schedule_8_3_authorised_version_f2025c0096', 'and potassium salts 16 September 2025 Schedule 8 3 Authorised Version F2025C00967 registered 09/10/2025 Choline salts', 'and potassium salts 16 september 2025 schedule 8 3 authorised version f2025c00967 registered 09/10/2025 choline salts', 'synonym', 'en', 1.0, 'FSANZ-Sched8') ON CONFLICT(alias_normalized, alias_type, COALESCE(language_code, '')) DO NOTHING;
INSERT INTO ingredient_alias (canonical_id, alias, alias_normalized, alias_type, language_code, confidence, source) VALUES ('NAME_and_potassium_salts_16_september_2025_schedule_8_3_authorised_version_f2025c0096', '1001', '1001', 'ins_number', NULL, 1.0, 'FSANZ-Sched8') ON CONFLICT(alias_normalized, alias_type, COALESCE(language_code, '')) DO NOTHING;
INSERT OR IGNORE INTO regulatory_fact (canonical_id, jurisdiction, fact_type, status, regulation_ref, product_category, evidence_id) VALUES ('NAME_and_potassium_salts_16_september_2025_schedule_8_3_authorised_version_f2025c0096', 'AU_NZ_FSANZ', 'permitted', 'Permitted food additive in Australia/New Zealand (INS 1001)', 'FSANZ Schedule 8', 'food', (SELECT id FROM fact_evidence WHERE source_url = 'https://www.legislation.gov.au/F2015L00478/latest/text' AND snapshot_date = '2026-04-18' LIMIT 1));
INSERT INTO ingredient (canonical_id, primary_name, ingredient_class, ins_number, category, is_natural) VALUES ('NAME_citric_acid', 'Citric acid', 'substance', '330', 'food', 0) ON CONFLICT(canonical_id) DO NOTHING;
INSERT INTO ingredient_alias (canonical_id, alias, alias_normalized, alias_type, language_code, confidence, source) VALUES ('NAME_citric_acid', 'Citric acid', 'citric acid', 'synonym', 'en', 1.0, 'FSANZ-Sched8') ON CONFLICT(alias_normalized, alias_type, COALESCE(language_code, '')) DO NOTHING;
INSERT INTO ingredient_alias (canonical_id, alias, alias_normalized, alias_type, language_code, confidence, source) VALUES ('NAME_citric_acid', '330', '330', 'ins_number', NULL, 1.0, 'FSANZ-Sched8') ON CONFLICT(alias_normalized, alias_type, COALESCE(language_code, '')) DO NOTHING;
INSERT OR IGNORE INTO regulatory_fact (canonical_id, jurisdiction, fact_type, status, regulation_ref, product_category, evidence_id) VALUES ('NAME_citric_acid', 'AU_NZ_FSANZ', 'permitted', 'Permitted food additive in Australia/New Zealand (INS 330)', 'FSANZ Schedule 8', 'food', (SELECT id FROM fact_evidence WHERE source_url = 'https://www.legislation.gov.au/F2015L00478/latest/text' AND snapshot_date = '2026-04-18' LIMIT 1));
INSERT INTO ingredient (canonical_id, primary_name, ingredient_class, ins_number, category, is_natural) VALUES ('NAME_citric_and_fatty_acid_esters_of_glycerol', 'Citric and fatty acid esters of glycerol', 'substance', '472c', 'food', 0) ON CONFLICT(canonical_id) DO NOTHING;
INSERT INTO ingredient_alias (canonical_id, alias, alias_normalized, alias_type, language_code, confidence, source) VALUES ('NAME_citric_and_fatty_acid_esters_of_glycerol', 'Citric and fatty acid esters of glycerol', 'citric and fatty acid esters of glycerol', 'synonym', 'en', 1.0, 'FSANZ-Sched8') ON CONFLICT(alias_normalized, alias_type, COALESCE(language_code, '')) DO NOTHING;
INSERT INTO ingredient_alias (canonical_id, alias, alias_normalized, alias_type, language_code, confidence, source) VALUES ('NAME_citric_and_fatty_acid_esters_of_glycerol', '472c', '472c', 'ins_number', NULL, 1.0, 'FSANZ-Sched8') ON CONFLICT(alias_normalized, alias_type, COALESCE(language_code, '')) DO NOTHING;
INSERT OR IGNORE INTO regulatory_fact (canonical_id, jurisdiction, fact_type, status, regulation_ref, product_category, evidence_id) VALUES ('NAME_citric_and_fatty_acid_esters_of_glycerol', 'AU_NZ_FSANZ', 'permitted', 'Permitted food additive in Australia/New Zealand (INS 472c)', 'FSANZ Schedule 8', 'food', (SELECT id FROM fact_evidence WHERE source_url = 'https://www.legislation.gov.au/F2015L00478/latest/text' AND snapshot_date = '2026-04-18' LIMIT 1));
INSERT INTO ingredient (canonical_id, primary_name, ingredient_class, ins_number, category, is_natural) VALUES ('NAME_cochineal_or_carmines_or_carminic_acid', 'Cochineal or carmines or carminic acid', 'substance', '120', 'food', 0) ON CONFLICT(canonical_id) DO NOTHING;
INSERT INTO ingredient_alias (canonical_id, alias, alias_normalized, alias_type, language_code, confidence, source) VALUES ('NAME_cochineal_or_carmines_or_carminic_acid', 'Cochineal or carmines or carminic acid', 'cochineal or carmines or carminic acid', 'synonym', 'en', 1.0, 'FSANZ-Sched8') ON CONFLICT(alias_normalized, alias_type, COALESCE(language_code, '')) DO NOTHING;
INSERT INTO ingredient_alias (canonical_id, alias, alias_normalized, alias_type, language_code, confidence, source) VALUES ('NAME_cochineal_or_carmines_or_carminic_acid', '120', '120', 'ins_number', NULL, 1.0, 'FSANZ-Sched8') ON CONFLICT(alias_normalized, alias_type, COALESCE(language_code, '')) DO NOTHING;
INSERT OR IGNORE INTO regulatory_fact (canonical_id, jurisdiction, fact_type, status, regulation_ref, product_category, evidence_id) VALUES ('NAME_cochineal_or_carmines_or_carminic_acid', 'AU_NZ_FSANZ', 'permitted', 'Permitted food additive in Australia/New Zealand (INS 120)', 'FSANZ Schedule 8', 'food', (SELECT id FROM fact_evidence WHERE source_url = 'https://www.legislation.gov.au/F2015L00478/latest/text' AND snapshot_date = '2026-04-18' LIMIT 1));
INSERT INTO ingredient (canonical_id, primary_name, ingredient_class, ins_number, category, is_natural) VALUES ('NAME_cupric_sulphate', 'Cupric sulphate', 'substance', '519', 'food', 0) ON CONFLICT(canonical_id) DO NOTHING;
INSERT INTO ingredient_alias (canonical_id, alias, alias_normalized, alias_type, language_code, confidence, source) VALUES ('NAME_cupric_sulphate', 'Cupric sulphate', 'cupric sulphate', 'synonym', 'en', 1.0, 'FSANZ-Sched8') ON CONFLICT(alias_normalized, alias_type, COALESCE(language_code, '')) DO NOTHING;
INSERT INTO ingredient_alias (canonical_id, alias, alias_normalized, alias_type, language_code, confidence, source) VALUES ('NAME_cupric_sulphate', '519', '519', 'ins_number', NULL, 1.0, 'FSANZ-Sched8') ON CONFLICT(alias_normalized, alias_type, COALESCE(language_code, '')) DO NOTHING;
INSERT OR IGNORE INTO regulatory_fact (canonical_id, jurisdiction, fact_type, status, regulation_ref, product_category, evidence_id) VALUES ('NAME_cupric_sulphate', 'AU_NZ_FSANZ', 'permitted', 'Permitted food additive in Australia/New Zealand (INS 519)', 'FSANZ Schedule 8', 'food', (SELECT id FROM fact_evidence WHERE source_url = 'https://www.legislation.gov.au/F2015L00478/latest/text' AND snapshot_date = '2026-04-18' LIMIT 1));
INSERT INTO ingredient (canonical_id, primary_name, ingredient_class, ins_number, category, is_natural) VALUES ('NAME_curcumin_or_turmeric', 'Curcumin or turmeric', 'substance', '100', 'food', 0) ON CONFLICT(canonical_id) DO NOTHING;
INSERT INTO ingredient_alias (canonical_id, alias, alias_normalized, alias_type, language_code, confidence, source) VALUES ('NAME_curcumin_or_turmeric', 'Curcumin or turmeric', 'curcumin or turmeric', 'synonym', 'en', 1.0, 'FSANZ-Sched8') ON CONFLICT(alias_normalized, alias_type, COALESCE(language_code, '')) DO NOTHING;
INSERT INTO ingredient_alias (canonical_id, alias, alias_normalized, alias_type, language_code, confidence, source) VALUES ('NAME_curcumin_or_turmeric', '100', '100', 'ins_number', NULL, 1.0, 'FSANZ-Sched8') ON CONFLICT(alias_normalized, alias_type, COALESCE(language_code, '')) DO NOTHING;
INSERT OR IGNORE INTO regulatory_fact (canonical_id, jurisdiction, fact_type, status, regulation_ref, product_category, evidence_id) VALUES ('NAME_curcumin_or_turmeric', 'AU_NZ_FSANZ', 'permitted', 'Permitted food additive in Australia/New Zealand (INS 100)', 'FSANZ Schedule 8', 'food', (SELECT id FROM fact_evidence WHERE source_url = 'https://www.legislation.gov.au/F2015L00478/latest/text' AND snapshot_date = '2026-04-18' LIMIT 1));
INSERT INTO ingredient (canonical_id, primary_name, ingredient_class, ins_number, category, is_natural) VALUES ('NAME_cyclamate_or_calcium_cyclamate_or', 'Cyclamate or calcium cyclamate or', 'substance', '952', 'food', 0) ON CONFLICT(canonical_id) DO NOTHING;
INSERT INTO ingredient_alias (canonical_id, alias, alias_normalized, alias_type, language_code, confidence, source) VALUES ('NAME_cyclamate_or_calcium_cyclamate_or', 'Cyclamate or calcium cyclamate or', 'cyclamate or calcium cyclamate or', 'synonym', 'en', 1.0, 'FSANZ-Sched8') ON CONFLICT(alias_normalized, alias_type, COALESCE(language_code, '')) DO NOTHING;
INSERT INTO ingredient_alias (canonical_id, alias, alias_normalized, alias_type, language_code, confidence, source) VALUES ('NAME_cyclamate_or_calcium_cyclamate_or', '952', '952', 'ins_number', NULL, 1.0, 'FSANZ-Sched8') ON CONFLICT(alias_normalized, alias_type, COALESCE(language_code, '')) DO NOTHING;
INSERT OR IGNORE INTO regulatory_fact (canonical_id, jurisdiction, fact_type, status, regulation_ref, product_category, evidence_id) VALUES ('NAME_cyclamate_or_calcium_cyclamate_or', 'AU_NZ_FSANZ', 'permitted', 'Permitted food additive in Australia/New Zealand (INS 952)', 'FSANZ Schedule 8', 'food', (SELECT id FROM fact_evidence WHERE source_url = 'https://www.legislation.gov.au/F2015L00478/latest/text' AND snapshot_date = '2026-04-18' LIMIT 1));
INSERT INTO ingredient (canonical_id, primary_name, ingredient_class, ins_number, category, is_natural) VALUES ('NAME_sodium_cyclamate_dextrin_roasted_starch', 'sodium cyclamate Dextrin roasted starch', 'substance', '1400', 'food', 0) ON CONFLICT(canonical_id) DO NOTHING;
INSERT INTO ingredient_alias (canonical_id, alias, alias_normalized, alias_type, language_code, confidence, source) VALUES ('NAME_sodium_cyclamate_dextrin_roasted_starch', 'sodium cyclamate Dextrin roasted starch', 'sodium cyclamate dextrin roasted starch', 'synonym', 'en', 1.0, 'FSANZ-Sched8') ON CONFLICT(alias_normalized, alias_type, COALESCE(language_code, '')) DO NOTHING;
INSERT INTO ingredient_alias (canonical_id, alias, alias_normalized, alias_type, language_code, confidence, source) VALUES ('NAME_sodium_cyclamate_dextrin_roasted_starch', '1400', '1400', 'ins_number', NULL, 1.0, 'FSANZ-Sched8') ON CONFLICT(alias_normalized, alias_type, COALESCE(language_code, '')) DO NOTHING;
INSERT OR IGNORE INTO regulatory_fact (canonical_id, jurisdiction, fact_type, status, regulation_ref, product_category, evidence_id) VALUES ('NAME_sodium_cyclamate_dextrin_roasted_starch', 'AU_NZ_FSANZ', 'permitted', 'Permitted food additive in Australia/New Zealand (INS 1400)', 'FSANZ Schedule 8', 'food', (SELECT id FROM fact_evidence WHERE source_url = 'https://www.legislation.gov.au/F2015L00478/latest/text' AND snapshot_date = '2026-04-18' LIMIT 1));
INSERT INTO ingredient (canonical_id, primary_name, ingredient_class, ins_number, category, is_natural) VALUES ('NAME_diacetyltartaric_and_fatty_acid_esters_of', 'Diacetyltartaric and fatty acid esters of', 'substance', '472e', 'food', 0) ON CONFLICT(canonical_id) DO NOTHING;
INSERT INTO ingredient_alias (canonical_id, alias, alias_normalized, alias_type, language_code, confidence, source) VALUES ('NAME_diacetyltartaric_and_fatty_acid_esters_of', 'Diacetyltartaric and fatty acid esters of', 'diacetyltartaric and fatty acid esters of', 'synonym', 'en', 1.0, 'FSANZ-Sched8') ON CONFLICT(alias_normalized, alias_type, COALESCE(language_code, '')) DO NOTHING;
INSERT INTO ingredient_alias (canonical_id, alias, alias_normalized, alias_type, language_code, confidence, source) VALUES ('NAME_diacetyltartaric_and_fatty_acid_esters_of', '472e', '472e', 'ins_number', NULL, 1.0, 'FSANZ-Sched8') ON CONFLICT(alias_normalized, alias_type, COALESCE(language_code, '')) DO NOTHING;
INSERT OR IGNORE INTO regulatory_fact (canonical_id, jurisdiction, fact_type, status, regulation_ref, product_category, evidence_id) VALUES ('NAME_diacetyltartaric_and_fatty_acid_esters_of', 'AU_NZ_FSANZ', 'permitted', 'Permitted food additive in Australia/New Zealand (INS 472e)', 'FSANZ Schedule 8', 'food', (SELECT id FROM fact_evidence WHERE source_url = 'https://www.legislation.gov.au/F2015L00478/latest/text' AND snapshot_date = '2026-04-18' LIMIT 1));
INSERT INTO ingredient (canonical_id, primary_name, ingredient_class, ins_number, category, is_natural) VALUES ('NAME_glycerol_dioctyl_sodium_sulphosuccinate', 'glycerol Dioctyl sodium sulphosuccinate', 'substance', '480', 'food', 0) ON CONFLICT(canonical_id) DO NOTHING;
INSERT INTO ingredient_alias (canonical_id, alias, alias_normalized, alias_type, language_code, confidence, source) VALUES ('NAME_glycerol_dioctyl_sodium_sulphosuccinate', 'glycerol Dioctyl sodium sulphosuccinate', 'glycerol dioctyl sodium sulphosuccinate', 'synonym', 'en', 1.0, 'FSANZ-Sched8') ON CONFLICT(alias_normalized, alias_type, COALESCE(language_code, '')) DO NOTHING;
INSERT INTO ingredient_alias (canonical_id, alias, alias_normalized, alias_type, language_code, confidence, source) VALUES ('NAME_glycerol_dioctyl_sodium_sulphosuccinate', '480', '480', 'ins_number', NULL, 1.0, 'FSANZ-Sched8') ON CONFLICT(alias_normalized, alias_type, COALESCE(language_code, '')) DO NOTHING;
INSERT OR IGNORE INTO regulatory_fact (canonical_id, jurisdiction, fact_type, status, regulation_ref, product_category, evidence_id) VALUES ('NAME_glycerol_dioctyl_sodium_sulphosuccinate', 'AU_NZ_FSANZ', 'permitted', 'Permitted food additive in Australia/New Zealand (INS 480)', 'FSANZ Schedule 8', 'food', (SELECT id FROM fact_evidence WHERE source_url = 'https://www.legislation.gov.au/F2015L00478/latest/text' AND snapshot_date = '2026-04-18' LIMIT 1));
INSERT INTO ingredient (canonical_id, primary_name, ingredient_class, ins_number, category, is_natural) VALUES ('NAME_disodium_5_ribonucleotides', 'Disodium-5′-ribonucleotides', 'substance', '635', 'food', 0) ON CONFLICT(canonical_id) DO NOTHING;
INSERT INTO ingredient_alias (canonical_id, alias, alias_normalized, alias_type, language_code, confidence, source) VALUES ('NAME_disodium_5_ribonucleotides', 'Disodium-5′-ribonucleotides', 'disodium-5′-ribonucleotides', 'synonym', 'en', 1.0, 'FSANZ-Sched8') ON CONFLICT(alias_normalized, alias_type, COALESCE(language_code, '')) DO NOTHING;
INSERT INTO ingredient_alias (canonical_id, alias, alias_normalized, alias_type, language_code, confidence, source) VALUES ('NAME_disodium_5_ribonucleotides', '635', '635', 'ins_number', NULL, 1.0, 'FSANZ-Sched8') ON CONFLICT(alias_normalized, alias_type, COALESCE(language_code, '')) DO NOTHING;
INSERT OR IGNORE INTO regulatory_fact (canonical_id, jurisdiction, fact_type, status, regulation_ref, product_category, evidence_id) VALUES ('NAME_disodium_5_ribonucleotides', 'AU_NZ_FSANZ', 'permitted', 'Permitted food additive in Australia/New Zealand (INS 635)', 'FSANZ Schedule 8', 'food', (SELECT id FROM fact_evidence WHERE source_url = 'https://www.legislation.gov.au/F2015L00478/latest/text' AND snapshot_date = '2026-04-18' LIMIT 1));
INSERT INTO ingredient (canonical_id, primary_name, ingredient_class, ins_number, category, is_natural) VALUES ('NAME_disodium_5_guanylate', 'Disodium-5′-guanylate', 'substance', '627', 'food', 0) ON CONFLICT(canonical_id) DO NOTHING;
INSERT INTO ingredient_alias (canonical_id, alias, alias_normalized, alias_type, language_code, confidence, source) VALUES ('NAME_disodium_5_guanylate', 'Disodium-5′-guanylate', 'disodium-5′-guanylate', 'synonym', 'en', 1.0, 'FSANZ-Sched8') ON CONFLICT(alias_normalized, alias_type, COALESCE(language_code, '')) DO NOTHING;
INSERT INTO ingredient_alias (canonical_id, alias, alias_normalized, alias_type, language_code, confidence, source) VALUES ('NAME_disodium_5_guanylate', '627', '627', 'ins_number', NULL, 1.0, 'FSANZ-Sched8') ON CONFLICT(alias_normalized, alias_type, COALESCE(language_code, '')) DO NOTHING;
INSERT OR IGNORE INTO regulatory_fact (canonical_id, jurisdiction, fact_type, status, regulation_ref, product_category, evidence_id) VALUES ('NAME_disodium_5_guanylate', 'AU_NZ_FSANZ', 'permitted', 'Permitted food additive in Australia/New Zealand (INS 627)', 'FSANZ Schedule 8', 'food', (SELECT id FROM fact_evidence WHERE source_url = 'https://www.legislation.gov.au/F2015L00478/latest/text' AND snapshot_date = '2026-04-18' LIMIT 1));
INSERT INTO ingredient (canonical_id, primary_name, ingredient_class, ins_number, category, is_natural) VALUES ('NAME_disodium_5_inosinate', 'Disodium-5′-inosinate', 'substance', '631', 'food', 0) ON CONFLICT(canonical_id) DO NOTHING;
INSERT INTO ingredient_alias (canonical_id, alias, alias_normalized, alias_type, language_code, confidence, source) VALUES ('NAME_disodium_5_inosinate', 'Disodium-5′-inosinate', 'disodium-5′-inosinate', 'synonym', 'en', 1.0, 'FSANZ-Sched8') ON CONFLICT(alias_normalized, alias_type, COALESCE(language_code, '')) DO NOTHING;
INSERT INTO ingredient_alias (canonical_id, alias, alias_normalized, alias_type, language_code, confidence, source) VALUES ('NAME_disodium_5_inosinate', '631', '631', 'ins_number', NULL, 1.0, 'FSANZ-Sched8') ON CONFLICT(alias_normalized, alias_type, COALESCE(language_code, '')) DO NOTHING;
INSERT OR IGNORE INTO regulatory_fact (canonical_id, jurisdiction, fact_type, status, regulation_ref, product_category, evidence_id) VALUES ('NAME_disodium_5_inosinate', 'AU_NZ_FSANZ', 'permitted', 'Permitted food additive in Australia/New Zealand (INS 631)', 'FSANZ Schedule 8', 'food', (SELECT id FROM fact_evidence WHERE source_url = 'https://www.legislation.gov.au/F2015L00478/latest/text' AND snapshot_date = '2026-04-18' LIMIT 1));
INSERT INTO ingredient (canonical_id, primary_name, ingredient_class, ins_number, category, is_natural) VALUES ('NAME_distarch_phosphate', 'Distarch phosphate', 'substance', '1412', 'food', 0) ON CONFLICT(canonical_id) DO NOTHING;
INSERT INTO ingredient_alias (canonical_id, alias, alias_normalized, alias_type, language_code, confidence, source) VALUES ('NAME_distarch_phosphate', 'Distarch phosphate', 'distarch phosphate', 'synonym', 'en', 1.0, 'FSANZ-Sched8') ON CONFLICT(alias_normalized, alias_type, COALESCE(language_code, '')) DO NOTHING;
INSERT INTO ingredient_alias (canonical_id, alias, alias_normalized, alias_type, language_code, confidence, source) VALUES ('NAME_distarch_phosphate', '1412', '1412', 'ins_number', NULL, 1.0, 'FSANZ-Sched8') ON CONFLICT(alias_normalized, alias_type, COALESCE(language_code, '')) DO NOTHING;
INSERT OR IGNORE INTO regulatory_fact (canonical_id, jurisdiction, fact_type, status, regulation_ref, product_category, evidence_id) VALUES ('NAME_distarch_phosphate', 'AU_NZ_FSANZ', 'permitted', 'Permitted food additive in Australia/New Zealand (INS 1412)', 'FSANZ Schedule 8', 'food', (SELECT id FROM fact_evidence WHERE source_url = 'https://www.legislation.gov.au/F2015L00478/latest/text' AND snapshot_date = '2026-04-18' LIMIT 1));
INSERT INTO ingredient (canonical_id, primary_name, ingredient_class, ins_number, category, is_natural) VALUES ('NAME_dodecyl_gallate', 'Dodecyl gallate', 'substance', '312', 'food', 0) ON CONFLICT(canonical_id) DO NOTHING;
INSERT INTO ingredient_alias (canonical_id, alias, alias_normalized, alias_type, language_code, confidence, source) VALUES ('NAME_dodecyl_gallate', 'Dodecyl gallate', 'dodecyl gallate', 'synonym', 'en', 1.0, 'FSANZ-Sched8') ON CONFLICT(alias_normalized, alias_type, COALESCE(language_code, '')) DO NOTHING;
INSERT INTO ingredient_alias (canonical_id, alias, alias_normalized, alias_type, language_code, confidence, source) VALUES ('NAME_dodecyl_gallate', '312', '312', 'ins_number', NULL, 1.0, 'FSANZ-Sched8') ON CONFLICT(alias_normalized, alias_type, COALESCE(language_code, '')) DO NOTHING;
INSERT OR IGNORE INTO regulatory_fact (canonical_id, jurisdiction, fact_type, status, regulation_ref, product_category, evidence_id) VALUES ('NAME_dodecyl_gallate', 'AU_NZ_FSANZ', 'permitted', 'Permitted food additive in Australia/New Zealand (INS 312)', 'FSANZ Schedule 8', 'food', (SELECT id FROM fact_evidence WHERE source_url = 'https://www.legislation.gov.au/F2015L00478/latest/text' AND snapshot_date = '2026-04-18' LIMIT 1));
INSERT INTO ingredient (canonical_id, primary_name, ingredient_class, ins_number, category, is_natural) VALUES ('NAME_enzyme_treated_starches', 'Enzyme treated starches', 'substance', '1405', 'food', 0) ON CONFLICT(canonical_id) DO NOTHING;
INSERT INTO ingredient_alias (canonical_id, alias, alias_normalized, alias_type, language_code, confidence, source) VALUES ('NAME_enzyme_treated_starches', 'Enzyme treated starches', 'enzyme treated starches', 'synonym', 'en', 1.0, 'FSANZ-Sched8') ON CONFLICT(alias_normalized, alias_type, COALESCE(language_code, '')) DO NOTHING;
INSERT INTO ingredient_alias (canonical_id, alias, alias_normalized, alias_type, language_code, confidence, source) VALUES ('NAME_enzyme_treated_starches', '1405', '1405', 'ins_number', NULL, 1.0, 'FSANZ-Sched8') ON CONFLICT(alias_normalized, alias_type, COALESCE(language_code, '')) DO NOTHING;
INSERT OR IGNORE INTO regulatory_fact (canonical_id, jurisdiction, fact_type, status, regulation_ref, product_category, evidence_id) VALUES ('NAME_enzyme_treated_starches', 'AU_NZ_FSANZ', 'permitted', 'Permitted food additive in Australia/New Zealand (INS 1405)', 'FSANZ Schedule 8', 'food', (SELECT id FROM fact_evidence WHERE source_url = 'https://www.legislation.gov.au/F2015L00478/latest/text' AND snapshot_date = '2026-04-18' LIMIT 1));
INSERT INTO ingredient (canonical_id, primary_name, ingredient_class, ins_number, category, is_natural) VALUES ('NAME_erythorbic_acid', 'Erythorbic acid', 'substance', '315', 'food', 0) ON CONFLICT(canonical_id) DO NOTHING;
INSERT INTO ingredient_alias (canonical_id, alias, alias_normalized, alias_type, language_code, confidence, source) VALUES ('NAME_erythorbic_acid', 'Erythorbic acid', 'erythorbic acid', 'synonym', 'en', 1.0, 'FSANZ-Sched8') ON CONFLICT(alias_normalized, alias_type, COALESCE(language_code, '')) DO NOTHING;
INSERT INTO ingredient_alias (canonical_id, alias, alias_normalized, alias_type, language_code, confidence, source) VALUES ('NAME_erythorbic_acid', '315', '315', 'ins_number', NULL, 1.0, 'FSANZ-Sched8') ON CONFLICT(alias_normalized, alias_type, COALESCE(language_code, '')) DO NOTHING;
INSERT OR IGNORE INTO regulatory_fact (canonical_id, jurisdiction, fact_type, status, regulation_ref, product_category, evidence_id) VALUES ('NAME_erythorbic_acid', 'AU_NZ_FSANZ', 'permitted', 'Permitted food additive in Australia/New Zealand (INS 315)', 'FSANZ Schedule 8', 'food', (SELECT id FROM fact_evidence WHERE source_url = 'https://www.legislation.gov.au/F2015L00478/latest/text' AND snapshot_date = '2026-04-18' LIMIT 1));
INSERT INTO ingredient (canonical_id, primary_name, ingredient_class, ins_number, category, is_natural) VALUES ('NAME_erythritol', 'Erythritol', 'substance', '968', 'food', 0) ON CONFLICT(canonical_id) DO NOTHING;
INSERT INTO ingredient_alias (canonical_id, alias, alias_normalized, alias_type, language_code, confidence, source) VALUES ('NAME_erythritol', 'Erythritol', 'erythritol', 'synonym', 'en', 1.0, 'FSANZ-Sched8') ON CONFLICT(alias_normalized, alias_type, COALESCE(language_code, '')) DO NOTHING;
INSERT INTO ingredient_alias (canonical_id, alias, alias_normalized, alias_type, language_code, confidence, source) VALUES ('NAME_erythritol', '968', '968', 'ins_number', NULL, 1.0, 'FSANZ-Sched8') ON CONFLICT(alias_normalized, alias_type, COALESCE(language_code, '')) DO NOTHING;
INSERT OR IGNORE INTO regulatory_fact (canonical_id, jurisdiction, fact_type, status, regulation_ref, product_category, evidence_id) VALUES ('NAME_erythritol', 'AU_NZ_FSANZ', 'permitted', 'Permitted food additive in Australia/New Zealand (INS 968)', 'FSANZ Schedule 8', 'food', (SELECT id FROM fact_evidence WHERE source_url = 'https://www.legislation.gov.au/F2015L00478/latest/text' AND snapshot_date = '2026-04-18' LIMIT 1));
INSERT INTO ingredient (canonical_id, primary_name, ingredient_class, ins_number, category, is_natural) VALUES ('NAME_erythrosine', 'Erythrosine', 'substance', '127', 'food', 0) ON CONFLICT(canonical_id) DO NOTHING;
INSERT INTO ingredient_alias (canonical_id, alias, alias_normalized, alias_type, language_code, confidence, source) VALUES ('NAME_erythrosine', 'Erythrosine', 'erythrosine', 'synonym', 'en', 1.0, 'FSANZ-Sched8') ON CONFLICT(alias_normalized, alias_type, COALESCE(language_code, '')) DO NOTHING;
INSERT INTO ingredient_alias (canonical_id, alias, alias_normalized, alias_type, language_code, confidence, source) VALUES ('NAME_erythrosine', '127', '127', 'ins_number', NULL, 1.0, 'FSANZ-Sched8') ON CONFLICT(alias_normalized, alias_type, COALESCE(language_code, '')) DO NOTHING;
INSERT OR IGNORE INTO regulatory_fact (canonical_id, jurisdiction, fact_type, status, regulation_ref, product_category, evidence_id) VALUES ('NAME_erythrosine', 'AU_NZ_FSANZ', 'permitted', 'Permitted food additive in Australia/New Zealand (INS 127)', 'FSANZ Schedule 8', 'food', (SELECT id FROM fact_evidence WHERE source_url = 'https://www.legislation.gov.au/F2015L00478/latest/text' AND snapshot_date = '2026-04-18' LIMIT 1));
INSERT INTO ingredient (canonical_id, primary_name, ingredient_class, ins_number, category, is_natural) VALUES ('NAME_ethyl_lauroyl_arginate', 'Ethyl lauroyl arginate', 'substance', '243', 'food', 0) ON CONFLICT(canonical_id) DO NOTHING;
INSERT INTO ingredient_alias (canonical_id, alias, alias_normalized, alias_type, language_code, confidence, source) VALUES ('NAME_ethyl_lauroyl_arginate', 'Ethyl lauroyl arginate', 'ethyl lauroyl arginate', 'synonym', 'en', 1.0, 'FSANZ-Sched8') ON CONFLICT(alias_normalized, alias_type, COALESCE(language_code, '')) DO NOTHING;
INSERT INTO ingredient_alias (canonical_id, alias, alias_normalized, alias_type, language_code, confidence, source) VALUES ('NAME_ethyl_lauroyl_arginate', '243', '243', 'ins_number', NULL, 1.0, 'FSANZ-Sched8') ON CONFLICT(alias_normalized, alias_type, COALESCE(language_code, '')) DO NOTHING;
INSERT OR IGNORE INTO regulatory_fact (canonical_id, jurisdiction, fact_type, status, regulation_ref, product_category, evidence_id) VALUES ('NAME_ethyl_lauroyl_arginate', 'AU_NZ_FSANZ', 'permitted', 'Permitted food additive in Australia/New Zealand (INS 243)', 'FSANZ Schedule 8', 'food', (SELECT id FROM fact_evidence WHERE source_url = 'https://www.legislation.gov.au/F2015L00478/latest/text' AND snapshot_date = '2026-04-18' LIMIT 1));
INSERT INTO ingredient (canonical_id, primary_name, ingredient_class, ins_number, category, is_natural) VALUES ('NAME_ethyl_maltol', 'Ethyl maltol', 'substance', '637', 'food', 0) ON CONFLICT(canonical_id) DO NOTHING;
INSERT INTO ingredient_alias (canonical_id, alias, alias_normalized, alias_type, language_code, confidence, source) VALUES ('NAME_ethyl_maltol', 'Ethyl maltol', 'ethyl maltol', 'synonym', 'en', 1.0, 'FSANZ-Sched8') ON CONFLICT(alias_normalized, alias_type, COALESCE(language_code, '')) DO NOTHING;
INSERT INTO ingredient_alias (canonical_id, alias, alias_normalized, alias_type, language_code, confidence, source) VALUES ('NAME_ethyl_maltol', '637', '637', 'ins_number', NULL, 1.0, 'FSANZ-Sched8') ON CONFLICT(alias_normalized, alias_type, COALESCE(language_code, '')) DO NOTHING;
INSERT OR IGNORE INTO regulatory_fact (canonical_id, jurisdiction, fact_type, status, regulation_ref, product_category, evidence_id) VALUES ('NAME_ethyl_maltol', 'AU_NZ_FSANZ', 'permitted', 'Permitted food additive in Australia/New Zealand (INS 637)', 'FSANZ Schedule 8', 'food', (SELECT id FROM fact_evidence WHERE source_url = 'https://www.legislation.gov.au/F2015L00478/latest/text' AND snapshot_date = '2026-04-18' LIMIT 1));
INSERT INTO ingredient (canonical_id, primary_name, ingredient_class, ins_number, category, is_natural) VALUES ('NAME_fatty_acid_salts_of_aluminium_ammonia', 'Fatty acid salts of aluminium, ammonia,', 'substance', '470', 'food', 0) ON CONFLICT(canonical_id) DO NOTHING;
INSERT INTO ingredient_alias (canonical_id, alias, alias_normalized, alias_type, language_code, confidence, source) VALUES ('NAME_fatty_acid_salts_of_aluminium_ammonia', 'Fatty acid salts of aluminium, ammonia,', 'fatty acid salts of aluminium, ammonia,', 'synonym', 'en', 1.0, 'FSANZ-Sched8') ON CONFLICT(alias_normalized, alias_type, COALESCE(language_code, '')) DO NOTHING;
INSERT INTO ingredient_alias (canonical_id, alias, alias_normalized, alias_type, language_code, confidence, source) VALUES ('NAME_fatty_acid_salts_of_aluminium_ammonia', '470', '470', 'ins_number', NULL, 1.0, 'FSANZ-Sched8') ON CONFLICT(alias_normalized, alias_type, COALESCE(language_code, '')) DO NOTHING;
INSERT OR IGNORE INTO regulatory_fact (canonical_id, jurisdiction, fact_type, status, regulation_ref, product_category, evidence_id) VALUES ('NAME_fatty_acid_salts_of_aluminium_ammonia', 'AU_NZ_FSANZ', 'permitted', 'Permitted food additive in Australia/New Zealand (INS 470)', 'FSANZ Schedule 8', 'food', (SELECT id FROM fact_evidence WHERE source_url = 'https://www.legislation.gov.au/F2015L00478/latest/text' AND snapshot_date = '2026-04-18' LIMIT 1));
INSERT INTO ingredient (canonical_id, primary_name, ingredient_class, ins_number, category, is_natural) VALUES ('NAME_calcium_magnesium_potassium_and_sodium_fast_green_fcf', 'calcium, magnesium, potassium and sodium Fast green FCF', 'substance', '143', 'food', 0) ON CONFLICT(canonical_id) DO NOTHING;
INSERT INTO ingredient_alias (canonical_id, alias, alias_normalized, alias_type, language_code, confidence, source) VALUES ('NAME_calcium_magnesium_potassium_and_sodium_fast_green_fcf', 'calcium, magnesium, potassium and sodium Fast green FCF', 'calcium, magnesium, potassium and sodium fast green fcf', 'synonym', 'en', 1.0, 'FSANZ-Sched8') ON CONFLICT(alias_normalized, alias_type, COALESCE(language_code, '')) DO NOTHING;
INSERT INTO ingredient_alias (canonical_id, alias, alias_normalized, alias_type, language_code, confidence, source) VALUES ('NAME_calcium_magnesium_potassium_and_sodium_fast_green_fcf', '143', '143', 'ins_number', NULL, 1.0, 'FSANZ-Sched8') ON CONFLICT(alias_normalized, alias_type, COALESCE(language_code, '')) DO NOTHING;
INSERT OR IGNORE INTO regulatory_fact (canonical_id, jurisdiction, fact_type, status, regulation_ref, product_category, evidence_id) VALUES ('NAME_calcium_magnesium_potassium_and_sodium_fast_green_fcf', 'AU_NZ_FSANZ', 'permitted', 'Permitted food additive in Australia/New Zealand (INS 143)', 'FSANZ Schedule 8', 'food', (SELECT id FROM fact_evidence WHERE source_url = 'https://www.legislation.gov.au/F2015L00478/latest/text' AND snapshot_date = '2026-04-18' LIMIT 1));
INSERT INTO ingredient (canonical_id, primary_name, ingredient_class, ins_number, category, is_natural) VALUES ('NAME_ferric_ammonium_citrate', 'Ferric ammonium citrate', 'substance', '381', 'food', 0) ON CONFLICT(canonical_id) DO NOTHING;
INSERT INTO ingredient_alias (canonical_id, alias, alias_normalized, alias_type, language_code, confidence, source) VALUES ('NAME_ferric_ammonium_citrate', 'Ferric ammonium citrate', 'ferric ammonium citrate', 'synonym', 'en', 1.0, 'FSANZ-Sched8') ON CONFLICT(alias_normalized, alias_type, COALESCE(language_code, '')) DO NOTHING;
INSERT INTO ingredient_alias (canonical_id, alias, alias_normalized, alias_type, language_code, confidence, source) VALUES ('NAME_ferric_ammonium_citrate', '381', '381', 'ins_number', NULL, 1.0, 'FSANZ-Sched8') ON CONFLICT(alias_normalized, alias_type, COALESCE(language_code, '')) DO NOTHING;
INSERT OR IGNORE INTO regulatory_fact (canonical_id, jurisdiction, fact_type, status, regulation_ref, product_category, evidence_id) VALUES ('NAME_ferric_ammonium_citrate', 'AU_NZ_FSANZ', 'permitted', 'Permitted food additive in Australia/New Zealand (INS 381)', 'FSANZ Schedule 8', 'food', (SELECT id FROM fact_evidence WHERE source_url = 'https://www.legislation.gov.au/F2015L00478/latest/text' AND snapshot_date = '2026-04-18' LIMIT 1));
INSERT INTO ingredient (canonical_id, primary_name, ingredient_class, ins_number, category, is_natural) VALUES ('NAME_ferrous_gluconate', 'Ferrous gluconate', 'substance', '579', 'food', 0) ON CONFLICT(canonical_id) DO NOTHING;
INSERT INTO ingredient_alias (canonical_id, alias, alias_normalized, alias_type, language_code, confidence, source) VALUES ('NAME_ferrous_gluconate', 'Ferrous gluconate', 'ferrous gluconate', 'synonym', 'en', 1.0, 'FSANZ-Sched8') ON CONFLICT(alias_normalized, alias_type, COALESCE(language_code, '')) DO NOTHING;
INSERT INTO ingredient_alias (canonical_id, alias, alias_normalized, alias_type, language_code, confidence, source) VALUES ('NAME_ferrous_gluconate', '579', '579', 'ins_number', NULL, 1.0, 'FSANZ-Sched8') ON CONFLICT(alias_normalized, alias_type, COALESCE(language_code, '')) DO NOTHING;
INSERT OR IGNORE INTO regulatory_fact (canonical_id, jurisdiction, fact_type, status, regulation_ref, product_category, evidence_id) VALUES ('NAME_ferrous_gluconate', 'AU_NZ_FSANZ', 'permitted', 'Permitted food additive in Australia/New Zealand (INS 579)', 'FSANZ Schedule 8', 'food', (SELECT id FROM fact_evidence WHERE source_url = 'https://www.legislation.gov.au/F2015L00478/latest/text' AND snapshot_date = '2026-04-18' LIMIT 1));
INSERT INTO ingredient (canonical_id, primary_name, ingredient_class, ins_number, category, is_natural) VALUES ('NAME_flavoxanthin', 'Flavoxanthin', 'substance', '161a', 'food', 0) ON CONFLICT(canonical_id) DO NOTHING;
INSERT INTO ingredient_alias (canonical_id, alias, alias_normalized, alias_type, language_code, confidence, source) VALUES ('NAME_flavoxanthin', 'Flavoxanthin', 'flavoxanthin', 'synonym', 'en', 1.0, 'FSANZ-Sched8') ON CONFLICT(alias_normalized, alias_type, COALESCE(language_code, '')) DO NOTHING;
INSERT INTO ingredient_alias (canonical_id, alias, alias_normalized, alias_type, language_code, confidence, source) VALUES ('NAME_flavoxanthin', '161a', '161a', 'ins_number', NULL, 1.0, 'FSANZ-Sched8') ON CONFLICT(alias_normalized, alias_type, COALESCE(language_code, '')) DO NOTHING;
INSERT OR IGNORE INTO regulatory_fact (canonical_id, jurisdiction, fact_type, status, regulation_ref, product_category, evidence_id) VALUES ('NAME_flavoxanthin', 'AU_NZ_FSANZ', 'permitted', 'Permitted food additive in Australia/New Zealand (INS 161a)', 'FSANZ Schedule 8', 'food', (SELECT id FROM fact_evidence WHERE source_url = 'https://www.legislation.gov.au/F2015L00478/latest/text' AND snapshot_date = '2026-04-18' LIMIT 1));
INSERT INTO ingredient (canonical_id, primary_name, ingredient_class, ins_number, category, is_natural) VALUES ('NAME_fumaric_acid', 'Fumaric acid', 'substance', '297', 'food', 0) ON CONFLICT(canonical_id) DO NOTHING;
INSERT INTO ingredient_alias (canonical_id, alias, alias_normalized, alias_type, language_code, confidence, source) VALUES ('NAME_fumaric_acid', 'Fumaric acid', 'fumaric acid', 'synonym', 'en', 1.0, 'FSANZ-Sched8') ON CONFLICT(alias_normalized, alias_type, COALESCE(language_code, '')) DO NOTHING;
INSERT INTO ingredient_alias (canonical_id, alias, alias_normalized, alias_type, language_code, confidence, source) VALUES ('NAME_fumaric_acid', '297', '297', 'ins_number', NULL, 1.0, 'FSANZ-Sched8') ON CONFLICT(alias_normalized, alias_type, COALESCE(language_code, '')) DO NOTHING;
INSERT OR IGNORE INTO regulatory_fact (canonical_id, jurisdiction, fact_type, status, regulation_ref, product_category, evidence_id) VALUES ('NAME_fumaric_acid', 'AU_NZ_FSANZ', 'permitted', 'Permitted food additive in Australia/New Zealand (INS 297)', 'FSANZ Schedule 8', 'food', (SELECT id FROM fact_evidence WHERE source_url = 'https://www.legislation.gov.au/F2015L00478/latest/text' AND snapshot_date = '2026-04-18' LIMIT 1));
INSERT INTO ingredient (canonical_id, primary_name, ingredient_class, ins_number, category, is_natural) VALUES ('NAME_gellan_gum', 'Gellan gum', 'substance', '418', 'food', 0) ON CONFLICT(canonical_id) DO NOTHING;
INSERT INTO ingredient_alias (canonical_id, alias, alias_normalized, alias_type, language_code, confidence, source) VALUES ('NAME_gellan_gum', 'Gellan gum', 'gellan gum', 'synonym', 'en', 1.0, 'FSANZ-Sched8') ON CONFLICT(alias_normalized, alias_type, COALESCE(language_code, '')) DO NOTHING;
INSERT INTO ingredient_alias (canonical_id, alias, alias_normalized, alias_type, language_code, confidence, source) VALUES ('NAME_gellan_gum', '418', '418', 'ins_number', NULL, 1.0, 'FSANZ-Sched8') ON CONFLICT(alias_normalized, alias_type, COALESCE(language_code, '')) DO NOTHING;
INSERT OR IGNORE INTO regulatory_fact (canonical_id, jurisdiction, fact_type, status, regulation_ref, product_category, evidence_id) VALUES ('NAME_gellan_gum', 'AU_NZ_FSANZ', 'permitted', 'Permitted food additive in Australia/New Zealand (INS 418)', 'FSANZ Schedule 8', 'food', (SELECT id FROM fact_evidence WHERE source_url = 'https://www.legislation.gov.au/F2015L00478/latest/text' AND snapshot_date = '2026-04-18' LIMIT 1));
INSERT INTO ingredient (canonical_id, primary_name, ingredient_class, ins_number, category, is_natural) VALUES ('NAME_glucono_δ_lactone_or_glucono_delta_lactone', 'Glucono δ-lactone or Glucono delta-lactone', 'substance', '575', 'food', 0) ON CONFLICT(canonical_id) DO NOTHING;
INSERT INTO ingredient_alias (canonical_id, alias, alias_normalized, alias_type, language_code, confidence, source) VALUES ('NAME_glucono_δ_lactone_or_glucono_delta_lactone', 'Glucono δ-lactone or Glucono delta-lactone', 'glucono δ-lactone or glucono delta-lactone', 'synonym', 'en', 1.0, 'FSANZ-Sched8') ON CONFLICT(alias_normalized, alias_type, COALESCE(language_code, '')) DO NOTHING;
INSERT INTO ingredient_alias (canonical_id, alias, alias_normalized, alias_type, language_code, confidence, source) VALUES ('NAME_glucono_δ_lactone_or_glucono_delta_lactone', '575', '575', 'ins_number', NULL, 1.0, 'FSANZ-Sched8') ON CONFLICT(alias_normalized, alias_type, COALESCE(language_code, '')) DO NOTHING;
INSERT OR IGNORE INTO regulatory_fact (canonical_id, jurisdiction, fact_type, status, regulation_ref, product_category, evidence_id) VALUES ('NAME_glucono_δ_lactone_or_glucono_delta_lactone', 'AU_NZ_FSANZ', 'permitted', 'Permitted food additive in Australia/New Zealand (INS 575)', 'FSANZ Schedule 8', 'food', (SELECT id FROM fact_evidence WHERE source_url = 'https://www.legislation.gov.au/F2015L00478/latest/text' AND snapshot_date = '2026-04-18' LIMIT 1));
INSERT INTO ingredient (canonical_id, primary_name, ingredient_class, ins_number, category, is_natural) VALUES ('NAME_glucose_oxidase', 'Glucose oxidase', 'substance', '1102', 'food', 0) ON CONFLICT(canonical_id) DO NOTHING;
INSERT INTO ingredient_alias (canonical_id, alias, alias_normalized, alias_type, language_code, confidence, source) VALUES ('NAME_glucose_oxidase', 'Glucose oxidase', 'glucose oxidase', 'synonym', 'en', 1.0, 'FSANZ-Sched8') ON CONFLICT(alias_normalized, alias_type, COALESCE(language_code, '')) DO NOTHING;
INSERT INTO ingredient_alias (canonical_id, alias, alias_normalized, alias_type, language_code, confidence, source) VALUES ('NAME_glucose_oxidase', '1102', '1102', 'ins_number', NULL, 1.0, 'FSANZ-Sched8') ON CONFLICT(alias_normalized, alias_type, COALESCE(language_code, '')) DO NOTHING;
INSERT OR IGNORE INTO regulatory_fact (canonical_id, jurisdiction, fact_type, status, regulation_ref, product_category, evidence_id) VALUES ('NAME_glucose_oxidase', 'AU_NZ_FSANZ', 'permitted', 'Permitted food additive in Australia/New Zealand (INS 1102)', 'FSANZ Schedule 8', 'food', (SELECT id FROM fact_evidence WHERE source_url = 'https://www.legislation.gov.au/F2015L00478/latest/text' AND snapshot_date = '2026-04-18' LIMIT 1));
INSERT INTO ingredient (canonical_id, primary_name, ingredient_class, ins_number, category, is_natural) VALUES ('NAME_l_glutamic_acid', 'L-glutamic acid', 'substance', '620', 'food', 0) ON CONFLICT(canonical_id) DO NOTHING;
INSERT INTO ingredient_alias (canonical_id, alias, alias_normalized, alias_type, language_code, confidence, source) VALUES ('NAME_l_glutamic_acid', 'L-glutamic acid', 'l-glutamic acid', 'synonym', 'en', 1.0, 'FSANZ-Sched8') ON CONFLICT(alias_normalized, alias_type, COALESCE(language_code, '')) DO NOTHING;
INSERT INTO ingredient_alias (canonical_id, alias, alias_normalized, alias_type, language_code, confidence, source) VALUES ('NAME_l_glutamic_acid', '620', '620', 'ins_number', NULL, 1.0, 'FSANZ-Sched8') ON CONFLICT(alias_normalized, alias_type, COALESCE(language_code, '')) DO NOTHING;
INSERT OR IGNORE INTO regulatory_fact (canonical_id, jurisdiction, fact_type, status, regulation_ref, product_category, evidence_id) VALUES ('NAME_l_glutamic_acid', 'AU_NZ_FSANZ', 'permitted', 'Permitted food additive in Australia/New Zealand (INS 620)', 'FSANZ Schedule 8', 'food', (SELECT id FROM fact_evidence WHERE source_url = 'https://www.legislation.gov.au/F2015L00478/latest/text' AND snapshot_date = '2026-04-18' LIMIT 1));
INSERT INTO ingredient (canonical_id, primary_name, ingredient_class, ins_number, category, is_natural) VALUES ('NAME_glycerin_or_glycerol', 'Glycerin or glycerol', 'substance', '422', 'food', 0) ON CONFLICT(canonical_id) DO NOTHING;
INSERT INTO ingredient_alias (canonical_id, alias, alias_normalized, alias_type, language_code, confidence, source) VALUES ('NAME_glycerin_or_glycerol', 'Glycerin or glycerol', 'glycerin or glycerol', 'synonym', 'en', 1.0, 'FSANZ-Sched8') ON CONFLICT(alias_normalized, alias_type, COALESCE(language_code, '')) DO NOTHING;
INSERT INTO ingredient_alias (canonical_id, alias, alias_normalized, alias_type, language_code, confidence, source) VALUES ('NAME_glycerin_or_glycerol', '422', '422', 'ins_number', NULL, 1.0, 'FSANZ-Sched8') ON CONFLICT(alias_normalized, alias_type, COALESCE(language_code, '')) DO NOTHING;
INSERT OR IGNORE INTO regulatory_fact (canonical_id, jurisdiction, fact_type, status, regulation_ref, product_category, evidence_id) VALUES ('NAME_glycerin_or_glycerol', 'AU_NZ_FSANZ', 'permitted', 'Permitted food additive in Australia/New Zealand (INS 422)', 'FSANZ Schedule 8', 'food', (SELECT id FROM fact_evidence WHERE source_url = 'https://www.legislation.gov.au/F2015L00478/latest/text' AND snapshot_date = '2026-04-18' LIMIT 1));
INSERT INTO ingredient (canonical_id, primary_name, ingredient_class, ins_number, category, is_natural) VALUES ('NAME_glycerol_esters_of_wood_rosins', 'Glycerol esters of wood rosins', 'substance', '445', 'food', 0) ON CONFLICT(canonical_id) DO NOTHING;
INSERT INTO ingredient_alias (canonical_id, alias, alias_normalized, alias_type, language_code, confidence, source) VALUES ('NAME_glycerol_esters_of_wood_rosins', 'Glycerol esters of wood rosins', 'glycerol esters of wood rosins', 'synonym', 'en', 1.0, 'FSANZ-Sched8') ON CONFLICT(alias_normalized, alias_type, COALESCE(language_code, '')) DO NOTHING;
INSERT INTO ingredient_alias (canonical_id, alias, alias_normalized, alias_type, language_code, confidence, source) VALUES ('NAME_glycerol_esters_of_wood_rosins', '445', '445', 'ins_number', NULL, 1.0, 'FSANZ-Sched8') ON CONFLICT(alias_normalized, alias_type, COALESCE(language_code, '')) DO NOTHING;
INSERT OR IGNORE INTO regulatory_fact (canonical_id, jurisdiction, fact_type, status, regulation_ref, product_category, evidence_id) VALUES ('NAME_glycerol_esters_of_wood_rosins', 'AU_NZ_FSANZ', 'permitted', 'Permitted food additive in Australia/New Zealand (INS 445)', 'FSANZ Schedule 8', 'food', (SELECT id FROM fact_evidence WHERE source_url = 'https://www.legislation.gov.au/F2015L00478/latest/text' AND snapshot_date = '2026-04-18' LIMIT 1));
INSERT INTO ingredient (canonical_id, primary_name, ingredient_class, ins_number, category, is_natural) VALUES ('NAME_glycine', 'Glycine', 'substance', '640', 'food', 0) ON CONFLICT(canonical_id) DO NOTHING;
INSERT INTO ingredient_alias (canonical_id, alias, alias_normalized, alias_type, language_code, confidence, source) VALUES ('NAME_glycine', 'Glycine', 'glycine', 'synonym', 'en', 1.0, 'FSANZ-Sched8') ON CONFLICT(alias_normalized, alias_type, COALESCE(language_code, '')) DO NOTHING;
INSERT INTO ingredient_alias (canonical_id, alias, alias_normalized, alias_type, language_code, confidence, source) VALUES ('NAME_glycine', '640', '640', 'ins_number', NULL, 1.0, 'FSANZ-Sched8') ON CONFLICT(alias_normalized, alias_type, COALESCE(language_code, '')) DO NOTHING;
INSERT OR IGNORE INTO regulatory_fact (canonical_id, jurisdiction, fact_type, status, regulation_ref, product_category, evidence_id) VALUES ('NAME_glycine', 'AU_NZ_FSANZ', 'permitted', 'Permitted food additive in Australia/New Zealand (INS 640)', 'FSANZ Schedule 8', 'food', (SELECT id FROM fact_evidence WHERE source_url = 'https://www.legislation.gov.au/F2015L00478/latest/text' AND snapshot_date = '2026-04-18' LIMIT 1));
INSERT INTO ingredient (canonical_id, primary_name, ingredient_class, ins_number, category, is_natural) VALUES ('NAME_gold', 'Gold', 'substance', '175', 'food', 0) ON CONFLICT(canonical_id) DO NOTHING;
INSERT INTO ingredient_alias (canonical_id, alias, alias_normalized, alias_type, language_code, confidence, source) VALUES ('NAME_gold', 'Gold', 'gold', 'synonym', 'en', 1.0, 'FSANZ-Sched8') ON CONFLICT(alias_normalized, alias_type, COALESCE(language_code, '')) DO NOTHING;
INSERT INTO ingredient_alias (canonical_id, alias, alias_normalized, alias_type, language_code, confidence, source) VALUES ('NAME_gold', '175', '175', 'ins_number', NULL, 1.0, 'FSANZ-Sched8') ON CONFLICT(alias_normalized, alias_type, COALESCE(language_code, '')) DO NOTHING;
INSERT OR IGNORE INTO regulatory_fact (canonical_id, jurisdiction, fact_type, status, regulation_ref, product_category, evidence_id) VALUES ('NAME_gold', 'AU_NZ_FSANZ', 'permitted', 'Permitted food additive in Australia/New Zealand (INS 175)', 'FSANZ Schedule 8', 'food', (SELECT id FROM fact_evidence WHERE source_url = 'https://www.legislation.gov.au/F2015L00478/latest/text' AND snapshot_date = '2026-04-18' LIMIT 1));
INSERT INTO ingredient (canonical_id, primary_name, ingredient_class, ins_number, category, is_natural) VALUES ('NAME_16_september_2025_schedule_8_4_authorised_version_f2025c00967_registered_0910202', '16 September 2025 Schedule 8 4 Authorised Version F2025C00967 registered 09/10/2025 Green S', 'substance', '142', 'food', 0) ON CONFLICT(canonical_id) DO NOTHING;
INSERT INTO ingredient_alias (canonical_id, alias, alias_normalized, alias_type, language_code, confidence, source) VALUES ('NAME_16_september_2025_schedule_8_4_authorised_version_f2025c00967_registered_0910202', '16 September 2025 Schedule 8 4 Authorised Version F2025C00967 registered 09/10/2025 Green S', '16 september 2025 schedule 8 4 authorised version f2025c00967 registered 09/10/2025 green s', 'synonym', 'en', 1.0, 'FSANZ-Sched8') ON CONFLICT(alias_normalized, alias_type, COALESCE(language_code, '')) DO NOTHING;
INSERT INTO ingredient_alias (canonical_id, alias, alias_normalized, alias_type, language_code, confidence, source) VALUES ('NAME_16_september_2025_schedule_8_4_authorised_version_f2025c00967_registered_0910202', '142', '142', 'ins_number', NULL, 1.0, 'FSANZ-Sched8') ON CONFLICT(alias_normalized, alias_type, COALESCE(language_code, '')) DO NOTHING;
INSERT OR IGNORE INTO regulatory_fact (canonical_id, jurisdiction, fact_type, status, regulation_ref, product_category, evidence_id) VALUES ('NAME_16_september_2025_schedule_8_4_authorised_version_f2025c00967_registered_0910202', 'AU_NZ_FSANZ', 'permitted', 'Permitted food additive in Australia/New Zealand (INS 142)', 'FSANZ Schedule 8', 'food', (SELECT id FROM fact_evidence WHERE source_url = 'https://www.legislation.gov.au/F2015L00478/latest/text' AND snapshot_date = '2026-04-18' LIMIT 1));
INSERT INTO ingredient (canonical_id, primary_name, ingredient_class, ins_number, category, is_natural) VALUES ('NAME_guar_gum', 'Guar gum', 'substance', '412', 'food', 0) ON CONFLICT(canonical_id) DO NOTHING;
INSERT INTO ingredient_alias (canonical_id, alias, alias_normalized, alias_type, language_code, confidence, source) VALUES ('NAME_guar_gum', 'Guar gum', 'guar gum', 'synonym', 'en', 1.0, 'FSANZ-Sched8') ON CONFLICT(alias_normalized, alias_type, COALESCE(language_code, '')) DO NOTHING;
INSERT INTO ingredient_alias (canonical_id, alias, alias_normalized, alias_type, language_code, confidence, source) VALUES ('NAME_guar_gum', '412', '412', 'ins_number', NULL, 1.0, 'FSANZ-Sched8') ON CONFLICT(alias_normalized, alias_type, COALESCE(language_code, '')) DO NOTHING;
INSERT OR IGNORE INTO regulatory_fact (canonical_id, jurisdiction, fact_type, status, regulation_ref, product_category, evidence_id) VALUES ('NAME_guar_gum', 'AU_NZ_FSANZ', 'permitted', 'Permitted food additive in Australia/New Zealand (INS 412)', 'FSANZ Schedule 8', 'food', (SELECT id FROM fact_evidence WHERE source_url = 'https://www.legislation.gov.au/F2015L00478/latest/text' AND snapshot_date = '2026-04-18' LIMIT 1));
INSERT INTO ingredient (canonical_id, primary_name, ingredient_class, ins_number, category, is_natural) VALUES ('NAME_4_hexylresorcinol', '4-hexylresorcinol', 'substance', '586', 'food', 0) ON CONFLICT(canonical_id) DO NOTHING;
INSERT INTO ingredient_alias (canonical_id, alias, alias_normalized, alias_type, language_code, confidence, source) VALUES ('NAME_4_hexylresorcinol', '4-hexylresorcinol', '4-hexylresorcinol', 'synonym', 'en', 1.0, 'FSANZ-Sched8') ON CONFLICT(alias_normalized, alias_type, COALESCE(language_code, '')) DO NOTHING;
INSERT INTO ingredient_alias (canonical_id, alias, alias_normalized, alias_type, language_code, confidence, source) VALUES ('NAME_4_hexylresorcinol', '586', '586', 'ins_number', NULL, 1.0, 'FSANZ-Sched8') ON CONFLICT(alias_normalized, alias_type, COALESCE(language_code, '')) DO NOTHING;
INSERT OR IGNORE INTO regulatory_fact (canonical_id, jurisdiction, fact_type, status, regulation_ref, product_category, evidence_id) VALUES ('NAME_4_hexylresorcinol', 'AU_NZ_FSANZ', 'permitted', 'Permitted food additive in Australia/New Zealand (INS 586)', 'FSANZ Schedule 8', 'food', (SELECT id FROM fact_evidence WHERE source_url = 'https://www.legislation.gov.au/F2015L00478/latest/text' AND snapshot_date = '2026-04-18' LIMIT 1));
INSERT INTO ingredient (canonical_id, primary_name, ingredient_class, ins_number, category, is_natural) VALUES ('NAME_hydrochloric_acid', 'Hydrochloric acid', 'substance', '507', 'food', 0) ON CONFLICT(canonical_id) DO NOTHING;
INSERT INTO ingredient_alias (canonical_id, alias, alias_normalized, alias_type, language_code, confidence, source) VALUES ('NAME_hydrochloric_acid', 'Hydrochloric acid', 'hydrochloric acid', 'synonym', 'en', 1.0, 'FSANZ-Sched8') ON CONFLICT(alias_normalized, alias_type, COALESCE(language_code, '')) DO NOTHING;
INSERT INTO ingredient_alias (canonical_id, alias, alias_normalized, alias_type, language_code, confidence, source) VALUES ('NAME_hydrochloric_acid', '507', '507', 'ins_number', NULL, 1.0, 'FSANZ-Sched8') ON CONFLICT(alias_normalized, alias_type, COALESCE(language_code, '')) DO NOTHING;
INSERT OR IGNORE INTO regulatory_fact (canonical_id, jurisdiction, fact_type, status, regulation_ref, product_category, evidence_id) VALUES ('NAME_hydrochloric_acid', 'AU_NZ_FSANZ', 'permitted', 'Permitted food additive in Australia/New Zealand (INS 507)', 'FSANZ Schedule 8', 'food', (SELECT id FROM fact_evidence WHERE source_url = 'https://www.legislation.gov.au/F2015L00478/latest/text' AND snapshot_date = '2026-04-18' LIMIT 1));
INSERT INTO ingredient (canonical_id, primary_name, ingredient_class, ins_number, category, is_natural) VALUES ('NAME_hydroxypropyl_cellulose', 'Hydroxypropyl cellulose', 'substance', '463', 'food', 0) ON CONFLICT(canonical_id) DO NOTHING;
INSERT INTO ingredient_alias (canonical_id, alias, alias_normalized, alias_type, language_code, confidence, source) VALUES ('NAME_hydroxypropyl_cellulose', 'Hydroxypropyl cellulose', 'hydroxypropyl cellulose', 'synonym', 'en', 1.0, 'FSANZ-Sched8') ON CONFLICT(alias_normalized, alias_type, COALESCE(language_code, '')) DO NOTHING;
INSERT INTO ingredient_alias (canonical_id, alias, alias_normalized, alias_type, language_code, confidence, source) VALUES ('NAME_hydroxypropyl_cellulose', '463', '463', 'ins_number', NULL, 1.0, 'FSANZ-Sched8') ON CONFLICT(alias_normalized, alias_type, COALESCE(language_code, '')) DO NOTHING;
INSERT OR IGNORE INTO regulatory_fact (canonical_id, jurisdiction, fact_type, status, regulation_ref, product_category, evidence_id) VALUES ('NAME_hydroxypropyl_cellulose', 'AU_NZ_FSANZ', 'permitted', 'Permitted food additive in Australia/New Zealand (INS 463)', 'FSANZ Schedule 8', 'food', (SELECT id FROM fact_evidence WHERE source_url = 'https://www.legislation.gov.au/F2015L00478/latest/text' AND snapshot_date = '2026-04-18' LIMIT 1));
INSERT INTO ingredient (canonical_id, primary_name, ingredient_class, ins_number, category, is_natural) VALUES ('NAME_hydroxypropyl_distarch_phosphate', 'Hydroxypropyl distarch phosphate', 'substance', '1442', 'food', 0) ON CONFLICT(canonical_id) DO NOTHING;
INSERT INTO ingredient_alias (canonical_id, alias, alias_normalized, alias_type, language_code, confidence, source) VALUES ('NAME_hydroxypropyl_distarch_phosphate', 'Hydroxypropyl distarch phosphate', 'hydroxypropyl distarch phosphate', 'synonym', 'en', 1.0, 'FSANZ-Sched8') ON CONFLICT(alias_normalized, alias_type, COALESCE(language_code, '')) DO NOTHING;
INSERT INTO ingredient_alias (canonical_id, alias, alias_normalized, alias_type, language_code, confidence, source) VALUES ('NAME_hydroxypropyl_distarch_phosphate', '1442', '1442', 'ins_number', NULL, 1.0, 'FSANZ-Sched8') ON CONFLICT(alias_normalized, alias_type, COALESCE(language_code, '')) DO NOTHING;
INSERT OR IGNORE INTO regulatory_fact (canonical_id, jurisdiction, fact_type, status, regulation_ref, product_category, evidence_id) VALUES ('NAME_hydroxypropyl_distarch_phosphate', 'AU_NZ_FSANZ', 'permitted', 'Permitted food additive in Australia/New Zealand (INS 1442)', 'FSANZ Schedule 8', 'food', (SELECT id FROM fact_evidence WHERE source_url = 'https://www.legislation.gov.au/F2015L00478/latest/text' AND snapshot_date = '2026-04-18' LIMIT 1));
INSERT INTO ingredient (canonical_id, primary_name, ingredient_class, ins_number, category, is_natural) VALUES ('NAME_hydroxypropyl_methylcellulose', 'Hydroxypropyl methylcellulose', 'substance', '464', 'food', 0) ON CONFLICT(canonical_id) DO NOTHING;
INSERT INTO ingredient_alias (canonical_id, alias, alias_normalized, alias_type, language_code, confidence, source) VALUES ('NAME_hydroxypropyl_methylcellulose', 'Hydroxypropyl methylcellulose', 'hydroxypropyl methylcellulose', 'synonym', 'en', 1.0, 'FSANZ-Sched8') ON CONFLICT(alias_normalized, alias_type, COALESCE(language_code, '')) DO NOTHING;
INSERT INTO ingredient_alias (canonical_id, alias, alias_normalized, alias_type, language_code, confidence, source) VALUES ('NAME_hydroxypropyl_methylcellulose', '464', '464', 'ins_number', NULL, 1.0, 'FSANZ-Sched8') ON CONFLICT(alias_normalized, alias_type, COALESCE(language_code, '')) DO NOTHING;
INSERT OR IGNORE INTO regulatory_fact (canonical_id, jurisdiction, fact_type, status, regulation_ref, product_category, evidence_id) VALUES ('NAME_hydroxypropyl_methylcellulose', 'AU_NZ_FSANZ', 'permitted', 'Permitted food additive in Australia/New Zealand (INS 464)', 'FSANZ Schedule 8', 'food', (SELECT id FROM fact_evidence WHERE source_url = 'https://www.legislation.gov.au/F2015L00478/latest/text' AND snapshot_date = '2026-04-18' LIMIT 1));
INSERT INTO ingredient (canonical_id, primary_name, ingredient_class, ins_number, category, is_natural) VALUES ('NAME_hydroxypropyl_starch', 'Hydroxypropyl starch', 'substance', '1440', 'food', 0) ON CONFLICT(canonical_id) DO NOTHING;
INSERT INTO ingredient_alias (canonical_id, alias, alias_normalized, alias_type, language_code, confidence, source) VALUES ('NAME_hydroxypropyl_starch', 'Hydroxypropyl starch', 'hydroxypropyl starch', 'synonym', 'en', 1.0, 'FSANZ-Sched8') ON CONFLICT(alias_normalized, alias_type, COALESCE(language_code, '')) DO NOTHING;
INSERT INTO ingredient_alias (canonical_id, alias, alias_normalized, alias_type, language_code, confidence, source) VALUES ('NAME_hydroxypropyl_starch', '1440', '1440', 'ins_number', NULL, 1.0, 'FSANZ-Sched8') ON CONFLICT(alias_normalized, alias_type, COALESCE(language_code, '')) DO NOTHING;
INSERT OR IGNORE INTO regulatory_fact (canonical_id, jurisdiction, fact_type, status, regulation_ref, product_category, evidence_id) VALUES ('NAME_hydroxypropyl_starch', 'AU_NZ_FSANZ', 'permitted', 'Permitted food additive in Australia/New Zealand (INS 1440)', 'FSANZ Schedule 8', 'food', (SELECT id FROM fact_evidence WHERE source_url = 'https://www.legislation.gov.au/F2015L00478/latest/text' AND snapshot_date = '2026-04-18' LIMIT 1));
INSERT INTO ingredient (canonical_id, primary_name, ingredient_class, ins_number, category, is_natural) VALUES ('NAME_indigotine', 'Indigotine', 'substance', '132', 'food', 0) ON CONFLICT(canonical_id) DO NOTHING;
INSERT INTO ingredient_alias (canonical_id, alias, alias_normalized, alias_type, language_code, confidence, source) VALUES ('NAME_indigotine', 'Indigotine', 'indigotine', 'synonym', 'en', 1.0, 'FSANZ-Sched8') ON CONFLICT(alias_normalized, alias_type, COALESCE(language_code, '')) DO NOTHING;
INSERT INTO ingredient_alias (canonical_id, alias, alias_normalized, alias_type, language_code, confidence, source) VALUES ('NAME_indigotine', '132', '132', 'ins_number', NULL, 1.0, 'FSANZ-Sched8') ON CONFLICT(alias_normalized, alias_type, COALESCE(language_code, '')) DO NOTHING;
INSERT OR IGNORE INTO regulatory_fact (canonical_id, jurisdiction, fact_type, status, regulation_ref, product_category, evidence_id) VALUES ('NAME_indigotine', 'AU_NZ_FSANZ', 'permitted', 'Permitted food additive in Australia/New Zealand (INS 132)', 'FSANZ Schedule 8', 'food', (SELECT id FROM fact_evidence WHERE source_url = 'https://www.legislation.gov.au/F2015L00478/latest/text' AND snapshot_date = '2026-04-18' LIMIT 1));
INSERT INTO ingredient (canonical_id, primary_name, ingredient_class, ins_number, category, is_natural) VALUES ('NAME_iron_oxide', 'Iron oxide', 'substance', '172', 'food', 0) ON CONFLICT(canonical_id) DO NOTHING;
INSERT INTO ingredient_alias (canonical_id, alias, alias_normalized, alias_type, language_code, confidence, source) VALUES ('NAME_iron_oxide', 'Iron oxide', 'iron oxide', 'synonym', 'en', 1.0, 'FSANZ-Sched8') ON CONFLICT(alias_normalized, alias_type, COALESCE(language_code, '')) DO NOTHING;
INSERT INTO ingredient_alias (canonical_id, alias, alias_normalized, alias_type, language_code, confidence, source) VALUES ('NAME_iron_oxide', '172', '172', 'ins_number', NULL, 1.0, 'FSANZ-Sched8') ON CONFLICT(alias_normalized, alias_type, COALESCE(language_code, '')) DO NOTHING;
INSERT OR IGNORE INTO regulatory_fact (canonical_id, jurisdiction, fact_type, status, regulation_ref, product_category, evidence_id) VALUES ('NAME_iron_oxide', 'AU_NZ_FSANZ', 'permitted', 'Permitted food additive in Australia/New Zealand (INS 172)', 'FSANZ Schedule 8', 'food', (SELECT id FROM fact_evidence WHERE source_url = 'https://www.legislation.gov.au/F2015L00478/latest/text' AND snapshot_date = '2026-04-18' LIMIT 1));
INSERT INTO ingredient (canonical_id, primary_name, ingredient_class, ins_number, category, is_natural) VALUES ('NAME_isobutane', 'Isobutane', 'substance', '943b', 'food', 0) ON CONFLICT(canonical_id) DO NOTHING;
INSERT INTO ingredient_alias (canonical_id, alias, alias_normalized, alias_type, language_code, confidence, source) VALUES ('NAME_isobutane', 'Isobutane', 'isobutane', 'synonym', 'en', 1.0, 'FSANZ-Sched8') ON CONFLICT(alias_normalized, alias_type, COALESCE(language_code, '')) DO NOTHING;
INSERT INTO ingredient_alias (canonical_id, alias, alias_normalized, alias_type, language_code, confidence, source) VALUES ('NAME_isobutane', '943b', '943b', 'ins_number', NULL, 1.0, 'FSANZ-Sched8') ON CONFLICT(alias_normalized, alias_type, COALESCE(language_code, '')) DO NOTHING;
INSERT OR IGNORE INTO regulatory_fact (canonical_id, jurisdiction, fact_type, status, regulation_ref, product_category, evidence_id) VALUES ('NAME_isobutane', 'AU_NZ_FSANZ', 'permitted', 'Permitted food additive in Australia/New Zealand (INS 943b)', 'FSANZ Schedule 8', 'food', (SELECT id FROM fact_evidence WHERE source_url = 'https://www.legislation.gov.au/F2015L00478/latest/text' AND snapshot_date = '2026-04-18' LIMIT 1));
INSERT INTO ingredient (canonical_id, primary_name, ingredient_class, ins_number, category, is_natural) VALUES ('NAME_isomalt', 'Isomalt', 'substance', '953', 'food', 0) ON CONFLICT(canonical_id) DO NOTHING;
INSERT INTO ingredient_alias (canonical_id, alias, alias_normalized, alias_type, language_code, confidence, source) VALUES ('NAME_isomalt', 'Isomalt', 'isomalt', 'synonym', 'en', 1.0, 'FSANZ-Sched8') ON CONFLICT(alias_normalized, alias_type, COALESCE(language_code, '')) DO NOTHING;
INSERT INTO ingredient_alias (canonical_id, alias, alias_normalized, alias_type, language_code, confidence, source) VALUES ('NAME_isomalt', '953', '953', 'ins_number', NULL, 1.0, 'FSANZ-Sched8') ON CONFLICT(alias_normalized, alias_type, COALESCE(language_code, '')) DO NOTHING;
INSERT OR IGNORE INTO regulatory_fact (canonical_id, jurisdiction, fact_type, status, regulation_ref, product_category, evidence_id) VALUES ('NAME_isomalt', 'AU_NZ_FSANZ', 'permitted', 'Permitted food additive in Australia/New Zealand (INS 953)', 'FSANZ Schedule 8', 'food', (SELECT id FROM fact_evidence WHERE source_url = 'https://www.legislation.gov.au/F2015L00478/latest/text' AND snapshot_date = '2026-04-18' LIMIT 1));
INSERT INTO ingredient (canonical_id, primary_name, ingredient_class, ins_number, category, is_natural) VALUES ('NAME_karaya_gum', 'Karaya gum', 'substance', '416', 'food', 0) ON CONFLICT(canonical_id) DO NOTHING;
INSERT INTO ingredient_alias (canonical_id, alias, alias_normalized, alias_type, language_code, confidence, source) VALUES ('NAME_karaya_gum', 'Karaya gum', 'karaya gum', 'synonym', 'en', 1.0, 'FSANZ-Sched8') ON CONFLICT(alias_normalized, alias_type, COALESCE(language_code, '')) DO NOTHING;
INSERT INTO ingredient_alias (canonical_id, alias, alias_normalized, alias_type, language_code, confidence, source) VALUES ('NAME_karaya_gum', '416', '416', 'ins_number', NULL, 1.0, 'FSANZ-Sched8') ON CONFLICT(alias_normalized, alias_type, COALESCE(language_code, '')) DO NOTHING;
INSERT OR IGNORE INTO regulatory_fact (canonical_id, jurisdiction, fact_type, status, regulation_ref, product_category, evidence_id) VALUES ('NAME_karaya_gum', 'AU_NZ_FSANZ', 'permitted', 'Permitted food additive in Australia/New Zealand (INS 416)', 'FSANZ Schedule 8', 'food', (SELECT id FROM fact_evidence WHERE source_url = 'https://www.legislation.gov.au/F2015L00478/latest/text' AND snapshot_date = '2026-04-18' LIMIT 1));
INSERT INTO ingredient (canonical_id, primary_name, ingredient_class, ins_number, category, is_natural) VALUES ('NAME_kryptoxanthin', 'Kryptoxanthin', 'substance', '161c', 'food', 0) ON CONFLICT(canonical_id) DO NOTHING;
INSERT INTO ingredient_alias (canonical_id, alias, alias_normalized, alias_type, language_code, confidence, source) VALUES ('NAME_kryptoxanthin', 'Kryptoxanthin', 'kryptoxanthin', 'synonym', 'en', 1.0, 'FSANZ-Sched8') ON CONFLICT(alias_normalized, alias_type, COALESCE(language_code, '')) DO NOTHING;
INSERT INTO ingredient_alias (canonical_id, alias, alias_normalized, alias_type, language_code, confidence, source) VALUES ('NAME_kryptoxanthin', '161c', '161c', 'ins_number', NULL, 1.0, 'FSANZ-Sched8') ON CONFLICT(alias_normalized, alias_type, COALESCE(language_code, '')) DO NOTHING;
INSERT OR IGNORE INTO regulatory_fact (canonical_id, jurisdiction, fact_type, status, regulation_ref, product_category, evidence_id) VALUES ('NAME_kryptoxanthin', 'AU_NZ_FSANZ', 'permitted', 'Permitted food additive in Australia/New Zealand (INS 161c)', 'FSANZ Schedule 8', 'food', (SELECT id FROM fact_evidence WHERE source_url = 'https://www.legislation.gov.au/F2015L00478/latest/text' AND snapshot_date = '2026-04-18' LIMIT 1));
INSERT INTO ingredient (canonical_id, primary_name, ingredient_class, ins_number, category, is_natural) VALUES ('NAME_l_cysteine_monohydrochloride', 'L-cysteine monohydrochloride', 'substance', '920', 'food', 0) ON CONFLICT(canonical_id) DO NOTHING;
INSERT INTO ingredient_alias (canonical_id, alias, alias_normalized, alias_type, language_code, confidence, source) VALUES ('NAME_l_cysteine_monohydrochloride', 'L-cysteine monohydrochloride', 'l-cysteine monohydrochloride', 'synonym', 'en', 1.0, 'FSANZ-Sched8') ON CONFLICT(alias_normalized, alias_type, COALESCE(language_code, '')) DO NOTHING;
INSERT INTO ingredient_alias (canonical_id, alias, alias_normalized, alias_type, language_code, confidence, source) VALUES ('NAME_l_cysteine_monohydrochloride', '920', '920', 'ins_number', NULL, 1.0, 'FSANZ-Sched8') ON CONFLICT(alias_normalized, alias_type, COALESCE(language_code, '')) DO NOTHING;
INSERT OR IGNORE INTO regulatory_fact (canonical_id, jurisdiction, fact_type, status, regulation_ref, product_category, evidence_id) VALUES ('NAME_l_cysteine_monohydrochloride', 'AU_NZ_FSANZ', 'permitted', 'Permitted food additive in Australia/New Zealand (INS 920)', 'FSANZ Schedule 8', 'food', (SELECT id FROM fact_evidence WHERE source_url = 'https://www.legislation.gov.au/F2015L00478/latest/text' AND snapshot_date = '2026-04-18' LIMIT 1));
INSERT INTO ingredient (canonical_id, primary_name, ingredient_class, ins_number, category, is_natural) VALUES ('NAME_l_leucine', 'L-Leucine', 'substance', '641', 'food', 0) ON CONFLICT(canonical_id) DO NOTHING;
INSERT INTO ingredient_alias (canonical_id, alias, alias_normalized, alias_type, language_code, confidence, source) VALUES ('NAME_l_leucine', 'L-Leucine', 'l-leucine', 'synonym', 'en', 1.0, 'FSANZ-Sched8') ON CONFLICT(alias_normalized, alias_type, COALESCE(language_code, '')) DO NOTHING;
INSERT INTO ingredient_alias (canonical_id, alias, alias_normalized, alias_type, language_code, confidence, source) VALUES ('NAME_l_leucine', '641', '641', 'ins_number', NULL, 1.0, 'FSANZ-Sched8') ON CONFLICT(alias_normalized, alias_type, COALESCE(language_code, '')) DO NOTHING;
INSERT OR IGNORE INTO regulatory_fact (canonical_id, jurisdiction, fact_type, status, regulation_ref, product_category, evidence_id) VALUES ('NAME_l_leucine', 'AU_NZ_FSANZ', 'permitted', 'Permitted food additive in Australia/New Zealand (INS 641)', 'FSANZ Schedule 8', 'food', (SELECT id FROM fact_evidence WHERE source_url = 'https://www.legislation.gov.au/F2015L00478/latest/text' AND snapshot_date = '2026-04-18' LIMIT 1));
INSERT INTO ingredient (canonical_id, primary_name, ingredient_class, ins_number, category, is_natural) VALUES ('NAME_lactic_acid', 'Lactic acid', 'substance', '270', 'food', 0) ON CONFLICT(canonical_id) DO NOTHING;
INSERT INTO ingredient_alias (canonical_id, alias, alias_normalized, alias_type, language_code, confidence, source) VALUES ('NAME_lactic_acid', 'Lactic acid', 'lactic acid', 'synonym', 'en', 1.0, 'FSANZ-Sched8') ON CONFLICT(alias_normalized, alias_type, COALESCE(language_code, '')) DO NOTHING;
INSERT INTO ingredient_alias (canonical_id, alias, alias_normalized, alias_type, language_code, confidence, source) VALUES ('NAME_lactic_acid', '270', '270', 'ins_number', NULL, 1.0, 'FSANZ-Sched8') ON CONFLICT(alias_normalized, alias_type, COALESCE(language_code, '')) DO NOTHING;
INSERT OR IGNORE INTO regulatory_fact (canonical_id, jurisdiction, fact_type, status, regulation_ref, product_category, evidence_id) VALUES ('NAME_lactic_acid', 'AU_NZ_FSANZ', 'permitted', 'Permitted food additive in Australia/New Zealand (INS 270)', 'FSANZ Schedule 8', 'food', (SELECT id FROM fact_evidence WHERE source_url = 'https://www.legislation.gov.au/F2015L00478/latest/text' AND snapshot_date = '2026-04-18' LIMIT 1));
INSERT INTO ingredient (canonical_id, primary_name, ingredient_class, ins_number, category, is_natural) VALUES ('NAME_lactic_and_fatty_acid_esters_of_glycerol', 'Lactic and fatty acid esters of glycerol', 'substance', '472b', 'food', 0) ON CONFLICT(canonical_id) DO NOTHING;
INSERT INTO ingredient_alias (canonical_id, alias, alias_normalized, alias_type, language_code, confidence, source) VALUES ('NAME_lactic_and_fatty_acid_esters_of_glycerol', 'Lactic and fatty acid esters of glycerol', 'lactic and fatty acid esters of glycerol', 'synonym', 'en', 1.0, 'FSANZ-Sched8') ON CONFLICT(alias_normalized, alias_type, COALESCE(language_code, '')) DO NOTHING;
INSERT INTO ingredient_alias (canonical_id, alias, alias_normalized, alias_type, language_code, confidence, source) VALUES ('NAME_lactic_and_fatty_acid_esters_of_glycerol', '472b', '472b', 'ins_number', NULL, 1.0, 'FSANZ-Sched8') ON CONFLICT(alias_normalized, alias_type, COALESCE(language_code, '')) DO NOTHING;
INSERT OR IGNORE INTO regulatory_fact (canonical_id, jurisdiction, fact_type, status, regulation_ref, product_category, evidence_id) VALUES ('NAME_lactic_and_fatty_acid_esters_of_glycerol', 'AU_NZ_FSANZ', 'permitted', 'Permitted food additive in Australia/New Zealand (INS 472b)', 'FSANZ Schedule 8', 'food', (SELECT id FROM fact_evidence WHERE source_url = 'https://www.legislation.gov.au/F2015L00478/latest/text' AND snapshot_date = '2026-04-18' LIMIT 1));
INSERT INTO ingredient (canonical_id, primary_name, ingredient_class, ins_number, category, is_natural) VALUES ('NAME_lactitol', 'Lactitol', 'substance', '966', 'food', 0) ON CONFLICT(canonical_id) DO NOTHING;
INSERT INTO ingredient_alias (canonical_id, alias, alias_normalized, alias_type, language_code, confidence, source) VALUES ('NAME_lactitol', 'Lactitol', 'lactitol', 'synonym', 'en', 1.0, 'FSANZ-Sched8') ON CONFLICT(alias_normalized, alias_type, COALESCE(language_code, '')) DO NOTHING;
INSERT INTO ingredient_alias (canonical_id, alias, alias_normalized, alias_type, language_code, confidence, source) VALUES ('NAME_lactitol', '966', '966', 'ins_number', NULL, 1.0, 'FSANZ-Sched8') ON CONFLICT(alias_normalized, alias_type, COALESCE(language_code, '')) DO NOTHING;
INSERT OR IGNORE INTO regulatory_fact (canonical_id, jurisdiction, fact_type, status, regulation_ref, product_category, evidence_id) VALUES ('NAME_lactitol', 'AU_NZ_FSANZ', 'permitted', 'Permitted food additive in Australia/New Zealand (INS 966)', 'FSANZ Schedule 8', 'food', (SELECT id FROM fact_evidence WHERE source_url = 'https://www.legislation.gov.au/F2015L00478/latest/text' AND snapshot_date = '2026-04-18' LIMIT 1));
INSERT INTO ingredient (canonical_id, primary_name, ingredient_class, ins_number, category, is_natural) VALUES ('NAME_lecithin', 'Lecithin', 'substance', '322', 'food', 0) ON CONFLICT(canonical_id) DO NOTHING;
INSERT INTO ingredient_alias (canonical_id, alias, alias_normalized, alias_type, language_code, confidence, source) VALUES ('NAME_lecithin', 'Lecithin', 'lecithin', 'synonym', 'en', 1.0, 'FSANZ-Sched8') ON CONFLICT(alias_normalized, alias_type, COALESCE(language_code, '')) DO NOTHING;
INSERT INTO ingredient_alias (canonical_id, alias, alias_normalized, alias_type, language_code, confidence, source) VALUES ('NAME_lecithin', '322', '322', 'ins_number', NULL, 1.0, 'FSANZ-Sched8') ON CONFLICT(alias_normalized, alias_type, COALESCE(language_code, '')) DO NOTHING;
INSERT OR IGNORE INTO regulatory_fact (canonical_id, jurisdiction, fact_type, status, regulation_ref, product_category, evidence_id) VALUES ('NAME_lecithin', 'AU_NZ_FSANZ', 'permitted', 'Permitted food additive in Australia/New Zealand (INS 322)', 'FSANZ Schedule 8', 'food', (SELECT id FROM fact_evidence WHERE source_url = 'https://www.legislation.gov.au/F2015L00478/latest/text' AND snapshot_date = '2026-04-18' LIMIT 1));
INSERT INTO ingredient (canonical_id, primary_name, ingredient_class, ins_number, category, is_natural) VALUES ('NAME_lipases', 'Lipases', 'substance', '1104', 'food', 0) ON CONFLICT(canonical_id) DO NOTHING;
INSERT INTO ingredient_alias (canonical_id, alias, alias_normalized, alias_type, language_code, confidence, source) VALUES ('NAME_lipases', 'Lipases', 'lipases', 'synonym', 'en', 1.0, 'FSANZ-Sched8') ON CONFLICT(alias_normalized, alias_type, COALESCE(language_code, '')) DO NOTHING;
INSERT INTO ingredient_alias (canonical_id, alias, alias_normalized, alias_type, language_code, confidence, source) VALUES ('NAME_lipases', '1104', '1104', 'ins_number', NULL, 1.0, 'FSANZ-Sched8') ON CONFLICT(alias_normalized, alias_type, COALESCE(language_code, '')) DO NOTHING;
INSERT OR IGNORE INTO regulatory_fact (canonical_id, jurisdiction, fact_type, status, regulation_ref, product_category, evidence_id) VALUES ('NAME_lipases', 'AU_NZ_FSANZ', 'permitted', 'Permitted food additive in Australia/New Zealand (INS 1104)', 'FSANZ Schedule 8', 'food', (SELECT id FROM fact_evidence WHERE source_url = 'https://www.legislation.gov.au/F2015L00478/latest/text' AND snapshot_date = '2026-04-18' LIMIT 1));
INSERT INTO ingredient (canonical_id, primary_name, ingredient_class, ins_number, category, is_natural) VALUES ('NAME_locust_bean_gum_or_carob_bean_gum', 'Locust bean gum or carob bean gum', 'substance', '410', 'food', 0) ON CONFLICT(canonical_id) DO NOTHING;
INSERT INTO ingredient_alias (canonical_id, alias, alias_normalized, alias_type, language_code, confidence, source) VALUES ('NAME_locust_bean_gum_or_carob_bean_gum', 'Locust bean gum or carob bean gum', 'locust bean gum or carob bean gum', 'synonym', 'en', 1.0, 'FSANZ-Sched8') ON CONFLICT(alias_normalized, alias_type, COALESCE(language_code, '')) DO NOTHING;
INSERT INTO ingredient_alias (canonical_id, alias, alias_normalized, alias_type, language_code, confidence, source) VALUES ('NAME_locust_bean_gum_or_carob_bean_gum', '410', '410', 'ins_number', NULL, 1.0, 'FSANZ-Sched8') ON CONFLICT(alias_normalized, alias_type, COALESCE(language_code, '')) DO NOTHING;
INSERT OR IGNORE INTO regulatory_fact (canonical_id, jurisdiction, fact_type, status, regulation_ref, product_category, evidence_id) VALUES ('NAME_locust_bean_gum_or_carob_bean_gum', 'AU_NZ_FSANZ', 'permitted', 'Permitted food additive in Australia/New Zealand (INS 410)', 'FSANZ Schedule 8', 'food', (SELECT id FROM fact_evidence WHERE source_url = 'https://www.legislation.gov.au/F2015L00478/latest/text' AND snapshot_date = '2026-04-18' LIMIT 1));
INSERT INTO ingredient (canonical_id, primary_name, ingredient_class, ins_number, category, is_natural) VALUES ('NAME_lutein', 'Lutein', 'substance', '161b', 'food', 0) ON CONFLICT(canonical_id) DO NOTHING;
INSERT INTO ingredient_alias (canonical_id, alias, alias_normalized, alias_type, language_code, confidence, source) VALUES ('NAME_lutein', 'Lutein', 'lutein', 'synonym', 'en', 1.0, 'FSANZ-Sched8') ON CONFLICT(alias_normalized, alias_type, COALESCE(language_code, '')) DO NOTHING;
INSERT INTO ingredient_alias (canonical_id, alias, alias_normalized, alias_type, language_code, confidence, source) VALUES ('NAME_lutein', '161b', '161b', 'ins_number', NULL, 1.0, 'FSANZ-Sched8') ON CONFLICT(alias_normalized, alias_type, COALESCE(language_code, '')) DO NOTHING;
INSERT OR IGNORE INTO regulatory_fact (canonical_id, jurisdiction, fact_type, status, regulation_ref, product_category, evidence_id) VALUES ('NAME_lutein', 'AU_NZ_FSANZ', 'permitted', 'Permitted food additive in Australia/New Zealand (INS 161b)', 'FSANZ Schedule 8', 'food', (SELECT id FROM fact_evidence WHERE source_url = 'https://www.legislation.gov.au/F2015L00478/latest/text' AND snapshot_date = '2026-04-18' LIMIT 1));
INSERT INTO ingredient (canonical_id, primary_name, ingredient_class, ins_number, category, is_natural) VALUES ('NAME_lycopene', 'Lycopene', 'substance', '160d', 'food', 0) ON CONFLICT(canonical_id) DO NOTHING;
INSERT INTO ingredient_alias (canonical_id, alias, alias_normalized, alias_type, language_code, confidence, source) VALUES ('NAME_lycopene', 'Lycopene', 'lycopene', 'synonym', 'en', 1.0, 'FSANZ-Sched8') ON CONFLICT(alias_normalized, alias_type, COALESCE(language_code, '')) DO NOTHING;
INSERT INTO ingredient_alias (canonical_id, alias, alias_normalized, alias_type, language_code, confidence, source) VALUES ('NAME_lycopene', '160d', '160d', 'ins_number', NULL, 1.0, 'FSANZ-Sched8') ON CONFLICT(alias_normalized, alias_type, COALESCE(language_code, '')) DO NOTHING;
INSERT OR IGNORE INTO regulatory_fact (canonical_id, jurisdiction, fact_type, status, regulation_ref, product_category, evidence_id) VALUES ('NAME_lycopene', 'AU_NZ_FSANZ', 'permitted', 'Permitted food additive in Australia/New Zealand (INS 160d)', 'FSANZ Schedule 8', 'food', (SELECT id FROM fact_evidence WHERE source_url = 'https://www.legislation.gov.au/F2015L00478/latest/text' AND snapshot_date = '2026-04-18' LIMIT 1));
INSERT INTO ingredient (canonical_id, primary_name, ingredient_class, ins_number, category, is_natural) VALUES ('NAME_lysozyme', 'Lysozyme', 'substance', '1105', 'food', 0) ON CONFLICT(canonical_id) DO NOTHING;
INSERT INTO ingredient_alias (canonical_id, alias, alias_normalized, alias_type, language_code, confidence, source) VALUES ('NAME_lysozyme', 'Lysozyme', 'lysozyme', 'synonym', 'en', 1.0, 'FSANZ-Sched8') ON CONFLICT(alias_normalized, alias_type, COALESCE(language_code, '')) DO NOTHING;
INSERT INTO ingredient_alias (canonical_id, alias, alias_normalized, alias_type, language_code, confidence, source) VALUES ('NAME_lysozyme', '1105', '1105', 'ins_number', NULL, 1.0, 'FSANZ-Sched8') ON CONFLICT(alias_normalized, alias_type, COALESCE(language_code, '')) DO NOTHING;
INSERT OR IGNORE INTO regulatory_fact (canonical_id, jurisdiction, fact_type, status, regulation_ref, product_category, evidence_id) VALUES ('NAME_lysozyme', 'AU_NZ_FSANZ', 'permitted', 'Permitted food additive in Australia/New Zealand (INS 1105)', 'FSANZ Schedule 8', 'food', (SELECT id FROM fact_evidence WHERE source_url = 'https://www.legislation.gov.au/F2015L00478/latest/text' AND snapshot_date = '2026-04-18' LIMIT 1));
INSERT INTO ingredient (canonical_id, primary_name, ingredient_class, ins_number, category, is_natural) VALUES ('NAME_magnesium_carbonate', 'Magnesium carbonate', 'substance', '504', 'food', 0) ON CONFLICT(canonical_id) DO NOTHING;
INSERT INTO ingredient_alias (canonical_id, alias, alias_normalized, alias_type, language_code, confidence, source) VALUES ('NAME_magnesium_carbonate', 'Magnesium carbonate', 'magnesium carbonate', 'synonym', 'en', 1.0, 'FSANZ-Sched8') ON CONFLICT(alias_normalized, alias_type, COALESCE(language_code, '')) DO NOTHING;
INSERT INTO ingredient_alias (canonical_id, alias, alias_normalized, alias_type, language_code, confidence, source) VALUES ('NAME_magnesium_carbonate', '504', '504', 'ins_number', NULL, 1.0, 'FSANZ-Sched8') ON CONFLICT(alias_normalized, alias_type, COALESCE(language_code, '')) DO NOTHING;
INSERT OR IGNORE INTO regulatory_fact (canonical_id, jurisdiction, fact_type, status, regulation_ref, product_category, evidence_id) VALUES ('NAME_magnesium_carbonate', 'AU_NZ_FSANZ', 'permitted', 'Permitted food additive in Australia/New Zealand (INS 504)', 'FSANZ Schedule 8', 'food', (SELECT id FROM fact_evidence WHERE source_url = 'https://www.legislation.gov.au/F2015L00478/latest/text' AND snapshot_date = '2026-04-18' LIMIT 1));
INSERT INTO ingredient (canonical_id, primary_name, ingredient_class, ins_number, category, is_natural) VALUES ('NAME_magnesium_chloride', 'Magnesium chloride', 'substance', '511', 'food', 0) ON CONFLICT(canonical_id) DO NOTHING;
INSERT INTO ingredient_alias (canonical_id, alias, alias_normalized, alias_type, language_code, confidence, source) VALUES ('NAME_magnesium_chloride', 'Magnesium chloride', 'magnesium chloride', 'synonym', 'en', 1.0, 'FSANZ-Sched8') ON CONFLICT(alias_normalized, alias_type, COALESCE(language_code, '')) DO NOTHING;
INSERT INTO ingredient_alias (canonical_id, alias, alias_normalized, alias_type, language_code, confidence, source) VALUES ('NAME_magnesium_chloride', '511', '511', 'ins_number', NULL, 1.0, 'FSANZ-Sched8') ON CONFLICT(alias_normalized, alias_type, COALESCE(language_code, '')) DO NOTHING;
INSERT OR IGNORE INTO regulatory_fact (canonical_id, jurisdiction, fact_type, status, regulation_ref, product_category, evidence_id) VALUES ('NAME_magnesium_chloride', 'AU_NZ_FSANZ', 'permitted', 'Permitted food additive in Australia/New Zealand (INS 511)', 'FSANZ Schedule 8', 'food', (SELECT id FROM fact_evidence WHERE source_url = 'https://www.legislation.gov.au/F2015L00478/latest/text' AND snapshot_date = '2026-04-18' LIMIT 1));
INSERT INTO ingredient (canonical_id, primary_name, ingredient_class, ins_number, category, is_natural) VALUES ('NAME_magnesium_gluconate', 'Magnesium gluconate', 'substance', '580', 'food', 0) ON CONFLICT(canonical_id) DO NOTHING;
INSERT INTO ingredient_alias (canonical_id, alias, alias_normalized, alias_type, language_code, confidence, source) VALUES ('NAME_magnesium_gluconate', 'Magnesium gluconate', 'magnesium gluconate', 'synonym', 'en', 1.0, 'FSANZ-Sched8') ON CONFLICT(alias_normalized, alias_type, COALESCE(language_code, '')) DO NOTHING;
INSERT INTO ingredient_alias (canonical_id, alias, alias_normalized, alias_type, language_code, confidence, source) VALUES ('NAME_magnesium_gluconate', '580', '580', 'ins_number', NULL, 1.0, 'FSANZ-Sched8') ON CONFLICT(alias_normalized, alias_type, COALESCE(language_code, '')) DO NOTHING;
INSERT OR IGNORE INTO regulatory_fact (canonical_id, jurisdiction, fact_type, status, regulation_ref, product_category, evidence_id) VALUES ('NAME_magnesium_gluconate', 'AU_NZ_FSANZ', 'permitted', 'Permitted food additive in Australia/New Zealand (INS 580)', 'FSANZ Schedule 8', 'food', (SELECT id FROM fact_evidence WHERE source_url = 'https://www.legislation.gov.au/F2015L00478/latest/text' AND snapshot_date = '2026-04-18' LIMIT 1));
INSERT INTO ingredient (canonical_id, primary_name, ingredient_class, ins_number, category, is_natural) VALUES ('NAME_magnesium_glutamate', 'Magnesium glutamate', 'substance', '625', 'food', 0) ON CONFLICT(canonical_id) DO NOTHING;
INSERT INTO ingredient_alias (canonical_id, alias, alias_normalized, alias_type, language_code, confidence, source) VALUES ('NAME_magnesium_glutamate', 'Magnesium glutamate', 'magnesium glutamate', 'synonym', 'en', 1.0, 'FSANZ-Sched8') ON CONFLICT(alias_normalized, alias_type, COALESCE(language_code, '')) DO NOTHING;
INSERT INTO ingredient_alias (canonical_id, alias, alias_normalized, alias_type, language_code, confidence, source) VALUES ('NAME_magnesium_glutamate', '625', '625', 'ins_number', NULL, 1.0, 'FSANZ-Sched8') ON CONFLICT(alias_normalized, alias_type, COALESCE(language_code, '')) DO NOTHING;
INSERT OR IGNORE INTO regulatory_fact (canonical_id, jurisdiction, fact_type, status, regulation_ref, product_category, evidence_id) VALUES ('NAME_magnesium_glutamate', 'AU_NZ_FSANZ', 'permitted', 'Permitted food additive in Australia/New Zealand (INS 625)', 'FSANZ Schedule 8', 'food', (SELECT id FROM fact_evidence WHERE source_url = 'https://www.legislation.gov.au/F2015L00478/latest/text' AND snapshot_date = '2026-04-18' LIMIT 1));
INSERT INTO ingredient (canonical_id, primary_name, ingredient_class, ins_number, category, is_natural) VALUES ('NAME_magnesium_lactate', 'Magnesium lactate', 'substance', '329', 'food', 0) ON CONFLICT(canonical_id) DO NOTHING;
INSERT INTO ingredient_alias (canonical_id, alias, alias_normalized, alias_type, language_code, confidence, source) VALUES ('NAME_magnesium_lactate', 'Magnesium lactate', 'magnesium lactate', 'synonym', 'en', 1.0, 'FSANZ-Sched8') ON CONFLICT(alias_normalized, alias_type, COALESCE(language_code, '')) DO NOTHING;
INSERT INTO ingredient_alias (canonical_id, alias, alias_normalized, alias_type, language_code, confidence, source) VALUES ('NAME_magnesium_lactate', '329', '329', 'ins_number', NULL, 1.0, 'FSANZ-Sched8') ON CONFLICT(alias_normalized, alias_type, COALESCE(language_code, '')) DO NOTHING;
INSERT OR IGNORE INTO regulatory_fact (canonical_id, jurisdiction, fact_type, status, regulation_ref, product_category, evidence_id) VALUES ('NAME_magnesium_lactate', 'AU_NZ_FSANZ', 'permitted', 'Permitted food additive in Australia/New Zealand (INS 329)', 'FSANZ Schedule 8', 'food', (SELECT id FROM fact_evidence WHERE source_url = 'https://www.legislation.gov.au/F2015L00478/latest/text' AND snapshot_date = '2026-04-18' LIMIT 1));
INSERT INTO ingredient (canonical_id, primary_name, ingredient_class, ins_number, category, is_natural) VALUES ('NAME_magnesium_oxide', 'Magnesium oxide', 'substance', '530', 'food', 0) ON CONFLICT(canonical_id) DO NOTHING;
INSERT INTO ingredient_alias (canonical_id, alias, alias_normalized, alias_type, language_code, confidence, source) VALUES ('NAME_magnesium_oxide', 'Magnesium oxide', 'magnesium oxide', 'synonym', 'en', 1.0, 'FSANZ-Sched8') ON CONFLICT(alias_normalized, alias_type, COALESCE(language_code, '')) DO NOTHING;
INSERT INTO ingredient_alias (canonical_id, alias, alias_normalized, alias_type, language_code, confidence, source) VALUES ('NAME_magnesium_oxide', '530', '530', 'ins_number', NULL, 1.0, 'FSANZ-Sched8') ON CONFLICT(alias_normalized, alias_type, COALESCE(language_code, '')) DO NOTHING;
INSERT OR IGNORE INTO regulatory_fact (canonical_id, jurisdiction, fact_type, status, regulation_ref, product_category, evidence_id) VALUES ('NAME_magnesium_oxide', 'AU_NZ_FSANZ', 'permitted', 'Permitted food additive in Australia/New Zealand (INS 530)', 'FSANZ Schedule 8', 'food', (SELECT id FROM fact_evidence WHERE source_url = 'https://www.legislation.gov.au/F2015L00478/latest/text' AND snapshot_date = '2026-04-18' LIMIT 1));
INSERT INTO ingredient (canonical_id, primary_name, ingredient_class, ins_number, category, is_natural) VALUES ('NAME_magnesium_phosphate_dibasic', 'Magnesium phosphate, dibasic', 'substance', '343', 'food', 0) ON CONFLICT(canonical_id) DO NOTHING;
INSERT INTO ingredient_alias (canonical_id, alias, alias_normalized, alias_type, language_code, confidence, source) VALUES ('NAME_magnesium_phosphate_dibasic', 'Magnesium phosphate, dibasic', 'magnesium phosphate, dibasic', 'synonym', 'en', 1.0, 'FSANZ-Sched8') ON CONFLICT(alias_normalized, alias_type, COALESCE(language_code, '')) DO NOTHING;
INSERT INTO ingredient_alias (canonical_id, alias, alias_normalized, alias_type, language_code, confidence, source) VALUES ('NAME_magnesium_phosphate_dibasic', '343', '343', 'ins_number', NULL, 1.0, 'FSANZ-Sched8') ON CONFLICT(alias_normalized, alias_type, COALESCE(language_code, '')) DO NOTHING;
INSERT OR IGNORE INTO regulatory_fact (canonical_id, jurisdiction, fact_type, status, regulation_ref, product_category, evidence_id) VALUES ('NAME_magnesium_phosphate_dibasic', 'AU_NZ_FSANZ', 'permitted', 'Permitted food additive in Australia/New Zealand (INS 343)', 'FSANZ Schedule 8', 'food', (SELECT id FROM fact_evidence WHERE source_url = 'https://www.legislation.gov.au/F2015L00478/latest/text' AND snapshot_date = '2026-04-18' LIMIT 1));
INSERT INTO ingredient (canonical_id, primary_name, ingredient_class, ins_number, category, is_natural) VALUES ('NAME_magnesium_phosphate_monobasic', 'Magnesium phosphate, monobasic', 'substance', '343', 'food', 0) ON CONFLICT(canonical_id) DO NOTHING;
INSERT INTO ingredient_alias (canonical_id, alias, alias_normalized, alias_type, language_code, confidence, source) VALUES ('NAME_magnesium_phosphate_monobasic', 'Magnesium phosphate, monobasic', 'magnesium phosphate, monobasic', 'synonym', 'en', 1.0, 'FSANZ-Sched8') ON CONFLICT(alias_normalized, alias_type, COALESCE(language_code, '')) DO NOTHING;
INSERT INTO ingredient_alias (canonical_id, alias, alias_normalized, alias_type, language_code, confidence, source) VALUES ('NAME_magnesium_phosphate_monobasic', '343', '343', 'ins_number', NULL, 1.0, 'FSANZ-Sched8') ON CONFLICT(alias_normalized, alias_type, COALESCE(language_code, '')) DO NOTHING;
INSERT OR IGNORE INTO regulatory_fact (canonical_id, jurisdiction, fact_type, status, regulation_ref, product_category, evidence_id) VALUES ('NAME_magnesium_phosphate_monobasic', 'AU_NZ_FSANZ', 'permitted', 'Permitted food additive in Australia/New Zealand (INS 343)', 'FSANZ Schedule 8', 'food', (SELECT id FROM fact_evidence WHERE source_url = 'https://www.legislation.gov.au/F2015L00478/latest/text' AND snapshot_date = '2026-04-18' LIMIT 1));
INSERT INTO ingredient (canonical_id, primary_name, ingredient_class, ins_number, category, is_natural) VALUES ('NAME_magnesium_phosphate_tribasic', 'Magnesium phosphate, tribasic', 'substance', '343', 'food', 0) ON CONFLICT(canonical_id) DO NOTHING;
INSERT INTO ingredient_alias (canonical_id, alias, alias_normalized, alias_type, language_code, confidence, source) VALUES ('NAME_magnesium_phosphate_tribasic', 'Magnesium phosphate, tribasic', 'magnesium phosphate, tribasic', 'synonym', 'en', 1.0, 'FSANZ-Sched8') ON CONFLICT(alias_normalized, alias_type, COALESCE(language_code, '')) DO NOTHING;
INSERT INTO ingredient_alias (canonical_id, alias, alias_normalized, alias_type, language_code, confidence, source) VALUES ('NAME_magnesium_phosphate_tribasic', '343', '343', 'ins_number', NULL, 1.0, 'FSANZ-Sched8') ON CONFLICT(alias_normalized, alias_type, COALESCE(language_code, '')) DO NOTHING;
INSERT OR IGNORE INTO regulatory_fact (canonical_id, jurisdiction, fact_type, status, regulation_ref, product_category, evidence_id) VALUES ('NAME_magnesium_phosphate_tribasic', 'AU_NZ_FSANZ', 'permitted', 'Permitted food additive in Australia/New Zealand (INS 343)', 'FSANZ Schedule 8', 'food', (SELECT id FROM fact_evidence WHERE source_url = 'https://www.legislation.gov.au/F2015L00478/latest/text' AND snapshot_date = '2026-04-18' LIMIT 1));
INSERT INTO ingredient (canonical_id, primary_name, ingredient_class, ins_number, category, is_natural) VALUES ('NAME_magnesium_silicate_or_talc', 'Magnesium silicate or Talc', 'substance', '553', 'food', 0) ON CONFLICT(canonical_id) DO NOTHING;
INSERT INTO ingredient_alias (canonical_id, alias, alias_normalized, alias_type, language_code, confidence, source) VALUES ('NAME_magnesium_silicate_or_talc', 'Magnesium silicate or Talc', 'magnesium silicate or talc', 'synonym', 'en', 1.0, 'FSANZ-Sched8') ON CONFLICT(alias_normalized, alias_type, COALESCE(language_code, '')) DO NOTHING;
INSERT INTO ingredient_alias (canonical_id, alias, alias_normalized, alias_type, language_code, confidence, source) VALUES ('NAME_magnesium_silicate_or_talc', '553', '553', 'ins_number', NULL, 1.0, 'FSANZ-Sched8') ON CONFLICT(alias_normalized, alias_type, COALESCE(language_code, '')) DO NOTHING;
INSERT OR IGNORE INTO regulatory_fact (canonical_id, jurisdiction, fact_type, status, regulation_ref, product_category, evidence_id) VALUES ('NAME_magnesium_silicate_or_talc', 'AU_NZ_FSANZ', 'permitted', 'Permitted food additive in Australia/New Zealand (INS 553)', 'FSANZ Schedule 8', 'food', (SELECT id FROM fact_evidence WHERE source_url = 'https://www.legislation.gov.au/F2015L00478/latest/text' AND snapshot_date = '2026-04-18' LIMIT 1));
INSERT INTO ingredient (canonical_id, primary_name, ingredient_class, ins_number, category, is_natural) VALUES ('NAME_magnesium_sulphate', 'Magnesium sulphate', 'substance', '518', 'food', 0) ON CONFLICT(canonical_id) DO NOTHING;
INSERT INTO ingredient_alias (canonical_id, alias, alias_normalized, alias_type, language_code, confidence, source) VALUES ('NAME_magnesium_sulphate', 'Magnesium sulphate', 'magnesium sulphate', 'synonym', 'en', 1.0, 'FSANZ-Sched8') ON CONFLICT(alias_normalized, alias_type, COALESCE(language_code, '')) DO NOTHING;
INSERT INTO ingredient_alias (canonical_id, alias, alias_normalized, alias_type, language_code, confidence, source) VALUES ('NAME_magnesium_sulphate', '518', '518', 'ins_number', NULL, 1.0, 'FSANZ-Sched8') ON CONFLICT(alias_normalized, alias_type, COALESCE(language_code, '')) DO NOTHING;
INSERT OR IGNORE INTO regulatory_fact (canonical_id, jurisdiction, fact_type, status, regulation_ref, product_category, evidence_id) VALUES ('NAME_magnesium_sulphate', 'AU_NZ_FSANZ', 'permitted', 'Permitted food additive in Australia/New Zealand (INS 518)', 'FSANZ Schedule 8', 'food', (SELECT id FROM fact_evidence WHERE source_url = 'https://www.legislation.gov.au/F2015L00478/latest/text' AND snapshot_date = '2026-04-18' LIMIT 1));
INSERT INTO ingredient (canonical_id, primary_name, ingredient_class, ins_number, category, is_natural) VALUES ('NAME_malic_acid', 'Malic acid', 'substance', '296', 'food', 0) ON CONFLICT(canonical_id) DO NOTHING;
INSERT INTO ingredient_alias (canonical_id, alias, alias_normalized, alias_type, language_code, confidence, source) VALUES ('NAME_malic_acid', 'Malic acid', 'malic acid', 'synonym', 'en', 1.0, 'FSANZ-Sched8') ON CONFLICT(alias_normalized, alias_type, COALESCE(language_code, '')) DO NOTHING;
INSERT INTO ingredient_alias (canonical_id, alias, alias_normalized, alias_type, language_code, confidence, source) VALUES ('NAME_malic_acid', '296', '296', 'ins_number', NULL, 1.0, 'FSANZ-Sched8') ON CONFLICT(alias_normalized, alias_type, COALESCE(language_code, '')) DO NOTHING;
INSERT OR IGNORE INTO regulatory_fact (canonical_id, jurisdiction, fact_type, status, regulation_ref, product_category, evidence_id) VALUES ('NAME_malic_acid', 'AU_NZ_FSANZ', 'permitted', 'Permitted food additive in Australia/New Zealand (INS 296)', 'FSANZ Schedule 8', 'food', (SELECT id FROM fact_evidence WHERE source_url = 'https://www.legislation.gov.au/F2015L00478/latest/text' AND snapshot_date = '2026-04-18' LIMIT 1));
INSERT INTO ingredient (canonical_id, primary_name, ingredient_class, ins_number, category, is_natural) VALUES ('NAME_16_september_2025_schedule_8_5_authorised_version_f2025c00967_registered_0910202', '16 September 2025 Schedule 8 5 Authorised Version F2025C00967 registered 09/10/2025 Maltitol and maltitol syrup or', 'substance', '965', 'food', 0) ON CONFLICT(canonical_id) DO NOTHING;
INSERT INTO ingredient_alias (canonical_id, alias, alias_normalized, alias_type, language_code, confidence, source) VALUES ('NAME_16_september_2025_schedule_8_5_authorised_version_f2025c00967_registered_0910202', '16 September 2025 Schedule 8 5 Authorised Version F2025C00967 registered 09/10/2025 Maltitol and maltitol syrup or', '16 september 2025 schedule 8 5 authorised version f2025c00967 registered 09/10/2025 maltitol and maltitol syrup or', 'synonym', 'en', 1.0, 'FSANZ-Sched8') ON CONFLICT(alias_normalized, alias_type, COALESCE(language_code, '')) DO NOTHING;
INSERT INTO ingredient_alias (canonical_id, alias, alias_normalized, alias_type, language_code, confidence, source) VALUES ('NAME_16_september_2025_schedule_8_5_authorised_version_f2025c00967_registered_0910202', '965', '965', 'ins_number', NULL, 1.0, 'FSANZ-Sched8') ON CONFLICT(alias_normalized, alias_type, COALESCE(language_code, '')) DO NOTHING;
INSERT OR IGNORE INTO regulatory_fact (canonical_id, jurisdiction, fact_type, status, regulation_ref, product_category, evidence_id) VALUES ('NAME_16_september_2025_schedule_8_5_authorised_version_f2025c00967_registered_0910202', 'AU_NZ_FSANZ', 'permitted', 'Permitted food additive in Australia/New Zealand (INS 965)', 'FSANZ Schedule 8', 'food', (SELECT id FROM fact_evidence WHERE source_url = 'https://www.legislation.gov.au/F2015L00478/latest/text' AND snapshot_date = '2026-04-18' LIMIT 1));
INSERT INTO ingredient (canonical_id, primary_name, ingredient_class, ins_number, category, is_natural) VALUES ('NAME_hydrogenated_glucose_syrup_maltol', 'hydrogenated glucose syrup Maltol', 'substance', '636', 'food', 0) ON CONFLICT(canonical_id) DO NOTHING;
INSERT INTO ingredient_alias (canonical_id, alias, alias_normalized, alias_type, language_code, confidence, source) VALUES ('NAME_hydrogenated_glucose_syrup_maltol', 'hydrogenated glucose syrup Maltol', 'hydrogenated glucose syrup maltol', 'synonym', 'en', 1.0, 'FSANZ-Sched8') ON CONFLICT(alias_normalized, alias_type, COALESCE(language_code, '')) DO NOTHING;
INSERT INTO ingredient_alias (canonical_id, alias, alias_normalized, alias_type, language_code, confidence, source) VALUES ('NAME_hydrogenated_glucose_syrup_maltol', '636', '636', 'ins_number', NULL, 1.0, 'FSANZ-Sched8') ON CONFLICT(alias_normalized, alias_type, COALESCE(language_code, '')) DO NOTHING;
INSERT OR IGNORE INTO regulatory_fact (canonical_id, jurisdiction, fact_type, status, regulation_ref, product_category, evidence_id) VALUES ('NAME_hydrogenated_glucose_syrup_maltol', 'AU_NZ_FSANZ', 'permitted', 'Permitted food additive in Australia/New Zealand (INS 636)', 'FSANZ Schedule 8', 'food', (SELECT id FROM fact_evidence WHERE source_url = 'https://www.legislation.gov.au/F2015L00478/latest/text' AND snapshot_date = '2026-04-18' LIMIT 1));
INSERT INTO ingredient (canonical_id, primary_name, ingredient_class, ins_number, category, is_natural) VALUES ('NAME_mannitol', 'Mannitol', 'substance', '421', 'food', 0) ON CONFLICT(canonical_id) DO NOTHING;
INSERT INTO ingredient_alias (canonical_id, alias, alias_normalized, alias_type, language_code, confidence, source) VALUES ('NAME_mannitol', 'Mannitol', 'mannitol', 'synonym', 'en', 1.0, 'FSANZ-Sched8') ON CONFLICT(alias_normalized, alias_type, COALESCE(language_code, '')) DO NOTHING;
INSERT INTO ingredient_alias (canonical_id, alias, alias_normalized, alias_type, language_code, confidence, source) VALUES ('NAME_mannitol', '421', '421', 'ins_number', NULL, 1.0, 'FSANZ-Sched8') ON CONFLICT(alias_normalized, alias_type, COALESCE(language_code, '')) DO NOTHING;
INSERT OR IGNORE INTO regulatory_fact (canonical_id, jurisdiction, fact_type, status, regulation_ref, product_category, evidence_id) VALUES ('NAME_mannitol', 'AU_NZ_FSANZ', 'permitted', 'Permitted food additive in Australia/New Zealand (INS 421)', 'FSANZ Schedule 8', 'food', (SELECT id FROM fact_evidence WHERE source_url = 'https://www.legislation.gov.au/F2015L00478/latest/text' AND snapshot_date = '2026-04-18' LIMIT 1));
INSERT INTO ingredient (canonical_id, primary_name, ingredient_class, ins_number, category, is_natural) VALUES ('NAME_metatartaric_acid', 'Metatartaric acid', 'substance', '353', 'food', 0) ON CONFLICT(canonical_id) DO NOTHING;
INSERT INTO ingredient_alias (canonical_id, alias, alias_normalized, alias_type, language_code, confidence, source) VALUES ('NAME_metatartaric_acid', 'Metatartaric acid', 'metatartaric acid', 'synonym', 'en', 1.0, 'FSANZ-Sched8') ON CONFLICT(alias_normalized, alias_type, COALESCE(language_code, '')) DO NOTHING;
INSERT INTO ingredient_alias (canonical_id, alias, alias_normalized, alias_type, language_code, confidence, source) VALUES ('NAME_metatartaric_acid', '353', '353', 'ins_number', NULL, 1.0, 'FSANZ-Sched8') ON CONFLICT(alias_normalized, alias_type, COALESCE(language_code, '')) DO NOTHING;
INSERT OR IGNORE INTO regulatory_fact (canonical_id, jurisdiction, fact_type, status, regulation_ref, product_category, evidence_id) VALUES ('NAME_metatartaric_acid', 'AU_NZ_FSANZ', 'permitted', 'Permitted food additive in Australia/New Zealand (INS 353)', 'FSANZ Schedule 8', 'food', (SELECT id FROM fact_evidence WHERE source_url = 'https://www.legislation.gov.au/F2015L00478/latest/text' AND snapshot_date = '2026-04-18' LIMIT 1));
INSERT INTO ingredient (canonical_id, primary_name, ingredient_class, ins_number, category, is_natural) VALUES ('NAME_methyl_ethyl_cellulose', 'Methyl ethyl cellulose', 'substance', '465', 'food', 0) ON CONFLICT(canonical_id) DO NOTHING;
INSERT INTO ingredient_alias (canonical_id, alias, alias_normalized, alias_type, language_code, confidence, source) VALUES ('NAME_methyl_ethyl_cellulose', 'Methyl ethyl cellulose', 'methyl ethyl cellulose', 'synonym', 'en', 1.0, 'FSANZ-Sched8') ON CONFLICT(alias_normalized, alias_type, COALESCE(language_code, '')) DO NOTHING;
INSERT INTO ingredient_alias (canonical_id, alias, alias_normalized, alias_type, language_code, confidence, source) VALUES ('NAME_methyl_ethyl_cellulose', '465', '465', 'ins_number', NULL, 1.0, 'FSANZ-Sched8') ON CONFLICT(alias_normalized, alias_type, COALESCE(language_code, '')) DO NOTHING;
INSERT OR IGNORE INTO regulatory_fact (canonical_id, jurisdiction, fact_type, status, regulation_ref, product_category, evidence_id) VALUES ('NAME_methyl_ethyl_cellulose', 'AU_NZ_FSANZ', 'permitted', 'Permitted food additive in Australia/New Zealand (INS 465)', 'FSANZ Schedule 8', 'food', (SELECT id FROM fact_evidence WHERE source_url = 'https://www.legislation.gov.au/F2015L00478/latest/text' AND snapshot_date = '2026-04-18' LIMIT 1));
INSERT INTO ingredient (canonical_id, primary_name, ingredient_class, ins_number, category, is_natural) VALUES ('NAME_methyl_cellulose', 'Methyl cellulose', 'substance', '461', 'food', 0) ON CONFLICT(canonical_id) DO NOTHING;
INSERT INTO ingredient_alias (canonical_id, alias, alias_normalized, alias_type, language_code, confidence, source) VALUES ('NAME_methyl_cellulose', 'Methyl cellulose', 'methyl cellulose', 'synonym', 'en', 1.0, 'FSANZ-Sched8') ON CONFLICT(alias_normalized, alias_type, COALESCE(language_code, '')) DO NOTHING;
INSERT INTO ingredient_alias (canonical_id, alias, alias_normalized, alias_type, language_code, confidence, source) VALUES ('NAME_methyl_cellulose', '461', '461', 'ins_number', NULL, 1.0, 'FSANZ-Sched8') ON CONFLICT(alias_normalized, alias_type, COALESCE(language_code, '')) DO NOTHING;
INSERT OR IGNORE INTO regulatory_fact (canonical_id, jurisdiction, fact_type, status, regulation_ref, product_category, evidence_id) VALUES ('NAME_methyl_cellulose', 'AU_NZ_FSANZ', 'permitted', 'Permitted food additive in Australia/New Zealand (INS 461)', 'FSANZ Schedule 8', 'food', (SELECT id FROM fact_evidence WHERE source_url = 'https://www.legislation.gov.au/F2015L00478/latest/text' AND snapshot_date = '2026-04-18' LIMIT 1));
INSERT INTO ingredient (canonical_id, primary_name, ingredient_class, ins_number, category, is_natural) VALUES ('NAME_methylparaben_or_methyl_p_hydroxy', 'Methylparaben or Methyl-p-hydroxy-', 'substance', '218', 'food', 0) ON CONFLICT(canonical_id) DO NOTHING;
INSERT INTO ingredient_alias (canonical_id, alias, alias_normalized, alias_type, language_code, confidence, source) VALUES ('NAME_methylparaben_or_methyl_p_hydroxy', 'Methylparaben or Methyl-p-hydroxy-', 'methylparaben or methyl-p-hydroxy-', 'synonym', 'en', 1.0, 'FSANZ-Sched8') ON CONFLICT(alias_normalized, alias_type, COALESCE(language_code, '')) DO NOTHING;
INSERT INTO ingredient_alias (canonical_id, alias, alias_normalized, alias_type, language_code, confidence, source) VALUES ('NAME_methylparaben_or_methyl_p_hydroxy', '218', '218', 'ins_number', NULL, 1.0, 'FSANZ-Sched8') ON CONFLICT(alias_normalized, alias_type, COALESCE(language_code, '')) DO NOTHING;
INSERT OR IGNORE INTO regulatory_fact (canonical_id, jurisdiction, fact_type, status, regulation_ref, product_category, evidence_id) VALUES ('NAME_methylparaben_or_methyl_p_hydroxy', 'AU_NZ_FSANZ', 'permitted', 'Permitted food additive in Australia/New Zealand (INS 218)', 'FSANZ Schedule 8', 'food', (SELECT id FROM fact_evidence WHERE source_url = 'https://www.legislation.gov.au/F2015L00478/latest/text' AND snapshot_date = '2026-04-18' LIMIT 1));
INSERT INTO ingredient (canonical_id, primary_name, ingredient_class, ins_number, category, is_natural) VALUES ('NAME_benzoate_mixed_tartaric_acetic_and_fatty_acid', 'benzoate Mixed tartaric, acetic and fatty acid', 'substance', '472f', 'food', 0) ON CONFLICT(canonical_id) DO NOTHING;
INSERT INTO ingredient_alias (canonical_id, alias, alias_normalized, alias_type, language_code, confidence, source) VALUES ('NAME_benzoate_mixed_tartaric_acetic_and_fatty_acid', 'benzoate Mixed tartaric, acetic and fatty acid', 'benzoate mixed tartaric, acetic and fatty acid', 'synonym', 'en', 1.0, 'FSANZ-Sched8') ON CONFLICT(alias_normalized, alias_type, COALESCE(language_code, '')) DO NOTHING;
INSERT INTO ingredient_alias (canonical_id, alias, alias_normalized, alias_type, language_code, confidence, source) VALUES ('NAME_benzoate_mixed_tartaric_acetic_and_fatty_acid', '472f', '472f', 'ins_number', NULL, 1.0, 'FSANZ-Sched8') ON CONFLICT(alias_normalized, alias_type, COALESCE(language_code, '')) DO NOTHING;
INSERT OR IGNORE INTO regulatory_fact (canonical_id, jurisdiction, fact_type, status, regulation_ref, product_category, evidence_id) VALUES ('NAME_benzoate_mixed_tartaric_acetic_and_fatty_acid', 'AU_NZ_FSANZ', 'permitted', 'Permitted food additive in Australia/New Zealand (INS 472f)', 'FSANZ Schedule 8', 'food', (SELECT id FROM fact_evidence WHERE source_url = 'https://www.legislation.gov.au/F2015L00478/latest/text' AND snapshot_date = '2026-04-18' LIMIT 1));
INSERT INTO ingredient (canonical_id, primary_name, ingredient_class, ins_number, category, is_natural) VALUES ('NAME_esters_of_glycerol_or_tartaric_acetic_and_fatty_acid_esters_of_glycerol_monk_fru', 'esters of glycerol or tartaric, acetic and fatty acid esters of glycerol (mixed) monk fruit extract or – luo han guo extract Mono- and di-glycerides of fatty acids', 'substance', '471', 'food', 0) ON CONFLICT(canonical_id) DO NOTHING;
INSERT INTO ingredient_alias (canonical_id, alias, alias_normalized, alias_type, language_code, confidence, source) VALUES ('NAME_esters_of_glycerol_or_tartaric_acetic_and_fatty_acid_esters_of_glycerol_monk_fru', 'esters of glycerol or tartaric, acetic and fatty acid esters of glycerol (mixed) monk fruit extract or – luo han guo extract Mono- and di-glycerides of fatty acids', 'esters of glycerol or tartaric, acetic and fatty acid esters of glycerol (mixed) monk fruit extract or – luo han guo extract mono- and di-glycerides of fatty acids', 'synonym', 'en', 1.0, 'FSANZ-Sched8') ON CONFLICT(alias_normalized, alias_type, COALESCE(language_code, '')) DO NOTHING;
INSERT INTO ingredient_alias (canonical_id, alias, alias_normalized, alias_type, language_code, confidence, source) VALUES ('NAME_esters_of_glycerol_or_tartaric_acetic_and_fatty_acid_esters_of_glycerol_monk_fru', '471', '471', 'ins_number', NULL, 1.0, 'FSANZ-Sched8') ON CONFLICT(alias_normalized, alias_type, COALESCE(language_code, '')) DO NOTHING;
INSERT OR IGNORE INTO regulatory_fact (canonical_id, jurisdiction, fact_type, status, regulation_ref, product_category, evidence_id) VALUES ('NAME_esters_of_glycerol_or_tartaric_acetic_and_fatty_acid_esters_of_glycerol_monk_fru', 'AU_NZ_FSANZ', 'permitted', 'Permitted food additive in Australia/New Zealand (INS 471)', 'FSANZ Schedule 8', 'food', (SELECT id FROM fact_evidence WHERE source_url = 'https://www.legislation.gov.au/F2015L00478/latest/text' AND snapshot_date = '2026-04-18' LIMIT 1));
INSERT INTO ingredient (canonical_id, primary_name, ingredient_class, ins_number, category, is_natural) VALUES ('NAME_monoammonium_l_glutamate', 'Monoammonium L-glutamate', 'substance', '624', 'food', 0) ON CONFLICT(canonical_id) DO NOTHING;
INSERT INTO ingredient_alias (canonical_id, alias, alias_normalized, alias_type, language_code, confidence, source) VALUES ('NAME_monoammonium_l_glutamate', 'Monoammonium L-glutamate', 'monoammonium l-glutamate', 'synonym', 'en', 1.0, 'FSANZ-Sched8') ON CONFLICT(alias_normalized, alias_type, COALESCE(language_code, '')) DO NOTHING;
INSERT INTO ingredient_alias (canonical_id, alias, alias_normalized, alias_type, language_code, confidence, source) VALUES ('NAME_monoammonium_l_glutamate', '624', '624', 'ins_number', NULL, 1.0, 'FSANZ-Sched8') ON CONFLICT(alias_normalized, alias_type, COALESCE(language_code, '')) DO NOTHING;
INSERT OR IGNORE INTO regulatory_fact (canonical_id, jurisdiction, fact_type, status, regulation_ref, product_category, evidence_id) VALUES ('NAME_monoammonium_l_glutamate', 'AU_NZ_FSANZ', 'permitted', 'Permitted food additive in Australia/New Zealand (INS 624)', 'FSANZ Schedule 8', 'food', (SELECT id FROM fact_evidence WHERE source_url = 'https://www.legislation.gov.au/F2015L00478/latest/text' AND snapshot_date = '2026-04-18' LIMIT 1));
INSERT INTO ingredient (canonical_id, primary_name, ingredient_class, ins_number, category, is_natural) VALUES ('NAME_monopotassium_l_glutamate', 'Monopotassium L-glutamate', 'substance', '622', 'food', 0) ON CONFLICT(canonical_id) DO NOTHING;
INSERT INTO ingredient_alias (canonical_id, alias, alias_normalized, alias_type, language_code, confidence, source) VALUES ('NAME_monopotassium_l_glutamate', 'Monopotassium L-glutamate', 'monopotassium l-glutamate', 'synonym', 'en', 1.0, 'FSANZ-Sched8') ON CONFLICT(alias_normalized, alias_type, COALESCE(language_code, '')) DO NOTHING;
INSERT INTO ingredient_alias (canonical_id, alias, alias_normalized, alias_type, language_code, confidence, source) VALUES ('NAME_monopotassium_l_glutamate', '622', '622', 'ins_number', NULL, 1.0, 'FSANZ-Sched8') ON CONFLICT(alias_normalized, alias_type, COALESCE(language_code, '')) DO NOTHING;
INSERT OR IGNORE INTO regulatory_fact (canonical_id, jurisdiction, fact_type, status, regulation_ref, product_category, evidence_id) VALUES ('NAME_monopotassium_l_glutamate', 'AU_NZ_FSANZ', 'permitted', 'Permitted food additive in Australia/New Zealand (INS 622)', 'FSANZ Schedule 8', 'food', (SELECT id FROM fact_evidence WHERE source_url = 'https://www.legislation.gov.au/F2015L00478/latest/text' AND snapshot_date = '2026-04-18' LIMIT 1));
INSERT INTO ingredient (canonical_id, primary_name, ingredient_class, ins_number, category, is_natural) VALUES ('NAME_monosodium_l_glutamate_or_msg', 'Monosodium L-glutamate or MSG', 'substance', '621', 'food', 0) ON CONFLICT(canonical_id) DO NOTHING;
INSERT INTO ingredient_alias (canonical_id, alias, alias_normalized, alias_type, language_code, confidence, source) VALUES ('NAME_monosodium_l_glutamate_or_msg', 'Monosodium L-glutamate or MSG', 'monosodium l-glutamate or msg', 'synonym', 'en', 1.0, 'FSANZ-Sched8') ON CONFLICT(alias_normalized, alias_type, COALESCE(language_code, '')) DO NOTHING;
INSERT INTO ingredient_alias (canonical_id, alias, alias_normalized, alias_type, language_code, confidence, source) VALUES ('NAME_monosodium_l_glutamate_or_msg', '621', '621', 'ins_number', NULL, 1.0, 'FSANZ-Sched8') ON CONFLICT(alias_normalized, alias_type, COALESCE(language_code, '')) DO NOTHING;
INSERT OR IGNORE INTO regulatory_fact (canonical_id, jurisdiction, fact_type, status, regulation_ref, product_category, evidence_id) VALUES ('NAME_monosodium_l_glutamate_or_msg', 'AU_NZ_FSANZ', 'permitted', 'Permitted food additive in Australia/New Zealand (INS 621)', 'FSANZ Schedule 8', 'food', (SELECT id FROM fact_evidence WHERE source_url = 'https://www.legislation.gov.au/F2015L00478/latest/text' AND snapshot_date = '2026-04-18' LIMIT 1));
INSERT INTO ingredient (canonical_id, primary_name, ingredient_class, ins_number, category, is_natural) VALUES ('NAME_monostarch_phosphate', 'Monostarch phosphate', 'substance', '1410', 'food', 0) ON CONFLICT(canonical_id) DO NOTHING;
INSERT INTO ingredient_alias (canonical_id, alias, alias_normalized, alias_type, language_code, confidence, source) VALUES ('NAME_monostarch_phosphate', 'Monostarch phosphate', 'monostarch phosphate', 'synonym', 'en', 1.0, 'FSANZ-Sched8') ON CONFLICT(alias_normalized, alias_type, COALESCE(language_code, '')) DO NOTHING;
INSERT INTO ingredient_alias (canonical_id, alias, alias_normalized, alias_type, language_code, confidence, source) VALUES ('NAME_monostarch_phosphate', '1410', '1410', 'ins_number', NULL, 1.0, 'FSANZ-Sched8') ON CONFLICT(alias_normalized, alias_type, COALESCE(language_code, '')) DO NOTHING;
INSERT OR IGNORE INTO regulatory_fact (canonical_id, jurisdiction, fact_type, status, regulation_ref, product_category, evidence_id) VALUES ('NAME_monostarch_phosphate', 'AU_NZ_FSANZ', 'permitted', 'Permitted food additive in Australia/New Zealand (INS 1410)', 'FSANZ Schedule 8', 'food', (SELECT id FROM fact_evidence WHERE source_url = 'https://www.legislation.gov.au/F2015L00478/latest/text' AND snapshot_date = '2026-04-18' LIMIT 1));
INSERT INTO ingredient (canonical_id, primary_name, ingredient_class, ins_number, category, is_natural) VALUES ('NAME_mushroom_chitosan_natamycin_or_pimaricin', 'Mushroom chitosan – Natamycin or pimaricin', 'substance', '235', 'food', 0) ON CONFLICT(canonical_id) DO NOTHING;
INSERT INTO ingredient_alias (canonical_id, alias, alias_normalized, alias_type, language_code, confidence, source) VALUES ('NAME_mushroom_chitosan_natamycin_or_pimaricin', 'Mushroom chitosan – Natamycin or pimaricin', 'mushroom chitosan – natamycin or pimaricin', 'synonym', 'en', 1.0, 'FSANZ-Sched8') ON CONFLICT(alias_normalized, alias_type, COALESCE(language_code, '')) DO NOTHING;
INSERT INTO ingredient_alias (canonical_id, alias, alias_normalized, alias_type, language_code, confidence, source) VALUES ('NAME_mushroom_chitosan_natamycin_or_pimaricin', '235', '235', 'ins_number', NULL, 1.0, 'FSANZ-Sched8') ON CONFLICT(alias_normalized, alias_type, COALESCE(language_code, '')) DO NOTHING;
INSERT OR IGNORE INTO regulatory_fact (canonical_id, jurisdiction, fact_type, status, regulation_ref, product_category, evidence_id) VALUES ('NAME_mushroom_chitosan_natamycin_or_pimaricin', 'AU_NZ_FSANZ', 'permitted', 'Permitted food additive in Australia/New Zealand (INS 235)', 'FSANZ Schedule 8', 'food', (SELECT id FROM fact_evidence WHERE source_url = 'https://www.legislation.gov.au/F2015L00478/latest/text' AND snapshot_date = '2026-04-18' LIMIT 1));
INSERT INTO ingredient (canonical_id, primary_name, ingredient_class, ins_number, category, is_natural) VALUES ('NAME_neotame', 'Neotame', 'substance', '961', 'food', 0) ON CONFLICT(canonical_id) DO NOTHING;
INSERT INTO ingredient_alias (canonical_id, alias, alias_normalized, alias_type, language_code, confidence, source) VALUES ('NAME_neotame', 'Neotame', 'neotame', 'synonym', 'en', 1.0, 'FSANZ-Sched8') ON CONFLICT(alias_normalized, alias_type, COALESCE(language_code, '')) DO NOTHING;
INSERT INTO ingredient_alias (canonical_id, alias, alias_normalized, alias_type, language_code, confidence, source) VALUES ('NAME_neotame', '961', '961', 'ins_number', NULL, 1.0, 'FSANZ-Sched8') ON CONFLICT(alias_normalized, alias_type, COALESCE(language_code, '')) DO NOTHING;
INSERT OR IGNORE INTO regulatory_fact (canonical_id, jurisdiction, fact_type, status, regulation_ref, product_category, evidence_id) VALUES ('NAME_neotame', 'AU_NZ_FSANZ', 'permitted', 'Permitted food additive in Australia/New Zealand (INS 961)', 'FSANZ Schedule 8', 'food', (SELECT id FROM fact_evidence WHERE source_url = 'https://www.legislation.gov.au/F2015L00478/latest/text' AND snapshot_date = '2026-04-18' LIMIT 1));
INSERT INTO ingredient (canonical_id, primary_name, ingredient_class, ins_number, category, is_natural) VALUES ('NAME_nisin', 'Nisin', 'substance', '234', 'food', 0) ON CONFLICT(canonical_id) DO NOTHING;
INSERT INTO ingredient_alias (canonical_id, alias, alias_normalized, alias_type, language_code, confidence, source) VALUES ('NAME_nisin', 'Nisin', 'nisin', 'synonym', 'en', 1.0, 'FSANZ-Sched8') ON CONFLICT(alias_normalized, alias_type, COALESCE(language_code, '')) DO NOTHING;
INSERT INTO ingredient_alias (canonical_id, alias, alias_normalized, alias_type, language_code, confidence, source) VALUES ('NAME_nisin', '234', '234', 'ins_number', NULL, 1.0, 'FSANZ-Sched8') ON CONFLICT(alias_normalized, alias_type, COALESCE(language_code, '')) DO NOTHING;
INSERT OR IGNORE INTO regulatory_fact (canonical_id, jurisdiction, fact_type, status, regulation_ref, product_category, evidence_id) VALUES ('NAME_nisin', 'AU_NZ_FSANZ', 'permitted', 'Permitted food additive in Australia/New Zealand (INS 234)', 'FSANZ Schedule 8', 'food', (SELECT id FROM fact_evidence WHERE source_url = 'https://www.legislation.gov.au/F2015L00478/latest/text' AND snapshot_date = '2026-04-18' LIMIT 1));
INSERT INTO ingredient (canonical_id, primary_name, ingredient_class, ins_number, category, is_natural) VALUES ('NAME_nitrogen', 'Nitrogen', 'substance', '941', 'food', 0) ON CONFLICT(canonical_id) DO NOTHING;
INSERT INTO ingredient_alias (canonical_id, alias, alias_normalized, alias_type, language_code, confidence, source) VALUES ('NAME_nitrogen', 'Nitrogen', 'nitrogen', 'synonym', 'en', 1.0, 'FSANZ-Sched8') ON CONFLICT(alias_normalized, alias_type, COALESCE(language_code, '')) DO NOTHING;
INSERT INTO ingredient_alias (canonical_id, alias, alias_normalized, alias_type, language_code, confidence, source) VALUES ('NAME_nitrogen', '941', '941', 'ins_number', NULL, 1.0, 'FSANZ-Sched8') ON CONFLICT(alias_normalized, alias_type, COALESCE(language_code, '')) DO NOTHING;
INSERT OR IGNORE INTO regulatory_fact (canonical_id, jurisdiction, fact_type, status, regulation_ref, product_category, evidence_id) VALUES ('NAME_nitrogen', 'AU_NZ_FSANZ', 'permitted', 'Permitted food additive in Australia/New Zealand (INS 941)', 'FSANZ Schedule 8', 'food', (SELECT id FROM fact_evidence WHERE source_url = 'https://www.legislation.gov.au/F2015L00478/latest/text' AND snapshot_date = '2026-04-18' LIMIT 1));
INSERT INTO ingredient (canonical_id, primary_name, ingredient_class, ins_number, category, is_natural) VALUES ('NAME_nitrous_oxide', 'Nitrous oxide', 'substance', '942', 'food', 0) ON CONFLICT(canonical_id) DO NOTHING;
INSERT INTO ingredient_alias (canonical_id, alias, alias_normalized, alias_type, language_code, confidence, source) VALUES ('NAME_nitrous_oxide', 'Nitrous oxide', 'nitrous oxide', 'synonym', 'en', 1.0, 'FSANZ-Sched8') ON CONFLICT(alias_normalized, alias_type, COALESCE(language_code, '')) DO NOTHING;
INSERT INTO ingredient_alias (canonical_id, alias, alias_normalized, alias_type, language_code, confidence, source) VALUES ('NAME_nitrous_oxide', '942', '942', 'ins_number', NULL, 1.0, 'FSANZ-Sched8') ON CONFLICT(alias_normalized, alias_type, COALESCE(language_code, '')) DO NOTHING;
INSERT OR IGNORE INTO regulatory_fact (canonical_id, jurisdiction, fact_type, status, regulation_ref, product_category, evidence_id) VALUES ('NAME_nitrous_oxide', 'AU_NZ_FSANZ', 'permitted', 'Permitted food additive in Australia/New Zealand (INS 942)', 'FSANZ Schedule 8', 'food', (SELECT id FROM fact_evidence WHERE source_url = 'https://www.legislation.gov.au/F2015L00478/latest/text' AND snapshot_date = '2026-04-18' LIMIT 1));
INSERT INTO ingredient (canonical_id, primary_name, ingredient_class, ins_number, category, is_natural) VALUES ('NAME_octafluorocyclobutane', 'Octafluorocyclobutane', 'substance', '946', 'food', 0) ON CONFLICT(canonical_id) DO NOTHING;
INSERT INTO ingredient_alias (canonical_id, alias, alias_normalized, alias_type, language_code, confidence, source) VALUES ('NAME_octafluorocyclobutane', 'Octafluorocyclobutane', 'octafluorocyclobutane', 'synonym', 'en', 1.0, 'FSANZ-Sched8') ON CONFLICT(alias_normalized, alias_type, COALESCE(language_code, '')) DO NOTHING;
INSERT INTO ingredient_alias (canonical_id, alias, alias_normalized, alias_type, language_code, confidence, source) VALUES ('NAME_octafluorocyclobutane', '946', '946', 'ins_number', NULL, 1.0, 'FSANZ-Sched8') ON CONFLICT(alias_normalized, alias_type, COALESCE(language_code, '')) DO NOTHING;
INSERT OR IGNORE INTO regulatory_fact (canonical_id, jurisdiction, fact_type, status, regulation_ref, product_category, evidence_id) VALUES ('NAME_octafluorocyclobutane', 'AU_NZ_FSANZ', 'permitted', 'Permitted food additive in Australia/New Zealand (INS 946)', 'FSANZ Schedule 8', 'food', (SELECT id FROM fact_evidence WHERE source_url = 'https://www.legislation.gov.au/F2015L00478/latest/text' AND snapshot_date = '2026-04-18' LIMIT 1));
INSERT INTO ingredient (canonical_id, primary_name, ingredient_class, ins_number, category, is_natural) VALUES ('NAME_octyl_gallate', 'Octyl gallate', 'substance', '311', 'food', 0) ON CONFLICT(canonical_id) DO NOTHING;
INSERT INTO ingredient_alias (canonical_id, alias, alias_normalized, alias_type, language_code, confidence, source) VALUES ('NAME_octyl_gallate', 'Octyl gallate', 'octyl gallate', 'synonym', 'en', 1.0, 'FSANZ-Sched8') ON CONFLICT(alias_normalized, alias_type, COALESCE(language_code, '')) DO NOTHING;
INSERT INTO ingredient_alias (canonical_id, alias, alias_normalized, alias_type, language_code, confidence, source) VALUES ('NAME_octyl_gallate', '311', '311', 'ins_number', NULL, 1.0, 'FSANZ-Sched8') ON CONFLICT(alias_normalized, alias_type, COALESCE(language_code, '')) DO NOTHING;
INSERT OR IGNORE INTO regulatory_fact (canonical_id, jurisdiction, fact_type, status, regulation_ref, product_category, evidence_id) VALUES ('NAME_octyl_gallate', 'AU_NZ_FSANZ', 'permitted', 'Permitted food additive in Australia/New Zealand (INS 311)', 'FSANZ Schedule 8', 'food', (SELECT id FROM fact_evidence WHERE source_url = 'https://www.legislation.gov.au/F2015L00478/latest/text' AND snapshot_date = '2026-04-18' LIMIT 1));
INSERT INTO ingredient (canonical_id, primary_name, ingredient_class, ins_number, category, is_natural) VALUES ('NAME_oxidised_polyethylene', 'Oxidised polyethylene', 'substance', '914', 'food', 0) ON CONFLICT(canonical_id) DO NOTHING;
INSERT INTO ingredient_alias (canonical_id, alias, alias_normalized, alias_type, language_code, confidence, source) VALUES ('NAME_oxidised_polyethylene', 'Oxidised polyethylene', 'oxidised polyethylene', 'synonym', 'en', 1.0, 'FSANZ-Sched8') ON CONFLICT(alias_normalized, alias_type, COALESCE(language_code, '')) DO NOTHING;
INSERT INTO ingredient_alias (canonical_id, alias, alias_normalized, alias_type, language_code, confidence, source) VALUES ('NAME_oxidised_polyethylene', '914', '914', 'ins_number', NULL, 1.0, 'FSANZ-Sched8') ON CONFLICT(alias_normalized, alias_type, COALESCE(language_code, '')) DO NOTHING;
INSERT OR IGNORE INTO regulatory_fact (canonical_id, jurisdiction, fact_type, status, regulation_ref, product_category, evidence_id) VALUES ('NAME_oxidised_polyethylene', 'AU_NZ_FSANZ', 'permitted', 'Permitted food additive in Australia/New Zealand (INS 914)', 'FSANZ Schedule 8', 'food', (SELECT id FROM fact_evidence WHERE source_url = 'https://www.legislation.gov.au/F2015L00478/latest/text' AND snapshot_date = '2026-04-18' LIMIT 1));
INSERT INTO ingredient (canonical_id, primary_name, ingredient_class, ins_number, category, is_natural) VALUES ('NAME_oxidised_starch', 'Oxidised starch', 'substance', '1404', 'food', 0) ON CONFLICT(canonical_id) DO NOTHING;
INSERT INTO ingredient_alias (canonical_id, alias, alias_normalized, alias_type, language_code, confidence, source) VALUES ('NAME_oxidised_starch', 'Oxidised starch', 'oxidised starch', 'synonym', 'en', 1.0, 'FSANZ-Sched8') ON CONFLICT(alias_normalized, alias_type, COALESCE(language_code, '')) DO NOTHING;
INSERT INTO ingredient_alias (canonical_id, alias, alias_normalized, alias_type, language_code, confidence, source) VALUES ('NAME_oxidised_starch', '1404', '1404', 'ins_number', NULL, 1.0, 'FSANZ-Sched8') ON CONFLICT(alias_normalized, alias_type, COALESCE(language_code, '')) DO NOTHING;
INSERT OR IGNORE INTO regulatory_fact (canonical_id, jurisdiction, fact_type, status, regulation_ref, product_category, evidence_id) VALUES ('NAME_oxidised_starch', 'AU_NZ_FSANZ', 'permitted', 'Permitted food additive in Australia/New Zealand (INS 1404)', 'FSANZ Schedule 8', 'food', (SELECT id FROM fact_evidence WHERE source_url = 'https://www.legislation.gov.au/F2015L00478/latest/text' AND snapshot_date = '2026-04-18' LIMIT 1));
INSERT INTO ingredient (canonical_id, primary_name, ingredient_class, ins_number, category, is_natural) VALUES ('NAME_paprika_oleoresins', 'Paprika oleoresins', 'substance', '160c', 'food', 0) ON CONFLICT(canonical_id) DO NOTHING;
INSERT INTO ingredient_alias (canonical_id, alias, alias_normalized, alias_type, language_code, confidence, source) VALUES ('NAME_paprika_oleoresins', 'Paprika oleoresins', 'paprika oleoresins', 'synonym', 'en', 1.0, 'FSANZ-Sched8') ON CONFLICT(alias_normalized, alias_type, COALESCE(language_code, '')) DO NOTHING;
INSERT INTO ingredient_alias (canonical_id, alias, alias_normalized, alias_type, language_code, confidence, source) VALUES ('NAME_paprika_oleoresins', '160c', '160c', 'ins_number', NULL, 1.0, 'FSANZ-Sched8') ON CONFLICT(alias_normalized, alias_type, COALESCE(language_code, '')) DO NOTHING;
INSERT OR IGNORE INTO regulatory_fact (canonical_id, jurisdiction, fact_type, status, regulation_ref, product_category, evidence_id) VALUES ('NAME_paprika_oleoresins', 'AU_NZ_FSANZ', 'permitted', 'Permitted food additive in Australia/New Zealand (INS 160c)', 'FSANZ Schedule 8', 'food', (SELECT id FROM fact_evidence WHERE source_url = 'https://www.legislation.gov.au/F2015L00478/latest/text' AND snapshot_date = '2026-04-18' LIMIT 1));
INSERT INTO ingredient (canonical_id, primary_name, ingredient_class, ins_number, category, is_natural) VALUES ('NAME_pectin', 'Pectin', 'substance', '440', 'food', 0) ON CONFLICT(canonical_id) DO NOTHING;
INSERT INTO ingredient_alias (canonical_id, alias, alias_normalized, alias_type, language_code, confidence, source) VALUES ('NAME_pectin', 'Pectin', 'pectin', 'synonym', 'en', 1.0, 'FSANZ-Sched8') ON CONFLICT(alias_normalized, alias_type, COALESCE(language_code, '')) DO NOTHING;
INSERT INTO ingredient_alias (canonical_id, alias, alias_normalized, alias_type, language_code, confidence, source) VALUES ('NAME_pectin', '440', '440', 'ins_number', NULL, 1.0, 'FSANZ-Sched8') ON CONFLICT(alias_normalized, alias_type, COALESCE(language_code, '')) DO NOTHING;
INSERT OR IGNORE INTO regulatory_fact (canonical_id, jurisdiction, fact_type, status, regulation_ref, product_category, evidence_id) VALUES ('NAME_pectin', 'AU_NZ_FSANZ', 'permitted', 'Permitted food additive in Australia/New Zealand (INS 440)', 'FSANZ Schedule 8', 'food', (SELECT id FROM fact_evidence WHERE source_url = 'https://www.legislation.gov.au/F2015L00478/latest/text' AND snapshot_date = '2026-04-18' LIMIT 1));
INSERT INTO ingredient (canonical_id, primary_name, ingredient_class, ins_number, category, is_natural) VALUES ('NAME_petrolatum_or_petroleum_jelly', 'Petrolatum or petroleum jelly', 'substance', '905b', 'food', 0) ON CONFLICT(canonical_id) DO NOTHING;
INSERT INTO ingredient_alias (canonical_id, alias, alias_normalized, alias_type, language_code, confidence, source) VALUES ('NAME_petrolatum_or_petroleum_jelly', 'Petrolatum or petroleum jelly', 'petrolatum or petroleum jelly', 'synonym', 'en', 1.0, 'FSANZ-Sched8') ON CONFLICT(alias_normalized, alias_type, COALESCE(language_code, '')) DO NOTHING;
INSERT INTO ingredient_alias (canonical_id, alias, alias_normalized, alias_type, language_code, confidence, source) VALUES ('NAME_petrolatum_or_petroleum_jelly', '905b', '905b', 'ins_number', NULL, 1.0, 'FSANZ-Sched8') ON CONFLICT(alias_normalized, alias_type, COALESCE(language_code, '')) DO NOTHING;
INSERT OR IGNORE INTO regulatory_fact (canonical_id, jurisdiction, fact_type, status, regulation_ref, product_category, evidence_id) VALUES ('NAME_petrolatum_or_petroleum_jelly', 'AU_NZ_FSANZ', 'permitted', 'Permitted food additive in Australia/New Zealand (INS 905b)', 'FSANZ Schedule 8', 'food', (SELECT id FROM fact_evidence WHERE source_url = 'https://www.legislation.gov.au/F2015L00478/latest/text' AND snapshot_date = '2026-04-18' LIMIT 1));
INSERT INTO ingredient (canonical_id, primary_name, ingredient_class, ins_number, category, is_natural) VALUES ('NAME_phosphated_distarch_phosphate', 'Phosphated distarch phosphate', 'substance', '1413', 'food', 0) ON CONFLICT(canonical_id) DO NOTHING;
INSERT INTO ingredient_alias (canonical_id, alias, alias_normalized, alias_type, language_code, confidence, source) VALUES ('NAME_phosphated_distarch_phosphate', 'Phosphated distarch phosphate', 'phosphated distarch phosphate', 'synonym', 'en', 1.0, 'FSANZ-Sched8') ON CONFLICT(alias_normalized, alias_type, COALESCE(language_code, '')) DO NOTHING;
INSERT INTO ingredient_alias (canonical_id, alias, alias_normalized, alias_type, language_code, confidence, source) VALUES ('NAME_phosphated_distarch_phosphate', '1413', '1413', 'ins_number', NULL, 1.0, 'FSANZ-Sched8') ON CONFLICT(alias_normalized, alias_type, COALESCE(language_code, '')) DO NOTHING;
INSERT OR IGNORE INTO regulatory_fact (canonical_id, jurisdiction, fact_type, status, regulation_ref, product_category, evidence_id) VALUES ('NAME_phosphated_distarch_phosphate', 'AU_NZ_FSANZ', 'permitted', 'Permitted food additive in Australia/New Zealand (INS 1413)', 'FSANZ Schedule 8', 'food', (SELECT id FROM fact_evidence WHERE source_url = 'https://www.legislation.gov.au/F2015L00478/latest/text' AND snapshot_date = '2026-04-18' LIMIT 1));
INSERT INTO ingredient (canonical_id, primary_name, ingredient_class, ins_number, category, is_natural) VALUES ('NAME_phosphoric_acid', 'Phosphoric acid', 'substance', '338', 'food', 0) ON CONFLICT(canonical_id) DO NOTHING;
INSERT INTO ingredient_alias (canonical_id, alias, alias_normalized, alias_type, language_code, confidence, source) VALUES ('NAME_phosphoric_acid', 'Phosphoric acid', 'phosphoric acid', 'synonym', 'en', 1.0, 'FSANZ-Sched8') ON CONFLICT(alias_normalized, alias_type, COALESCE(language_code, '')) DO NOTHING;
INSERT INTO ingredient_alias (canonical_id, alias, alias_normalized, alias_type, language_code, confidence, source) VALUES ('NAME_phosphoric_acid', '338', '338', 'ins_number', NULL, 1.0, 'FSANZ-Sched8') ON CONFLICT(alias_normalized, alias_type, COALESCE(language_code, '')) DO NOTHING;
INSERT OR IGNORE INTO regulatory_fact (canonical_id, jurisdiction, fact_type, status, regulation_ref, product_category, evidence_id) VALUES ('NAME_phosphoric_acid', 'AU_NZ_FSANZ', 'permitted', 'Permitted food additive in Australia/New Zealand (INS 338)', 'FSANZ Schedule 8', 'food', (SELECT id FROM fact_evidence WHERE source_url = 'https://www.legislation.gov.au/F2015L00478/latest/text' AND snapshot_date = '2026-04-18' LIMIT 1));
INSERT INTO ingredient (canonical_id, primary_name, ingredient_class, ins_number, category, is_natural) VALUES ('NAME_polydextrose', 'Polydextrose', 'substance', '1200', 'food', 0) ON CONFLICT(canonical_id) DO NOTHING;
INSERT INTO ingredient_alias (canonical_id, alias, alias_normalized, alias_type, language_code, confidence, source) VALUES ('NAME_polydextrose', 'Polydextrose', 'polydextrose', 'synonym', 'en', 1.0, 'FSANZ-Sched8') ON CONFLICT(alias_normalized, alias_type, COALESCE(language_code, '')) DO NOTHING;
INSERT INTO ingredient_alias (canonical_id, alias, alias_normalized, alias_type, language_code, confidence, source) VALUES ('NAME_polydextrose', '1200', '1200', 'ins_number', NULL, 1.0, 'FSANZ-Sched8') ON CONFLICT(alias_normalized, alias_type, COALESCE(language_code, '')) DO NOTHING;
INSERT OR IGNORE INTO regulatory_fact (canonical_id, jurisdiction, fact_type, status, regulation_ref, product_category, evidence_id) VALUES ('NAME_polydextrose', 'AU_NZ_FSANZ', 'permitted', 'Permitted food additive in Australia/New Zealand (INS 1200)', 'FSANZ Schedule 8', 'food', (SELECT id FROM fact_evidence WHERE source_url = 'https://www.legislation.gov.au/F2015L00478/latest/text' AND snapshot_date = '2026-04-18' LIMIT 1));
INSERT INTO ingredient (canonical_id, primary_name, ingredient_class, ins_number, category, is_natural) VALUES ('NAME_polydimethylsiloxane_or', 'Polydimethylsiloxane or', 'substance', '900a', 'food', 0) ON CONFLICT(canonical_id) DO NOTHING;
INSERT INTO ingredient_alias (canonical_id, alias, alias_normalized, alias_type, language_code, confidence, source) VALUES ('NAME_polydimethylsiloxane_or', 'Polydimethylsiloxane or', 'polydimethylsiloxane or', 'synonym', 'en', 1.0, 'FSANZ-Sched8') ON CONFLICT(alias_normalized, alias_type, COALESCE(language_code, '')) DO NOTHING;
INSERT INTO ingredient_alias (canonical_id, alias, alias_normalized, alias_type, language_code, confidence, source) VALUES ('NAME_polydimethylsiloxane_or', '900a', '900a', 'ins_number', NULL, 1.0, 'FSANZ-Sched8') ON CONFLICT(alias_normalized, alias_type, COALESCE(language_code, '')) DO NOTHING;
INSERT OR IGNORE INTO regulatory_fact (canonical_id, jurisdiction, fact_type, status, regulation_ref, product_category, evidence_id) VALUES ('NAME_polydimethylsiloxane_or', 'AU_NZ_FSANZ', 'permitted', 'Permitted food additive in Australia/New Zealand (INS 900a)', 'FSANZ Schedule 8', 'food', (SELECT id FROM fact_evidence WHERE source_url = 'https://www.legislation.gov.au/F2015L00478/latest/text' AND snapshot_date = '2026-04-18' LIMIT 1));
INSERT INTO ingredient (canonical_id, primary_name, ingredient_class, ins_number, category, is_natural) VALUES ('NAME_dimethylpolysiloxane_polyethylene_glycol_8000', 'Dimethylpolysiloxane Polyethylene glycol 8000', 'substance', '1521', 'food', 0) ON CONFLICT(canonical_id) DO NOTHING;
INSERT INTO ingredient_alias (canonical_id, alias, alias_normalized, alias_type, language_code, confidence, source) VALUES ('NAME_dimethylpolysiloxane_polyethylene_glycol_8000', 'Dimethylpolysiloxane Polyethylene glycol 8000', 'dimethylpolysiloxane polyethylene glycol 8000', 'synonym', 'en', 1.0, 'FSANZ-Sched8') ON CONFLICT(alias_normalized, alias_type, COALESCE(language_code, '')) DO NOTHING;
INSERT INTO ingredient_alias (canonical_id, alias, alias_normalized, alias_type, language_code, confidence, source) VALUES ('NAME_dimethylpolysiloxane_polyethylene_glycol_8000', '1521', '1521', 'ins_number', NULL, 1.0, 'FSANZ-Sched8') ON CONFLICT(alias_normalized, alias_type, COALESCE(language_code, '')) DO NOTHING;
INSERT OR IGNORE INTO regulatory_fact (canonical_id, jurisdiction, fact_type, status, regulation_ref, product_category, evidence_id) VALUES ('NAME_dimethylpolysiloxane_polyethylene_glycol_8000', 'AU_NZ_FSANZ', 'permitted', 'Permitted food additive in Australia/New Zealand (INS 1521)', 'FSANZ Schedule 8', 'food', (SELECT id FROM fact_evidence WHERE source_url = 'https://www.legislation.gov.au/F2015L00478/latest/text' AND snapshot_date = '2026-04-18' LIMIT 1));
INSERT INTO ingredient (canonical_id, primary_name, ingredient_class, ins_number, category, is_natural) VALUES ('NAME_polyglycerol_esters_of_fatty_acids', 'Polyglycerol esters of fatty acids', 'substance', '475', 'food', 0) ON CONFLICT(canonical_id) DO NOTHING;
INSERT INTO ingredient_alias (canonical_id, alias, alias_normalized, alias_type, language_code, confidence, source) VALUES ('NAME_polyglycerol_esters_of_fatty_acids', 'Polyglycerol esters of fatty acids', 'polyglycerol esters of fatty acids', 'synonym', 'en', 1.0, 'FSANZ-Sched8') ON CONFLICT(alias_normalized, alias_type, COALESCE(language_code, '')) DO NOTHING;
INSERT INTO ingredient_alias (canonical_id, alias, alias_normalized, alias_type, language_code, confidence, source) VALUES ('NAME_polyglycerol_esters_of_fatty_acids', '475', '475', 'ins_number', NULL, 1.0, 'FSANZ-Sched8') ON CONFLICT(alias_normalized, alias_type, COALESCE(language_code, '')) DO NOTHING;
INSERT OR IGNORE INTO regulatory_fact (canonical_id, jurisdiction, fact_type, status, regulation_ref, product_category, evidence_id) VALUES ('NAME_polyglycerol_esters_of_fatty_acids', 'AU_NZ_FSANZ', 'permitted', 'Permitted food additive in Australia/New Zealand (INS 475)', 'FSANZ Schedule 8', 'food', (SELECT id FROM fact_evidence WHERE source_url = 'https://www.legislation.gov.au/F2015L00478/latest/text' AND snapshot_date = '2026-04-18' LIMIT 1));
INSERT INTO ingredient (canonical_id, primary_name, ingredient_class, ins_number, category, is_natural) VALUES ('NAME_polyglycerol_esters_of_interesterified', 'Polyglycerol esters of interesterified', 'substance', '476', 'food', 0) ON CONFLICT(canonical_id) DO NOTHING;
INSERT INTO ingredient_alias (canonical_id, alias, alias_normalized, alias_type, language_code, confidence, source) VALUES ('NAME_polyglycerol_esters_of_interesterified', 'Polyglycerol esters of interesterified', 'polyglycerol esters of interesterified', 'synonym', 'en', 1.0, 'FSANZ-Sched8') ON CONFLICT(alias_normalized, alias_type, COALESCE(language_code, '')) DO NOTHING;
INSERT INTO ingredient_alias (canonical_id, alias, alias_normalized, alias_type, language_code, confidence, source) VALUES ('NAME_polyglycerol_esters_of_interesterified', '476', '476', 'ins_number', NULL, 1.0, 'FSANZ-Sched8') ON CONFLICT(alias_normalized, alias_type, COALESCE(language_code, '')) DO NOTHING;
INSERT OR IGNORE INTO regulatory_fact (canonical_id, jurisdiction, fact_type, status, regulation_ref, product_category, evidence_id) VALUES ('NAME_polyglycerol_esters_of_interesterified', 'AU_NZ_FSANZ', 'permitted', 'Permitted food additive in Australia/New Zealand (INS 476)', 'FSANZ Schedule 8', 'food', (SELECT id FROM fact_evidence WHERE source_url = 'https://www.legislation.gov.au/F2015L00478/latest/text' AND snapshot_date = '2026-04-18' LIMIT 1));
INSERT INTO ingredient (canonical_id, primary_name, ingredient_class, ins_number, category, is_natural) VALUES ('NAME_ricinoleic_acid_polyoxyethylene_stearate', 'ricinoleic acid Polyoxyethylene (40) stearate', 'substance', '431', 'food', 0) ON CONFLICT(canonical_id) DO NOTHING;
INSERT INTO ingredient_alias (canonical_id, alias, alias_normalized, alias_type, language_code, confidence, source) VALUES ('NAME_ricinoleic_acid_polyoxyethylene_stearate', 'ricinoleic acid Polyoxyethylene (40) stearate', 'ricinoleic acid polyoxyethylene (40) stearate', 'synonym', 'en', 1.0, 'FSANZ-Sched8') ON CONFLICT(alias_normalized, alias_type, COALESCE(language_code, '')) DO NOTHING;
INSERT INTO ingredient_alias (canonical_id, alias, alias_normalized, alias_type, language_code, confidence, source) VALUES ('NAME_ricinoleic_acid_polyoxyethylene_stearate', '431', '431', 'ins_number', NULL, 1.0, 'FSANZ-Sched8') ON CONFLICT(alias_normalized, alias_type, COALESCE(language_code, '')) DO NOTHING;
INSERT OR IGNORE INTO regulatory_fact (canonical_id, jurisdiction, fact_type, status, regulation_ref, product_category, evidence_id) VALUES ('NAME_ricinoleic_acid_polyoxyethylene_stearate', 'AU_NZ_FSANZ', 'permitted', 'Permitted food additive in Australia/New Zealand (INS 431)', 'FSANZ Schedule 8', 'food', (SELECT id FROM fact_evidence WHERE source_url = 'https://www.legislation.gov.au/F2015L00478/latest/text' AND snapshot_date = '2026-04-18' LIMIT 1));
INSERT INTO ingredient (canonical_id, primary_name, ingredient_class, ins_number, category, is_natural) VALUES ('NAME_16_september_2025_schedule_8_6_authorised_version_f2025c00967_registered_0910202', '16 September 2025 Schedule 8 6 Authorised Version F2025C00967 registered 09/10/2025 Polysorbate 20 or Polyoxyethylene (20)', 'substance', '432', 'food', 0) ON CONFLICT(canonical_id) DO NOTHING;
INSERT INTO ingredient_alias (canonical_id, alias, alias_normalized, alias_type, language_code, confidence, source) VALUES ('NAME_16_september_2025_schedule_8_6_authorised_version_f2025c00967_registered_0910202', '16 September 2025 Schedule 8 6 Authorised Version F2025C00967 registered 09/10/2025 Polysorbate 20 or Polyoxyethylene (20)', '16 september 2025 schedule 8 6 authorised version f2025c00967 registered 09/10/2025 polysorbate 20 or polyoxyethylene (20)', 'synonym', 'en', 1.0, 'FSANZ-Sched8') ON CONFLICT(alias_normalized, alias_type, COALESCE(language_code, '')) DO NOTHING;
INSERT INTO ingredient_alias (canonical_id, alias, alias_normalized, alias_type, language_code, confidence, source) VALUES ('NAME_16_september_2025_schedule_8_6_authorised_version_f2025c00967_registered_0910202', '432', '432', 'ins_number', NULL, 1.0, 'FSANZ-Sched8') ON CONFLICT(alias_normalized, alias_type, COALESCE(language_code, '')) DO NOTHING;
INSERT OR IGNORE INTO regulatory_fact (canonical_id, jurisdiction, fact_type, status, regulation_ref, product_category, evidence_id) VALUES ('NAME_16_september_2025_schedule_8_6_authorised_version_f2025c00967_registered_0910202', 'AU_NZ_FSANZ', 'permitted', 'Permitted food additive in Australia/New Zealand (INS 432)', 'FSANZ Schedule 8', 'food', (SELECT id FROM fact_evidence WHERE source_url = 'https://www.legislation.gov.au/F2015L00478/latest/text' AND snapshot_date = '2026-04-18' LIMIT 1));
INSERT INTO ingredient (canonical_id, primary_name, ingredient_class, ins_number, category, is_natural) VALUES ('NAME_sorbitan_monolaurate_polysorbate_60_or_polyoxyethylene', 'sorbitan monolaurate Polysorbate 60 or Polyoxyethylene (20)', 'substance', '435', 'food', 0) ON CONFLICT(canonical_id) DO NOTHING;
INSERT INTO ingredient_alias (canonical_id, alias, alias_normalized, alias_type, language_code, confidence, source) VALUES ('NAME_sorbitan_monolaurate_polysorbate_60_or_polyoxyethylene', 'sorbitan monolaurate Polysorbate 60 or Polyoxyethylene (20)', 'sorbitan monolaurate polysorbate 60 or polyoxyethylene (20)', 'synonym', 'en', 1.0, 'FSANZ-Sched8') ON CONFLICT(alias_normalized, alias_type, COALESCE(language_code, '')) DO NOTHING;
INSERT INTO ingredient_alias (canonical_id, alias, alias_normalized, alias_type, language_code, confidence, source) VALUES ('NAME_sorbitan_monolaurate_polysorbate_60_or_polyoxyethylene', '435', '435', 'ins_number', NULL, 1.0, 'FSANZ-Sched8') ON CONFLICT(alias_normalized, alias_type, COALESCE(language_code, '')) DO NOTHING;
INSERT OR IGNORE INTO regulatory_fact (canonical_id, jurisdiction, fact_type, status, regulation_ref, product_category, evidence_id) VALUES ('NAME_sorbitan_monolaurate_polysorbate_60_or_polyoxyethylene', 'AU_NZ_FSANZ', 'permitted', 'Permitted food additive in Australia/New Zealand (INS 435)', 'FSANZ Schedule 8', 'food', (SELECT id FROM fact_evidence WHERE source_url = 'https://www.legislation.gov.au/F2015L00478/latest/text' AND snapshot_date = '2026-04-18' LIMIT 1));
INSERT INTO ingredient (canonical_id, primary_name, ingredient_class, ins_number, category, is_natural) VALUES ('NAME_sorbitan_monostearate_polysorbate_65_or_polyoxyethylene', 'sorbitan monostearate Polysorbate 65 or Polyoxyethylene (20)', 'substance', '436', 'food', 0) ON CONFLICT(canonical_id) DO NOTHING;
INSERT INTO ingredient_alias (canonical_id, alias, alias_normalized, alias_type, language_code, confidence, source) VALUES ('NAME_sorbitan_monostearate_polysorbate_65_or_polyoxyethylene', 'sorbitan monostearate Polysorbate 65 or Polyoxyethylene (20)', 'sorbitan monostearate polysorbate 65 or polyoxyethylene (20)', 'synonym', 'en', 1.0, 'FSANZ-Sched8') ON CONFLICT(alias_normalized, alias_type, COALESCE(language_code, '')) DO NOTHING;
INSERT INTO ingredient_alias (canonical_id, alias, alias_normalized, alias_type, language_code, confidence, source) VALUES ('NAME_sorbitan_monostearate_polysorbate_65_or_polyoxyethylene', '436', '436', 'ins_number', NULL, 1.0, 'FSANZ-Sched8') ON CONFLICT(alias_normalized, alias_type, COALESCE(language_code, '')) DO NOTHING;
INSERT OR IGNORE INTO regulatory_fact (canonical_id, jurisdiction, fact_type, status, regulation_ref, product_category, evidence_id) VALUES ('NAME_sorbitan_monostearate_polysorbate_65_or_polyoxyethylene', 'AU_NZ_FSANZ', 'permitted', 'Permitted food additive in Australia/New Zealand (INS 436)', 'FSANZ Schedule 8', 'food', (SELECT id FROM fact_evidence WHERE source_url = 'https://www.legislation.gov.au/F2015L00478/latest/text' AND snapshot_date = '2026-04-18' LIMIT 1));
INSERT INTO ingredient (canonical_id, primary_name, ingredient_class, ins_number, category, is_natural) VALUES ('NAME_sorbitan_tristearate_polysorbate_80_or_polyoxyethylene', 'sorbitan tristearate Polysorbate 80 or Polyoxyethylene (20)', 'substance', '433', 'food', 0) ON CONFLICT(canonical_id) DO NOTHING;
INSERT INTO ingredient_alias (canonical_id, alias, alias_normalized, alias_type, language_code, confidence, source) VALUES ('NAME_sorbitan_tristearate_polysorbate_80_or_polyoxyethylene', 'sorbitan tristearate Polysorbate 80 or Polyoxyethylene (20)', 'sorbitan tristearate polysorbate 80 or polyoxyethylene (20)', 'synonym', 'en', 1.0, 'FSANZ-Sched8') ON CONFLICT(alias_normalized, alias_type, COALESCE(language_code, '')) DO NOTHING;
INSERT INTO ingredient_alias (canonical_id, alias, alias_normalized, alias_type, language_code, confidence, source) VALUES ('NAME_sorbitan_tristearate_polysorbate_80_or_polyoxyethylene', '433', '433', 'ins_number', NULL, 1.0, 'FSANZ-Sched8') ON CONFLICT(alias_normalized, alias_type, COALESCE(language_code, '')) DO NOTHING;
INSERT OR IGNORE INTO regulatory_fact (canonical_id, jurisdiction, fact_type, status, regulation_ref, product_category, evidence_id) VALUES ('NAME_sorbitan_tristearate_polysorbate_80_or_polyoxyethylene', 'AU_NZ_FSANZ', 'permitted', 'Permitted food additive in Australia/New Zealand (INS 433)', 'FSANZ Schedule 8', 'food', (SELECT id FROM fact_evidence WHERE source_url = 'https://www.legislation.gov.au/F2015L00478/latest/text' AND snapshot_date = '2026-04-18' LIMIT 1));
INSERT INTO ingredient (canonical_id, primary_name, ingredient_class, ins_number, category, is_natural) VALUES ('NAME_sorbitan_monooleate_polyvinylpyrrolidone', 'sorbitan monooleate Polyvinylpyrrolidone', 'substance', '1201', 'food', 0) ON CONFLICT(canonical_id) DO NOTHING;
INSERT INTO ingredient_alias (canonical_id, alias, alias_normalized, alias_type, language_code, confidence, source) VALUES ('NAME_sorbitan_monooleate_polyvinylpyrrolidone', 'sorbitan monooleate Polyvinylpyrrolidone', 'sorbitan monooleate polyvinylpyrrolidone', 'synonym', 'en', 1.0, 'FSANZ-Sched8') ON CONFLICT(alias_normalized, alias_type, COALESCE(language_code, '')) DO NOTHING;
INSERT INTO ingredient_alias (canonical_id, alias, alias_normalized, alias_type, language_code, confidence, source) VALUES ('NAME_sorbitan_monooleate_polyvinylpyrrolidone', '1201', '1201', 'ins_number', NULL, 1.0, 'FSANZ-Sched8') ON CONFLICT(alias_normalized, alias_type, COALESCE(language_code, '')) DO NOTHING;
INSERT OR IGNORE INTO regulatory_fact (canonical_id, jurisdiction, fact_type, status, regulation_ref, product_category, evidence_id) VALUES ('NAME_sorbitan_monooleate_polyvinylpyrrolidone', 'AU_NZ_FSANZ', 'permitted', 'Permitted food additive in Australia/New Zealand (INS 1201)', 'FSANZ Schedule 8', 'food', (SELECT id FROM fact_evidence WHERE source_url = 'https://www.legislation.gov.au/F2015L00478/latest/text' AND snapshot_date = '2026-04-18' LIMIT 1));
INSERT INTO ingredient (canonical_id, primary_name, ingredient_class, ins_number, category, is_natural) VALUES ('NAME_ponceau_4r', 'Ponceau 4R', 'substance', '124', 'food', 0) ON CONFLICT(canonical_id) DO NOTHING;
INSERT INTO ingredient_alias (canonical_id, alias, alias_normalized, alias_type, language_code, confidence, source) VALUES ('NAME_ponceau_4r', 'Ponceau 4R', 'ponceau 4r', 'synonym', 'en', 1.0, 'FSANZ-Sched8') ON CONFLICT(alias_normalized, alias_type, COALESCE(language_code, '')) DO NOTHING;
INSERT INTO ingredient_alias (canonical_id, alias, alias_normalized, alias_type, language_code, confidence, source) VALUES ('NAME_ponceau_4r', '124', '124', 'ins_number', NULL, 1.0, 'FSANZ-Sched8') ON CONFLICT(alias_normalized, alias_type, COALESCE(language_code, '')) DO NOTHING;
INSERT OR IGNORE INTO regulatory_fact (canonical_id, jurisdiction, fact_type, status, regulation_ref, product_category, evidence_id) VALUES ('NAME_ponceau_4r', 'AU_NZ_FSANZ', 'permitted', 'Permitted food additive in Australia/New Zealand (INS 124)', 'FSANZ Schedule 8', 'food', (SELECT id FROM fact_evidence WHERE source_url = 'https://www.legislation.gov.au/F2015L00478/latest/text' AND snapshot_date = '2026-04-18' LIMIT 1));
INSERT INTO ingredient (canonical_id, primary_name, ingredient_class, ins_number, category, is_natural) VALUES ('NAME_potassium_acetate_or_potassium', 'Potassium acetate or Potassium', 'substance', '261', 'food', 0) ON CONFLICT(canonical_id) DO NOTHING;
INSERT INTO ingredient_alias (canonical_id, alias, alias_normalized, alias_type, language_code, confidence, source) VALUES ('NAME_potassium_acetate_or_potassium', 'Potassium acetate or Potassium', 'potassium acetate or potassium', 'synonym', 'en', 1.0, 'FSANZ-Sched8') ON CONFLICT(alias_normalized, alias_type, COALESCE(language_code, '')) DO NOTHING;
INSERT INTO ingredient_alias (canonical_id, alias, alias_normalized, alias_type, language_code, confidence, source) VALUES ('NAME_potassium_acetate_or_potassium', '261', '261', 'ins_number', NULL, 1.0, 'FSANZ-Sched8') ON CONFLICT(alias_normalized, alias_type, COALESCE(language_code, '')) DO NOTHING;
INSERT OR IGNORE INTO regulatory_fact (canonical_id, jurisdiction, fact_type, status, regulation_ref, product_category, evidence_id) VALUES ('NAME_potassium_acetate_or_potassium', 'AU_NZ_FSANZ', 'permitted', 'Permitted food additive in Australia/New Zealand (INS 261)', 'FSANZ Schedule 8', 'food', (SELECT id FROM fact_evidence WHERE source_url = 'https://www.legislation.gov.au/F2015L00478/latest/text' AND snapshot_date = '2026-04-18' LIMIT 1));
INSERT INTO ingredient (canonical_id, primary_name, ingredient_class, ins_number, category, is_natural) VALUES ('NAME_diacetate_potassium_adipate', 'diacetate Potassium adipate', 'substance', '357', 'food', 0) ON CONFLICT(canonical_id) DO NOTHING;
INSERT INTO ingredient_alias (canonical_id, alias, alias_normalized, alias_type, language_code, confidence, source) VALUES ('NAME_diacetate_potassium_adipate', 'diacetate Potassium adipate', 'diacetate potassium adipate', 'synonym', 'en', 1.0, 'FSANZ-Sched8') ON CONFLICT(alias_normalized, alias_type, COALESCE(language_code, '')) DO NOTHING;
INSERT INTO ingredient_alias (canonical_id, alias, alias_normalized, alias_type, language_code, confidence, source) VALUES ('NAME_diacetate_potassium_adipate', '357', '357', 'ins_number', NULL, 1.0, 'FSANZ-Sched8') ON CONFLICT(alias_normalized, alias_type, COALESCE(language_code, '')) DO NOTHING;
INSERT OR IGNORE INTO regulatory_fact (canonical_id, jurisdiction, fact_type, status, regulation_ref, product_category, evidence_id) VALUES ('NAME_diacetate_potassium_adipate', 'AU_NZ_FSANZ', 'permitted', 'Permitted food additive in Australia/New Zealand (INS 357)', 'FSANZ Schedule 8', 'food', (SELECT id FROM fact_evidence WHERE source_url = 'https://www.legislation.gov.au/F2015L00478/latest/text' AND snapshot_date = '2026-04-18' LIMIT 1));
INSERT INTO ingredient (canonical_id, primary_name, ingredient_class, ins_number, category, is_natural) VALUES ('NAME_potassium_alginate', 'Potassium alginate', 'substance', '402', 'food', 0) ON CONFLICT(canonical_id) DO NOTHING;
INSERT INTO ingredient_alias (canonical_id, alias, alias_normalized, alias_type, language_code, confidence, source) VALUES ('NAME_potassium_alginate', 'Potassium alginate', 'potassium alginate', 'synonym', 'en', 1.0, 'FSANZ-Sched8') ON CONFLICT(alias_normalized, alias_type, COALESCE(language_code, '')) DO NOTHING;
INSERT INTO ingredient_alias (canonical_id, alias, alias_normalized, alias_type, language_code, confidence, source) VALUES ('NAME_potassium_alginate', '402', '402', 'ins_number', NULL, 1.0, 'FSANZ-Sched8') ON CONFLICT(alias_normalized, alias_type, COALESCE(language_code, '')) DO NOTHING;
INSERT OR IGNORE INTO regulatory_fact (canonical_id, jurisdiction, fact_type, status, regulation_ref, product_category, evidence_id) VALUES ('NAME_potassium_alginate', 'AU_NZ_FSANZ', 'permitted', 'Permitted food additive in Australia/New Zealand (INS 402)', 'FSANZ Schedule 8', 'food', (SELECT id FROM fact_evidence WHERE source_url = 'https://www.legislation.gov.au/F2015L00478/latest/text' AND snapshot_date = '2026-04-18' LIMIT 1));
INSERT INTO ingredient (canonical_id, primary_name, ingredient_class, ins_number, category, is_natural) VALUES ('NAME_potassium_aluminium_silicate', 'Potassium aluminium silicate', 'substance', '555', 'food', 0) ON CONFLICT(canonical_id) DO NOTHING;
INSERT INTO ingredient_alias (canonical_id, alias, alias_normalized, alias_type, language_code, confidence, source) VALUES ('NAME_potassium_aluminium_silicate', 'Potassium aluminium silicate', 'potassium aluminium silicate', 'synonym', 'en', 1.0, 'FSANZ-Sched8') ON CONFLICT(alias_normalized, alias_type, COALESCE(language_code, '')) DO NOTHING;
INSERT INTO ingredient_alias (canonical_id, alias, alias_normalized, alias_type, language_code, confidence, source) VALUES ('NAME_potassium_aluminium_silicate', '555', '555', 'ins_number', NULL, 1.0, 'FSANZ-Sched8') ON CONFLICT(alias_normalized, alias_type, COALESCE(language_code, '')) DO NOTHING;
INSERT OR IGNORE INTO regulatory_fact (canonical_id, jurisdiction, fact_type, status, regulation_ref, product_category, evidence_id) VALUES ('NAME_potassium_aluminium_silicate', 'AU_NZ_FSANZ', 'permitted', 'Permitted food additive in Australia/New Zealand (INS 555)', 'FSANZ Schedule 8', 'food', (SELECT id FROM fact_evidence WHERE source_url = 'https://www.legislation.gov.au/F2015L00478/latest/text' AND snapshot_date = '2026-04-18' LIMIT 1));
INSERT INTO ingredient (canonical_id, primary_name, ingredient_class, ins_number, category, is_natural) VALUES ('NAME_potassium_ascorbate', 'Potassium ascorbate', 'substance', '303', 'food', 0) ON CONFLICT(canonical_id) DO NOTHING;
INSERT INTO ingredient_alias (canonical_id, alias, alias_normalized, alias_type, language_code, confidence, source) VALUES ('NAME_potassium_ascorbate', 'Potassium ascorbate', 'potassium ascorbate', 'synonym', 'en', 1.0, 'FSANZ-Sched8') ON CONFLICT(alias_normalized, alias_type, COALESCE(language_code, '')) DO NOTHING;
INSERT INTO ingredient_alias (canonical_id, alias, alias_normalized, alias_type, language_code, confidence, source) VALUES ('NAME_potassium_ascorbate', '303', '303', 'ins_number', NULL, 1.0, 'FSANZ-Sched8') ON CONFLICT(alias_normalized, alias_type, COALESCE(language_code, '')) DO NOTHING;
INSERT OR IGNORE INTO regulatory_fact (canonical_id, jurisdiction, fact_type, status, regulation_ref, product_category, evidence_id) VALUES ('NAME_potassium_ascorbate', 'AU_NZ_FSANZ', 'permitted', 'Permitted food additive in Australia/New Zealand (INS 303)', 'FSANZ Schedule 8', 'food', (SELECT id FROM fact_evidence WHERE source_url = 'https://www.legislation.gov.au/F2015L00478/latest/text' AND snapshot_date = '2026-04-18' LIMIT 1));
INSERT INTO ingredient (canonical_id, primary_name, ingredient_class, ins_number, category, is_natural) VALUES ('NAME_potassium_benzoate', 'Potassium benzoate', 'substance', '212', 'food', 0) ON CONFLICT(canonical_id) DO NOTHING;
INSERT INTO ingredient_alias (canonical_id, alias, alias_normalized, alias_type, language_code, confidence, source) VALUES ('NAME_potassium_benzoate', 'Potassium benzoate', 'potassium benzoate', 'synonym', 'en', 1.0, 'FSANZ-Sched8') ON CONFLICT(alias_normalized, alias_type, COALESCE(language_code, '')) DO NOTHING;
INSERT INTO ingredient_alias (canonical_id, alias, alias_normalized, alias_type, language_code, confidence, source) VALUES ('NAME_potassium_benzoate', '212', '212', 'ins_number', NULL, 1.0, 'FSANZ-Sched8') ON CONFLICT(alias_normalized, alias_type, COALESCE(language_code, '')) DO NOTHING;
INSERT OR IGNORE INTO regulatory_fact (canonical_id, jurisdiction, fact_type, status, regulation_ref, product_category, evidence_id) VALUES ('NAME_potassium_benzoate', 'AU_NZ_FSANZ', 'permitted', 'Permitted food additive in Australia/New Zealand (INS 212)', 'FSANZ Schedule 8', 'food', (SELECT id FROM fact_evidence WHERE source_url = 'https://www.legislation.gov.au/F2015L00478/latest/text' AND snapshot_date = '2026-04-18' LIMIT 1));
INSERT INTO ingredient (canonical_id, primary_name, ingredient_class, ins_number, category, is_natural) VALUES ('NAME_potassium_bicarbonate', 'Potassium bicarbonate', 'substance', '501', 'food', 0) ON CONFLICT(canonical_id) DO NOTHING;
INSERT INTO ingredient_alias (canonical_id, alias, alias_normalized, alias_type, language_code, confidence, source) VALUES ('NAME_potassium_bicarbonate', 'Potassium bicarbonate', 'potassium bicarbonate', 'synonym', 'en', 1.0, 'FSANZ-Sched8') ON CONFLICT(alias_normalized, alias_type, COALESCE(language_code, '')) DO NOTHING;
INSERT INTO ingredient_alias (canonical_id, alias, alias_normalized, alias_type, language_code, confidence, source) VALUES ('NAME_potassium_bicarbonate', '501', '501', 'ins_number', NULL, 1.0, 'FSANZ-Sched8') ON CONFLICT(alias_normalized, alias_type, COALESCE(language_code, '')) DO NOTHING;
INSERT OR IGNORE INTO regulatory_fact (canonical_id, jurisdiction, fact_type, status, regulation_ref, product_category, evidence_id) VALUES ('NAME_potassium_bicarbonate', 'AU_NZ_FSANZ', 'permitted', 'Permitted food additive in Australia/New Zealand (INS 501)', 'FSANZ Schedule 8', 'food', (SELECT id FROM fact_evidence WHERE source_url = 'https://www.legislation.gov.au/F2015L00478/latest/text' AND snapshot_date = '2026-04-18' LIMIT 1));
INSERT INTO ingredient (canonical_id, primary_name, ingredient_class, ins_number, category, is_natural) VALUES ('NAME_potassium_bisulphite', 'Potassium bisulphite', 'substance', '228', 'food', 0) ON CONFLICT(canonical_id) DO NOTHING;
INSERT INTO ingredient_alias (canonical_id, alias, alias_normalized, alias_type, language_code, confidence, source) VALUES ('NAME_potassium_bisulphite', 'Potassium bisulphite', 'potassium bisulphite', 'synonym', 'en', 1.0, 'FSANZ-Sched8') ON CONFLICT(alias_normalized, alias_type, COALESCE(language_code, '')) DO NOTHING;
INSERT INTO ingredient_alias (canonical_id, alias, alias_normalized, alias_type, language_code, confidence, source) VALUES ('NAME_potassium_bisulphite', '228', '228', 'ins_number', NULL, 1.0, 'FSANZ-Sched8') ON CONFLICT(alias_normalized, alias_type, COALESCE(language_code, '')) DO NOTHING;
INSERT OR IGNORE INTO regulatory_fact (canonical_id, jurisdiction, fact_type, status, regulation_ref, product_category, evidence_id) VALUES ('NAME_potassium_bisulphite', 'AU_NZ_FSANZ', 'permitted', 'Permitted food additive in Australia/New Zealand (INS 228)', 'FSANZ Schedule 8', 'food', (SELECT id FROM fact_evidence WHERE source_url = 'https://www.legislation.gov.au/F2015L00478/latest/text' AND snapshot_date = '2026-04-18' LIMIT 1));
INSERT INTO ingredient (canonical_id, primary_name, ingredient_class, ins_number, category, is_natural) VALUES ('NAME_potassium_carbonate', 'Potassium carbonate', 'substance', '501', 'food', 0) ON CONFLICT(canonical_id) DO NOTHING;
INSERT INTO ingredient_alias (canonical_id, alias, alias_normalized, alias_type, language_code, confidence, source) VALUES ('NAME_potassium_carbonate', 'Potassium carbonate', 'potassium carbonate', 'synonym', 'en', 1.0, 'FSANZ-Sched8') ON CONFLICT(alias_normalized, alias_type, COALESCE(language_code, '')) DO NOTHING;
INSERT INTO ingredient_alias (canonical_id, alias, alias_normalized, alias_type, language_code, confidence, source) VALUES ('NAME_potassium_carbonate', '501', '501', 'ins_number', NULL, 1.0, 'FSANZ-Sched8') ON CONFLICT(alias_normalized, alias_type, COALESCE(language_code, '')) DO NOTHING;
INSERT OR IGNORE INTO regulatory_fact (canonical_id, jurisdiction, fact_type, status, regulation_ref, product_category, evidence_id) VALUES ('NAME_potassium_carbonate', 'AU_NZ_FSANZ', 'permitted', 'Permitted food additive in Australia/New Zealand (INS 501)', 'FSANZ Schedule 8', 'food', (SELECT id FROM fact_evidence WHERE source_url = 'https://www.legislation.gov.au/F2015L00478/latest/text' AND snapshot_date = '2026-04-18' LIMIT 1));
INSERT INTO ingredient (canonical_id, primary_name, ingredient_class, ins_number, category, is_natural) VALUES ('NAME_potassium_chloride', 'Potassium chloride', 'substance', '508', 'food', 0) ON CONFLICT(canonical_id) DO NOTHING;
INSERT INTO ingredient_alias (canonical_id, alias, alias_normalized, alias_type, language_code, confidence, source) VALUES ('NAME_potassium_chloride', 'Potassium chloride', 'potassium chloride', 'synonym', 'en', 1.0, 'FSANZ-Sched8') ON CONFLICT(alias_normalized, alias_type, COALESCE(language_code, '')) DO NOTHING;
INSERT INTO ingredient_alias (canonical_id, alias, alias_normalized, alias_type, language_code, confidence, source) VALUES ('NAME_potassium_chloride', '508', '508', 'ins_number', NULL, 1.0, 'FSANZ-Sched8') ON CONFLICT(alias_normalized, alias_type, COALESCE(language_code, '')) DO NOTHING;
INSERT OR IGNORE INTO regulatory_fact (canonical_id, jurisdiction, fact_type, status, regulation_ref, product_category, evidence_id) VALUES ('NAME_potassium_chloride', 'AU_NZ_FSANZ', 'permitted', 'Permitted food additive in Australia/New Zealand (INS 508)', 'FSANZ Schedule 8', 'food', (SELECT id FROM fact_evidence WHERE source_url = 'https://www.legislation.gov.au/F2015L00478/latest/text' AND snapshot_date = '2026-04-18' LIMIT 1));
INSERT INTO ingredient (canonical_id, primary_name, ingredient_class, ins_number, category, is_natural) VALUES ('NAME_potassium_citrate', 'Potassium citrate', 'substance', '332', 'food', 0) ON CONFLICT(canonical_id) DO NOTHING;
INSERT INTO ingredient_alias (canonical_id, alias, alias_normalized, alias_type, language_code, confidence, source) VALUES ('NAME_potassium_citrate', 'Potassium citrate', 'potassium citrate', 'synonym', 'en', 1.0, 'FSANZ-Sched8') ON CONFLICT(alias_normalized, alias_type, COALESCE(language_code, '')) DO NOTHING;
INSERT INTO ingredient_alias (canonical_id, alias, alias_normalized, alias_type, language_code, confidence, source) VALUES ('NAME_potassium_citrate', '332', '332', 'ins_number', NULL, 1.0, 'FSANZ-Sched8') ON CONFLICT(alias_normalized, alias_type, COALESCE(language_code, '')) DO NOTHING;
INSERT OR IGNORE INTO regulatory_fact (canonical_id, jurisdiction, fact_type, status, regulation_ref, product_category, evidence_id) VALUES ('NAME_potassium_citrate', 'AU_NZ_FSANZ', 'permitted', 'Permitted food additive in Australia/New Zealand (INS 332)', 'FSANZ Schedule 8', 'food', (SELECT id FROM fact_evidence WHERE source_url = 'https://www.legislation.gov.au/F2015L00478/latest/text' AND snapshot_date = '2026-04-18' LIMIT 1));
INSERT INTO ingredient (canonical_id, primary_name, ingredient_class, ins_number, category, is_natural) VALUES ('NAME_potassium_dihydrogen_citrate', 'Potassium dihydrogen citrate', 'substance', '332', 'food', 0) ON CONFLICT(canonical_id) DO NOTHING;
INSERT INTO ingredient_alias (canonical_id, alias, alias_normalized, alias_type, language_code, confidence, source) VALUES ('NAME_potassium_dihydrogen_citrate', 'Potassium dihydrogen citrate', 'potassium dihydrogen citrate', 'synonym', 'en', 1.0, 'FSANZ-Sched8') ON CONFLICT(alias_normalized, alias_type, COALESCE(language_code, '')) DO NOTHING;
INSERT INTO ingredient_alias (canonical_id, alias, alias_normalized, alias_type, language_code, confidence, source) VALUES ('NAME_potassium_dihydrogen_citrate', '332', '332', 'ins_number', NULL, 1.0, 'FSANZ-Sched8') ON CONFLICT(alias_normalized, alias_type, COALESCE(language_code, '')) DO NOTHING;
INSERT OR IGNORE INTO regulatory_fact (canonical_id, jurisdiction, fact_type, status, regulation_ref, product_category, evidence_id) VALUES ('NAME_potassium_dihydrogen_citrate', 'AU_NZ_FSANZ', 'permitted', 'Permitted food additive in Australia/New Zealand (INS 332)', 'FSANZ Schedule 8', 'food', (SELECT id FROM fact_evidence WHERE source_url = 'https://www.legislation.gov.au/F2015L00478/latest/text' AND snapshot_date = '2026-04-18' LIMIT 1));
INSERT INTO ingredient (canonical_id, primary_name, ingredient_class, ins_number, category, is_natural) VALUES ('NAME_potassium_ferrocyanide', 'Potassium ferrocyanide', 'substance', '536', 'food', 0) ON CONFLICT(canonical_id) DO NOTHING;
INSERT INTO ingredient_alias (canonical_id, alias, alias_normalized, alias_type, language_code, confidence, source) VALUES ('NAME_potassium_ferrocyanide', 'Potassium ferrocyanide', 'potassium ferrocyanide', 'synonym', 'en', 1.0, 'FSANZ-Sched8') ON CONFLICT(alias_normalized, alias_type, COALESCE(language_code, '')) DO NOTHING;
INSERT INTO ingredient_alias (canonical_id, alias, alias_normalized, alias_type, language_code, confidence, source) VALUES ('NAME_potassium_ferrocyanide', '536', '536', 'ins_number', NULL, 1.0, 'FSANZ-Sched8') ON CONFLICT(alias_normalized, alias_type, COALESCE(language_code, '')) DO NOTHING;
INSERT OR IGNORE INTO regulatory_fact (canonical_id, jurisdiction, fact_type, status, regulation_ref, product_category, evidence_id) VALUES ('NAME_potassium_ferrocyanide', 'AU_NZ_FSANZ', 'permitted', 'Permitted food additive in Australia/New Zealand (INS 536)', 'FSANZ Schedule 8', 'food', (SELECT id FROM fact_evidence WHERE source_url = 'https://www.legislation.gov.au/F2015L00478/latest/text' AND snapshot_date = '2026-04-18' LIMIT 1));
INSERT INTO ingredient (canonical_id, primary_name, ingredient_class, ins_number, category, is_natural) VALUES ('NAME_potassium_fumarate', 'Potassium fumarate', 'substance', '366', 'food', 0) ON CONFLICT(canonical_id) DO NOTHING;
INSERT INTO ingredient_alias (canonical_id, alias, alias_normalized, alias_type, language_code, confidence, source) VALUES ('NAME_potassium_fumarate', 'Potassium fumarate', 'potassium fumarate', 'synonym', 'en', 1.0, 'FSANZ-Sched8') ON CONFLICT(alias_normalized, alias_type, COALESCE(language_code, '')) DO NOTHING;
INSERT INTO ingredient_alias (canonical_id, alias, alias_normalized, alias_type, language_code, confidence, source) VALUES ('NAME_potassium_fumarate', '366', '366', 'ins_number', NULL, 1.0, 'FSANZ-Sched8') ON CONFLICT(alias_normalized, alias_type, COALESCE(language_code, '')) DO NOTHING;
INSERT OR IGNORE INTO regulatory_fact (canonical_id, jurisdiction, fact_type, status, regulation_ref, product_category, evidence_id) VALUES ('NAME_potassium_fumarate', 'AU_NZ_FSANZ', 'permitted', 'Permitted food additive in Australia/New Zealand (INS 366)', 'FSANZ Schedule 8', 'food', (SELECT id FROM fact_evidence WHERE source_url = 'https://www.legislation.gov.au/F2015L00478/latest/text' AND snapshot_date = '2026-04-18' LIMIT 1));
INSERT INTO ingredient (canonical_id, primary_name, ingredient_class, ins_number, category, is_natural) VALUES ('NAME_potassium_gluconate', 'Potassium gluconate', 'substance', '577', 'food', 0) ON CONFLICT(canonical_id) DO NOTHING;
INSERT INTO ingredient_alias (canonical_id, alias, alias_normalized, alias_type, language_code, confidence, source) VALUES ('NAME_potassium_gluconate', 'Potassium gluconate', 'potassium gluconate', 'synonym', 'en', 1.0, 'FSANZ-Sched8') ON CONFLICT(alias_normalized, alias_type, COALESCE(language_code, '')) DO NOTHING;
INSERT INTO ingredient_alias (canonical_id, alias, alias_normalized, alias_type, language_code, confidence, source) VALUES ('NAME_potassium_gluconate', '577', '577', 'ins_number', NULL, 1.0, 'FSANZ-Sched8') ON CONFLICT(alias_normalized, alias_type, COALESCE(language_code, '')) DO NOTHING;
INSERT OR IGNORE INTO regulatory_fact (canonical_id, jurisdiction, fact_type, status, regulation_ref, product_category, evidence_id) VALUES ('NAME_potassium_gluconate', 'AU_NZ_FSANZ', 'permitted', 'Permitted food additive in Australia/New Zealand (INS 577)', 'FSANZ Schedule 8', 'food', (SELECT id FROM fact_evidence WHERE source_url = 'https://www.legislation.gov.au/F2015L00478/latest/text' AND snapshot_date = '2026-04-18' LIMIT 1));
INSERT INTO ingredient (canonical_id, primary_name, ingredient_class, ins_number, category, is_natural) VALUES ('NAME_potassium_hydroxide', 'Potassium hydroxide', 'substance', '525', 'food', 0) ON CONFLICT(canonical_id) DO NOTHING;
INSERT INTO ingredient_alias (canonical_id, alias, alias_normalized, alias_type, language_code, confidence, source) VALUES ('NAME_potassium_hydroxide', 'Potassium hydroxide', 'potassium hydroxide', 'synonym', 'en', 1.0, 'FSANZ-Sched8') ON CONFLICT(alias_normalized, alias_type, COALESCE(language_code, '')) DO NOTHING;
INSERT INTO ingredient_alias (canonical_id, alias, alias_normalized, alias_type, language_code, confidence, source) VALUES ('NAME_potassium_hydroxide', '525', '525', 'ins_number', NULL, 1.0, 'FSANZ-Sched8') ON CONFLICT(alias_normalized, alias_type, COALESCE(language_code, '')) DO NOTHING;
INSERT OR IGNORE INTO regulatory_fact (canonical_id, jurisdiction, fact_type, status, regulation_ref, product_category, evidence_id) VALUES ('NAME_potassium_hydroxide', 'AU_NZ_FSANZ', 'permitted', 'Permitted food additive in Australia/New Zealand (INS 525)', 'FSANZ Schedule 8', 'food', (SELECT id FROM fact_evidence WHERE source_url = 'https://www.legislation.gov.au/F2015L00478/latest/text' AND snapshot_date = '2026-04-18' LIMIT 1));
INSERT INTO ingredient (canonical_id, primary_name, ingredient_class, ins_number, category, is_natural) VALUES ('NAME_potassium_lactate', 'Potassium lactate', 'substance', '326', 'food', 0) ON CONFLICT(canonical_id) DO NOTHING;
INSERT INTO ingredient_alias (canonical_id, alias, alias_normalized, alias_type, language_code, confidence, source) VALUES ('NAME_potassium_lactate', 'Potassium lactate', 'potassium lactate', 'synonym', 'en', 1.0, 'FSANZ-Sched8') ON CONFLICT(alias_normalized, alias_type, COALESCE(language_code, '')) DO NOTHING;
INSERT INTO ingredient_alias (canonical_id, alias, alias_normalized, alias_type, language_code, confidence, source) VALUES ('NAME_potassium_lactate', '326', '326', 'ins_number', NULL, 1.0, 'FSANZ-Sched8') ON CONFLICT(alias_normalized, alias_type, COALESCE(language_code, '')) DO NOTHING;
INSERT OR IGNORE INTO regulatory_fact (canonical_id, jurisdiction, fact_type, status, regulation_ref, product_category, evidence_id) VALUES ('NAME_potassium_lactate', 'AU_NZ_FSANZ', 'permitted', 'Permitted food additive in Australia/New Zealand (INS 326)', 'FSANZ Schedule 8', 'food', (SELECT id FROM fact_evidence WHERE source_url = 'https://www.legislation.gov.au/F2015L00478/latest/text' AND snapshot_date = '2026-04-18' LIMIT 1));
INSERT INTO ingredient (canonical_id, primary_name, ingredient_class, ins_number, category, is_natural) VALUES ('NAME_potassium_malate', 'Potassium malate', 'substance', '351', 'food', 0) ON CONFLICT(canonical_id) DO NOTHING;
INSERT INTO ingredient_alias (canonical_id, alias, alias_normalized, alias_type, language_code, confidence, source) VALUES ('NAME_potassium_malate', 'Potassium malate', 'potassium malate', 'synonym', 'en', 1.0, 'FSANZ-Sched8') ON CONFLICT(alias_normalized, alias_type, COALESCE(language_code, '')) DO NOTHING;
INSERT INTO ingredient_alias (canonical_id, alias, alias_normalized, alias_type, language_code, confidence, source) VALUES ('NAME_potassium_malate', '351', '351', 'ins_number', NULL, 1.0, 'FSANZ-Sched8') ON CONFLICT(alias_normalized, alias_type, COALESCE(language_code, '')) DO NOTHING;
INSERT OR IGNORE INTO regulatory_fact (canonical_id, jurisdiction, fact_type, status, regulation_ref, product_category, evidence_id) VALUES ('NAME_potassium_malate', 'AU_NZ_FSANZ', 'permitted', 'Permitted food additive in Australia/New Zealand (INS 351)', 'FSANZ Schedule 8', 'food', (SELECT id FROM fact_evidence WHERE source_url = 'https://www.legislation.gov.au/F2015L00478/latest/text' AND snapshot_date = '2026-04-18' LIMIT 1));
INSERT INTO ingredient (canonical_id, primary_name, ingredient_class, ins_number, category, is_natural) VALUES ('NAME_potassium_metabisulphite', 'Potassium metabisulphite', 'substance', '224', 'food', 0) ON CONFLICT(canonical_id) DO NOTHING;
INSERT INTO ingredient_alias (canonical_id, alias, alias_normalized, alias_type, language_code, confidence, source) VALUES ('NAME_potassium_metabisulphite', 'Potassium metabisulphite', 'potassium metabisulphite', 'synonym', 'en', 1.0, 'FSANZ-Sched8') ON CONFLICT(alias_normalized, alias_type, COALESCE(language_code, '')) DO NOTHING;
INSERT INTO ingredient_alias (canonical_id, alias, alias_normalized, alias_type, language_code, confidence, source) VALUES ('NAME_potassium_metabisulphite', '224', '224', 'ins_number', NULL, 1.0, 'FSANZ-Sched8') ON CONFLICT(alias_normalized, alias_type, COALESCE(language_code, '')) DO NOTHING;
INSERT OR IGNORE INTO regulatory_fact (canonical_id, jurisdiction, fact_type, status, regulation_ref, product_category, evidence_id) VALUES ('NAME_potassium_metabisulphite', 'AU_NZ_FSANZ', 'permitted', 'Permitted food additive in Australia/New Zealand (INS 224)', 'FSANZ Schedule 8', 'food', (SELECT id FROM fact_evidence WHERE source_url = 'https://www.legislation.gov.au/F2015L00478/latest/text' AND snapshot_date = '2026-04-18' LIMIT 1));
INSERT INTO ingredient (canonical_id, primary_name, ingredient_class, ins_number, category, is_natural) VALUES ('NAME_potassium_nitrate', 'Potassium nitrate', 'substance', '252', 'food', 0) ON CONFLICT(canonical_id) DO NOTHING;
INSERT INTO ingredient_alias (canonical_id, alias, alias_normalized, alias_type, language_code, confidence, source) VALUES ('NAME_potassium_nitrate', 'Potassium nitrate', 'potassium nitrate', 'synonym', 'en', 1.0, 'FSANZ-Sched8') ON CONFLICT(alias_normalized, alias_type, COALESCE(language_code, '')) DO NOTHING;
INSERT INTO ingredient_alias (canonical_id, alias, alias_normalized, alias_type, language_code, confidence, source) VALUES ('NAME_potassium_nitrate', '252', '252', 'ins_number', NULL, 1.0, 'FSANZ-Sched8') ON CONFLICT(alias_normalized, alias_type, COALESCE(language_code, '')) DO NOTHING;
INSERT OR IGNORE INTO regulatory_fact (canonical_id, jurisdiction, fact_type, status, regulation_ref, product_category, evidence_id) VALUES ('NAME_potassium_nitrate', 'AU_NZ_FSANZ', 'permitted', 'Permitted food additive in Australia/New Zealand (INS 252)', 'FSANZ Schedule 8', 'food', (SELECT id FROM fact_evidence WHERE source_url = 'https://www.legislation.gov.au/F2015L00478/latest/text' AND snapshot_date = '2026-04-18' LIMIT 1));
INSERT INTO ingredient (canonical_id, primary_name, ingredient_class, ins_number, category, is_natural) VALUES ('NAME_potassium_nitrite', 'Potassium nitrite', 'substance', '249', 'food', 0) ON CONFLICT(canonical_id) DO NOTHING;
INSERT INTO ingredient_alias (canonical_id, alias, alias_normalized, alias_type, language_code, confidence, source) VALUES ('NAME_potassium_nitrite', 'Potassium nitrite', 'potassium nitrite', 'synonym', 'en', 1.0, 'FSANZ-Sched8') ON CONFLICT(alias_normalized, alias_type, COALESCE(language_code, '')) DO NOTHING;
INSERT INTO ingredient_alias (canonical_id, alias, alias_normalized, alias_type, language_code, confidence, source) VALUES ('NAME_potassium_nitrite', '249', '249', 'ins_number', NULL, 1.0, 'FSANZ-Sched8') ON CONFLICT(alias_normalized, alias_type, COALESCE(language_code, '')) DO NOTHING;
INSERT OR IGNORE INTO regulatory_fact (canonical_id, jurisdiction, fact_type, status, regulation_ref, product_category, evidence_id) VALUES ('NAME_potassium_nitrite', 'AU_NZ_FSANZ', 'permitted', 'Permitted food additive in Australia/New Zealand (INS 249)', 'FSANZ Schedule 8', 'food', (SELECT id FROM fact_evidence WHERE source_url = 'https://www.legislation.gov.au/F2015L00478/latest/text' AND snapshot_date = '2026-04-18' LIMIT 1));
INSERT INTO ingredient (canonical_id, primary_name, ingredient_class, ins_number, category, is_natural) VALUES ('NAME_potassium_phosphate_dibasic', 'Potassium phosphate, dibasic', 'substance', '340', 'food', 0) ON CONFLICT(canonical_id) DO NOTHING;
INSERT INTO ingredient_alias (canonical_id, alias, alias_normalized, alias_type, language_code, confidence, source) VALUES ('NAME_potassium_phosphate_dibasic', 'Potassium phosphate, dibasic', 'potassium phosphate, dibasic', 'synonym', 'en', 1.0, 'FSANZ-Sched8') ON CONFLICT(alias_normalized, alias_type, COALESCE(language_code, '')) DO NOTHING;
INSERT INTO ingredient_alias (canonical_id, alias, alias_normalized, alias_type, language_code, confidence, source) VALUES ('NAME_potassium_phosphate_dibasic', '340', '340', 'ins_number', NULL, 1.0, 'FSANZ-Sched8') ON CONFLICT(alias_normalized, alias_type, COALESCE(language_code, '')) DO NOTHING;
INSERT OR IGNORE INTO regulatory_fact (canonical_id, jurisdiction, fact_type, status, regulation_ref, product_category, evidence_id) VALUES ('NAME_potassium_phosphate_dibasic', 'AU_NZ_FSANZ', 'permitted', 'Permitted food additive in Australia/New Zealand (INS 340)', 'FSANZ Schedule 8', 'food', (SELECT id FROM fact_evidence WHERE source_url = 'https://www.legislation.gov.au/F2015L00478/latest/text' AND snapshot_date = '2026-04-18' LIMIT 1));
INSERT INTO ingredient (canonical_id, primary_name, ingredient_class, ins_number, category, is_natural) VALUES ('NAME_potassium_phosphate_monobasic', 'Potassium phosphate, monobasic', 'substance', '340', 'food', 0) ON CONFLICT(canonical_id) DO NOTHING;
INSERT INTO ingredient_alias (canonical_id, alias, alias_normalized, alias_type, language_code, confidence, source) VALUES ('NAME_potassium_phosphate_monobasic', 'Potassium phosphate, monobasic', 'potassium phosphate, monobasic', 'synonym', 'en', 1.0, 'FSANZ-Sched8') ON CONFLICT(alias_normalized, alias_type, COALESCE(language_code, '')) DO NOTHING;
INSERT INTO ingredient_alias (canonical_id, alias, alias_normalized, alias_type, language_code, confidence, source) VALUES ('NAME_potassium_phosphate_monobasic', '340', '340', 'ins_number', NULL, 1.0, 'FSANZ-Sched8') ON CONFLICT(alias_normalized, alias_type, COALESCE(language_code, '')) DO NOTHING;
INSERT OR IGNORE INTO regulatory_fact (canonical_id, jurisdiction, fact_type, status, regulation_ref, product_category, evidence_id) VALUES ('NAME_potassium_phosphate_monobasic', 'AU_NZ_FSANZ', 'permitted', 'Permitted food additive in Australia/New Zealand (INS 340)', 'FSANZ Schedule 8', 'food', (SELECT id FROM fact_evidence WHERE source_url = 'https://www.legislation.gov.au/F2015L00478/latest/text' AND snapshot_date = '2026-04-18' LIMIT 1));
INSERT INTO ingredient (canonical_id, primary_name, ingredient_class, ins_number, category, is_natural) VALUES ('NAME_potassium_phosphate_tribasic', 'Potassium phosphate, tribasic', 'substance', '340', 'food', 0) ON CONFLICT(canonical_id) DO NOTHING;
INSERT INTO ingredient_alias (canonical_id, alias, alias_normalized, alias_type, language_code, confidence, source) VALUES ('NAME_potassium_phosphate_tribasic', 'Potassium phosphate, tribasic', 'potassium phosphate, tribasic', 'synonym', 'en', 1.0, 'FSANZ-Sched8') ON CONFLICT(alias_normalized, alias_type, COALESCE(language_code, '')) DO NOTHING;
INSERT INTO ingredient_alias (canonical_id, alias, alias_normalized, alias_type, language_code, confidence, source) VALUES ('NAME_potassium_phosphate_tribasic', '340', '340', 'ins_number', NULL, 1.0, 'FSANZ-Sched8') ON CONFLICT(alias_normalized, alias_type, COALESCE(language_code, '')) DO NOTHING;
INSERT OR IGNORE INTO regulatory_fact (canonical_id, jurisdiction, fact_type, status, regulation_ref, product_category, evidence_id) VALUES ('NAME_potassium_phosphate_tribasic', 'AU_NZ_FSANZ', 'permitted', 'Permitted food additive in Australia/New Zealand (INS 340)', 'FSANZ Schedule 8', 'food', (SELECT id FROM fact_evidence WHERE source_url = 'https://www.legislation.gov.au/F2015L00478/latest/text' AND snapshot_date = '2026-04-18' LIMIT 1));
INSERT INTO ingredient (canonical_id, primary_name, ingredient_class, ins_number, category, is_natural) VALUES ('NAME_potassium_polymetaphosphate', 'Potassium polymetaphosphate', 'substance', '452', 'food', 0) ON CONFLICT(canonical_id) DO NOTHING;
INSERT INTO ingredient_alias (canonical_id, alias, alias_normalized, alias_type, language_code, confidence, source) VALUES ('NAME_potassium_polymetaphosphate', 'Potassium polymetaphosphate', 'potassium polymetaphosphate', 'synonym', 'en', 1.0, 'FSANZ-Sched8') ON CONFLICT(alias_normalized, alias_type, COALESCE(language_code, '')) DO NOTHING;
INSERT INTO ingredient_alias (canonical_id, alias, alias_normalized, alias_type, language_code, confidence, source) VALUES ('NAME_potassium_polymetaphosphate', '452', '452', 'ins_number', NULL, 1.0, 'FSANZ-Sched8') ON CONFLICT(alias_normalized, alias_type, COALESCE(language_code, '')) DO NOTHING;
INSERT OR IGNORE INTO regulatory_fact (canonical_id, jurisdiction, fact_type, status, regulation_ref, product_category, evidence_id) VALUES ('NAME_potassium_polymetaphosphate', 'AU_NZ_FSANZ', 'permitted', 'Permitted food additive in Australia/New Zealand (INS 452)', 'FSANZ Schedule 8', 'food', (SELECT id FROM fact_evidence WHERE source_url = 'https://www.legislation.gov.au/F2015L00478/latest/text' AND snapshot_date = '2026-04-18' LIMIT 1));
INSERT INTO ingredient (canonical_id, primary_name, ingredient_class, ins_number, category, is_natural) VALUES ('NAME_potassium_polyaspartate', 'Potassium polyaspartate', 'substance', '456', 'food', 0) ON CONFLICT(canonical_id) DO NOTHING;
INSERT INTO ingredient_alias (canonical_id, alias, alias_normalized, alias_type, language_code, confidence, source) VALUES ('NAME_potassium_polyaspartate', 'Potassium polyaspartate', 'potassium polyaspartate', 'synonym', 'en', 1.0, 'FSANZ-Sched8') ON CONFLICT(alias_normalized, alias_type, COALESCE(language_code, '')) DO NOTHING;
INSERT INTO ingredient_alias (canonical_id, alias, alias_normalized, alias_type, language_code, confidence, source) VALUES ('NAME_potassium_polyaspartate', '456', '456', 'ins_number', NULL, 1.0, 'FSANZ-Sched8') ON CONFLICT(alias_normalized, alias_type, COALESCE(language_code, '')) DO NOTHING;
INSERT OR IGNORE INTO regulatory_fact (canonical_id, jurisdiction, fact_type, status, regulation_ref, product_category, evidence_id) VALUES ('NAME_potassium_polyaspartate', 'AU_NZ_FSANZ', 'permitted', 'Permitted food additive in Australia/New Zealand (INS 456)', 'FSANZ Schedule 8', 'food', (SELECT id FROM fact_evidence WHERE source_url = 'https://www.legislation.gov.au/F2015L00478/latest/text' AND snapshot_date = '2026-04-18' LIMIT 1));
INSERT INTO ingredient (canonical_id, primary_name, ingredient_class, ins_number, category, is_natural) VALUES ('NAME_potassium_propionate', 'Potassium propionate', 'substance', '283', 'food', 0) ON CONFLICT(canonical_id) DO NOTHING;
INSERT INTO ingredient_alias (canonical_id, alias, alias_normalized, alias_type, language_code, confidence, source) VALUES ('NAME_potassium_propionate', 'Potassium propionate', 'potassium propionate', 'synonym', 'en', 1.0, 'FSANZ-Sched8') ON CONFLICT(alias_normalized, alias_type, COALESCE(language_code, '')) DO NOTHING;
INSERT INTO ingredient_alias (canonical_id, alias, alias_normalized, alias_type, language_code, confidence, source) VALUES ('NAME_potassium_propionate', '283', '283', 'ins_number', NULL, 1.0, 'FSANZ-Sched8') ON CONFLICT(alias_normalized, alias_type, COALESCE(language_code, '')) DO NOTHING;
INSERT OR IGNORE INTO regulatory_fact (canonical_id, jurisdiction, fact_type, status, regulation_ref, product_category, evidence_id) VALUES ('NAME_potassium_propionate', 'AU_NZ_FSANZ', 'permitted', 'Permitted food additive in Australia/New Zealand (INS 283)', 'FSANZ Schedule 8', 'food', (SELECT id FROM fact_evidence WHERE source_url = 'https://www.legislation.gov.au/F2015L00478/latest/text' AND snapshot_date = '2026-04-18' LIMIT 1));
INSERT INTO ingredient (canonical_id, primary_name, ingredient_class, ins_number, category, is_natural) VALUES ('NAME_potassium_pyrophosphate', 'Potassium pyrophosphate', 'substance', '450', 'food', 0) ON CONFLICT(canonical_id) DO NOTHING;
INSERT INTO ingredient_alias (canonical_id, alias, alias_normalized, alias_type, language_code, confidence, source) VALUES ('NAME_potassium_pyrophosphate', 'Potassium pyrophosphate', 'potassium pyrophosphate', 'synonym', 'en', 1.0, 'FSANZ-Sched8') ON CONFLICT(alias_normalized, alias_type, COALESCE(language_code, '')) DO NOTHING;
INSERT INTO ingredient_alias (canonical_id, alias, alias_normalized, alias_type, language_code, confidence, source) VALUES ('NAME_potassium_pyrophosphate', '450', '450', 'ins_number', NULL, 1.0, 'FSANZ-Sched8') ON CONFLICT(alias_normalized, alias_type, COALESCE(language_code, '')) DO NOTHING;
INSERT OR IGNORE INTO regulatory_fact (canonical_id, jurisdiction, fact_type, status, regulation_ref, product_category, evidence_id) VALUES ('NAME_potassium_pyrophosphate', 'AU_NZ_FSANZ', 'permitted', 'Permitted food additive in Australia/New Zealand (INS 450)', 'FSANZ Schedule 8', 'food', (SELECT id FROM fact_evidence WHERE source_url = 'https://www.legislation.gov.au/F2015L00478/latest/text' AND snapshot_date = '2026-04-18' LIMIT 1));
INSERT INTO ingredient (canonical_id, primary_name, ingredient_class, ins_number, category, is_natural) VALUES ('NAME_potassium_silicate', 'Potassium silicate', 'substance', '560', 'food', 0) ON CONFLICT(canonical_id) DO NOTHING;
INSERT INTO ingredient_alias (canonical_id, alias, alias_normalized, alias_type, language_code, confidence, source) VALUES ('NAME_potassium_silicate', 'Potassium silicate', 'potassium silicate', 'synonym', 'en', 1.0, 'FSANZ-Sched8') ON CONFLICT(alias_normalized, alias_type, COALESCE(language_code, '')) DO NOTHING;
INSERT INTO ingredient_alias (canonical_id, alias, alias_normalized, alias_type, language_code, confidence, source) VALUES ('NAME_potassium_silicate', '560', '560', 'ins_number', NULL, 1.0, 'FSANZ-Sched8') ON CONFLICT(alias_normalized, alias_type, COALESCE(language_code, '')) DO NOTHING;
INSERT OR IGNORE INTO regulatory_fact (canonical_id, jurisdiction, fact_type, status, regulation_ref, product_category, evidence_id) VALUES ('NAME_potassium_silicate', 'AU_NZ_FSANZ', 'permitted', 'Permitted food additive in Australia/New Zealand (INS 560)', 'FSANZ Schedule 8', 'food', (SELECT id FROM fact_evidence WHERE source_url = 'https://www.legislation.gov.au/F2015L00478/latest/text' AND snapshot_date = '2026-04-18' LIMIT 1));
INSERT INTO ingredient (canonical_id, primary_name, ingredient_class, ins_number, category, is_natural) VALUES ('NAME_potassium_sodium_tartrate', 'Potassium sodium tartrate', 'substance', '337', 'food', 0) ON CONFLICT(canonical_id) DO NOTHING;
INSERT INTO ingredient_alias (canonical_id, alias, alias_normalized, alias_type, language_code, confidence, source) VALUES ('NAME_potassium_sodium_tartrate', 'Potassium sodium tartrate', 'potassium sodium tartrate', 'synonym', 'en', 1.0, 'FSANZ-Sched8') ON CONFLICT(alias_normalized, alias_type, COALESCE(language_code, '')) DO NOTHING;
INSERT INTO ingredient_alias (canonical_id, alias, alias_normalized, alias_type, language_code, confidence, source) VALUES ('NAME_potassium_sodium_tartrate', '337', '337', 'ins_number', NULL, 1.0, 'FSANZ-Sched8') ON CONFLICT(alias_normalized, alias_type, COALESCE(language_code, '')) DO NOTHING;
INSERT OR IGNORE INTO regulatory_fact (canonical_id, jurisdiction, fact_type, status, regulation_ref, product_category, evidence_id) VALUES ('NAME_potassium_sodium_tartrate', 'AU_NZ_FSANZ', 'permitted', 'Permitted food additive in Australia/New Zealand (INS 337)', 'FSANZ Schedule 8', 'food', (SELECT id FROM fact_evidence WHERE source_url = 'https://www.legislation.gov.au/F2015L00478/latest/text' AND snapshot_date = '2026-04-18' LIMIT 1));
INSERT INTO ingredient (canonical_id, primary_name, ingredient_class, ins_number, category, is_natural) VALUES ('NAME_potassium_sorbate', 'Potassium sorbate', 'substance', '202', 'food', 0) ON CONFLICT(canonical_id) DO NOTHING;
INSERT INTO ingredient_alias (canonical_id, alias, alias_normalized, alias_type, language_code, confidence, source) VALUES ('NAME_potassium_sorbate', 'Potassium sorbate', 'potassium sorbate', 'synonym', 'en', 1.0, 'FSANZ-Sched8') ON CONFLICT(alias_normalized, alias_type, COALESCE(language_code, '')) DO NOTHING;
INSERT INTO ingredient_alias (canonical_id, alias, alias_normalized, alias_type, language_code, confidence, source) VALUES ('NAME_potassium_sorbate', '202', '202', 'ins_number', NULL, 1.0, 'FSANZ-Sched8') ON CONFLICT(alias_normalized, alias_type, COALESCE(language_code, '')) DO NOTHING;
INSERT OR IGNORE INTO regulatory_fact (canonical_id, jurisdiction, fact_type, status, regulation_ref, product_category, evidence_id) VALUES ('NAME_potassium_sorbate', 'AU_NZ_FSANZ', 'permitted', 'Permitted food additive in Australia/New Zealand (INS 202)', 'FSANZ Schedule 8', 'food', (SELECT id FROM fact_evidence WHERE source_url = 'https://www.legislation.gov.au/F2015L00478/latest/text' AND snapshot_date = '2026-04-18' LIMIT 1));
INSERT INTO ingredient (canonical_id, primary_name, ingredient_class, ins_number, category, is_natural) VALUES ('NAME_potassium_sulphate', 'Potassium sulphate', 'substance', '515', 'food', 0) ON CONFLICT(canonical_id) DO NOTHING;
INSERT INTO ingredient_alias (canonical_id, alias, alias_normalized, alias_type, language_code, confidence, source) VALUES ('NAME_potassium_sulphate', 'Potassium sulphate', 'potassium sulphate', 'synonym', 'en', 1.0, 'FSANZ-Sched8') ON CONFLICT(alias_normalized, alias_type, COALESCE(language_code, '')) DO NOTHING;
INSERT INTO ingredient_alias (canonical_id, alias, alias_normalized, alias_type, language_code, confidence, source) VALUES ('NAME_potassium_sulphate', '515', '515', 'ins_number', NULL, 1.0, 'FSANZ-Sched8') ON CONFLICT(alias_normalized, alias_type, COALESCE(language_code, '')) DO NOTHING;
INSERT OR IGNORE INTO regulatory_fact (canonical_id, jurisdiction, fact_type, status, regulation_ref, product_category, evidence_id) VALUES ('NAME_potassium_sulphate', 'AU_NZ_FSANZ', 'permitted', 'Permitted food additive in Australia/New Zealand (INS 515)', 'FSANZ Schedule 8', 'food', (SELECT id FROM fact_evidence WHERE source_url = 'https://www.legislation.gov.au/F2015L00478/latest/text' AND snapshot_date = '2026-04-18' LIMIT 1));
INSERT INTO ingredient (canonical_id, primary_name, ingredient_class, ins_number, category, is_natural) VALUES ('NAME_potassium_sulphite', 'Potassium sulphite', 'substance', '225', 'food', 0) ON CONFLICT(canonical_id) DO NOTHING;
INSERT INTO ingredient_alias (canonical_id, alias, alias_normalized, alias_type, language_code, confidence, source) VALUES ('NAME_potassium_sulphite', 'Potassium sulphite', 'potassium sulphite', 'synonym', 'en', 1.0, 'FSANZ-Sched8') ON CONFLICT(alias_normalized, alias_type, COALESCE(language_code, '')) DO NOTHING;
INSERT INTO ingredient_alias (canonical_id, alias, alias_normalized, alias_type, language_code, confidence, source) VALUES ('NAME_potassium_sulphite', '225', '225', 'ins_number', NULL, 1.0, 'FSANZ-Sched8') ON CONFLICT(alias_normalized, alias_type, COALESCE(language_code, '')) DO NOTHING;
INSERT OR IGNORE INTO regulatory_fact (canonical_id, jurisdiction, fact_type, status, regulation_ref, product_category, evidence_id) VALUES ('NAME_potassium_sulphite', 'AU_NZ_FSANZ', 'permitted', 'Permitted food additive in Australia/New Zealand (INS 225)', 'FSANZ Schedule 8', 'food', (SELECT id FROM fact_evidence WHERE source_url = 'https://www.legislation.gov.au/F2015L00478/latest/text' AND snapshot_date = '2026-04-18' LIMIT 1));
INSERT INTO ingredient (canonical_id, primary_name, ingredient_class, ins_number, category, is_natural) VALUES ('NAME_16_september_2025_schedule_8_7_authorised_version_f2025c00967_registered_0910202', '16 September 2025 Schedule 8 7 Authorised Version F2025C00967 registered 09/10/2025 Potassium tartrate or Potassium acid', 'substance', '336', 'food', 0) ON CONFLICT(canonical_id) DO NOTHING;
INSERT INTO ingredient_alias (canonical_id, alias, alias_normalized, alias_type, language_code, confidence, source) VALUES ('NAME_16_september_2025_schedule_8_7_authorised_version_f2025c00967_registered_0910202', '16 September 2025 Schedule 8 7 Authorised Version F2025C00967 registered 09/10/2025 Potassium tartrate or Potassium acid', '16 september 2025 schedule 8 7 authorised version f2025c00967 registered 09/10/2025 potassium tartrate or potassium acid', 'synonym', 'en', 1.0, 'FSANZ-Sched8') ON CONFLICT(alias_normalized, alias_type, COALESCE(language_code, '')) DO NOTHING;
INSERT INTO ingredient_alias (canonical_id, alias, alias_normalized, alias_type, language_code, confidence, source) VALUES ('NAME_16_september_2025_schedule_8_7_authorised_version_f2025c00967_registered_0910202', '336', '336', 'ins_number', NULL, 1.0, 'FSANZ-Sched8') ON CONFLICT(alias_normalized, alias_type, COALESCE(language_code, '')) DO NOTHING;
INSERT OR IGNORE INTO regulatory_fact (canonical_id, jurisdiction, fact_type, status, regulation_ref, product_category, evidence_id) VALUES ('NAME_16_september_2025_schedule_8_7_authorised_version_f2025c00967_registered_0910202', 'AU_NZ_FSANZ', 'permitted', 'Permitted food additive in Australia/New Zealand (INS 336)', 'FSANZ Schedule 8', 'food', (SELECT id FROM fact_evidence WHERE source_url = 'https://www.legislation.gov.au/F2015L00478/latest/text' AND snapshot_date = '2026-04-18' LIMIT 1));
INSERT INTO ingredient (canonical_id, primary_name, ingredient_class, ins_number, category, is_natural) VALUES ('NAME_tartrate_potassium_tripolyphosphate', 'tartrate Potassium tripolyphosphate', 'substance', '451', 'food', 0) ON CONFLICT(canonical_id) DO NOTHING;
INSERT INTO ingredient_alias (canonical_id, alias, alias_normalized, alias_type, language_code, confidence, source) VALUES ('NAME_tartrate_potassium_tripolyphosphate', 'tartrate Potassium tripolyphosphate', 'tartrate potassium tripolyphosphate', 'synonym', 'en', 1.0, 'FSANZ-Sched8') ON CONFLICT(alias_normalized, alias_type, COALESCE(language_code, '')) DO NOTHING;
INSERT INTO ingredient_alias (canonical_id, alias, alias_normalized, alias_type, language_code, confidence, source) VALUES ('NAME_tartrate_potassium_tripolyphosphate', '451', '451', 'ins_number', NULL, 1.0, 'FSANZ-Sched8') ON CONFLICT(alias_normalized, alias_type, COALESCE(language_code, '')) DO NOTHING;
INSERT OR IGNORE INTO regulatory_fact (canonical_id, jurisdiction, fact_type, status, regulation_ref, product_category, evidence_id) VALUES ('NAME_tartrate_potassium_tripolyphosphate', 'AU_NZ_FSANZ', 'permitted', 'Permitted food additive in Australia/New Zealand (INS 451)', 'FSANZ Schedule 8', 'food', (SELECT id FROM fact_evidence WHERE source_url = 'https://www.legislation.gov.au/F2015L00478/latest/text' AND snapshot_date = '2026-04-18' LIMIT 1));
INSERT INTO ingredient (canonical_id, primary_name, ingredient_class, ins_number, category, is_natural) VALUES ('NAME_processed_eucheuma_seaweed', 'Processed eucheuma seaweed', 'substance', '407a', 'food', 0) ON CONFLICT(canonical_id) DO NOTHING;
INSERT INTO ingredient_alias (canonical_id, alias, alias_normalized, alias_type, language_code, confidence, source) VALUES ('NAME_processed_eucheuma_seaweed', 'Processed eucheuma seaweed', 'processed eucheuma seaweed', 'synonym', 'en', 1.0, 'FSANZ-Sched8') ON CONFLICT(alias_normalized, alias_type, COALESCE(language_code, '')) DO NOTHING;
INSERT INTO ingredient_alias (canonical_id, alias, alias_normalized, alias_type, language_code, confidence, source) VALUES ('NAME_processed_eucheuma_seaweed', '407a', '407a', 'ins_number', NULL, 1.0, 'FSANZ-Sched8') ON CONFLICT(alias_normalized, alias_type, COALESCE(language_code, '')) DO NOTHING;
INSERT OR IGNORE INTO regulatory_fact (canonical_id, jurisdiction, fact_type, status, regulation_ref, product_category, evidence_id) VALUES ('NAME_processed_eucheuma_seaweed', 'AU_NZ_FSANZ', 'permitted', 'Permitted food additive in Australia/New Zealand (INS 407a)', 'FSANZ Schedule 8', 'food', (SELECT id FROM fact_evidence WHERE source_url = 'https://www.legislation.gov.au/F2015L00478/latest/text' AND snapshot_date = '2026-04-18' LIMIT 1));
INSERT INTO ingredient (canonical_id, primary_name, ingredient_class, ins_number, category, is_natural) VALUES ('NAME_propane', 'Propane', 'substance', '944', 'food', 0) ON CONFLICT(canonical_id) DO NOTHING;
INSERT INTO ingredient_alias (canonical_id, alias, alias_normalized, alias_type, language_code, confidence, source) VALUES ('NAME_propane', 'Propane', 'propane', 'synonym', 'en', 1.0, 'FSANZ-Sched8') ON CONFLICT(alias_normalized, alias_type, COALESCE(language_code, '')) DO NOTHING;
INSERT INTO ingredient_alias (canonical_id, alias, alias_normalized, alias_type, language_code, confidence, source) VALUES ('NAME_propane', '944', '944', 'ins_number', NULL, 1.0, 'FSANZ-Sched8') ON CONFLICT(alias_normalized, alias_type, COALESCE(language_code, '')) DO NOTHING;
INSERT OR IGNORE INTO regulatory_fact (canonical_id, jurisdiction, fact_type, status, regulation_ref, product_category, evidence_id) VALUES ('NAME_propane', 'AU_NZ_FSANZ', 'permitted', 'Permitted food additive in Australia/New Zealand (INS 944)', 'FSANZ Schedule 8', 'food', (SELECT id FROM fact_evidence WHERE source_url = 'https://www.legislation.gov.au/F2015L00478/latest/text' AND snapshot_date = '2026-04-18' LIMIT 1));
INSERT INTO ingredient (canonical_id, primary_name, ingredient_class, ins_number, category, is_natural) VALUES ('NAME_propionic_acid', 'Propionic acid', 'substance', '280', 'food', 0) ON CONFLICT(canonical_id) DO NOTHING;
INSERT INTO ingredient_alias (canonical_id, alias, alias_normalized, alias_type, language_code, confidence, source) VALUES ('NAME_propionic_acid', 'Propionic acid', 'propionic acid', 'synonym', 'en', 1.0, 'FSANZ-Sched8') ON CONFLICT(alias_normalized, alias_type, COALESCE(language_code, '')) DO NOTHING;
INSERT INTO ingredient_alias (canonical_id, alias, alias_normalized, alias_type, language_code, confidence, source) VALUES ('NAME_propionic_acid', '280', '280', 'ins_number', NULL, 1.0, 'FSANZ-Sched8') ON CONFLICT(alias_normalized, alias_type, COALESCE(language_code, '')) DO NOTHING;
INSERT OR IGNORE INTO regulatory_fact (canonical_id, jurisdiction, fact_type, status, regulation_ref, product_category, evidence_id) VALUES ('NAME_propionic_acid', 'AU_NZ_FSANZ', 'permitted', 'Permitted food additive in Australia/New Zealand (INS 280)', 'FSANZ Schedule 8', 'food', (SELECT id FROM fact_evidence WHERE source_url = 'https://www.legislation.gov.au/F2015L00478/latest/text' AND snapshot_date = '2026-04-18' LIMIT 1));
INSERT INTO ingredient (canonical_id, primary_name, ingredient_class, ins_number, category, is_natural) VALUES ('NAME_propyl_gallate', 'Propyl gallate', 'substance', '310', 'food', 0) ON CONFLICT(canonical_id) DO NOTHING;
INSERT INTO ingredient_alias (canonical_id, alias, alias_normalized, alias_type, language_code, confidence, source) VALUES ('NAME_propyl_gallate', 'Propyl gallate', 'propyl gallate', 'synonym', 'en', 1.0, 'FSANZ-Sched8') ON CONFLICT(alias_normalized, alias_type, COALESCE(language_code, '')) DO NOTHING;
INSERT INTO ingredient_alias (canonical_id, alias, alias_normalized, alias_type, language_code, confidence, source) VALUES ('NAME_propyl_gallate', '310', '310', 'ins_number', NULL, 1.0, 'FSANZ-Sched8') ON CONFLICT(alias_normalized, alias_type, COALESCE(language_code, '')) DO NOTHING;
INSERT OR IGNORE INTO regulatory_fact (canonical_id, jurisdiction, fact_type, status, regulation_ref, product_category, evidence_id) VALUES ('NAME_propyl_gallate', 'AU_NZ_FSANZ', 'permitted', 'Permitted food additive in Australia/New Zealand (INS 310)', 'FSANZ Schedule 8', 'food', (SELECT id FROM fact_evidence WHERE source_url = 'https://www.legislation.gov.au/F2015L00478/latest/text' AND snapshot_date = '2026-04-18' LIMIT 1));
INSERT INTO ingredient (canonical_id, primary_name, ingredient_class, ins_number, category, is_natural) VALUES ('NAME_propylene_glycol', 'Propylene glycol', 'substance', '1520', 'food', 0) ON CONFLICT(canonical_id) DO NOTHING;
INSERT INTO ingredient_alias (canonical_id, alias, alias_normalized, alias_type, language_code, confidence, source) VALUES ('NAME_propylene_glycol', 'Propylene glycol', 'propylene glycol', 'synonym', 'en', 1.0, 'FSANZ-Sched8') ON CONFLICT(alias_normalized, alias_type, COALESCE(language_code, '')) DO NOTHING;
INSERT INTO ingredient_alias (canonical_id, alias, alias_normalized, alias_type, language_code, confidence, source) VALUES ('NAME_propylene_glycol', '1520', '1520', 'ins_number', NULL, 1.0, 'FSANZ-Sched8') ON CONFLICT(alias_normalized, alias_type, COALESCE(language_code, '')) DO NOTHING;
INSERT OR IGNORE INTO regulatory_fact (canonical_id, jurisdiction, fact_type, status, regulation_ref, product_category, evidence_id) VALUES ('NAME_propylene_glycol', 'AU_NZ_FSANZ', 'permitted', 'Permitted food additive in Australia/New Zealand (INS 1520)', 'FSANZ Schedule 8', 'food', (SELECT id FROM fact_evidence WHERE source_url = 'https://www.legislation.gov.au/F2015L00478/latest/text' AND snapshot_date = '2026-04-18' LIMIT 1));
INSERT INTO ingredient (canonical_id, primary_name, ingredient_class, ins_number, category, is_natural) VALUES ('NAME_propylene_glycol_alginate', 'Propylene glycol alginate', 'substance', '405', 'food', 0) ON CONFLICT(canonical_id) DO NOTHING;
INSERT INTO ingredient_alias (canonical_id, alias, alias_normalized, alias_type, language_code, confidence, source) VALUES ('NAME_propylene_glycol_alginate', 'Propylene glycol alginate', 'propylene glycol alginate', 'synonym', 'en', 1.0, 'FSANZ-Sched8') ON CONFLICT(alias_normalized, alias_type, COALESCE(language_code, '')) DO NOTHING;
INSERT INTO ingredient_alias (canonical_id, alias, alias_normalized, alias_type, language_code, confidence, source) VALUES ('NAME_propylene_glycol_alginate', '405', '405', 'ins_number', NULL, 1.0, 'FSANZ-Sched8') ON CONFLICT(alias_normalized, alias_type, COALESCE(language_code, '')) DO NOTHING;
INSERT OR IGNORE INTO regulatory_fact (canonical_id, jurisdiction, fact_type, status, regulation_ref, product_category, evidence_id) VALUES ('NAME_propylene_glycol_alginate', 'AU_NZ_FSANZ', 'permitted', 'Permitted food additive in Australia/New Zealand (INS 405)', 'FSANZ Schedule 8', 'food', (SELECT id FROM fact_evidence WHERE source_url = 'https://www.legislation.gov.au/F2015L00478/latest/text' AND snapshot_date = '2026-04-18' LIMIT 1));
INSERT INTO ingredient (canonical_id, primary_name, ingredient_class, ins_number, category, is_natural) VALUES ('NAME_propylene_glycol_mono_and_di_esters_or', 'Propylene glycol mono- and di-esters or', 'substance', '477', 'food', 0) ON CONFLICT(canonical_id) DO NOTHING;
INSERT INTO ingredient_alias (canonical_id, alias, alias_normalized, alias_type, language_code, confidence, source) VALUES ('NAME_propylene_glycol_mono_and_di_esters_or', 'Propylene glycol mono- and di-esters or', 'propylene glycol mono- and di-esters or', 'synonym', 'en', 1.0, 'FSANZ-Sched8') ON CONFLICT(alias_normalized, alias_type, COALESCE(language_code, '')) DO NOTHING;
INSERT INTO ingredient_alias (canonical_id, alias, alias_normalized, alias_type, language_code, confidence, source) VALUES ('NAME_propylene_glycol_mono_and_di_esters_or', '477', '477', 'ins_number', NULL, 1.0, 'FSANZ-Sched8') ON CONFLICT(alias_normalized, alias_type, COALESCE(language_code, '')) DO NOTHING;
INSERT OR IGNORE INTO regulatory_fact (canonical_id, jurisdiction, fact_type, status, regulation_ref, product_category, evidence_id) VALUES ('NAME_propylene_glycol_mono_and_di_esters_or', 'AU_NZ_FSANZ', 'permitted', 'Permitted food additive in Australia/New Zealand (INS 477)', 'FSANZ Schedule 8', 'food', (SELECT id FROM fact_evidence WHERE source_url = 'https://www.legislation.gov.au/F2015L00478/latest/text' AND snapshot_date = '2026-04-18' LIMIT 1));
INSERT INTO ingredient (canonical_id, primary_name, ingredient_class, ins_number, category, is_natural) VALUES ('NAME_propylene_glycol_esters_of_fatty_acids_propylparaben_or_propyl_p_hydroxy', 'Propylene glycol esters of fatty acids Propylparaben or Propyl-p-hydroxy-', 'substance', '216', 'food', 0) ON CONFLICT(canonical_id) DO NOTHING;
INSERT INTO ingredient_alias (canonical_id, alias, alias_normalized, alias_type, language_code, confidence, source) VALUES ('NAME_propylene_glycol_esters_of_fatty_acids_propylparaben_or_propyl_p_hydroxy', 'Propylene glycol esters of fatty acids Propylparaben or Propyl-p-hydroxy-', 'propylene glycol esters of fatty acids propylparaben or propyl-p-hydroxy-', 'synonym', 'en', 1.0, 'FSANZ-Sched8') ON CONFLICT(alias_normalized, alias_type, COALESCE(language_code, '')) DO NOTHING;
INSERT INTO ingredient_alias (canonical_id, alias, alias_normalized, alias_type, language_code, confidence, source) VALUES ('NAME_propylene_glycol_esters_of_fatty_acids_propylparaben_or_propyl_p_hydroxy', '216', '216', 'ins_number', NULL, 1.0, 'FSANZ-Sched8') ON CONFLICT(alias_normalized, alias_type, COALESCE(language_code, '')) DO NOTHING;
INSERT OR IGNORE INTO regulatory_fact (canonical_id, jurisdiction, fact_type, status, regulation_ref, product_category, evidence_id) VALUES ('NAME_propylene_glycol_esters_of_fatty_acids_propylparaben_or_propyl_p_hydroxy', 'AU_NZ_FSANZ', 'permitted', 'Permitted food additive in Australia/New Zealand (INS 216)', 'FSANZ Schedule 8', 'food', (SELECT id FROM fact_evidence WHERE source_url = 'https://www.legislation.gov.au/F2015L00478/latest/text' AND snapshot_date = '2026-04-18' LIMIT 1));
INSERT INTO ingredient (canonical_id, primary_name, ingredient_class, ins_number, category, is_natural) VALUES ('NAME_benzoate_proteases', 'benzoate Proteases (papain, bromelain, ficin)', 'substance', '1101', 'food', 0) ON CONFLICT(canonical_id) DO NOTHING;
INSERT INTO ingredient_alias (canonical_id, alias, alias_normalized, alias_type, language_code, confidence, source) VALUES ('NAME_benzoate_proteases', 'benzoate Proteases (papain, bromelain, ficin)', 'benzoate proteases (papain, bromelain, ficin)', 'synonym', 'en', 1.0, 'FSANZ-Sched8') ON CONFLICT(alias_normalized, alias_type, COALESCE(language_code, '')) DO NOTHING;
INSERT INTO ingredient_alias (canonical_id, alias, alias_normalized, alias_type, language_code, confidence, source) VALUES ('NAME_benzoate_proteases', '1101', '1101', 'ins_number', NULL, 1.0, 'FSANZ-Sched8') ON CONFLICT(alias_normalized, alias_type, COALESCE(language_code, '')) DO NOTHING;
INSERT OR IGNORE INTO regulatory_fact (canonical_id, jurisdiction, fact_type, status, regulation_ref, product_category, evidence_id) VALUES ('NAME_benzoate_proteases', 'AU_NZ_FSANZ', 'permitted', 'Permitted food additive in Australia/New Zealand (INS 1101)', 'FSANZ Schedule 8', 'food', (SELECT id FROM fact_evidence WHERE source_url = 'https://www.legislation.gov.au/F2015L00478/latest/text' AND snapshot_date = '2026-04-18' LIMIT 1));
INSERT INTO ingredient (canonical_id, primary_name, ingredient_class, ins_number, category, is_natural) VALUES ('NAME_quillaia_extract_999_quillaia_extract_999_quinoline_yellow', 'Quillaia extract (type 1) 999(i) Quillaia extract (type 2) 999(ii) Quinoline yellow', 'substance', '104', 'food', 0) ON CONFLICT(canonical_id) DO NOTHING;
INSERT INTO ingredient_alias (canonical_id, alias, alias_normalized, alias_type, language_code, confidence, source) VALUES ('NAME_quillaia_extract_999_quillaia_extract_999_quinoline_yellow', 'Quillaia extract (type 1) 999(i) Quillaia extract (type 2) 999(ii) Quinoline yellow', 'quillaia extract (type 1) 999(i) quillaia extract (type 2) 999(ii) quinoline yellow', 'synonym', 'en', 1.0, 'FSANZ-Sched8') ON CONFLICT(alias_normalized, alias_type, COALESCE(language_code, '')) DO NOTHING;
INSERT INTO ingredient_alias (canonical_id, alias, alias_normalized, alias_type, language_code, confidence, source) VALUES ('NAME_quillaia_extract_999_quillaia_extract_999_quinoline_yellow', '104', '104', 'ins_number', NULL, 1.0, 'FSANZ-Sched8') ON CONFLICT(alias_normalized, alias_type, COALESCE(language_code, '')) DO NOTHING;
INSERT OR IGNORE INTO regulatory_fact (canonical_id, jurisdiction, fact_type, status, regulation_ref, product_category, evidence_id) VALUES ('NAME_quillaia_extract_999_quillaia_extract_999_quinoline_yellow', 'AU_NZ_FSANZ', 'permitted', 'Permitted food additive in Australia/New Zealand (INS 104)', 'FSANZ Schedule 8', 'food', (SELECT id FROM fact_evidence WHERE source_url = 'https://www.legislation.gov.au/F2015L00478/latest/text' AND snapshot_date = '2026-04-18' LIMIT 1));
INSERT INTO ingredient (canonical_id, primary_name, ingredient_class, ins_number, category, is_natural) VALUES ('NAME_rhodoxanthin', 'Rhodoxanthin', 'substance', '161f', 'food', 0) ON CONFLICT(canonical_id) DO NOTHING;
INSERT INTO ingredient_alias (canonical_id, alias, alias_normalized, alias_type, language_code, confidence, source) VALUES ('NAME_rhodoxanthin', 'Rhodoxanthin', 'rhodoxanthin', 'synonym', 'en', 1.0, 'FSANZ-Sched8') ON CONFLICT(alias_normalized, alias_type, COALESCE(language_code, '')) DO NOTHING;
INSERT INTO ingredient_alias (canonical_id, alias, alias_normalized, alias_type, language_code, confidence, source) VALUES ('NAME_rhodoxanthin', '161f', '161f', 'ins_number', NULL, 1.0, 'FSANZ-Sched8') ON CONFLICT(alias_normalized, alias_type, COALESCE(language_code, '')) DO NOTHING;
INSERT OR IGNORE INTO regulatory_fact (canonical_id, jurisdiction, fact_type, status, regulation_ref, product_category, evidence_id) VALUES ('NAME_rhodoxanthin', 'AU_NZ_FSANZ', 'permitted', 'Permitted food additive in Australia/New Zealand (INS 161f)', 'FSANZ Schedule 8', 'food', (SELECT id FROM fact_evidence WHERE source_url = 'https://www.legislation.gov.au/F2015L00478/latest/text' AND snapshot_date = '2026-04-18' LIMIT 1));
INSERT INTO ingredient (canonical_id, primary_name, ingredient_class, ins_number, category, is_natural) VALUES ('NAME_riboflavin', 'Riboflavin', 'substance', '101', 'food', 0) ON CONFLICT(canonical_id) DO NOTHING;
INSERT INTO ingredient_alias (canonical_id, alias, alias_normalized, alias_type, language_code, confidence, source) VALUES ('NAME_riboflavin', 'Riboflavin', 'riboflavin', 'synonym', 'en', 1.0, 'FSANZ-Sched8') ON CONFLICT(alias_normalized, alias_type, COALESCE(language_code, '')) DO NOTHING;
INSERT INTO ingredient_alias (canonical_id, alias, alias_normalized, alias_type, language_code, confidence, source) VALUES ('NAME_riboflavin', '101', '101', 'ins_number', NULL, 1.0, 'FSANZ-Sched8') ON CONFLICT(alias_normalized, alias_type, COALESCE(language_code, '')) DO NOTHING;
INSERT OR IGNORE INTO regulatory_fact (canonical_id, jurisdiction, fact_type, status, regulation_ref, product_category, evidence_id) VALUES ('NAME_riboflavin', 'AU_NZ_FSANZ', 'permitted', 'Permitted food additive in Australia/New Zealand (INS 101)', 'FSANZ Schedule 8', 'food', (SELECT id FROM fact_evidence WHERE source_url = 'https://www.legislation.gov.au/F2015L00478/latest/text' AND snapshot_date = '2026-04-18' LIMIT 1));
INSERT INTO ingredient (canonical_id, primary_name, ingredient_class, ins_number, category, is_natural) VALUES ('NAME_riboflavin_5_phosphate_sodium', 'Riboflavin-5′-phosphate sodium', 'substance', '101', 'food', 0) ON CONFLICT(canonical_id) DO NOTHING;
INSERT INTO ingredient_alias (canonical_id, alias, alias_normalized, alias_type, language_code, confidence, source) VALUES ('NAME_riboflavin_5_phosphate_sodium', 'Riboflavin-5′-phosphate sodium', 'riboflavin-5′-phosphate sodium', 'synonym', 'en', 1.0, 'FSANZ-Sched8') ON CONFLICT(alias_normalized, alias_type, COALESCE(language_code, '')) DO NOTHING;
INSERT INTO ingredient_alias (canonical_id, alias, alias_normalized, alias_type, language_code, confidence, source) VALUES ('NAME_riboflavin_5_phosphate_sodium', '101', '101', 'ins_number', NULL, 1.0, 'FSANZ-Sched8') ON CONFLICT(alias_normalized, alias_type, COALESCE(language_code, '')) DO NOTHING;
INSERT OR IGNORE INTO regulatory_fact (canonical_id, jurisdiction, fact_type, status, regulation_ref, product_category, evidence_id) VALUES ('NAME_riboflavin_5_phosphate_sodium', 'AU_NZ_FSANZ', 'permitted', 'Permitted food additive in Australia/New Zealand (INS 101)', 'FSANZ Schedule 8', 'food', (SELECT id FROM fact_evidence WHERE source_url = 'https://www.legislation.gov.au/F2015L00478/latest/text' AND snapshot_date = '2026-04-18' LIMIT 1));
INSERT INTO ingredient (canonical_id, primary_name, ingredient_class, ins_number, category, is_natural) VALUES ('NAME_rosemary_extract', 'Rosemary extract', 'substance', '392', 'food', 0) ON CONFLICT(canonical_id) DO NOTHING;
INSERT INTO ingredient_alias (canonical_id, alias, alias_normalized, alias_type, language_code, confidence, source) VALUES ('NAME_rosemary_extract', 'Rosemary extract', 'rosemary extract', 'synonym', 'en', 1.0, 'FSANZ-Sched8') ON CONFLICT(alias_normalized, alias_type, COALESCE(language_code, '')) DO NOTHING;
INSERT INTO ingredient_alias (canonical_id, alias, alias_normalized, alias_type, language_code, confidence, source) VALUES ('NAME_rosemary_extract', '392', '392', 'ins_number', NULL, 1.0, 'FSANZ-Sched8') ON CONFLICT(alias_normalized, alias_type, COALESCE(language_code, '')) DO NOTHING;
INSERT OR IGNORE INTO regulatory_fact (canonical_id, jurisdiction, fact_type, status, regulation_ref, product_category, evidence_id) VALUES ('NAME_rosemary_extract', 'AU_NZ_FSANZ', 'permitted', 'Permitted food additive in Australia/New Zealand (INS 392)', 'FSANZ Schedule 8', 'food', (SELECT id FROM fact_evidence WHERE source_url = 'https://www.legislation.gov.au/F2015L00478/latest/text' AND snapshot_date = '2026-04-18' LIMIT 1));
INSERT INTO ingredient (canonical_id, primary_name, ingredient_class, ins_number, category, is_natural) VALUES ('NAME_rubixanthin', 'Rubixanthin', 'substance', '161d', 'food', 0) ON CONFLICT(canonical_id) DO NOTHING;
INSERT INTO ingredient_alias (canonical_id, alias, alias_normalized, alias_type, language_code, confidence, source) VALUES ('NAME_rubixanthin', 'Rubixanthin', 'rubixanthin', 'synonym', 'en', 1.0, 'FSANZ-Sched8') ON CONFLICT(alias_normalized, alias_type, COALESCE(language_code, '')) DO NOTHING;
INSERT INTO ingredient_alias (canonical_id, alias, alias_normalized, alias_type, language_code, confidence, source) VALUES ('NAME_rubixanthin', '161d', '161d', 'ins_number', NULL, 1.0, 'FSANZ-Sched8') ON CONFLICT(alias_normalized, alias_type, COALESCE(language_code, '')) DO NOTHING;
INSERT OR IGNORE INTO regulatory_fact (canonical_id, jurisdiction, fact_type, status, regulation_ref, product_category, evidence_id) VALUES ('NAME_rubixanthin', 'AU_NZ_FSANZ', 'permitted', 'Permitted food additive in Australia/New Zealand (INS 161d)', 'FSANZ Schedule 8', 'food', (SELECT id FROM fact_evidence WHERE source_url = 'https://www.legislation.gov.au/F2015L00478/latest/text' AND snapshot_date = '2026-04-18' LIMIT 1));
INSERT INTO ingredient (canonical_id, primary_name, ingredient_class, ins_number, category, is_natural) VALUES ('NAME_saccharin_or_calcium_saccharine_or', 'Saccharin or calcium saccharine or', 'substance', '954', 'food', 0) ON CONFLICT(canonical_id) DO NOTHING;
INSERT INTO ingredient_alias (canonical_id, alias, alias_normalized, alias_type, language_code, confidence, source) VALUES ('NAME_saccharin_or_calcium_saccharine_or', 'Saccharin or calcium saccharine or', 'saccharin or calcium saccharine or', 'synonym', 'en', 1.0, 'FSANZ-Sched8') ON CONFLICT(alias_normalized, alias_type, COALESCE(language_code, '')) DO NOTHING;
INSERT INTO ingredient_alias (canonical_id, alias, alias_normalized, alias_type, language_code, confidence, source) VALUES ('NAME_saccharin_or_calcium_saccharine_or', '954', '954', 'ins_number', NULL, 1.0, 'FSANZ-Sched8') ON CONFLICT(alias_normalized, alias_type, COALESCE(language_code, '')) DO NOTHING;
INSERT OR IGNORE INTO regulatory_fact (canonical_id, jurisdiction, fact_type, status, regulation_ref, product_category, evidence_id) VALUES ('NAME_saccharin_or_calcium_saccharine_or', 'AU_NZ_FSANZ', 'permitted', 'Permitted food additive in Australia/New Zealand (INS 954)', 'FSANZ Schedule 8', 'food', (SELECT id FROM fact_evidence WHERE source_url = 'https://www.legislation.gov.au/F2015L00478/latest/text' AND snapshot_date = '2026-04-18' LIMIT 1));
INSERT INTO ingredient (canonical_id, primary_name, ingredient_class, ins_number, category, is_natural) VALUES ('NAME_sodium_saccharine_or_potassium_saccharine_saffron_or_crocetin_or_crocin', 'sodium saccharine or potassium saccharine Saffron or crocetin or crocin', 'substance', '164', 'food', 0) ON CONFLICT(canonical_id) DO NOTHING;
INSERT INTO ingredient_alias (canonical_id, alias, alias_normalized, alias_type, language_code, confidence, source) VALUES ('NAME_sodium_saccharine_or_potassium_saccharine_saffron_or_crocetin_or_crocin', 'sodium saccharine or potassium saccharine Saffron or crocetin or crocin', 'sodium saccharine or potassium saccharine saffron or crocetin or crocin', 'synonym', 'en', 1.0, 'FSANZ-Sched8') ON CONFLICT(alias_normalized, alias_type, COALESCE(language_code, '')) DO NOTHING;
INSERT INTO ingredient_alias (canonical_id, alias, alias_normalized, alias_type, language_code, confidence, source) VALUES ('NAME_sodium_saccharine_or_potassium_saccharine_saffron_or_crocetin_or_crocin', '164', '164', 'ins_number', NULL, 1.0, 'FSANZ-Sched8') ON CONFLICT(alias_normalized, alias_type, COALESCE(language_code, '')) DO NOTHING;
INSERT OR IGNORE INTO regulatory_fact (canonical_id, jurisdiction, fact_type, status, regulation_ref, product_category, evidence_id) VALUES ('NAME_sodium_saccharine_or_potassium_saccharine_saffron_or_crocetin_or_crocin', 'AU_NZ_FSANZ', 'permitted', 'Permitted food additive in Australia/New Zealand (INS 164)', 'FSANZ Schedule 8', 'food', (SELECT id FROM fact_evidence WHERE source_url = 'https://www.legislation.gov.au/F2015L00478/latest/text' AND snapshot_date = '2026-04-18' LIMIT 1));
INSERT INTO ingredient (canonical_id, primary_name, ingredient_class, ins_number, category, is_natural) VALUES ('NAME_shellac', 'Shellac', 'substance', '904', 'food', 0) ON CONFLICT(canonical_id) DO NOTHING;
INSERT INTO ingredient_alias (canonical_id, alias, alias_normalized, alias_type, language_code, confidence, source) VALUES ('NAME_shellac', 'Shellac', 'shellac', 'synonym', 'en', 1.0, 'FSANZ-Sched8') ON CONFLICT(alias_normalized, alias_type, COALESCE(language_code, '')) DO NOTHING;
INSERT INTO ingredient_alias (canonical_id, alias, alias_normalized, alias_type, language_code, confidence, source) VALUES ('NAME_shellac', '904', '904', 'ins_number', NULL, 1.0, 'FSANZ-Sched8') ON CONFLICT(alias_normalized, alias_type, COALESCE(language_code, '')) DO NOTHING;
INSERT OR IGNORE INTO regulatory_fact (canonical_id, jurisdiction, fact_type, status, regulation_ref, product_category, evidence_id) VALUES ('NAME_shellac', 'AU_NZ_FSANZ', 'permitted', 'Permitted food additive in Australia/New Zealand (INS 904)', 'FSANZ Schedule 8', 'food', (SELECT id FROM fact_evidence WHERE source_url = 'https://www.legislation.gov.au/F2015L00478/latest/text' AND snapshot_date = '2026-04-18' LIMIT 1));
INSERT INTO ingredient (canonical_id, primary_name, ingredient_class, ins_number, category, is_natural) VALUES ('NAME_silicon_dioxide_amorphous', 'Silicon dioxide, amorphous', 'substance', '551', 'food', 0) ON CONFLICT(canonical_id) DO NOTHING;
INSERT INTO ingredient_alias (canonical_id, alias, alias_normalized, alias_type, language_code, confidence, source) VALUES ('NAME_silicon_dioxide_amorphous', 'Silicon dioxide, amorphous', 'silicon dioxide, amorphous', 'synonym', 'en', 1.0, 'FSANZ-Sched8') ON CONFLICT(alias_normalized, alias_type, COALESCE(language_code, '')) DO NOTHING;
INSERT INTO ingredient_alias (canonical_id, alias, alias_normalized, alias_type, language_code, confidence, source) VALUES ('NAME_silicon_dioxide_amorphous', '551', '551', 'ins_number', NULL, 1.0, 'FSANZ-Sched8') ON CONFLICT(alias_normalized, alias_type, COALESCE(language_code, '')) DO NOTHING;
INSERT OR IGNORE INTO regulatory_fact (canonical_id, jurisdiction, fact_type, status, regulation_ref, product_category, evidence_id) VALUES ('NAME_silicon_dioxide_amorphous', 'AU_NZ_FSANZ', 'permitted', 'Permitted food additive in Australia/New Zealand (INS 551)', 'FSANZ Schedule 8', 'food', (SELECT id FROM fact_evidence WHERE source_url = 'https://www.legislation.gov.au/F2015L00478/latest/text' AND snapshot_date = '2026-04-18' LIMIT 1));
INSERT INTO ingredient (canonical_id, primary_name, ingredient_class, ins_number, category, is_natural) VALUES ('NAME_silver', 'Silver', 'substance', '174', 'food', 0) ON CONFLICT(canonical_id) DO NOTHING;
INSERT INTO ingredient_alias (canonical_id, alias, alias_normalized, alias_type, language_code, confidence, source) VALUES ('NAME_silver', 'Silver', 'silver', 'synonym', 'en', 1.0, 'FSANZ-Sched8') ON CONFLICT(alias_normalized, alias_type, COALESCE(language_code, '')) DO NOTHING;
INSERT INTO ingredient_alias (canonical_id, alias, alias_normalized, alias_type, language_code, confidence, source) VALUES ('NAME_silver', '174', '174', 'ins_number', NULL, 1.0, 'FSANZ-Sched8') ON CONFLICT(alias_normalized, alias_type, COALESCE(language_code, '')) DO NOTHING;
INSERT OR IGNORE INTO regulatory_fact (canonical_id, jurisdiction, fact_type, status, regulation_ref, product_category, evidence_id) VALUES ('NAME_silver', 'AU_NZ_FSANZ', 'permitted', 'Permitted food additive in Australia/New Zealand (INS 174)', 'FSANZ Schedule 8', 'food', (SELECT id FROM fact_evidence WHERE source_url = 'https://www.legislation.gov.au/F2015L00478/latest/text' AND snapshot_date = '2026-04-18' LIMIT 1));
INSERT INTO ingredient (canonical_id, primary_name, ingredient_class, ins_number, category, is_natural) VALUES ('NAME_sodium_acetate', 'Sodium acetate', 'substance', '262', 'food', 0) ON CONFLICT(canonical_id) DO NOTHING;
INSERT INTO ingredient_alias (canonical_id, alias, alias_normalized, alias_type, language_code, confidence, source) VALUES ('NAME_sodium_acetate', 'Sodium acetate', 'sodium acetate', 'synonym', 'en', 1.0, 'FSANZ-Sched8') ON CONFLICT(alias_normalized, alias_type, COALESCE(language_code, '')) DO NOTHING;
INSERT INTO ingredient_alias (canonical_id, alias, alias_normalized, alias_type, language_code, confidence, source) VALUES ('NAME_sodium_acetate', '262', '262', 'ins_number', NULL, 1.0, 'FSANZ-Sched8') ON CONFLICT(alias_normalized, alias_type, COALESCE(language_code, '')) DO NOTHING;
INSERT OR IGNORE INTO regulatory_fact (canonical_id, jurisdiction, fact_type, status, regulation_ref, product_category, evidence_id) VALUES ('NAME_sodium_acetate', 'AU_NZ_FSANZ', 'permitted', 'Permitted food additive in Australia/New Zealand (INS 262)', 'FSANZ Schedule 8', 'food', (SELECT id FROM fact_evidence WHERE source_url = 'https://www.legislation.gov.au/F2015L00478/latest/text' AND snapshot_date = '2026-04-18' LIMIT 1));
INSERT INTO ingredient (canonical_id, primary_name, ingredient_class, ins_number, category, is_natural) VALUES ('NAME_sodium_acid_pyrophosphate', 'Sodium acid pyrophosphate', 'substance', '450', 'food', 0) ON CONFLICT(canonical_id) DO NOTHING;
INSERT INTO ingredient_alias (canonical_id, alias, alias_normalized, alias_type, language_code, confidence, source) VALUES ('NAME_sodium_acid_pyrophosphate', 'Sodium acid pyrophosphate', 'sodium acid pyrophosphate', 'synonym', 'en', 1.0, 'FSANZ-Sched8') ON CONFLICT(alias_normalized, alias_type, COALESCE(language_code, '')) DO NOTHING;
INSERT INTO ingredient_alias (canonical_id, alias, alias_normalized, alias_type, language_code, confidence, source) VALUES ('NAME_sodium_acid_pyrophosphate', '450', '450', 'ins_number', NULL, 1.0, 'FSANZ-Sched8') ON CONFLICT(alias_normalized, alias_type, COALESCE(language_code, '')) DO NOTHING;
INSERT OR IGNORE INTO regulatory_fact (canonical_id, jurisdiction, fact_type, status, regulation_ref, product_category, evidence_id) VALUES ('NAME_sodium_acid_pyrophosphate', 'AU_NZ_FSANZ', 'permitted', 'Permitted food additive in Australia/New Zealand (INS 450)', 'FSANZ Schedule 8', 'food', (SELECT id FROM fact_evidence WHERE source_url = 'https://www.legislation.gov.au/F2015L00478/latest/text' AND snapshot_date = '2026-04-18' LIMIT 1));
INSERT INTO ingredient (canonical_id, primary_name, ingredient_class, ins_number, category, is_natural) VALUES ('NAME_sodium_alginate', 'Sodium alginate', 'substance', '401', 'food', 0) ON CONFLICT(canonical_id) DO NOTHING;
INSERT INTO ingredient_alias (canonical_id, alias, alias_normalized, alias_type, language_code, confidence, source) VALUES ('NAME_sodium_alginate', 'Sodium alginate', 'sodium alginate', 'synonym', 'en', 1.0, 'FSANZ-Sched8') ON CONFLICT(alias_normalized, alias_type, COALESCE(language_code, '')) DO NOTHING;
INSERT INTO ingredient_alias (canonical_id, alias, alias_normalized, alias_type, language_code, confidence, source) VALUES ('NAME_sodium_alginate', '401', '401', 'ins_number', NULL, 1.0, 'FSANZ-Sched8') ON CONFLICT(alias_normalized, alias_type, COALESCE(language_code, '')) DO NOTHING;
INSERT OR IGNORE INTO regulatory_fact (canonical_id, jurisdiction, fact_type, status, regulation_ref, product_category, evidence_id) VALUES ('NAME_sodium_alginate', 'AU_NZ_FSANZ', 'permitted', 'Permitted food additive in Australia/New Zealand (INS 401)', 'FSANZ Schedule 8', 'food', (SELECT id FROM fact_evidence WHERE source_url = 'https://www.legislation.gov.au/F2015L00478/latest/text' AND snapshot_date = '2026-04-18' LIMIT 1));
INSERT INTO ingredient (canonical_id, primary_name, ingredient_class, ins_number, category, is_natural) VALUES ('NAME_sodium_aluminium_phosphate', 'Sodium aluminium phosphate', 'substance', '541', 'food', 0) ON CONFLICT(canonical_id) DO NOTHING;
INSERT INTO ingredient_alias (canonical_id, alias, alias_normalized, alias_type, language_code, confidence, source) VALUES ('NAME_sodium_aluminium_phosphate', 'Sodium aluminium phosphate', 'sodium aluminium phosphate', 'synonym', 'en', 1.0, 'FSANZ-Sched8') ON CONFLICT(alias_normalized, alias_type, COALESCE(language_code, '')) DO NOTHING;
INSERT INTO ingredient_alias (canonical_id, alias, alias_normalized, alias_type, language_code, confidence, source) VALUES ('NAME_sodium_aluminium_phosphate', '541', '541', 'ins_number', NULL, 1.0, 'FSANZ-Sched8') ON CONFLICT(alias_normalized, alias_type, COALESCE(language_code, '')) DO NOTHING;
INSERT OR IGNORE INTO regulatory_fact (canonical_id, jurisdiction, fact_type, status, regulation_ref, product_category, evidence_id) VALUES ('NAME_sodium_aluminium_phosphate', 'AU_NZ_FSANZ', 'permitted', 'Permitted food additive in Australia/New Zealand (INS 541)', 'FSANZ Schedule 8', 'food', (SELECT id FROM fact_evidence WHERE source_url = 'https://www.legislation.gov.au/F2015L00478/latest/text' AND snapshot_date = '2026-04-18' LIMIT 1));
INSERT INTO ingredient (canonical_id, primary_name, ingredient_class, ins_number, category, is_natural) VALUES ('NAME_sodium_aluminosilicate', 'Sodium aluminosilicate', 'substance', '554', 'food', 0) ON CONFLICT(canonical_id) DO NOTHING;
INSERT INTO ingredient_alias (canonical_id, alias, alias_normalized, alias_type, language_code, confidence, source) VALUES ('NAME_sodium_aluminosilicate', 'Sodium aluminosilicate', 'sodium aluminosilicate', 'synonym', 'en', 1.0, 'FSANZ-Sched8') ON CONFLICT(alias_normalized, alias_type, COALESCE(language_code, '')) DO NOTHING;
INSERT INTO ingredient_alias (canonical_id, alias, alias_normalized, alias_type, language_code, confidence, source) VALUES ('NAME_sodium_aluminosilicate', '554', '554', 'ins_number', NULL, 1.0, 'FSANZ-Sched8') ON CONFLICT(alias_normalized, alias_type, COALESCE(language_code, '')) DO NOTHING;
INSERT OR IGNORE INTO regulatory_fact (canonical_id, jurisdiction, fact_type, status, regulation_ref, product_category, evidence_id) VALUES ('NAME_sodium_aluminosilicate', 'AU_NZ_FSANZ', 'permitted', 'Permitted food additive in Australia/New Zealand (INS 554)', 'FSANZ Schedule 8', 'food', (SELECT id FROM fact_evidence WHERE source_url = 'https://www.legislation.gov.au/F2015L00478/latest/text' AND snapshot_date = '2026-04-18' LIMIT 1));
INSERT INTO ingredient (canonical_id, primary_name, ingredient_class, ins_number, category, is_natural) VALUES ('NAME_sodium_ascorbate', 'Sodium ascorbate', 'substance', '301', 'food', 0) ON CONFLICT(canonical_id) DO NOTHING;
INSERT INTO ingredient_alias (canonical_id, alias, alias_normalized, alias_type, language_code, confidence, source) VALUES ('NAME_sodium_ascorbate', 'Sodium ascorbate', 'sodium ascorbate', 'synonym', 'en', 1.0, 'FSANZ-Sched8') ON CONFLICT(alias_normalized, alias_type, COALESCE(language_code, '')) DO NOTHING;
INSERT INTO ingredient_alias (canonical_id, alias, alias_normalized, alias_type, language_code, confidence, source) VALUES ('NAME_sodium_ascorbate', '301', '301', 'ins_number', NULL, 1.0, 'FSANZ-Sched8') ON CONFLICT(alias_normalized, alias_type, COALESCE(language_code, '')) DO NOTHING;
INSERT OR IGNORE INTO regulatory_fact (canonical_id, jurisdiction, fact_type, status, regulation_ref, product_category, evidence_id) VALUES ('NAME_sodium_ascorbate', 'AU_NZ_FSANZ', 'permitted', 'Permitted food additive in Australia/New Zealand (INS 301)', 'FSANZ Schedule 8', 'food', (SELECT id FROM fact_evidence WHERE source_url = 'https://www.legislation.gov.au/F2015L00478/latest/text' AND snapshot_date = '2026-04-18' LIMIT 1));
INSERT INTO ingredient (canonical_id, primary_name, ingredient_class, ins_number, category, is_natural) VALUES ('NAME_sodium_benzoate', 'Sodium benzoate', 'substance', '211', 'food', 0) ON CONFLICT(canonical_id) DO NOTHING;
INSERT INTO ingredient_alias (canonical_id, alias, alias_normalized, alias_type, language_code, confidence, source) VALUES ('NAME_sodium_benzoate', 'Sodium benzoate', 'sodium benzoate', 'synonym', 'en', 1.0, 'FSANZ-Sched8') ON CONFLICT(alias_normalized, alias_type, COALESCE(language_code, '')) DO NOTHING;
INSERT INTO ingredient_alias (canonical_id, alias, alias_normalized, alias_type, language_code, confidence, source) VALUES ('NAME_sodium_benzoate', '211', '211', 'ins_number', NULL, 1.0, 'FSANZ-Sched8') ON CONFLICT(alias_normalized, alias_type, COALESCE(language_code, '')) DO NOTHING;
INSERT OR IGNORE INTO regulatory_fact (canonical_id, jurisdiction, fact_type, status, regulation_ref, product_category, evidence_id) VALUES ('NAME_sodium_benzoate', 'AU_NZ_FSANZ', 'permitted', 'Permitted food additive in Australia/New Zealand (INS 211)', 'FSANZ Schedule 8', 'food', (SELECT id FROM fact_evidence WHERE source_url = 'https://www.legislation.gov.au/F2015L00478/latest/text' AND snapshot_date = '2026-04-18' LIMIT 1));
INSERT INTO ingredient (canonical_id, primary_name, ingredient_class, ins_number, category, is_natural) VALUES ('NAME_sodium_bicarbonate', 'Sodium bicarbonate', 'substance', '500', 'food', 0) ON CONFLICT(canonical_id) DO NOTHING;
INSERT INTO ingredient_alias (canonical_id, alias, alias_normalized, alias_type, language_code, confidence, source) VALUES ('NAME_sodium_bicarbonate', 'Sodium bicarbonate', 'sodium bicarbonate', 'synonym', 'en', 1.0, 'FSANZ-Sched8') ON CONFLICT(alias_normalized, alias_type, COALESCE(language_code, '')) DO NOTHING;
INSERT INTO ingredient_alias (canonical_id, alias, alias_normalized, alias_type, language_code, confidence, source) VALUES ('NAME_sodium_bicarbonate', '500', '500', 'ins_number', NULL, 1.0, 'FSANZ-Sched8') ON CONFLICT(alias_normalized, alias_type, COALESCE(language_code, '')) DO NOTHING;
INSERT OR IGNORE INTO regulatory_fact (canonical_id, jurisdiction, fact_type, status, regulation_ref, product_category, evidence_id) VALUES ('NAME_sodium_bicarbonate', 'AU_NZ_FSANZ', 'permitted', 'Permitted food additive in Australia/New Zealand (INS 500)', 'FSANZ Schedule 8', 'food', (SELECT id FROM fact_evidence WHERE source_url = 'https://www.legislation.gov.au/F2015L00478/latest/text' AND snapshot_date = '2026-04-18' LIMIT 1));
INSERT INTO ingredient (canonical_id, primary_name, ingredient_class, ins_number, category, is_natural) VALUES ('NAME_sodium_bisulphite', 'Sodium bisulphite', 'substance', '222', 'food', 0) ON CONFLICT(canonical_id) DO NOTHING;
INSERT INTO ingredient_alias (canonical_id, alias, alias_normalized, alias_type, language_code, confidence, source) VALUES ('NAME_sodium_bisulphite', 'Sodium bisulphite', 'sodium bisulphite', 'synonym', 'en', 1.0, 'FSANZ-Sched8') ON CONFLICT(alias_normalized, alias_type, COALESCE(language_code, '')) DO NOTHING;
INSERT INTO ingredient_alias (canonical_id, alias, alias_normalized, alias_type, language_code, confidence, source) VALUES ('NAME_sodium_bisulphite', '222', '222', 'ins_number', NULL, 1.0, 'FSANZ-Sched8') ON CONFLICT(alias_normalized, alias_type, COALESCE(language_code, '')) DO NOTHING;
INSERT OR IGNORE INTO regulatory_fact (canonical_id, jurisdiction, fact_type, status, regulation_ref, product_category, evidence_id) VALUES ('NAME_sodium_bisulphite', 'AU_NZ_FSANZ', 'permitted', 'Permitted food additive in Australia/New Zealand (INS 222)', 'FSANZ Schedule 8', 'food', (SELECT id FROM fact_evidence WHERE source_url = 'https://www.legislation.gov.au/F2015L00478/latest/text' AND snapshot_date = '2026-04-18' LIMIT 1));
INSERT INTO ingredient (canonical_id, primary_name, ingredient_class, ins_number, category, is_natural) VALUES ('NAME_sodium_carbonate', 'Sodium carbonate', 'substance', '500', 'food', 0) ON CONFLICT(canonical_id) DO NOTHING;
INSERT INTO ingredient_alias (canonical_id, alias, alias_normalized, alias_type, language_code, confidence, source) VALUES ('NAME_sodium_carbonate', 'Sodium carbonate', 'sodium carbonate', 'synonym', 'en', 1.0, 'FSANZ-Sched8') ON CONFLICT(alias_normalized, alias_type, COALESCE(language_code, '')) DO NOTHING;
INSERT INTO ingredient_alias (canonical_id, alias, alias_normalized, alias_type, language_code, confidence, source) VALUES ('NAME_sodium_carbonate', '500', '500', 'ins_number', NULL, 1.0, 'FSANZ-Sched8') ON CONFLICT(alias_normalized, alias_type, COALESCE(language_code, '')) DO NOTHING;
INSERT OR IGNORE INTO regulatory_fact (canonical_id, jurisdiction, fact_type, status, regulation_ref, product_category, evidence_id) VALUES ('NAME_sodium_carbonate', 'AU_NZ_FSANZ', 'permitted', 'Permitted food additive in Australia/New Zealand (INS 500)', 'FSANZ Schedule 8', 'food', (SELECT id FROM fact_evidence WHERE source_url = 'https://www.legislation.gov.au/F2015L00478/latest/text' AND snapshot_date = '2026-04-18' LIMIT 1));
INSERT INTO ingredient (canonical_id, primary_name, ingredient_class, ins_number, category, is_natural) VALUES ('NAME_sodium_carboxymethylcellulose', 'Sodium carboxymethylcellulose', 'substance', '466', 'food', 0) ON CONFLICT(canonical_id) DO NOTHING;
INSERT INTO ingredient_alias (canonical_id, alias, alias_normalized, alias_type, language_code, confidence, source) VALUES ('NAME_sodium_carboxymethylcellulose', 'Sodium carboxymethylcellulose', 'sodium carboxymethylcellulose', 'synonym', 'en', 1.0, 'FSANZ-Sched8') ON CONFLICT(alias_normalized, alias_type, COALESCE(language_code, '')) DO NOTHING;
INSERT INTO ingredient_alias (canonical_id, alias, alias_normalized, alias_type, language_code, confidence, source) VALUES ('NAME_sodium_carboxymethylcellulose', '466', '466', 'ins_number', NULL, 1.0, 'FSANZ-Sched8') ON CONFLICT(alias_normalized, alias_type, COALESCE(language_code, '')) DO NOTHING;
INSERT OR IGNORE INTO regulatory_fact (canonical_id, jurisdiction, fact_type, status, regulation_ref, product_category, evidence_id) VALUES ('NAME_sodium_carboxymethylcellulose', 'AU_NZ_FSANZ', 'permitted', 'Permitted food additive in Australia/New Zealand (INS 466)', 'FSANZ Schedule 8', 'food', (SELECT id FROM fact_evidence WHERE source_url = 'https://www.legislation.gov.au/F2015L00478/latest/text' AND snapshot_date = '2026-04-18' LIMIT 1));
INSERT INTO ingredient (canonical_id, primary_name, ingredient_class, ins_number, category, is_natural) VALUES ('NAME_sodium_citrate', 'Sodium citrate', 'substance', '331', 'food', 0) ON CONFLICT(canonical_id) DO NOTHING;
INSERT INTO ingredient_alias (canonical_id, alias, alias_normalized, alias_type, language_code, confidence, source) VALUES ('NAME_sodium_citrate', 'Sodium citrate', 'sodium citrate', 'synonym', 'en', 1.0, 'FSANZ-Sched8') ON CONFLICT(alias_normalized, alias_type, COALESCE(language_code, '')) DO NOTHING;
INSERT INTO ingredient_alias (canonical_id, alias, alias_normalized, alias_type, language_code, confidence, source) VALUES ('NAME_sodium_citrate', '331', '331', 'ins_number', NULL, 1.0, 'FSANZ-Sched8') ON CONFLICT(alias_normalized, alias_type, COALESCE(language_code, '')) DO NOTHING;
INSERT OR IGNORE INTO regulatory_fact (canonical_id, jurisdiction, fact_type, status, regulation_ref, product_category, evidence_id) VALUES ('NAME_sodium_citrate', 'AU_NZ_FSANZ', 'permitted', 'Permitted food additive in Australia/New Zealand (INS 331)', 'FSANZ Schedule 8', 'food', (SELECT id FROM fact_evidence WHERE source_url = 'https://www.legislation.gov.au/F2015L00478/latest/text' AND snapshot_date = '2026-04-18' LIMIT 1));
INSERT INTO ingredient (canonical_id, primary_name, ingredient_class, ins_number, category, is_natural) VALUES ('NAME_16_september_2025_schedule_8_8_authorised_version_f2025c00967_registered_0910202', '16 September 2025 Schedule 8 8 Authorised Version F2025C00967 registered 09/10/2025 Sodium diacetate', 'substance', '262', 'food', 0) ON CONFLICT(canonical_id) DO NOTHING;
INSERT INTO ingredient_alias (canonical_id, alias, alias_normalized, alias_type, language_code, confidence, source) VALUES ('NAME_16_september_2025_schedule_8_8_authorised_version_f2025c00967_registered_0910202', '16 September 2025 Schedule 8 8 Authorised Version F2025C00967 registered 09/10/2025 Sodium diacetate', '16 september 2025 schedule 8 8 authorised version f2025c00967 registered 09/10/2025 sodium diacetate', 'synonym', 'en', 1.0, 'FSANZ-Sched8') ON CONFLICT(alias_normalized, alias_type, COALESCE(language_code, '')) DO NOTHING;
INSERT INTO ingredient_alias (canonical_id, alias, alias_normalized, alias_type, language_code, confidence, source) VALUES ('NAME_16_september_2025_schedule_8_8_authorised_version_f2025c00967_registered_0910202', '262', '262', 'ins_number', NULL, 1.0, 'FSANZ-Sched8') ON CONFLICT(alias_normalized, alias_type, COALESCE(language_code, '')) DO NOTHING;
INSERT OR IGNORE INTO regulatory_fact (canonical_id, jurisdiction, fact_type, status, regulation_ref, product_category, evidence_id) VALUES ('NAME_16_september_2025_schedule_8_8_authorised_version_f2025c00967_registered_0910202', 'AU_NZ_FSANZ', 'permitted', 'Permitted food additive in Australia/New Zealand (INS 262)', 'FSANZ Schedule 8', 'food', (SELECT id FROM fact_evidence WHERE source_url = 'https://www.legislation.gov.au/F2015L00478/latest/text' AND snapshot_date = '2026-04-18' LIMIT 1));
INSERT INTO ingredient (canonical_id, primary_name, ingredient_class, ins_number, category, is_natural) VALUES ('NAME_sodium_dihydrogen_citrate', 'Sodium dihydrogen citrate', 'substance', '331', 'food', 0) ON CONFLICT(canonical_id) DO NOTHING;
INSERT INTO ingredient_alias (canonical_id, alias, alias_normalized, alias_type, language_code, confidence, source) VALUES ('NAME_sodium_dihydrogen_citrate', 'Sodium dihydrogen citrate', 'sodium dihydrogen citrate', 'synonym', 'en', 1.0, 'FSANZ-Sched8') ON CONFLICT(alias_normalized, alias_type, COALESCE(language_code, '')) DO NOTHING;
INSERT INTO ingredient_alias (canonical_id, alias, alias_normalized, alias_type, language_code, confidence, source) VALUES ('NAME_sodium_dihydrogen_citrate', '331', '331', 'ins_number', NULL, 1.0, 'FSANZ-Sched8') ON CONFLICT(alias_normalized, alias_type, COALESCE(language_code, '')) DO NOTHING;
INSERT OR IGNORE INTO regulatory_fact (canonical_id, jurisdiction, fact_type, status, regulation_ref, product_category, evidence_id) VALUES ('NAME_sodium_dihydrogen_citrate', 'AU_NZ_FSANZ', 'permitted', 'Permitted food additive in Australia/New Zealand (INS 331)', 'FSANZ Schedule 8', 'food', (SELECT id FROM fact_evidence WHERE source_url = 'https://www.legislation.gov.au/F2015L00478/latest/text' AND snapshot_date = '2026-04-18' LIMIT 1));
INSERT INTO ingredient (canonical_id, primary_name, ingredient_class, ins_number, category, is_natural) VALUES ('NAME_sodium_erythorbate', 'Sodium erythorbate', 'substance', '316', 'food', 0) ON CONFLICT(canonical_id) DO NOTHING;
INSERT INTO ingredient_alias (canonical_id, alias, alias_normalized, alias_type, language_code, confidence, source) VALUES ('NAME_sodium_erythorbate', 'Sodium erythorbate', 'sodium erythorbate', 'synonym', 'en', 1.0, 'FSANZ-Sched8') ON CONFLICT(alias_normalized, alias_type, COALESCE(language_code, '')) DO NOTHING;
INSERT INTO ingredient_alias (canonical_id, alias, alias_normalized, alias_type, language_code, confidence, source) VALUES ('NAME_sodium_erythorbate', '316', '316', 'ins_number', NULL, 1.0, 'FSANZ-Sched8') ON CONFLICT(alias_normalized, alias_type, COALESCE(language_code, '')) DO NOTHING;
INSERT OR IGNORE INTO regulatory_fact (canonical_id, jurisdiction, fact_type, status, regulation_ref, product_category, evidence_id) VALUES ('NAME_sodium_erythorbate', 'AU_NZ_FSANZ', 'permitted', 'Permitted food additive in Australia/New Zealand (INS 316)', 'FSANZ Schedule 8', 'food', (SELECT id FROM fact_evidence WHERE source_url = 'https://www.legislation.gov.au/F2015L00478/latest/text' AND snapshot_date = '2026-04-18' LIMIT 1));
INSERT INTO ingredient (canonical_id, primary_name, ingredient_class, ins_number, category, is_natural) VALUES ('NAME_sodium_ferrocyanide', 'Sodium ferrocyanide', 'substance', '535', 'food', 0) ON CONFLICT(canonical_id) DO NOTHING;
INSERT INTO ingredient_alias (canonical_id, alias, alias_normalized, alias_type, language_code, confidence, source) VALUES ('NAME_sodium_ferrocyanide', 'Sodium ferrocyanide', 'sodium ferrocyanide', 'synonym', 'en', 1.0, 'FSANZ-Sched8') ON CONFLICT(alias_normalized, alias_type, COALESCE(language_code, '')) DO NOTHING;
INSERT INTO ingredient_alias (canonical_id, alias, alias_normalized, alias_type, language_code, confidence, source) VALUES ('NAME_sodium_ferrocyanide', '535', '535', 'ins_number', NULL, 1.0, 'FSANZ-Sched8') ON CONFLICT(alias_normalized, alias_type, COALESCE(language_code, '')) DO NOTHING;
INSERT OR IGNORE INTO regulatory_fact (canonical_id, jurisdiction, fact_type, status, regulation_ref, product_category, evidence_id) VALUES ('NAME_sodium_ferrocyanide', 'AU_NZ_FSANZ', 'permitted', 'Permitted food additive in Australia/New Zealand (INS 535)', 'FSANZ Schedule 8', 'food', (SELECT id FROM fact_evidence WHERE source_url = 'https://www.legislation.gov.au/F2015L00478/latest/text' AND snapshot_date = '2026-04-18' LIMIT 1));
INSERT INTO ingredient (canonical_id, primary_name, ingredient_class, ins_number, category, is_natural) VALUES ('NAME_sodium_fumarate', 'Sodium fumarate', 'substance', '365', 'food', 0) ON CONFLICT(canonical_id) DO NOTHING;
INSERT INTO ingredient_alias (canonical_id, alias, alias_normalized, alias_type, language_code, confidence, source) VALUES ('NAME_sodium_fumarate', 'Sodium fumarate', 'sodium fumarate', 'synonym', 'en', 1.0, 'FSANZ-Sched8') ON CONFLICT(alias_normalized, alias_type, COALESCE(language_code, '')) DO NOTHING;
INSERT INTO ingredient_alias (canonical_id, alias, alias_normalized, alias_type, language_code, confidence, source) VALUES ('NAME_sodium_fumarate', '365', '365', 'ins_number', NULL, 1.0, 'FSANZ-Sched8') ON CONFLICT(alias_normalized, alias_type, COALESCE(language_code, '')) DO NOTHING;
INSERT OR IGNORE INTO regulatory_fact (canonical_id, jurisdiction, fact_type, status, regulation_ref, product_category, evidence_id) VALUES ('NAME_sodium_fumarate', 'AU_NZ_FSANZ', 'permitted', 'Permitted food additive in Australia/New Zealand (INS 365)', 'FSANZ Schedule 8', 'food', (SELECT id FROM fact_evidence WHERE source_url = 'https://www.legislation.gov.au/F2015L00478/latest/text' AND snapshot_date = '2026-04-18' LIMIT 1));
INSERT INTO ingredient (canonical_id, primary_name, ingredient_class, ins_number, category, is_natural) VALUES ('NAME_sodium_gluconate', 'Sodium gluconate', 'substance', '576', 'food', 0) ON CONFLICT(canonical_id) DO NOTHING;
INSERT INTO ingredient_alias (canonical_id, alias, alias_normalized, alias_type, language_code, confidence, source) VALUES ('NAME_sodium_gluconate', 'Sodium gluconate', 'sodium gluconate', 'synonym', 'en', 1.0, 'FSANZ-Sched8') ON CONFLICT(alias_normalized, alias_type, COALESCE(language_code, '')) DO NOTHING;
INSERT INTO ingredient_alias (canonical_id, alias, alias_normalized, alias_type, language_code, confidence, source) VALUES ('NAME_sodium_gluconate', '576', '576', 'ins_number', NULL, 1.0, 'FSANZ-Sched8') ON CONFLICT(alias_normalized, alias_type, COALESCE(language_code, '')) DO NOTHING;
INSERT OR IGNORE INTO regulatory_fact (canonical_id, jurisdiction, fact_type, status, regulation_ref, product_category, evidence_id) VALUES ('NAME_sodium_gluconate', 'AU_NZ_FSANZ', 'permitted', 'Permitted food additive in Australia/New Zealand (INS 576)', 'FSANZ Schedule 8', 'food', (SELECT id FROM fact_evidence WHERE source_url = 'https://www.legislation.gov.au/F2015L00478/latest/text' AND snapshot_date = '2026-04-18' LIMIT 1));
INSERT INTO ingredient (canonical_id, primary_name, ingredient_class, ins_number, category, is_natural) VALUES ('NAME_sodium_hydrogen_malate', 'Sodium hydrogen malate', 'substance', '350', 'food', 0) ON CONFLICT(canonical_id) DO NOTHING;
INSERT INTO ingredient_alias (canonical_id, alias, alias_normalized, alias_type, language_code, confidence, source) VALUES ('NAME_sodium_hydrogen_malate', 'Sodium hydrogen malate', 'sodium hydrogen malate', 'synonym', 'en', 1.0, 'FSANZ-Sched8') ON CONFLICT(alias_normalized, alias_type, COALESCE(language_code, '')) DO NOTHING;
INSERT INTO ingredient_alias (canonical_id, alias, alias_normalized, alias_type, language_code, confidence, source) VALUES ('NAME_sodium_hydrogen_malate', '350', '350', 'ins_number', NULL, 1.0, 'FSANZ-Sched8') ON CONFLICT(alias_normalized, alias_type, COALESCE(language_code, '')) DO NOTHING;
INSERT OR IGNORE INTO regulatory_fact (canonical_id, jurisdiction, fact_type, status, regulation_ref, product_category, evidence_id) VALUES ('NAME_sodium_hydrogen_malate', 'AU_NZ_FSANZ', 'permitted', 'Permitted food additive in Australia/New Zealand (INS 350)', 'FSANZ Schedule 8', 'food', (SELECT id FROM fact_evidence WHERE source_url = 'https://www.legislation.gov.au/F2015L00478/latest/text' AND snapshot_date = '2026-04-18' LIMIT 1));
INSERT INTO ingredient (canonical_id, primary_name, ingredient_class, ins_number, category, is_natural) VALUES ('NAME_sodium_hydrosulphite_sodium_hydroxide', 'Sodium hydrosulphite – Sodium hydroxide', 'substance', '524', 'food', 0) ON CONFLICT(canonical_id) DO NOTHING;
INSERT INTO ingredient_alias (canonical_id, alias, alias_normalized, alias_type, language_code, confidence, source) VALUES ('NAME_sodium_hydrosulphite_sodium_hydroxide', 'Sodium hydrosulphite – Sodium hydroxide', 'sodium hydrosulphite – sodium hydroxide', 'synonym', 'en', 1.0, 'FSANZ-Sched8') ON CONFLICT(alias_normalized, alias_type, COALESCE(language_code, '')) DO NOTHING;
INSERT INTO ingredient_alias (canonical_id, alias, alias_normalized, alias_type, language_code, confidence, source) VALUES ('NAME_sodium_hydrosulphite_sodium_hydroxide', '524', '524', 'ins_number', NULL, 1.0, 'FSANZ-Sched8') ON CONFLICT(alias_normalized, alias_type, COALESCE(language_code, '')) DO NOTHING;
INSERT OR IGNORE INTO regulatory_fact (canonical_id, jurisdiction, fact_type, status, regulation_ref, product_category, evidence_id) VALUES ('NAME_sodium_hydrosulphite_sodium_hydroxide', 'AU_NZ_FSANZ', 'permitted', 'Permitted food additive in Australia/New Zealand (INS 524)', 'FSANZ Schedule 8', 'food', (SELECT id FROM fact_evidence WHERE source_url = 'https://www.legislation.gov.au/F2015L00478/latest/text' AND snapshot_date = '2026-04-18' LIMIT 1));
INSERT INTO ingredient (canonical_id, primary_name, ingredient_class, ins_number, category, is_natural) VALUES ('NAME_sodium_lactate', 'Sodium lactate', 'substance', '325', 'food', 0) ON CONFLICT(canonical_id) DO NOTHING;
INSERT INTO ingredient_alias (canonical_id, alias, alias_normalized, alias_type, language_code, confidence, source) VALUES ('NAME_sodium_lactate', 'Sodium lactate', 'sodium lactate', 'synonym', 'en', 1.0, 'FSANZ-Sched8') ON CONFLICT(alias_normalized, alias_type, COALESCE(language_code, '')) DO NOTHING;
INSERT INTO ingredient_alias (canonical_id, alias, alias_normalized, alias_type, language_code, confidence, source) VALUES ('NAME_sodium_lactate', '325', '325', 'ins_number', NULL, 1.0, 'FSANZ-Sched8') ON CONFLICT(alias_normalized, alias_type, COALESCE(language_code, '')) DO NOTHING;
INSERT OR IGNORE INTO regulatory_fact (canonical_id, jurisdiction, fact_type, status, regulation_ref, product_category, evidence_id) VALUES ('NAME_sodium_lactate', 'AU_NZ_FSANZ', 'permitted', 'Permitted food additive in Australia/New Zealand (INS 325)', 'FSANZ Schedule 8', 'food', (SELECT id FROM fact_evidence WHERE source_url = 'https://www.legislation.gov.au/F2015L00478/latest/text' AND snapshot_date = '2026-04-18' LIMIT 1));
INSERT INTO ingredient (canonical_id, primary_name, ingredient_class, ins_number, category, is_natural) VALUES ('NAME_sodium_lactylate', 'Sodium lactylate', 'substance', '481', 'food', 0) ON CONFLICT(canonical_id) DO NOTHING;
INSERT INTO ingredient_alias (canonical_id, alias, alias_normalized, alias_type, language_code, confidence, source) VALUES ('NAME_sodium_lactylate', 'Sodium lactylate', 'sodium lactylate', 'synonym', 'en', 1.0, 'FSANZ-Sched8') ON CONFLICT(alias_normalized, alias_type, COALESCE(language_code, '')) DO NOTHING;
INSERT INTO ingredient_alias (canonical_id, alias, alias_normalized, alias_type, language_code, confidence, source) VALUES ('NAME_sodium_lactylate', '481', '481', 'ins_number', NULL, 1.0, 'FSANZ-Sched8') ON CONFLICT(alias_normalized, alias_type, COALESCE(language_code, '')) DO NOTHING;
INSERT OR IGNORE INTO regulatory_fact (canonical_id, jurisdiction, fact_type, status, regulation_ref, product_category, evidence_id) VALUES ('NAME_sodium_lactylate', 'AU_NZ_FSANZ', 'permitted', 'Permitted food additive in Australia/New Zealand (INS 481)', 'FSANZ Schedule 8', 'food', (SELECT id FROM fact_evidence WHERE source_url = 'https://www.legislation.gov.au/F2015L00478/latest/text' AND snapshot_date = '2026-04-18' LIMIT 1));
INSERT INTO ingredient (canonical_id, primary_name, ingredient_class, ins_number, category, is_natural) VALUES ('NAME_sodium_malate', 'Sodium malate', 'substance', '350', 'food', 0) ON CONFLICT(canonical_id) DO NOTHING;
INSERT INTO ingredient_alias (canonical_id, alias, alias_normalized, alias_type, language_code, confidence, source) VALUES ('NAME_sodium_malate', 'Sodium malate', 'sodium malate', 'synonym', 'en', 1.0, 'FSANZ-Sched8') ON CONFLICT(alias_normalized, alias_type, COALESCE(language_code, '')) DO NOTHING;
INSERT INTO ingredient_alias (canonical_id, alias, alias_normalized, alias_type, language_code, confidence, source) VALUES ('NAME_sodium_malate', '350', '350', 'ins_number', NULL, 1.0, 'FSANZ-Sched8') ON CONFLICT(alias_normalized, alias_type, COALESCE(language_code, '')) DO NOTHING;
INSERT OR IGNORE INTO regulatory_fact (canonical_id, jurisdiction, fact_type, status, regulation_ref, product_category, evidence_id) VALUES ('NAME_sodium_malate', 'AU_NZ_FSANZ', 'permitted', 'Permitted food additive in Australia/New Zealand (INS 350)', 'FSANZ Schedule 8', 'food', (SELECT id FROM fact_evidence WHERE source_url = 'https://www.legislation.gov.au/F2015L00478/latest/text' AND snapshot_date = '2026-04-18' LIMIT 1));
INSERT INTO ingredient (canonical_id, primary_name, ingredient_class, ins_number, category, is_natural) VALUES ('NAME_sodium_metabisulphite', 'Sodium metabisulphite', 'substance', '223', 'food', 0) ON CONFLICT(canonical_id) DO NOTHING;
INSERT INTO ingredient_alias (canonical_id, alias, alias_normalized, alias_type, language_code, confidence, source) VALUES ('NAME_sodium_metabisulphite', 'Sodium metabisulphite', 'sodium metabisulphite', 'synonym', 'en', 1.0, 'FSANZ-Sched8') ON CONFLICT(alias_normalized, alias_type, COALESCE(language_code, '')) DO NOTHING;
INSERT INTO ingredient_alias (canonical_id, alias, alias_normalized, alias_type, language_code, confidence, source) VALUES ('NAME_sodium_metabisulphite', '223', '223', 'ins_number', NULL, 1.0, 'FSANZ-Sched8') ON CONFLICT(alias_normalized, alias_type, COALESCE(language_code, '')) DO NOTHING;
INSERT OR IGNORE INTO regulatory_fact (canonical_id, jurisdiction, fact_type, status, regulation_ref, product_category, evidence_id) VALUES ('NAME_sodium_metabisulphite', 'AU_NZ_FSANZ', 'permitted', 'Permitted food additive in Australia/New Zealand (INS 223)', 'FSANZ Schedule 8', 'food', (SELECT id FROM fact_evidence WHERE source_url = 'https://www.legislation.gov.au/F2015L00478/latest/text' AND snapshot_date = '2026-04-18' LIMIT 1));
INSERT INTO ingredient (canonical_id, primary_name, ingredient_class, ins_number, category, is_natural) VALUES ('NAME_sodium_metaphosphate_insoluble', 'Sodium metaphosphate, insoluble', 'substance', '452', 'food', 0) ON CONFLICT(canonical_id) DO NOTHING;
INSERT INTO ingredient_alias (canonical_id, alias, alias_normalized, alias_type, language_code, confidence, source) VALUES ('NAME_sodium_metaphosphate_insoluble', 'Sodium metaphosphate, insoluble', 'sodium metaphosphate, insoluble', 'synonym', 'en', 1.0, 'FSANZ-Sched8') ON CONFLICT(alias_normalized, alias_type, COALESCE(language_code, '')) DO NOTHING;
INSERT INTO ingredient_alias (canonical_id, alias, alias_normalized, alias_type, language_code, confidence, source) VALUES ('NAME_sodium_metaphosphate_insoluble', '452', '452', 'ins_number', NULL, 1.0, 'FSANZ-Sched8') ON CONFLICT(alias_normalized, alias_type, COALESCE(language_code, '')) DO NOTHING;
INSERT OR IGNORE INTO regulatory_fact (canonical_id, jurisdiction, fact_type, status, regulation_ref, product_category, evidence_id) VALUES ('NAME_sodium_metaphosphate_insoluble', 'AU_NZ_FSANZ', 'permitted', 'Permitted food additive in Australia/New Zealand (INS 452)', 'FSANZ Schedule 8', 'food', (SELECT id FROM fact_evidence WHERE source_url = 'https://www.legislation.gov.au/F2015L00478/latest/text' AND snapshot_date = '2026-04-18' LIMIT 1));
INSERT INTO ingredient (canonical_id, primary_name, ingredient_class, ins_number, category, is_natural) VALUES ('NAME_sodium_nitrate', 'Sodium nitrate', 'substance', '251', 'food', 0) ON CONFLICT(canonical_id) DO NOTHING;
INSERT INTO ingredient_alias (canonical_id, alias, alias_normalized, alias_type, language_code, confidence, source) VALUES ('NAME_sodium_nitrate', 'Sodium nitrate', 'sodium nitrate', 'synonym', 'en', 1.0, 'FSANZ-Sched8') ON CONFLICT(alias_normalized, alias_type, COALESCE(language_code, '')) DO NOTHING;
INSERT INTO ingredient_alias (canonical_id, alias, alias_normalized, alias_type, language_code, confidence, source) VALUES ('NAME_sodium_nitrate', '251', '251', 'ins_number', NULL, 1.0, 'FSANZ-Sched8') ON CONFLICT(alias_normalized, alias_type, COALESCE(language_code, '')) DO NOTHING;
INSERT OR IGNORE INTO regulatory_fact (canonical_id, jurisdiction, fact_type, status, regulation_ref, product_category, evidence_id) VALUES ('NAME_sodium_nitrate', 'AU_NZ_FSANZ', 'permitted', 'Permitted food additive in Australia/New Zealand (INS 251)', 'FSANZ Schedule 8', 'food', (SELECT id FROM fact_evidence WHERE source_url = 'https://www.legislation.gov.au/F2015L00478/latest/text' AND snapshot_date = '2026-04-18' LIMIT 1));
INSERT INTO ingredient (canonical_id, primary_name, ingredient_class, ins_number, category, is_natural) VALUES ('NAME_sodium_nitrite', 'Sodium nitrite', 'substance', '250', 'food', 0) ON CONFLICT(canonical_id) DO NOTHING;
INSERT INTO ingredient_alias (canonical_id, alias, alias_normalized, alias_type, language_code, confidence, source) VALUES ('NAME_sodium_nitrite', 'Sodium nitrite', 'sodium nitrite', 'synonym', 'en', 1.0, 'FSANZ-Sched8') ON CONFLICT(alias_normalized, alias_type, COALESCE(language_code, '')) DO NOTHING;
INSERT INTO ingredient_alias (canonical_id, alias, alias_normalized, alias_type, language_code, confidence, source) VALUES ('NAME_sodium_nitrite', '250', '250', 'ins_number', NULL, 1.0, 'FSANZ-Sched8') ON CONFLICT(alias_normalized, alias_type, COALESCE(language_code, '')) DO NOTHING;
INSERT OR IGNORE INTO regulatory_fact (canonical_id, jurisdiction, fact_type, status, regulation_ref, product_category, evidence_id) VALUES ('NAME_sodium_nitrite', 'AU_NZ_FSANZ', 'permitted', 'Permitted food additive in Australia/New Zealand (INS 250)', 'FSANZ Schedule 8', 'food', (SELECT id FROM fact_evidence WHERE source_url = 'https://www.legislation.gov.au/F2015L00478/latest/text' AND snapshot_date = '2026-04-18' LIMIT 1));
INSERT INTO ingredient (canonical_id, primary_name, ingredient_class, ins_number, category, is_natural) VALUES ('NAME_sodium_oleyl_lactylate', 'Sodium oleyl lactylate', 'substance', '481', 'food', 0) ON CONFLICT(canonical_id) DO NOTHING;
INSERT INTO ingredient_alias (canonical_id, alias, alias_normalized, alias_type, language_code, confidence, source) VALUES ('NAME_sodium_oleyl_lactylate', 'Sodium oleyl lactylate', 'sodium oleyl lactylate', 'synonym', 'en', 1.0, 'FSANZ-Sched8') ON CONFLICT(alias_normalized, alias_type, COALESCE(language_code, '')) DO NOTHING;
INSERT INTO ingredient_alias (canonical_id, alias, alias_normalized, alias_type, language_code, confidence, source) VALUES ('NAME_sodium_oleyl_lactylate', '481', '481', 'ins_number', NULL, 1.0, 'FSANZ-Sched8') ON CONFLICT(alias_normalized, alias_type, COALESCE(language_code, '')) DO NOTHING;
INSERT OR IGNORE INTO regulatory_fact (canonical_id, jurisdiction, fact_type, status, regulation_ref, product_category, evidence_id) VALUES ('NAME_sodium_oleyl_lactylate', 'AU_NZ_FSANZ', 'permitted', 'Permitted food additive in Australia/New Zealand (INS 481)', 'FSANZ Schedule 8', 'food', (SELECT id FROM fact_evidence WHERE source_url = 'https://www.legislation.gov.au/F2015L00478/latest/text' AND snapshot_date = '2026-04-18' LIMIT 1));
INSERT INTO ingredient (canonical_id, primary_name, ingredient_class, ins_number, category, is_natural) VALUES ('NAME_sodium_phosphate_dibasic', 'Sodium phosphate, dibasic', 'substance', '339', 'food', 0) ON CONFLICT(canonical_id) DO NOTHING;
INSERT INTO ingredient_alias (canonical_id, alias, alias_normalized, alias_type, language_code, confidence, source) VALUES ('NAME_sodium_phosphate_dibasic', 'Sodium phosphate, dibasic', 'sodium phosphate, dibasic', 'synonym', 'en', 1.0, 'FSANZ-Sched8') ON CONFLICT(alias_normalized, alias_type, COALESCE(language_code, '')) DO NOTHING;
INSERT INTO ingredient_alias (canonical_id, alias, alias_normalized, alias_type, language_code, confidence, source) VALUES ('NAME_sodium_phosphate_dibasic', '339', '339', 'ins_number', NULL, 1.0, 'FSANZ-Sched8') ON CONFLICT(alias_normalized, alias_type, COALESCE(language_code, '')) DO NOTHING;
INSERT OR IGNORE INTO regulatory_fact (canonical_id, jurisdiction, fact_type, status, regulation_ref, product_category, evidence_id) VALUES ('NAME_sodium_phosphate_dibasic', 'AU_NZ_FSANZ', 'permitted', 'Permitted food additive in Australia/New Zealand (INS 339)', 'FSANZ Schedule 8', 'food', (SELECT id FROM fact_evidence WHERE source_url = 'https://www.legislation.gov.au/F2015L00478/latest/text' AND snapshot_date = '2026-04-18' LIMIT 1));
INSERT INTO ingredient (canonical_id, primary_name, ingredient_class, ins_number, category, is_natural) VALUES ('NAME_sodium_phosphate_monobasic', 'Sodium phosphate, monobasic', 'substance', '339', 'food', 0) ON CONFLICT(canonical_id) DO NOTHING;
INSERT INTO ingredient_alias (canonical_id, alias, alias_normalized, alias_type, language_code, confidence, source) VALUES ('NAME_sodium_phosphate_monobasic', 'Sodium phosphate, monobasic', 'sodium phosphate, monobasic', 'synonym', 'en', 1.0, 'FSANZ-Sched8') ON CONFLICT(alias_normalized, alias_type, COALESCE(language_code, '')) DO NOTHING;
INSERT INTO ingredient_alias (canonical_id, alias, alias_normalized, alias_type, language_code, confidence, source) VALUES ('NAME_sodium_phosphate_monobasic', '339', '339', 'ins_number', NULL, 1.0, 'FSANZ-Sched8') ON CONFLICT(alias_normalized, alias_type, COALESCE(language_code, '')) DO NOTHING;
INSERT OR IGNORE INTO regulatory_fact (canonical_id, jurisdiction, fact_type, status, regulation_ref, product_category, evidence_id) VALUES ('NAME_sodium_phosphate_monobasic', 'AU_NZ_FSANZ', 'permitted', 'Permitted food additive in Australia/New Zealand (INS 339)', 'FSANZ Schedule 8', 'food', (SELECT id FROM fact_evidence WHERE source_url = 'https://www.legislation.gov.au/F2015L00478/latest/text' AND snapshot_date = '2026-04-18' LIMIT 1));
INSERT INTO ingredient (canonical_id, primary_name, ingredient_class, ins_number, category, is_natural) VALUES ('NAME_sodium_phosphate_tribasic', 'Sodium phosphate, tribasic', 'substance', '339', 'food', 0) ON CONFLICT(canonical_id) DO NOTHING;
INSERT INTO ingredient_alias (canonical_id, alias, alias_normalized, alias_type, language_code, confidence, source) VALUES ('NAME_sodium_phosphate_tribasic', 'Sodium phosphate, tribasic', 'sodium phosphate, tribasic', 'synonym', 'en', 1.0, 'FSANZ-Sched8') ON CONFLICT(alias_normalized, alias_type, COALESCE(language_code, '')) DO NOTHING;
INSERT INTO ingredient_alias (canonical_id, alias, alias_normalized, alias_type, language_code, confidence, source) VALUES ('NAME_sodium_phosphate_tribasic', '339', '339', 'ins_number', NULL, 1.0, 'FSANZ-Sched8') ON CONFLICT(alias_normalized, alias_type, COALESCE(language_code, '')) DO NOTHING;
INSERT OR IGNORE INTO regulatory_fact (canonical_id, jurisdiction, fact_type, status, regulation_ref, product_category, evidence_id) VALUES ('NAME_sodium_phosphate_tribasic', 'AU_NZ_FSANZ', 'permitted', 'Permitted food additive in Australia/New Zealand (INS 339)', 'FSANZ Schedule 8', 'food', (SELECT id FROM fact_evidence WHERE source_url = 'https://www.legislation.gov.au/F2015L00478/latest/text' AND snapshot_date = '2026-04-18' LIMIT 1));
INSERT INTO ingredient (canonical_id, primary_name, ingredient_class, ins_number, category, is_natural) VALUES ('NAME_sodium_polyphosphates_glassy', 'Sodium polyphosphates, glassy', 'substance', '452', 'food', 0) ON CONFLICT(canonical_id) DO NOTHING;
INSERT INTO ingredient_alias (canonical_id, alias, alias_normalized, alias_type, language_code, confidence, source) VALUES ('NAME_sodium_polyphosphates_glassy', 'Sodium polyphosphates, glassy', 'sodium polyphosphates, glassy', 'synonym', 'en', 1.0, 'FSANZ-Sched8') ON CONFLICT(alias_normalized, alias_type, COALESCE(language_code, '')) DO NOTHING;
INSERT INTO ingredient_alias (canonical_id, alias, alias_normalized, alias_type, language_code, confidence, source) VALUES ('NAME_sodium_polyphosphates_glassy', '452', '452', 'ins_number', NULL, 1.0, 'FSANZ-Sched8') ON CONFLICT(alias_normalized, alias_type, COALESCE(language_code, '')) DO NOTHING;
INSERT OR IGNORE INTO regulatory_fact (canonical_id, jurisdiction, fact_type, status, regulation_ref, product_category, evidence_id) VALUES ('NAME_sodium_polyphosphates_glassy', 'AU_NZ_FSANZ', 'permitted', 'Permitted food additive in Australia/New Zealand (INS 452)', 'FSANZ Schedule 8', 'food', (SELECT id FROM fact_evidence WHERE source_url = 'https://www.legislation.gov.au/F2015L00478/latest/text' AND snapshot_date = '2026-04-18' LIMIT 1));
INSERT INTO ingredient (canonical_id, primary_name, ingredient_class, ins_number, category, is_natural) VALUES ('NAME_sodium_propionate', 'Sodium propionate', 'substance', '281', 'food', 0) ON CONFLICT(canonical_id) DO NOTHING;
INSERT INTO ingredient_alias (canonical_id, alias, alias_normalized, alias_type, language_code, confidence, source) VALUES ('NAME_sodium_propionate', 'Sodium propionate', 'sodium propionate', 'synonym', 'en', 1.0, 'FSANZ-Sched8') ON CONFLICT(alias_normalized, alias_type, COALESCE(language_code, '')) DO NOTHING;
INSERT INTO ingredient_alias (canonical_id, alias, alias_normalized, alias_type, language_code, confidence, source) VALUES ('NAME_sodium_propionate', '281', '281', 'ins_number', NULL, 1.0, 'FSANZ-Sched8') ON CONFLICT(alias_normalized, alias_type, COALESCE(language_code, '')) DO NOTHING;
INSERT OR IGNORE INTO regulatory_fact (canonical_id, jurisdiction, fact_type, status, regulation_ref, product_category, evidence_id) VALUES ('NAME_sodium_propionate', 'AU_NZ_FSANZ', 'permitted', 'Permitted food additive in Australia/New Zealand (INS 281)', 'FSANZ Schedule 8', 'food', (SELECT id FROM fact_evidence WHERE source_url = 'https://www.legislation.gov.au/F2015L00478/latest/text' AND snapshot_date = '2026-04-18' LIMIT 1));
INSERT INTO ingredient (canonical_id, primary_name, ingredient_class, ins_number, category, is_natural) VALUES ('NAME_sodium_pyrophosphate', 'Sodium pyrophosphate', 'substance', '450', 'food', 0) ON CONFLICT(canonical_id) DO NOTHING;
INSERT INTO ingredient_alias (canonical_id, alias, alias_normalized, alias_type, language_code, confidence, source) VALUES ('NAME_sodium_pyrophosphate', 'Sodium pyrophosphate', 'sodium pyrophosphate', 'synonym', 'en', 1.0, 'FSANZ-Sched8') ON CONFLICT(alias_normalized, alias_type, COALESCE(language_code, '')) DO NOTHING;
INSERT INTO ingredient_alias (canonical_id, alias, alias_normalized, alias_type, language_code, confidence, source) VALUES ('NAME_sodium_pyrophosphate', '450', '450', 'ins_number', NULL, 1.0, 'FSANZ-Sched8') ON CONFLICT(alias_normalized, alias_type, COALESCE(language_code, '')) DO NOTHING;
INSERT OR IGNORE INTO regulatory_fact (canonical_id, jurisdiction, fact_type, status, regulation_ref, product_category, evidence_id) VALUES ('NAME_sodium_pyrophosphate', 'AU_NZ_FSANZ', 'permitted', 'Permitted food additive in Australia/New Zealand (INS 450)', 'FSANZ Schedule 8', 'food', (SELECT id FROM fact_evidence WHERE source_url = 'https://www.legislation.gov.au/F2015L00478/latest/text' AND snapshot_date = '2026-04-18' LIMIT 1));
INSERT INTO ingredient (canonical_id, primary_name, ingredient_class, ins_number, category, is_natural) VALUES ('NAME_sodium_sorbate', 'Sodium sorbate', 'substance', '201', 'food', 0) ON CONFLICT(canonical_id) DO NOTHING;
INSERT INTO ingredient_alias (canonical_id, alias, alias_normalized, alias_type, language_code, confidence, source) VALUES ('NAME_sodium_sorbate', 'Sodium sorbate', 'sodium sorbate', 'synonym', 'en', 1.0, 'FSANZ-Sched8') ON CONFLICT(alias_normalized, alias_type, COALESCE(language_code, '')) DO NOTHING;
INSERT INTO ingredient_alias (canonical_id, alias, alias_normalized, alias_type, language_code, confidence, source) VALUES ('NAME_sodium_sorbate', '201', '201', 'ins_number', NULL, 1.0, 'FSANZ-Sched8') ON CONFLICT(alias_normalized, alias_type, COALESCE(language_code, '')) DO NOTHING;
INSERT OR IGNORE INTO regulatory_fact (canonical_id, jurisdiction, fact_type, status, regulation_ref, product_category, evidence_id) VALUES ('NAME_sodium_sorbate', 'AU_NZ_FSANZ', 'permitted', 'Permitted food additive in Australia/New Zealand (INS 201)', 'FSANZ Schedule 8', 'food', (SELECT id FROM fact_evidence WHERE source_url = 'https://www.legislation.gov.au/F2015L00478/latest/text' AND snapshot_date = '2026-04-18' LIMIT 1));
INSERT INTO ingredient (canonical_id, primary_name, ingredient_class, ins_number, category, is_natural) VALUES ('NAME_sodium_stearoyl_lactylate', 'Sodium stearoyl lactylate', 'substance', '481', 'food', 0) ON CONFLICT(canonical_id) DO NOTHING;
INSERT INTO ingredient_alias (canonical_id, alias, alias_normalized, alias_type, language_code, confidence, source) VALUES ('NAME_sodium_stearoyl_lactylate', 'Sodium stearoyl lactylate', 'sodium stearoyl lactylate', 'synonym', 'en', 1.0, 'FSANZ-Sched8') ON CONFLICT(alias_normalized, alias_type, COALESCE(language_code, '')) DO NOTHING;
INSERT INTO ingredient_alias (canonical_id, alias, alias_normalized, alias_type, language_code, confidence, source) VALUES ('NAME_sodium_stearoyl_lactylate', '481', '481', 'ins_number', NULL, 1.0, 'FSANZ-Sched8') ON CONFLICT(alias_normalized, alias_type, COALESCE(language_code, '')) DO NOTHING;
INSERT OR IGNORE INTO regulatory_fact (canonical_id, jurisdiction, fact_type, status, regulation_ref, product_category, evidence_id) VALUES ('NAME_sodium_stearoyl_lactylate', 'AU_NZ_FSANZ', 'permitted', 'Permitted food additive in Australia/New Zealand (INS 481)', 'FSANZ Schedule 8', 'food', (SELECT id FROM fact_evidence WHERE source_url = 'https://www.legislation.gov.au/F2015L00478/latest/text' AND snapshot_date = '2026-04-18' LIMIT 1));
INSERT INTO ingredient (canonical_id, primary_name, ingredient_class, ins_number, category, is_natural) VALUES ('NAME_sodium_sulphate', 'Sodium sulphate', 'substance', '514', 'food', 0) ON CONFLICT(canonical_id) DO NOTHING;
INSERT INTO ingredient_alias (canonical_id, alias, alias_normalized, alias_type, language_code, confidence, source) VALUES ('NAME_sodium_sulphate', 'Sodium sulphate', 'sodium sulphate', 'synonym', 'en', 1.0, 'FSANZ-Sched8') ON CONFLICT(alias_normalized, alias_type, COALESCE(language_code, '')) DO NOTHING;
INSERT INTO ingredient_alias (canonical_id, alias, alias_normalized, alias_type, language_code, confidence, source) VALUES ('NAME_sodium_sulphate', '514', '514', 'ins_number', NULL, 1.0, 'FSANZ-Sched8') ON CONFLICT(alias_normalized, alias_type, COALESCE(language_code, '')) DO NOTHING;
INSERT OR IGNORE INTO regulatory_fact (canonical_id, jurisdiction, fact_type, status, regulation_ref, product_category, evidence_id) VALUES ('NAME_sodium_sulphate', 'AU_NZ_FSANZ', 'permitted', 'Permitted food additive in Australia/New Zealand (INS 514)', 'FSANZ Schedule 8', 'food', (SELECT id FROM fact_evidence WHERE source_url = 'https://www.legislation.gov.au/F2015L00478/latest/text' AND snapshot_date = '2026-04-18' LIMIT 1));
INSERT INTO ingredient (canonical_id, primary_name, ingredient_class, ins_number, category, is_natural) VALUES ('NAME_sodium_sulphite', 'Sodium sulphite', 'substance', '221', 'food', 0) ON CONFLICT(canonical_id) DO NOTHING;
INSERT INTO ingredient_alias (canonical_id, alias, alias_normalized, alias_type, language_code, confidence, source) VALUES ('NAME_sodium_sulphite', 'Sodium sulphite', 'sodium sulphite', 'synonym', 'en', 1.0, 'FSANZ-Sched8') ON CONFLICT(alias_normalized, alias_type, COALESCE(language_code, '')) DO NOTHING;
INSERT INTO ingredient_alias (canonical_id, alias, alias_normalized, alias_type, language_code, confidence, source) VALUES ('NAME_sodium_sulphite', '221', '221', 'ins_number', NULL, 1.0, 'FSANZ-Sched8') ON CONFLICT(alias_normalized, alias_type, COALESCE(language_code, '')) DO NOTHING;
INSERT OR IGNORE INTO regulatory_fact (canonical_id, jurisdiction, fact_type, status, regulation_ref, product_category, evidence_id) VALUES ('NAME_sodium_sulphite', 'AU_NZ_FSANZ', 'permitted', 'Permitted food additive in Australia/New Zealand (INS 221)', 'FSANZ Schedule 8', 'food', (SELECT id FROM fact_evidence WHERE source_url = 'https://www.legislation.gov.au/F2015L00478/latest/text' AND snapshot_date = '2026-04-18' LIMIT 1));
INSERT INTO ingredient (canonical_id, primary_name, ingredient_class, ins_number, category, is_natural) VALUES ('NAME_sodium_tartrate', 'Sodium tartrate', 'substance', '335', 'food', 0) ON CONFLICT(canonical_id) DO NOTHING;
INSERT INTO ingredient_alias (canonical_id, alias, alias_normalized, alias_type, language_code, confidence, source) VALUES ('NAME_sodium_tartrate', 'Sodium tartrate', 'sodium tartrate', 'synonym', 'en', 1.0, 'FSANZ-Sched8') ON CONFLICT(alias_normalized, alias_type, COALESCE(language_code, '')) DO NOTHING;
INSERT INTO ingredient_alias (canonical_id, alias, alias_normalized, alias_type, language_code, confidence, source) VALUES ('NAME_sodium_tartrate', '335', '335', 'ins_number', NULL, 1.0, 'FSANZ-Sched8') ON CONFLICT(alias_normalized, alias_type, COALESCE(language_code, '')) DO NOTHING;
INSERT OR IGNORE INTO regulatory_fact (canonical_id, jurisdiction, fact_type, status, regulation_ref, product_category, evidence_id) VALUES ('NAME_sodium_tartrate', 'AU_NZ_FSANZ', 'permitted', 'Permitted food additive in Australia/New Zealand (INS 335)', 'FSANZ Schedule 8', 'food', (SELECT id FROM fact_evidence WHERE source_url = 'https://www.legislation.gov.au/F2015L00478/latest/text' AND snapshot_date = '2026-04-18' LIMIT 1));
INSERT INTO ingredient (canonical_id, primary_name, ingredient_class, ins_number, category, is_natural) VALUES ('NAME_sodium_tripolyphosphate', 'Sodium tripolyphosphate', 'substance', '451', 'food', 0) ON CONFLICT(canonical_id) DO NOTHING;
INSERT INTO ingredient_alias (canonical_id, alias, alias_normalized, alias_type, language_code, confidence, source) VALUES ('NAME_sodium_tripolyphosphate', 'Sodium tripolyphosphate', 'sodium tripolyphosphate', 'synonym', 'en', 1.0, 'FSANZ-Sched8') ON CONFLICT(alias_normalized, alias_type, COALESCE(language_code, '')) DO NOTHING;
INSERT INTO ingredient_alias (canonical_id, alias, alias_normalized, alias_type, language_code, confidence, source) VALUES ('NAME_sodium_tripolyphosphate', '451', '451', 'ins_number', NULL, 1.0, 'FSANZ-Sched8') ON CONFLICT(alias_normalized, alias_type, COALESCE(language_code, '')) DO NOTHING;
INSERT OR IGNORE INTO regulatory_fact (canonical_id, jurisdiction, fact_type, status, regulation_ref, product_category, evidence_id) VALUES ('NAME_sodium_tripolyphosphate', 'AU_NZ_FSANZ', 'permitted', 'Permitted food additive in Australia/New Zealand (INS 451)', 'FSANZ Schedule 8', 'food', (SELECT id FROM fact_evidence WHERE source_url = 'https://www.legislation.gov.au/F2015L00478/latest/text' AND snapshot_date = '2026-04-18' LIMIT 1));
INSERT INTO ingredient (canonical_id, primary_name, ingredient_class, ins_number, category, is_natural) VALUES ('NAME_sorbic_acid', 'Sorbic acid', 'substance', '200', 'food', 0) ON CONFLICT(canonical_id) DO NOTHING;
INSERT INTO ingredient_alias (canonical_id, alias, alias_normalized, alias_type, language_code, confidence, source) VALUES ('NAME_sorbic_acid', 'Sorbic acid', 'sorbic acid', 'synonym', 'en', 1.0, 'FSANZ-Sched8') ON CONFLICT(alias_normalized, alias_type, COALESCE(language_code, '')) DO NOTHING;
INSERT INTO ingredient_alias (canonical_id, alias, alias_normalized, alias_type, language_code, confidence, source) VALUES ('NAME_sorbic_acid', '200', '200', 'ins_number', NULL, 1.0, 'FSANZ-Sched8') ON CONFLICT(alias_normalized, alias_type, COALESCE(language_code, '')) DO NOTHING;
INSERT OR IGNORE INTO regulatory_fact (canonical_id, jurisdiction, fact_type, status, regulation_ref, product_category, evidence_id) VALUES ('NAME_sorbic_acid', 'AU_NZ_FSANZ', 'permitted', 'Permitted food additive in Australia/New Zealand (INS 200)', 'FSANZ Schedule 8', 'food', (SELECT id FROM fact_evidence WHERE source_url = 'https://www.legislation.gov.au/F2015L00478/latest/text' AND snapshot_date = '2026-04-18' LIMIT 1));
INSERT INTO ingredient (canonical_id, primary_name, ingredient_class, ins_number, category, is_natural) VALUES ('NAME_sorbitan_monostearate', 'Sorbitan monostearate', 'substance', '491', 'food', 0) ON CONFLICT(canonical_id) DO NOTHING;
INSERT INTO ingredient_alias (canonical_id, alias, alias_normalized, alias_type, language_code, confidence, source) VALUES ('NAME_sorbitan_monostearate', 'Sorbitan monostearate', 'sorbitan monostearate', 'synonym', 'en', 1.0, 'FSANZ-Sched8') ON CONFLICT(alias_normalized, alias_type, COALESCE(language_code, '')) DO NOTHING;
INSERT INTO ingredient_alias (canonical_id, alias, alias_normalized, alias_type, language_code, confidence, source) VALUES ('NAME_sorbitan_monostearate', '491', '491', 'ins_number', NULL, 1.0, 'FSANZ-Sched8') ON CONFLICT(alias_normalized, alias_type, COALESCE(language_code, '')) DO NOTHING;
INSERT OR IGNORE INTO regulatory_fact (canonical_id, jurisdiction, fact_type, status, regulation_ref, product_category, evidence_id) VALUES ('NAME_sorbitan_monostearate', 'AU_NZ_FSANZ', 'permitted', 'Permitted food additive in Australia/New Zealand (INS 491)', 'FSANZ Schedule 8', 'food', (SELECT id FROM fact_evidence WHERE source_url = 'https://www.legislation.gov.au/F2015L00478/latest/text' AND snapshot_date = '2026-04-18' LIMIT 1));
INSERT INTO ingredient (canonical_id, primary_name, ingredient_class, ins_number, category, is_natural) VALUES ('NAME_sorbitan_tristearate', 'Sorbitan tristearate', 'substance', '492', 'food', 0) ON CONFLICT(canonical_id) DO NOTHING;
INSERT INTO ingredient_alias (canonical_id, alias, alias_normalized, alias_type, language_code, confidence, source) VALUES ('NAME_sorbitan_tristearate', 'Sorbitan tristearate', 'sorbitan tristearate', 'synonym', 'en', 1.0, 'FSANZ-Sched8') ON CONFLICT(alias_normalized, alias_type, COALESCE(language_code, '')) DO NOTHING;
INSERT INTO ingredient_alias (canonical_id, alias, alias_normalized, alias_type, language_code, confidence, source) VALUES ('NAME_sorbitan_tristearate', '492', '492', 'ins_number', NULL, 1.0, 'FSANZ-Sched8') ON CONFLICT(alias_normalized, alias_type, COALESCE(language_code, '')) DO NOTHING;
INSERT OR IGNORE INTO regulatory_fact (canonical_id, jurisdiction, fact_type, status, regulation_ref, product_category, evidence_id) VALUES ('NAME_sorbitan_tristearate', 'AU_NZ_FSANZ', 'permitted', 'Permitted food additive in Australia/New Zealand (INS 492)', 'FSANZ Schedule 8', 'food', (SELECT id FROM fact_evidence WHERE source_url = 'https://www.legislation.gov.au/F2015L00478/latest/text' AND snapshot_date = '2026-04-18' LIMIT 1));
INSERT INTO ingredient (canonical_id, primary_name, ingredient_class, ins_number, category, is_natural) VALUES ('NAME_sorbitol_or_sorbitol_syrup', 'Sorbitol or sorbitol syrup', 'substance', '420', 'food', 0) ON CONFLICT(canonical_id) DO NOTHING;
INSERT INTO ingredient_alias (canonical_id, alias, alias_normalized, alias_type, language_code, confidence, source) VALUES ('NAME_sorbitol_or_sorbitol_syrup', 'Sorbitol or sorbitol syrup', 'sorbitol or sorbitol syrup', 'synonym', 'en', 1.0, 'FSANZ-Sched8') ON CONFLICT(alias_normalized, alias_type, COALESCE(language_code, '')) DO NOTHING;
INSERT INTO ingredient_alias (canonical_id, alias, alias_normalized, alias_type, language_code, confidence, source) VALUES ('NAME_sorbitol_or_sorbitol_syrup', '420', '420', 'ins_number', NULL, 1.0, 'FSANZ-Sched8') ON CONFLICT(alias_normalized, alias_type, COALESCE(language_code, '')) DO NOTHING;
INSERT OR IGNORE INTO regulatory_fact (canonical_id, jurisdiction, fact_type, status, regulation_ref, product_category, evidence_id) VALUES ('NAME_sorbitol_or_sorbitol_syrup', 'AU_NZ_FSANZ', 'permitted', 'Permitted food additive in Australia/New Zealand (INS 420)', 'FSANZ Schedule 8', 'food', (SELECT id FROM fact_evidence WHERE source_url = 'https://www.legislation.gov.au/F2015L00478/latest/text' AND snapshot_date = '2026-04-18' LIMIT 1));
INSERT INTO ingredient (canonical_id, primary_name, ingredient_class, ins_number, category, is_natural) VALUES ('NAME_stannous_chloride', 'Stannous chloride', 'substance', '512', 'food', 0) ON CONFLICT(canonical_id) DO NOTHING;
INSERT INTO ingredient_alias (canonical_id, alias, alias_normalized, alias_type, language_code, confidence, source) VALUES ('NAME_stannous_chloride', 'Stannous chloride', 'stannous chloride', 'synonym', 'en', 1.0, 'FSANZ-Sched8') ON CONFLICT(alias_normalized, alias_type, COALESCE(language_code, '')) DO NOTHING;
INSERT INTO ingredient_alias (canonical_id, alias, alias_normalized, alias_type, language_code, confidence, source) VALUES ('NAME_stannous_chloride', '512', '512', 'ins_number', NULL, 1.0, 'FSANZ-Sched8') ON CONFLICT(alias_normalized, alias_type, COALESCE(language_code, '')) DO NOTHING;
INSERT OR IGNORE INTO regulatory_fact (canonical_id, jurisdiction, fact_type, status, regulation_ref, product_category, evidence_id) VALUES ('NAME_stannous_chloride', 'AU_NZ_FSANZ', 'permitted', 'Permitted food additive in Australia/New Zealand (INS 512)', 'FSANZ Schedule 8', 'food', (SELECT id FROM fact_evidence WHERE source_url = 'https://www.legislation.gov.au/F2015L00478/latest/text' AND snapshot_date = '2026-04-18' LIMIT 1));
INSERT INTO ingredient (canonical_id, primary_name, ingredient_class, ins_number, category, is_natural) VALUES ('NAME_starch_acetate', 'Starch acetate', 'substance', '1420', 'food', 0) ON CONFLICT(canonical_id) DO NOTHING;
INSERT INTO ingredient_alias (canonical_id, alias, alias_normalized, alias_type, language_code, confidence, source) VALUES ('NAME_starch_acetate', 'Starch acetate', 'starch acetate', 'synonym', 'en', 1.0, 'FSANZ-Sched8') ON CONFLICT(alias_normalized, alias_type, COALESCE(language_code, '')) DO NOTHING;
INSERT INTO ingredient_alias (canonical_id, alias, alias_normalized, alias_type, language_code, confidence, source) VALUES ('NAME_starch_acetate', '1420', '1420', 'ins_number', NULL, 1.0, 'FSANZ-Sched8') ON CONFLICT(alias_normalized, alias_type, COALESCE(language_code, '')) DO NOTHING;
INSERT OR IGNORE INTO regulatory_fact (canonical_id, jurisdiction, fact_type, status, regulation_ref, product_category, evidence_id) VALUES ('NAME_starch_acetate', 'AU_NZ_FSANZ', 'permitted', 'Permitted food additive in Australia/New Zealand (INS 1420)', 'FSANZ Schedule 8', 'food', (SELECT id FROM fact_evidence WHERE source_url = 'https://www.legislation.gov.au/F2015L00478/latest/text' AND snapshot_date = '2026-04-18' LIMIT 1));
INSERT INTO ingredient (canonical_id, primary_name, ingredient_class, ins_number, category, is_natural) VALUES ('NAME_starch_sodium_octenylsuccinate', 'Starch sodium octenylsuccinate', 'substance', '1450', 'food', 0) ON CONFLICT(canonical_id) DO NOTHING;
INSERT INTO ingredient_alias (canonical_id, alias, alias_normalized, alias_type, language_code, confidence, source) VALUES ('NAME_starch_sodium_octenylsuccinate', 'Starch sodium octenylsuccinate', 'starch sodium octenylsuccinate', 'synonym', 'en', 1.0, 'FSANZ-Sched8') ON CONFLICT(alias_normalized, alias_type, COALESCE(language_code, '')) DO NOTHING;
INSERT INTO ingredient_alias (canonical_id, alias, alias_normalized, alias_type, language_code, confidence, source) VALUES ('NAME_starch_sodium_octenylsuccinate', '1450', '1450', 'ins_number', NULL, 1.0, 'FSANZ-Sched8') ON CONFLICT(alias_normalized, alias_type, COALESCE(language_code, '')) DO NOTHING;
INSERT OR IGNORE INTO regulatory_fact (canonical_id, jurisdiction, fact_type, status, regulation_ref, product_category, evidence_id) VALUES ('NAME_starch_sodium_octenylsuccinate', 'AU_NZ_FSANZ', 'permitted', 'Permitted food additive in Australia/New Zealand (INS 1450)', 'FSANZ Schedule 8', 'food', (SELECT id FROM fact_evidence WHERE source_url = 'https://www.legislation.gov.au/F2015L00478/latest/text' AND snapshot_date = '2026-04-18' LIMIT 1));
INSERT INTO ingredient (canonical_id, primary_name, ingredient_class, ins_number, category, is_natural) VALUES ('NAME_stearic_acid_or_fatty_acid', 'Stearic acid or fatty acid', 'substance', '570', 'food', 0) ON CONFLICT(canonical_id) DO NOTHING;
INSERT INTO ingredient_alias (canonical_id, alias, alias_normalized, alias_type, language_code, confidence, source) VALUES ('NAME_stearic_acid_or_fatty_acid', 'Stearic acid or fatty acid', 'stearic acid or fatty acid', 'synonym', 'en', 1.0, 'FSANZ-Sched8') ON CONFLICT(alias_normalized, alias_type, COALESCE(language_code, '')) DO NOTHING;
INSERT INTO ingredient_alias (canonical_id, alias, alias_normalized, alias_type, language_code, confidence, source) VALUES ('NAME_stearic_acid_or_fatty_acid', '570', '570', 'ins_number', NULL, 1.0, 'FSANZ-Sched8') ON CONFLICT(alias_normalized, alias_type, COALESCE(language_code, '')) DO NOTHING;
INSERT OR IGNORE INTO regulatory_fact (canonical_id, jurisdiction, fact_type, status, regulation_ref, product_category, evidence_id) VALUES ('NAME_stearic_acid_or_fatty_acid', 'AU_NZ_FSANZ', 'permitted', 'Permitted food additive in Australia/New Zealand (INS 570)', 'FSANZ Schedule 8', 'food', (SELECT id FROM fact_evidence WHERE source_url = 'https://www.legislation.gov.au/F2015L00478/latest/text' AND snapshot_date = '2026-04-18' LIMIT 1));
INSERT INTO ingredient (canonical_id, primary_name, ingredient_class, ins_number, category, is_natural) VALUES ('NAME_steviol_glycosides', 'Steviol glycosides', 'substance', '960', 'food', 0) ON CONFLICT(canonical_id) DO NOTHING;
INSERT INTO ingredient_alias (canonical_id, alias, alias_normalized, alias_type, language_code, confidence, source) VALUES ('NAME_steviol_glycosides', 'Steviol glycosides', 'steviol glycosides', 'synonym', 'en', 1.0, 'FSANZ-Sched8') ON CONFLICT(alias_normalized, alias_type, COALESCE(language_code, '')) DO NOTHING;
INSERT INTO ingredient_alias (canonical_id, alias, alias_normalized, alias_type, language_code, confidence, source) VALUES ('NAME_steviol_glycosides', '960', '960', 'ins_number', NULL, 1.0, 'FSANZ-Sched8') ON CONFLICT(alias_normalized, alias_type, COALESCE(language_code, '')) DO NOTHING;
INSERT OR IGNORE INTO regulatory_fact (canonical_id, jurisdiction, fact_type, status, regulation_ref, product_category, evidence_id) VALUES ('NAME_steviol_glycosides', 'AU_NZ_FSANZ', 'permitted', 'Permitted food additive in Australia/New Zealand (INS 960)', 'FSANZ Schedule 8', 'food', (SELECT id FROM fact_evidence WHERE source_url = 'https://www.legislation.gov.au/F2015L00478/latest/text' AND snapshot_date = '2026-04-18' LIMIT 1));
INSERT INTO ingredient (canonical_id, primary_name, ingredient_class, ins_number, category, is_natural) VALUES ('NAME_succinic_acid', 'Succinic acid', 'substance', '363', 'food', 0) ON CONFLICT(canonical_id) DO NOTHING;
INSERT INTO ingredient_alias (canonical_id, alias, alias_normalized, alias_type, language_code, confidence, source) VALUES ('NAME_succinic_acid', 'Succinic acid', 'succinic acid', 'synonym', 'en', 1.0, 'FSANZ-Sched8') ON CONFLICT(alias_normalized, alias_type, COALESCE(language_code, '')) DO NOTHING;
INSERT INTO ingredient_alias (canonical_id, alias, alias_normalized, alias_type, language_code, confidence, source) VALUES ('NAME_succinic_acid', '363', '363', 'ins_number', NULL, 1.0, 'FSANZ-Sched8') ON CONFLICT(alias_normalized, alias_type, COALESCE(language_code, '')) DO NOTHING;
INSERT OR IGNORE INTO regulatory_fact (canonical_id, jurisdiction, fact_type, status, regulation_ref, product_category, evidence_id) VALUES ('NAME_succinic_acid', 'AU_NZ_FSANZ', 'permitted', 'Permitted food additive in Australia/New Zealand (INS 363)', 'FSANZ Schedule 8', 'food', (SELECT id FROM fact_evidence WHERE source_url = 'https://www.legislation.gov.au/F2015L00478/latest/text' AND snapshot_date = '2026-04-18' LIMIT 1));
INSERT INTO ingredient (canonical_id, primary_name, ingredient_class, ins_number, category, is_natural) VALUES ('NAME_sucralose', 'Sucralose', 'substance', '955', 'food', 0) ON CONFLICT(canonical_id) DO NOTHING;
INSERT INTO ingredient_alias (canonical_id, alias, alias_normalized, alias_type, language_code, confidence, source) VALUES ('NAME_sucralose', 'Sucralose', 'sucralose', 'synonym', 'en', 1.0, 'FSANZ-Sched8') ON CONFLICT(alias_normalized, alias_type, COALESCE(language_code, '')) DO NOTHING;
INSERT INTO ingredient_alias (canonical_id, alias, alias_normalized, alias_type, language_code, confidence, source) VALUES ('NAME_sucralose', '955', '955', 'ins_number', NULL, 1.0, 'FSANZ-Sched8') ON CONFLICT(alias_normalized, alias_type, COALESCE(language_code, '')) DO NOTHING;
INSERT OR IGNORE INTO regulatory_fact (canonical_id, jurisdiction, fact_type, status, regulation_ref, product_category, evidence_id) VALUES ('NAME_sucralose', 'AU_NZ_FSANZ', 'permitted', 'Permitted food additive in Australia/New Zealand (INS 955)', 'FSANZ Schedule 8', 'food', (SELECT id FROM fact_evidence WHERE source_url = 'https://www.legislation.gov.au/F2015L00478/latest/text' AND snapshot_date = '2026-04-18' LIMIT 1));
INSERT INTO ingredient (canonical_id, primary_name, ingredient_class, ins_number, category, is_natural) VALUES ('NAME_sucrose_acetate_isobutyrate', 'Sucrose acetate isobutyrate', 'substance', '444', 'food', 0) ON CONFLICT(canonical_id) DO NOTHING;
INSERT INTO ingredient_alias (canonical_id, alias, alias_normalized, alias_type, language_code, confidence, source) VALUES ('NAME_sucrose_acetate_isobutyrate', 'Sucrose acetate isobutyrate', 'sucrose acetate isobutyrate', 'synonym', 'en', 1.0, 'FSANZ-Sched8') ON CONFLICT(alias_normalized, alias_type, COALESCE(language_code, '')) DO NOTHING;
INSERT INTO ingredient_alias (canonical_id, alias, alias_normalized, alias_type, language_code, confidence, source) VALUES ('NAME_sucrose_acetate_isobutyrate', '444', '444', 'ins_number', NULL, 1.0, 'FSANZ-Sched8') ON CONFLICT(alias_normalized, alias_type, COALESCE(language_code, '')) DO NOTHING;
INSERT OR IGNORE INTO regulatory_fact (canonical_id, jurisdiction, fact_type, status, regulation_ref, product_category, evidence_id) VALUES ('NAME_sucrose_acetate_isobutyrate', 'AU_NZ_FSANZ', 'permitted', 'Permitted food additive in Australia/New Zealand (INS 444)', 'FSANZ Schedule 8', 'food', (SELECT id FROM fact_evidence WHERE source_url = 'https://www.legislation.gov.au/F2015L00478/latest/text' AND snapshot_date = '2026-04-18' LIMIT 1));
INSERT INTO ingredient (canonical_id, primary_name, ingredient_class, ins_number, category, is_natural) VALUES ('NAME_sucrose_esters_of_fatty_acids', 'Sucrose esters of fatty acids', 'substance', '473', 'food', 0) ON CONFLICT(canonical_id) DO NOTHING;
INSERT INTO ingredient_alias (canonical_id, alias, alias_normalized, alias_type, language_code, confidence, source) VALUES ('NAME_sucrose_esters_of_fatty_acids', 'Sucrose esters of fatty acids', 'sucrose esters of fatty acids', 'synonym', 'en', 1.0, 'FSANZ-Sched8') ON CONFLICT(alias_normalized, alias_type, COALESCE(language_code, '')) DO NOTHING;
INSERT INTO ingredient_alias (canonical_id, alias, alias_normalized, alias_type, language_code, confidence, source) VALUES ('NAME_sucrose_esters_of_fatty_acids', '473', '473', 'ins_number', NULL, 1.0, 'FSANZ-Sched8') ON CONFLICT(alias_normalized, alias_type, COALESCE(language_code, '')) DO NOTHING;
INSERT OR IGNORE INTO regulatory_fact (canonical_id, jurisdiction, fact_type, status, regulation_ref, product_category, evidence_id) VALUES ('NAME_sucrose_esters_of_fatty_acids', 'AU_NZ_FSANZ', 'permitted', 'Permitted food additive in Australia/New Zealand (INS 473)', 'FSANZ Schedule 8', 'food', (SELECT id FROM fact_evidence WHERE source_url = 'https://www.legislation.gov.au/F2015L00478/latest/text' AND snapshot_date = '2026-04-18' LIMIT 1));
INSERT INTO ingredient (canonical_id, primary_name, ingredient_class, ins_number, category, is_natural) VALUES ('NAME_16_september_2025_schedule_8_9_authorised_version_f2025c00967_registered_0910202', '16 September 2025 Schedule 8 9 Authorised Version F2025C00967 registered 09/10/2025 Sulphur dioxide', 'substance', '220', 'food', 0) ON CONFLICT(canonical_id) DO NOTHING;
INSERT INTO ingredient_alias (canonical_id, alias, alias_normalized, alias_type, language_code, confidence, source) VALUES ('NAME_16_september_2025_schedule_8_9_authorised_version_f2025c00967_registered_0910202', '16 September 2025 Schedule 8 9 Authorised Version F2025C00967 registered 09/10/2025 Sulphur dioxide', '16 september 2025 schedule 8 9 authorised version f2025c00967 registered 09/10/2025 sulphur dioxide', 'synonym', 'en', 1.0, 'FSANZ-Sched8') ON CONFLICT(alias_normalized, alias_type, COALESCE(language_code, '')) DO NOTHING;
INSERT INTO ingredient_alias (canonical_id, alias, alias_normalized, alias_type, language_code, confidence, source) VALUES ('NAME_16_september_2025_schedule_8_9_authorised_version_f2025c00967_registered_0910202', '220', '220', 'ins_number', NULL, 1.0, 'FSANZ-Sched8') ON CONFLICT(alias_normalized, alias_type, COALESCE(language_code, '')) DO NOTHING;
INSERT OR IGNORE INTO regulatory_fact (canonical_id, jurisdiction, fact_type, status, regulation_ref, product_category, evidence_id) VALUES ('NAME_16_september_2025_schedule_8_9_authorised_version_f2025c00967_registered_0910202', 'AU_NZ_FSANZ', 'permitted', 'Permitted food additive in Australia/New Zealand (INS 220)', 'FSANZ Schedule 8', 'food', (SELECT id FROM fact_evidence WHERE source_url = 'https://www.legislation.gov.au/F2015L00478/latest/text' AND snapshot_date = '2026-04-18' LIMIT 1));
INSERT INTO ingredient (canonical_id, primary_name, ingredient_class, ins_number, category, is_natural) VALUES ('NAME_sunset_yellow_fcf', 'Sunset yellow FCF', 'substance', '110', 'food', 0) ON CONFLICT(canonical_id) DO NOTHING;
INSERT INTO ingredient_alias (canonical_id, alias, alias_normalized, alias_type, language_code, confidence, source) VALUES ('NAME_sunset_yellow_fcf', 'Sunset yellow FCF', 'sunset yellow fcf', 'synonym', 'en', 1.0, 'FSANZ-Sched8') ON CONFLICT(alias_normalized, alias_type, COALESCE(language_code, '')) DO NOTHING;
INSERT INTO ingredient_alias (canonical_id, alias, alias_normalized, alias_type, language_code, confidence, source) VALUES ('NAME_sunset_yellow_fcf', '110', '110', 'ins_number', NULL, 1.0, 'FSANZ-Sched8') ON CONFLICT(alias_normalized, alias_type, COALESCE(language_code, '')) DO NOTHING;
INSERT OR IGNORE INTO regulatory_fact (canonical_id, jurisdiction, fact_type, status, regulation_ref, product_category, evidence_id) VALUES ('NAME_sunset_yellow_fcf', 'AU_NZ_FSANZ', 'permitted', 'Permitted food additive in Australia/New Zealand (INS 110)', 'FSANZ Schedule 8', 'food', (SELECT id FROM fact_evidence WHERE source_url = 'https://www.legislation.gov.au/F2015L00478/latest/text' AND snapshot_date = '2026-04-18' LIMIT 1));
INSERT INTO ingredient (canonical_id, primary_name, ingredient_class, ins_number, category, is_natural) VALUES ('NAME_sweet_osmanthus_ear_glycolipids_tannic_acid_or_tannins', 'Sweet osmanthus ear glycolipids – Tannic acid or tannins', 'substance', '181', 'food', 0) ON CONFLICT(canonical_id) DO NOTHING;
INSERT INTO ingredient_alias (canonical_id, alias, alias_normalized, alias_type, language_code, confidence, source) VALUES ('NAME_sweet_osmanthus_ear_glycolipids_tannic_acid_or_tannins', 'Sweet osmanthus ear glycolipids – Tannic acid or tannins', 'sweet osmanthus ear glycolipids – tannic acid or tannins', 'synonym', 'en', 1.0, 'FSANZ-Sched8') ON CONFLICT(alias_normalized, alias_type, COALESCE(language_code, '')) DO NOTHING;
INSERT INTO ingredient_alias (canonical_id, alias, alias_normalized, alias_type, language_code, confidence, source) VALUES ('NAME_sweet_osmanthus_ear_glycolipids_tannic_acid_or_tannins', '181', '181', 'ins_number', NULL, 1.0, 'FSANZ-Sched8') ON CONFLICT(alias_normalized, alias_type, COALESCE(language_code, '')) DO NOTHING;
INSERT OR IGNORE INTO regulatory_fact (canonical_id, jurisdiction, fact_type, status, regulation_ref, product_category, evidence_id) VALUES ('NAME_sweet_osmanthus_ear_glycolipids_tannic_acid_or_tannins', 'AU_NZ_FSANZ', 'permitted', 'Permitted food additive in Australia/New Zealand (INS 181)', 'FSANZ Schedule 8', 'food', (SELECT id FROM fact_evidence WHERE source_url = 'https://www.legislation.gov.au/F2015L00478/latest/text' AND snapshot_date = '2026-04-18' LIMIT 1));
INSERT INTO ingredient (canonical_id, primary_name, ingredient_class, ins_number, category, is_natural) VALUES ('NAME_tara_gum', 'Tara gum', 'substance', '417', 'food', 0) ON CONFLICT(canonical_id) DO NOTHING;
INSERT INTO ingredient_alias (canonical_id, alias, alias_normalized, alias_type, language_code, confidence, source) VALUES ('NAME_tara_gum', 'Tara gum', 'tara gum', 'synonym', 'en', 1.0, 'FSANZ-Sched8') ON CONFLICT(alias_normalized, alias_type, COALESCE(language_code, '')) DO NOTHING;
INSERT INTO ingredient_alias (canonical_id, alias, alias_normalized, alias_type, language_code, confidence, source) VALUES ('NAME_tara_gum', '417', '417', 'ins_number', NULL, 1.0, 'FSANZ-Sched8') ON CONFLICT(alias_normalized, alias_type, COALESCE(language_code, '')) DO NOTHING;
INSERT OR IGNORE INTO regulatory_fact (canonical_id, jurisdiction, fact_type, status, regulation_ref, product_category, evidence_id) VALUES ('NAME_tara_gum', 'AU_NZ_FSANZ', 'permitted', 'Permitted food additive in Australia/New Zealand (INS 417)', 'FSANZ Schedule 8', 'food', (SELECT id FROM fact_evidence WHERE source_url = 'https://www.legislation.gov.au/F2015L00478/latest/text' AND snapshot_date = '2026-04-18' LIMIT 1));
INSERT INTO ingredient (canonical_id, primary_name, ingredient_class, ins_number, category, is_natural) VALUES ('NAME_tartaric_acid', 'Tartaric acid', 'substance', '334', 'food', 0) ON CONFLICT(canonical_id) DO NOTHING;
INSERT INTO ingredient_alias (canonical_id, alias, alias_normalized, alias_type, language_code, confidence, source) VALUES ('NAME_tartaric_acid', 'Tartaric acid', 'tartaric acid', 'synonym', 'en', 1.0, 'FSANZ-Sched8') ON CONFLICT(alias_normalized, alias_type, COALESCE(language_code, '')) DO NOTHING;
INSERT INTO ingredient_alias (canonical_id, alias, alias_normalized, alias_type, language_code, confidence, source) VALUES ('NAME_tartaric_acid', '334', '334', 'ins_number', NULL, 1.0, 'FSANZ-Sched8') ON CONFLICT(alias_normalized, alias_type, COALESCE(language_code, '')) DO NOTHING;
INSERT OR IGNORE INTO regulatory_fact (canonical_id, jurisdiction, fact_type, status, regulation_ref, product_category, evidence_id) VALUES ('NAME_tartaric_acid', 'AU_NZ_FSANZ', 'permitted', 'Permitted food additive in Australia/New Zealand (INS 334)', 'FSANZ Schedule 8', 'food', (SELECT id FROM fact_evidence WHERE source_url = 'https://www.legislation.gov.au/F2015L00478/latest/text' AND snapshot_date = '2026-04-18' LIMIT 1));
INSERT INTO ingredient (canonical_id, primary_name, ingredient_class, ins_number, category, is_natural) VALUES ('NAME_tartrazine', 'Tartrazine', 'substance', '102', 'food', 0) ON CONFLICT(canonical_id) DO NOTHING;
INSERT INTO ingredient_alias (canonical_id, alias, alias_normalized, alias_type, language_code, confidence, source) VALUES ('NAME_tartrazine', 'Tartrazine', 'tartrazine', 'synonym', 'en', 1.0, 'FSANZ-Sched8') ON CONFLICT(alias_normalized, alias_type, COALESCE(language_code, '')) DO NOTHING;
INSERT INTO ingredient_alias (canonical_id, alias, alias_normalized, alias_type, language_code, confidence, source) VALUES ('NAME_tartrazine', '102', '102', 'ins_number', NULL, 1.0, 'FSANZ-Sched8') ON CONFLICT(alias_normalized, alias_type, COALESCE(language_code, '')) DO NOTHING;
INSERT OR IGNORE INTO regulatory_fact (canonical_id, jurisdiction, fact_type, status, regulation_ref, product_category, evidence_id) VALUES ('NAME_tartrazine', 'AU_NZ_FSANZ', 'permitted', 'Permitted food additive in Australia/New Zealand (INS 102)', 'FSANZ Schedule 8', 'food', (SELECT id FROM fact_evidence WHERE source_url = 'https://www.legislation.gov.au/F2015L00478/latest/text' AND snapshot_date = '2026-04-18' LIMIT 1));
INSERT INTO ingredient (canonical_id, primary_name, ingredient_class, ins_number, category, is_natural) VALUES ('NAME_tert_butylhydroquinone', 'tert-Butylhydroquinone', 'substance', '319', 'food', 0) ON CONFLICT(canonical_id) DO NOTHING;
INSERT INTO ingredient_alias (canonical_id, alias, alias_normalized, alias_type, language_code, confidence, source) VALUES ('NAME_tert_butylhydroquinone', 'tert-Butylhydroquinone', 'tert-butylhydroquinone', 'synonym', 'en', 1.0, 'FSANZ-Sched8') ON CONFLICT(alias_normalized, alias_type, COALESCE(language_code, '')) DO NOTHING;
INSERT INTO ingredient_alias (canonical_id, alias, alias_normalized, alias_type, language_code, confidence, source) VALUES ('NAME_tert_butylhydroquinone', '319', '319', 'ins_number', NULL, 1.0, 'FSANZ-Sched8') ON CONFLICT(alias_normalized, alias_type, COALESCE(language_code, '')) DO NOTHING;
INSERT OR IGNORE INTO regulatory_fact (canonical_id, jurisdiction, fact_type, status, regulation_ref, product_category, evidence_id) VALUES ('NAME_tert_butylhydroquinone', 'AU_NZ_FSANZ', 'permitted', 'Permitted food additive in Australia/New Zealand (INS 319)', 'FSANZ Schedule 8', 'food', (SELECT id FROM fact_evidence WHERE source_url = 'https://www.legislation.gov.au/F2015L00478/latest/text' AND snapshot_date = '2026-04-18' LIMIT 1));
INSERT INTO ingredient (canonical_id, primary_name, ingredient_class, ins_number, category, is_natural) VALUES ('NAME_thaumatin', 'Thaumatin', 'substance', '957', 'food', 0) ON CONFLICT(canonical_id) DO NOTHING;
INSERT INTO ingredient_alias (canonical_id, alias, alias_normalized, alias_type, language_code, confidence, source) VALUES ('NAME_thaumatin', 'Thaumatin', 'thaumatin', 'synonym', 'en', 1.0, 'FSANZ-Sched8') ON CONFLICT(alias_normalized, alias_type, COALESCE(language_code, '')) DO NOTHING;
INSERT INTO ingredient_alias (canonical_id, alias, alias_normalized, alias_type, language_code, confidence, source) VALUES ('NAME_thaumatin', '957', '957', 'ins_number', NULL, 1.0, 'FSANZ-Sched8') ON CONFLICT(alias_normalized, alias_type, COALESCE(language_code, '')) DO NOTHING;
INSERT OR IGNORE INTO regulatory_fact (canonical_id, jurisdiction, fact_type, status, regulation_ref, product_category, evidence_id) VALUES ('NAME_thaumatin', 'AU_NZ_FSANZ', 'permitted', 'Permitted food additive in Australia/New Zealand (INS 957)', 'FSANZ Schedule 8', 'food', (SELECT id FROM fact_evidence WHERE source_url = 'https://www.legislation.gov.au/F2015L00478/latest/text' AND snapshot_date = '2026-04-18' LIMIT 1));
INSERT INTO ingredient (canonical_id, primary_name, ingredient_class, ins_number, category, is_natural) VALUES ('NAME_titanium_dioxide', 'Titanium dioxide', 'substance', '171', 'food', 0) ON CONFLICT(canonical_id) DO NOTHING;
INSERT INTO ingredient_alias (canonical_id, alias, alias_normalized, alias_type, language_code, confidence, source) VALUES ('NAME_titanium_dioxide', 'Titanium dioxide', 'titanium dioxide', 'synonym', 'en', 1.0, 'FSANZ-Sched8') ON CONFLICT(alias_normalized, alias_type, COALESCE(language_code, '')) DO NOTHING;
INSERT INTO ingredient_alias (canonical_id, alias, alias_normalized, alias_type, language_code, confidence, source) VALUES ('NAME_titanium_dioxide', '171', '171', 'ins_number', NULL, 1.0, 'FSANZ-Sched8') ON CONFLICT(alias_normalized, alias_type, COALESCE(language_code, '')) DO NOTHING;
INSERT OR IGNORE INTO regulatory_fact (canonical_id, jurisdiction, fact_type, status, regulation_ref, product_category, evidence_id) VALUES ('NAME_titanium_dioxide', 'AU_NZ_FSANZ', 'permitted', 'Permitted food additive in Australia/New Zealand (INS 171)', 'FSANZ Schedule 8', 'food', (SELECT id FROM fact_evidence WHERE source_url = 'https://www.legislation.gov.au/F2015L00478/latest/text' AND snapshot_date = '2026-04-18' LIMIT 1));
INSERT INTO ingredient (canonical_id, primary_name, ingredient_class, ins_number, category, is_natural) VALUES ('NAME_α_tocopherol', 'α-Tocopherol', 'substance', '307', 'food', 0) ON CONFLICT(canonical_id) DO NOTHING;
INSERT INTO ingredient_alias (canonical_id, alias, alias_normalized, alias_type, language_code, confidence, source) VALUES ('NAME_α_tocopherol', 'α-Tocopherol', 'α-tocopherol', 'synonym', 'en', 1.0, 'FSANZ-Sched8') ON CONFLICT(alias_normalized, alias_type, COALESCE(language_code, '')) DO NOTHING;
INSERT INTO ingredient_alias (canonical_id, alias, alias_normalized, alias_type, language_code, confidence, source) VALUES ('NAME_α_tocopherol', '307', '307', 'ins_number', NULL, 1.0, 'FSANZ-Sched8') ON CONFLICT(alias_normalized, alias_type, COALESCE(language_code, '')) DO NOTHING;
INSERT OR IGNORE INTO regulatory_fact (canonical_id, jurisdiction, fact_type, status, regulation_ref, product_category, evidence_id) VALUES ('NAME_α_tocopherol', 'AU_NZ_FSANZ', 'permitted', 'Permitted food additive in Australia/New Zealand (INS 307)', 'FSANZ Schedule 8', 'food', (SELECT id FROM fact_evidence WHERE source_url = 'https://www.legislation.gov.au/F2015L00478/latest/text' AND snapshot_date = '2026-04-18' LIMIT 1));
INSERT INTO ingredient (canonical_id, primary_name, ingredient_class, ins_number, category, is_natural) VALUES ('NAME_di_alpha_tocopherol', 'di-Alpha-tocopherol', 'substance', '307c', 'food', 0) ON CONFLICT(canonical_id) DO NOTHING;
INSERT INTO ingredient_alias (canonical_id, alias, alias_normalized, alias_type, language_code, confidence, source) VALUES ('NAME_di_alpha_tocopherol', 'di-Alpha-tocopherol', 'di-alpha-tocopherol', 'synonym', 'en', 1.0, 'FSANZ-Sched8') ON CONFLICT(alias_normalized, alias_type, COALESCE(language_code, '')) DO NOTHING;
INSERT INTO ingredient_alias (canonical_id, alias, alias_normalized, alias_type, language_code, confidence, source) VALUES ('NAME_di_alpha_tocopherol', '307c', '307c', 'ins_number', NULL, 1.0, 'FSANZ-Sched8') ON CONFLICT(alias_normalized, alias_type, COALESCE(language_code, '')) DO NOTHING;
INSERT OR IGNORE INTO regulatory_fact (canonical_id, jurisdiction, fact_type, status, regulation_ref, product_category, evidence_id) VALUES ('NAME_di_alpha_tocopherol', 'AU_NZ_FSANZ', 'permitted', 'Permitted food additive in Australia/New Zealand (INS 307c)', 'FSANZ Schedule 8', 'food', (SELECT id FROM fact_evidence WHERE source_url = 'https://www.legislation.gov.au/F2015L00478/latest/text' AND snapshot_date = '2026-04-18' LIMIT 1));
INSERT INTO ingredient (canonical_id, primary_name, ingredient_class, ins_number, category, is_natural) VALUES ('NAME_δ_tocopherol', 'δ-Tocopherol', 'substance', '309', 'food', 0) ON CONFLICT(canonical_id) DO NOTHING;
INSERT INTO ingredient_alias (canonical_id, alias, alias_normalized, alias_type, language_code, confidence, source) VALUES ('NAME_δ_tocopherol', 'δ-Tocopherol', 'δ-tocopherol', 'synonym', 'en', 1.0, 'FSANZ-Sched8') ON CONFLICT(alias_normalized, alias_type, COALESCE(language_code, '')) DO NOTHING;
INSERT INTO ingredient_alias (canonical_id, alias, alias_normalized, alias_type, language_code, confidence, source) VALUES ('NAME_δ_tocopherol', '309', '309', 'ins_number', NULL, 1.0, 'FSANZ-Sched8') ON CONFLICT(alias_normalized, alias_type, COALESCE(language_code, '')) DO NOTHING;
INSERT OR IGNORE INTO regulatory_fact (canonical_id, jurisdiction, fact_type, status, regulation_ref, product_category, evidence_id) VALUES ('NAME_δ_tocopherol', 'AU_NZ_FSANZ', 'permitted', 'Permitted food additive in Australia/New Zealand (INS 309)', 'FSANZ Schedule 8', 'food', (SELECT id FROM fact_evidence WHERE source_url = 'https://www.legislation.gov.au/F2015L00478/latest/text' AND snapshot_date = '2026-04-18' LIMIT 1));
INSERT INTO ingredient (canonical_id, primary_name, ingredient_class, ins_number, category, is_natural) VALUES ('NAME_γ_tocopherol', 'γ-Tocopherol', 'substance', '308', 'food', 0) ON CONFLICT(canonical_id) DO NOTHING;
INSERT INTO ingredient_alias (canonical_id, alias, alias_normalized, alias_type, language_code, confidence, source) VALUES ('NAME_γ_tocopherol', 'γ-Tocopherol', 'γ-tocopherol', 'synonym', 'en', 1.0, 'FSANZ-Sched8') ON CONFLICT(alias_normalized, alias_type, COALESCE(language_code, '')) DO NOTHING;
INSERT INTO ingredient_alias (canonical_id, alias, alias_normalized, alias_type, language_code, confidence, source) VALUES ('NAME_γ_tocopherol', '308', '308', 'ins_number', NULL, 1.0, 'FSANZ-Sched8') ON CONFLICT(alias_normalized, alias_type, COALESCE(language_code, '')) DO NOTHING;
INSERT OR IGNORE INTO regulatory_fact (canonical_id, jurisdiction, fact_type, status, regulation_ref, product_category, evidence_id) VALUES ('NAME_γ_tocopherol', 'AU_NZ_FSANZ', 'permitted', 'Permitted food additive in Australia/New Zealand (INS 308)', 'FSANZ Schedule 8', 'food', (SELECT id FROM fact_evidence WHERE source_url = 'https://www.legislation.gov.au/F2015L00478/latest/text' AND snapshot_date = '2026-04-18' LIMIT 1));
INSERT INTO ingredient (canonical_id, primary_name, ingredient_class, ins_number, category, is_natural) VALUES ('NAME_tocopherols_concentrate_mixed', 'Tocopherols concentrate, mixed', 'substance', '307b', 'food', 0) ON CONFLICT(canonical_id) DO NOTHING;
INSERT INTO ingredient_alias (canonical_id, alias, alias_normalized, alias_type, language_code, confidence, source) VALUES ('NAME_tocopherols_concentrate_mixed', 'Tocopherols concentrate, mixed', 'tocopherols concentrate, mixed', 'synonym', 'en', 1.0, 'FSANZ-Sched8') ON CONFLICT(alias_normalized, alias_type, COALESCE(language_code, '')) DO NOTHING;
INSERT INTO ingredient_alias (canonical_id, alias, alias_normalized, alias_type, language_code, confidence, source) VALUES ('NAME_tocopherols_concentrate_mixed', '307b', '307b', 'ins_number', NULL, 1.0, 'FSANZ-Sched8') ON CONFLICT(alias_normalized, alias_type, COALESCE(language_code, '')) DO NOTHING;
INSERT OR IGNORE INTO regulatory_fact (canonical_id, jurisdiction, fact_type, status, regulation_ref, product_category, evidence_id) VALUES ('NAME_tocopherols_concentrate_mixed', 'AU_NZ_FSANZ', 'permitted', 'Permitted food additive in Australia/New Zealand (INS 307b)', 'FSANZ Schedule 8', 'food', (SELECT id FROM fact_evidence WHERE source_url = 'https://www.legislation.gov.au/F2015L00478/latest/text' AND snapshot_date = '2026-04-18' LIMIT 1));
INSERT INTO ingredient (canonical_id, primary_name, ingredient_class, ins_number, category, is_natural) VALUES ('NAME_tragacanth_gum', 'Tragacanth gum', 'substance', '413', 'food', 0) ON CONFLICT(canonical_id) DO NOTHING;
INSERT INTO ingredient_alias (canonical_id, alias, alias_normalized, alias_type, language_code, confidence, source) VALUES ('NAME_tragacanth_gum', 'Tragacanth gum', 'tragacanth gum', 'synonym', 'en', 1.0, 'FSANZ-Sched8') ON CONFLICT(alias_normalized, alias_type, COALESCE(language_code, '')) DO NOTHING;
INSERT INTO ingredient_alias (canonical_id, alias, alias_normalized, alias_type, language_code, confidence, source) VALUES ('NAME_tragacanth_gum', '413', '413', 'ins_number', NULL, 1.0, 'FSANZ-Sched8') ON CONFLICT(alias_normalized, alias_type, COALESCE(language_code, '')) DO NOTHING;
INSERT OR IGNORE INTO regulatory_fact (canonical_id, jurisdiction, fact_type, status, regulation_ref, product_category, evidence_id) VALUES ('NAME_tragacanth_gum', 'AU_NZ_FSANZ', 'permitted', 'Permitted food additive in Australia/New Zealand (INS 413)', 'FSANZ Schedule 8', 'food', (SELECT id FROM fact_evidence WHERE source_url = 'https://www.legislation.gov.au/F2015L00478/latest/text' AND snapshot_date = '2026-04-18' LIMIT 1));
INSERT INTO ingredient (canonical_id, primary_name, ingredient_class, ins_number, category, is_natural) VALUES ('NAME_triacetin', 'Triacetin', 'substance', '1518', 'food', 0) ON CONFLICT(canonical_id) DO NOTHING;
INSERT INTO ingredient_alias (canonical_id, alias, alias_normalized, alias_type, language_code, confidence, source) VALUES ('NAME_triacetin', 'Triacetin', 'triacetin', 'synonym', 'en', 1.0, 'FSANZ-Sched8') ON CONFLICT(alias_normalized, alias_type, COALESCE(language_code, '')) DO NOTHING;
INSERT INTO ingredient_alias (canonical_id, alias, alias_normalized, alias_type, language_code, confidence, source) VALUES ('NAME_triacetin', '1518', '1518', 'ins_number', NULL, 1.0, 'FSANZ-Sched8') ON CONFLICT(alias_normalized, alias_type, COALESCE(language_code, '')) DO NOTHING;
INSERT OR IGNORE INTO regulatory_fact (canonical_id, jurisdiction, fact_type, status, regulation_ref, product_category, evidence_id) VALUES ('NAME_triacetin', 'AU_NZ_FSANZ', 'permitted', 'Permitted food additive in Australia/New Zealand (INS 1518)', 'FSANZ Schedule 8', 'food', (SELECT id FROM fact_evidence WHERE source_url = 'https://www.legislation.gov.au/F2015L00478/latest/text' AND snapshot_date = '2026-04-18' LIMIT 1));
INSERT INTO ingredient (canonical_id, primary_name, ingredient_class, ins_number, category, is_natural) VALUES ('NAME_triammonium_citrate', 'Triammonium citrate', 'substance', '380', 'food', 0) ON CONFLICT(canonical_id) DO NOTHING;
INSERT INTO ingredient_alias (canonical_id, alias, alias_normalized, alias_type, language_code, confidence, source) VALUES ('NAME_triammonium_citrate', 'Triammonium citrate', 'triammonium citrate', 'synonym', 'en', 1.0, 'FSANZ-Sched8') ON CONFLICT(alias_normalized, alias_type, COALESCE(language_code, '')) DO NOTHING;
INSERT INTO ingredient_alias (canonical_id, alias, alias_normalized, alias_type, language_code, confidence, source) VALUES ('NAME_triammonium_citrate', '380', '380', 'ins_number', NULL, 1.0, 'FSANZ-Sched8') ON CONFLICT(alias_normalized, alias_type, COALESCE(language_code, '')) DO NOTHING;
INSERT OR IGNORE INTO regulatory_fact (canonical_id, jurisdiction, fact_type, status, regulation_ref, product_category, evidence_id) VALUES ('NAME_triammonium_citrate', 'AU_NZ_FSANZ', 'permitted', 'Permitted food additive in Australia/New Zealand (INS 380)', 'FSANZ Schedule 8', 'food', (SELECT id FROM fact_evidence WHERE source_url = 'https://www.legislation.gov.au/F2015L00478/latest/text' AND snapshot_date = '2026-04-18' LIMIT 1));
INSERT INTO ingredient (canonical_id, primary_name, ingredient_class, ins_number, category, is_natural) VALUES ('NAME_triethyl_citrate', 'Triethyl citrate', 'substance', '1505', 'food', 0) ON CONFLICT(canonical_id) DO NOTHING;
INSERT INTO ingredient_alias (canonical_id, alias, alias_normalized, alias_type, language_code, confidence, source) VALUES ('NAME_triethyl_citrate', 'Triethyl citrate', 'triethyl citrate', 'synonym', 'en', 1.0, 'FSANZ-Sched8') ON CONFLICT(alias_normalized, alias_type, COALESCE(language_code, '')) DO NOTHING;
INSERT INTO ingredient_alias (canonical_id, alias, alias_normalized, alias_type, language_code, confidence, source) VALUES ('NAME_triethyl_citrate', '1505', '1505', 'ins_number', NULL, 1.0, 'FSANZ-Sched8') ON CONFLICT(alias_normalized, alias_type, COALESCE(language_code, '')) DO NOTHING;
INSERT OR IGNORE INTO regulatory_fact (canonical_id, jurisdiction, fact_type, status, regulation_ref, product_category, evidence_id) VALUES ('NAME_triethyl_citrate', 'AU_NZ_FSANZ', 'permitted', 'Permitted food additive in Australia/New Zealand (INS 1505)', 'FSANZ Schedule 8', 'food', (SELECT id FROM fact_evidence WHERE source_url = 'https://www.legislation.gov.au/F2015L00478/latest/text' AND snapshot_date = '2026-04-18' LIMIT 1));
INSERT INTO ingredient (canonical_id, primary_name, ingredient_class, ins_number, category, is_natural) VALUES ('NAME_violoxanthin', 'Violoxanthin', 'substance', '161e', 'food', 0) ON CONFLICT(canonical_id) DO NOTHING;
INSERT INTO ingredient_alias (canonical_id, alias, alias_normalized, alias_type, language_code, confidence, source) VALUES ('NAME_violoxanthin', 'Violoxanthin', 'violoxanthin', 'synonym', 'en', 1.0, 'FSANZ-Sched8') ON CONFLICT(alias_normalized, alias_type, COALESCE(language_code, '')) DO NOTHING;
INSERT INTO ingredient_alias (canonical_id, alias, alias_normalized, alias_type, language_code, confidence, source) VALUES ('NAME_violoxanthin', '161e', '161e', 'ins_number', NULL, 1.0, 'FSANZ-Sched8') ON CONFLICT(alias_normalized, alias_type, COALESCE(language_code, '')) DO NOTHING;
INSERT OR IGNORE INTO regulatory_fact (canonical_id, jurisdiction, fact_type, status, regulation_ref, product_category, evidence_id) VALUES ('NAME_violoxanthin', 'AU_NZ_FSANZ', 'permitted', 'Permitted food additive in Australia/New Zealand (INS 161e)', 'FSANZ Schedule 8', 'food', (SELECT id FROM fact_evidence WHERE source_url = 'https://www.legislation.gov.au/F2015L00478/latest/text' AND snapshot_date = '2026-04-18' LIMIT 1));
INSERT INTO ingredient (canonical_id, primary_name, ingredient_class, ins_number, category, is_natural) VALUES ('NAME_xanthan_gum', 'Xanthan gum', 'substance', '415', 'food', 0) ON CONFLICT(canonical_id) DO NOTHING;
INSERT INTO ingredient_alias (canonical_id, alias, alias_normalized, alias_type, language_code, confidence, source) VALUES ('NAME_xanthan_gum', 'Xanthan gum', 'xanthan gum', 'synonym', 'en', 1.0, 'FSANZ-Sched8') ON CONFLICT(alias_normalized, alias_type, COALESCE(language_code, '')) DO NOTHING;
INSERT INTO ingredient_alias (canonical_id, alias, alias_normalized, alias_type, language_code, confidence, source) VALUES ('NAME_xanthan_gum', '415', '415', 'ins_number', NULL, 1.0, 'FSANZ-Sched8') ON CONFLICT(alias_normalized, alias_type, COALESCE(language_code, '')) DO NOTHING;
INSERT OR IGNORE INTO regulatory_fact (canonical_id, jurisdiction, fact_type, status, regulation_ref, product_category, evidence_id) VALUES ('NAME_xanthan_gum', 'AU_NZ_FSANZ', 'permitted', 'Permitted food additive in Australia/New Zealand (INS 415)', 'FSANZ Schedule 8', 'food', (SELECT id FROM fact_evidence WHERE source_url = 'https://www.legislation.gov.au/F2015L00478/latest/text' AND snapshot_date = '2026-04-18' LIMIT 1));
INSERT INTO ingredient (canonical_id, primary_name, ingredient_class, ins_number, category, is_natural) VALUES ('NAME_xylitol', 'Xylitol', 'substance', '967', 'food', 0) ON CONFLICT(canonical_id) DO NOTHING;
INSERT INTO ingredient_alias (canonical_id, alias, alias_normalized, alias_type, language_code, confidence, source) VALUES ('NAME_xylitol', 'Xylitol', 'xylitol', 'synonym', 'en', 1.0, 'FSANZ-Sched8') ON CONFLICT(alias_normalized, alias_type, COALESCE(language_code, '')) DO NOTHING;
INSERT INTO ingredient_alias (canonical_id, alias, alias_normalized, alias_type, language_code, confidence, source) VALUES ('NAME_xylitol', '967', '967', 'ins_number', NULL, 1.0, 'FSANZ-Sched8') ON CONFLICT(alias_normalized, alias_type, COALESCE(language_code, '')) DO NOTHING;
INSERT OR IGNORE INTO regulatory_fact (canonical_id, jurisdiction, fact_type, status, regulation_ref, product_category, evidence_id) VALUES ('NAME_xylitol', 'AU_NZ_FSANZ', 'permitted', 'Permitted food additive in Australia/New Zealand (INS 967)', 'FSANZ Schedule 8', 'food', (SELECT id FROM fact_evidence WHERE source_url = 'https://www.legislation.gov.au/F2015L00478/latest/text' AND snapshot_date = '2026-04-18' LIMIT 1));
INSERT INTO ingredient (canonical_id, primary_name, ingredient_class, ins_number, category, is_natural) VALUES ('NAME_yeast_mannoproteins', 'Yeast mannoproteins', 'substance', '455', 'food', 0) ON CONFLICT(canonical_id) DO NOTHING;
INSERT INTO ingredient_alias (canonical_id, alias, alias_normalized, alias_type, language_code, confidence, source) VALUES ('NAME_yeast_mannoproteins', 'Yeast mannoproteins', 'yeast mannoproteins', 'synonym', 'en', 1.0, 'FSANZ-Sched8') ON CONFLICT(alias_normalized, alias_type, COALESCE(language_code, '')) DO NOTHING;
INSERT INTO ingredient_alias (canonical_id, alias, alias_normalized, alias_type, language_code, confidence, source) VALUES ('NAME_yeast_mannoproteins', '455', '455', 'ins_number', NULL, 1.0, 'FSANZ-Sched8') ON CONFLICT(alias_normalized, alias_type, COALESCE(language_code, '')) DO NOTHING;
INSERT OR IGNORE INTO regulatory_fact (canonical_id, jurisdiction, fact_type, status, regulation_ref, product_category, evidence_id) VALUES ('NAME_yeast_mannoproteins', 'AU_NZ_FSANZ', 'permitted', 'Permitted food additive in Australia/New Zealand (INS 455)', 'FSANZ Schedule 8', 'food', (SELECT id FROM fact_evidence WHERE source_url = 'https://www.legislation.gov.au/F2015L00478/latest/text' AND snapshot_date = '2026-04-18' LIMIT 1));
INSERT INTO ingredient (canonical_id, primary_name, ingredient_class, ins_number, category, is_natural) VALUES ('NAME_food_additive_namesnumerical_listing_monk_fruit_extract_or_luo_han_guo_extract_m', 'Food additive names—numerical listing – Monk fruit extract or luo han guo extract – Mushroom chitosan – Sodium hydrosulphite – Sweet osmanthus ear glycolipids 100 Curcumin or turmeric 101 Riboflavin 101 Riboflavin-5′-phosphate sodium 102 Tartrazine 103 Alkanet or Alkannin 104 Quinoline yellow 110 Sunset yellow FCF 120 Cochineal or carmines or carminic acid 16 September 2025 Schedule 8', 'substance', '10', 'food', 0) ON CONFLICT(canonical_id) DO NOTHING;
INSERT INTO ingredient_alias (canonical_id, alias, alias_normalized, alias_type, language_code, confidence, source) VALUES ('NAME_food_additive_namesnumerical_listing_monk_fruit_extract_or_luo_han_guo_extract_m', 'Food additive names—numerical listing – Monk fruit extract or luo han guo extract – Mushroom chitosan – Sodium hydrosulphite – Sweet osmanthus ear glycolipids 100 Curcumin or turmeric 101 Riboflavin 101 Riboflavin-5′-phosphate sodium 102 Tartrazine 103 Alkanet or Alkannin 104 Quinoline yellow 110 Sunset yellow FCF 120 Cochineal or carmines or carminic acid 16 September 2025 Schedule 8', 'food additive names—numerical listing – monk fruit extract or luo han guo extract – mushroom chitosan – sodium hydrosulphite – sweet osmanthus ear glycolipids 100 curcumin or turmeric 101 riboflavin 101 riboflavin-5′-phosphate sodium 102 tartrazine 103 alkanet or alkannin 104 quinoline yellow 110 sunset yellow fcf 120 cochineal or carmines or carminic acid 16 september 2025 schedule 8', 'synonym', 'en', 1.0, 'FSANZ-Sched8') ON CONFLICT(alias_normalized, alias_type, COALESCE(language_code, '')) DO NOTHING;
INSERT INTO ingredient_alias (canonical_id, alias, alias_normalized, alias_type, language_code, confidence, source) VALUES ('NAME_food_additive_namesnumerical_listing_monk_fruit_extract_or_luo_han_guo_extract_m', '10', '10', 'ins_number', NULL, 1.0, 'FSANZ-Sched8') ON CONFLICT(alias_normalized, alias_type, COALESCE(language_code, '')) DO NOTHING;
INSERT OR IGNORE INTO regulatory_fact (canonical_id, jurisdiction, fact_type, status, regulation_ref, product_category, evidence_id) VALUES ('NAME_food_additive_namesnumerical_listing_monk_fruit_extract_or_luo_han_guo_extract_m', 'AU_NZ_FSANZ', 'permitted', 'Permitted food additive in Australia/New Zealand (INS 10)', 'FSANZ Schedule 8', 'food', (SELECT id FROM fact_evidence WHERE source_url = 'https://www.legislation.gov.au/F2015L00478/latest/text' AND snapshot_date = '2026-04-18' LIMIT 1));
INSERT INTO ingredient (canonical_id, primary_name, ingredient_class, ins_number, category, is_natural) VALUES ('NAME_authorised_version_f2025c00967_registered_09102025_122_azorubine_or_carmoisine_1', 'Authorised Version F2025C00967 registered 09/10/2025 122 Azorubine or Carmoisine 123 Amaranth 124 Ponceau 4R 127 Erythrosine 129 Allura red AC 132 Indigotine 133 Brilliant Blue FCF 140 Chlorophyll 141 Chlorophyll-copper complex 141 Chlorophyllin copper complex, sodium and potassium salts 142 Green S 143 Fast green FCF 150a Caramel I 150b Caramel II 150c Caramel III 150d Caramel IV 151 Brilliant black BN or Brilliant Black PN 153 Carbon blacks or Vegetable carbon 155 Brown HT 160a Carotene 160b Annatto extracts 160c Paprika oleoresins 160d Lycopene 160e b-apo-8′-Carotenal 160f b-apo-8′-Carotenoic acid methyl or ethyl ester 161a Flavoxanthin 161b Lutein 161c Kryptoxanthin 161d Rubixanthin 161e Violoxanthin 161f Rhodoxanthin 162 Beet red 163 Anthocyanins or Grape skin extract or Blackcurrant extract 164 Saffron or crocetin or crocin 170 Calcium carbonate 171 Titanium dioxide 172 Iron oxide 173 Aluminium 174 Silver 175 Gold 16 September 2025 Schedule 8', 'substance', '11', 'food', 0) ON CONFLICT(canonical_id) DO NOTHING;
INSERT INTO ingredient_alias (canonical_id, alias, alias_normalized, alias_type, language_code, confidence, source) VALUES ('NAME_authorised_version_f2025c00967_registered_09102025_122_azorubine_or_carmoisine_1', 'Authorised Version F2025C00967 registered 09/10/2025 122 Azorubine or Carmoisine 123 Amaranth 124 Ponceau 4R 127 Erythrosine 129 Allura red AC 132 Indigotine 133 Brilliant Blue FCF 140 Chlorophyll 141 Chlorophyll-copper complex 141 Chlorophyllin copper complex, sodium and potassium salts 142 Green S 143 Fast green FCF 150a Caramel I 150b Caramel II 150c Caramel III 150d Caramel IV 151 Brilliant black BN or Brilliant Black PN 153 Carbon blacks or Vegetable carbon 155 Brown HT 160a Carotene 160b Annatto extracts 160c Paprika oleoresins 160d Lycopene 160e b-apo-8′-Carotenal 160f b-apo-8′-Carotenoic acid methyl or ethyl ester 161a Flavoxanthin 161b Lutein 161c Kryptoxanthin 161d Rubixanthin 161e Violoxanthin 161f Rhodoxanthin 162 Beet red 163 Anthocyanins or Grape skin extract or Blackcurrant extract 164 Saffron or crocetin or crocin 170 Calcium carbonate 171 Titanium dioxide 172 Iron oxide 173 Aluminium 174 Silver 175 Gold 16 September 2025 Schedule 8', 'authorised version f2025c00967 registered 09/10/2025 122 azorubine or carmoisine 123 amaranth 124 ponceau 4r 127 erythrosine 129 allura red ac 132 indigotine 133 brilliant blue fcf 140 chlorophyll 141 chlorophyll-copper complex 141 chlorophyllin copper complex, sodium and potassium salts 142 green s 143 fast green fcf 150a caramel i 150b caramel ii 150c caramel iii 150d caramel iv 151 brilliant black bn or brilliant black pn 153 carbon blacks or vegetable carbon 155 brown ht 160a carotene 160b annatto extracts 160c paprika oleoresins 160d lycopene 160e b-apo-8′-carotenal 160f b-apo-8′-carotenoic acid methyl or ethyl ester 161a flavoxanthin 161b lutein 161c kryptoxanthin 161d rubixanthin 161e violoxanthin 161f rhodoxanthin 162 beet red 163 anthocyanins or grape skin extract or blackcurrant extract 164 saffron or crocetin or crocin 170 calcium carbonate 171 titanium dioxide 172 iron oxide 173 aluminium 174 silver 175 gold 16 september 2025 schedule 8', 'synonym', 'en', 1.0, 'FSANZ-Sched8') ON CONFLICT(alias_normalized, alias_type, COALESCE(language_code, '')) DO NOTHING;
INSERT INTO ingredient_alias (canonical_id, alias, alias_normalized, alias_type, language_code, confidence, source) VALUES ('NAME_authorised_version_f2025c00967_registered_09102025_122_azorubine_or_carmoisine_1', '11', '11', 'ins_number', NULL, 1.0, 'FSANZ-Sched8') ON CONFLICT(alias_normalized, alias_type, COALESCE(language_code, '')) DO NOTHING;
INSERT OR IGNORE INTO regulatory_fact (canonical_id, jurisdiction, fact_type, status, regulation_ref, product_category, evidence_id) VALUES ('NAME_authorised_version_f2025c00967_registered_09102025_122_azorubine_or_carmoisine_1', 'AU_NZ_FSANZ', 'permitted', 'Permitted food additive in Australia/New Zealand (INS 11)', 'FSANZ Schedule 8', 'food', (SELECT id FROM fact_evidence WHERE source_url = 'https://www.legislation.gov.au/F2015L00478/latest/text' AND snapshot_date = '2026-04-18' LIMIT 1));
INSERT INTO ingredient (canonical_id, primary_name, ingredient_class, ins_number, category, is_natural) VALUES ('NAME_authorised_version_f2025c00967_registered_09102025_181_tannic_acid_or_tannins_20', 'Authorised Version F2025C00967 registered 09/10/2025 181 Tannic acid or tannins 200 Sorbic acid 201 Sodium sorbate 202 Potassium sorbate 203 Calcium sorbate 210 Benzoic acid 211 Sodium benzoate 212 Potassium benzoate 213 Calcium benzoate 216 Propylparaben or Propyl-p-hydroxy- benzoate 218 Methylparaben or Methyl-p-hydroxy- benzoate 220 Sulphur dioxide 221 Sodium sulphite 222 Sodium bisulphite 223 Sodium metabisulphite 224 Potassium metabisulphite 225 Potassium sulphite 228 Potassium bisulphite 234 Nisin 235 Natamycin or pimaricin 243 Ethyl lauroyl arginate 249 Potassium nitrite 250 Sodium nitrite 251 Sodium nitrate 252 Potassium nitrate 260 Acetic acid, glacial 261 Potassium acetate or Potassium diacetate 262 Sodium acetate 262 Sodium diacetate 263 Calcium acetate 264 Ammonium acetate 270 Lactic acid 280 Propionic acid 281 Sodium propionate 282 Calcium propionate 283 Potassium propionate 290 Carbon dioxide 296 Malic acid 297 Fumaric acid 16 September 2025 Schedule 8', 'substance', '12', 'food', 0) ON CONFLICT(canonical_id) DO NOTHING;
INSERT INTO ingredient_alias (canonical_id, alias, alias_normalized, alias_type, language_code, confidence, source) VALUES ('NAME_authorised_version_f2025c00967_registered_09102025_181_tannic_acid_or_tannins_20', 'Authorised Version F2025C00967 registered 09/10/2025 181 Tannic acid or tannins 200 Sorbic acid 201 Sodium sorbate 202 Potassium sorbate 203 Calcium sorbate 210 Benzoic acid 211 Sodium benzoate 212 Potassium benzoate 213 Calcium benzoate 216 Propylparaben or Propyl-p-hydroxy- benzoate 218 Methylparaben or Methyl-p-hydroxy- benzoate 220 Sulphur dioxide 221 Sodium sulphite 222 Sodium bisulphite 223 Sodium metabisulphite 224 Potassium metabisulphite 225 Potassium sulphite 228 Potassium bisulphite 234 Nisin 235 Natamycin or pimaricin 243 Ethyl lauroyl arginate 249 Potassium nitrite 250 Sodium nitrite 251 Sodium nitrate 252 Potassium nitrate 260 Acetic acid, glacial 261 Potassium acetate or Potassium diacetate 262 Sodium acetate 262 Sodium diacetate 263 Calcium acetate 264 Ammonium acetate 270 Lactic acid 280 Propionic acid 281 Sodium propionate 282 Calcium propionate 283 Potassium propionate 290 Carbon dioxide 296 Malic acid 297 Fumaric acid 16 September 2025 Schedule 8', 'authorised version f2025c00967 registered 09/10/2025 181 tannic acid or tannins 200 sorbic acid 201 sodium sorbate 202 potassium sorbate 203 calcium sorbate 210 benzoic acid 211 sodium benzoate 212 potassium benzoate 213 calcium benzoate 216 propylparaben or propyl-p-hydroxy- benzoate 218 methylparaben or methyl-p-hydroxy- benzoate 220 sulphur dioxide 221 sodium sulphite 222 sodium bisulphite 223 sodium metabisulphite 224 potassium metabisulphite 225 potassium sulphite 228 potassium bisulphite 234 nisin 235 natamycin or pimaricin 243 ethyl lauroyl arginate 249 potassium nitrite 250 sodium nitrite 251 sodium nitrate 252 potassium nitrate 260 acetic acid, glacial 261 potassium acetate or potassium diacetate 262 sodium acetate 262 sodium diacetate 263 calcium acetate 264 ammonium acetate 270 lactic acid 280 propionic acid 281 sodium propionate 282 calcium propionate 283 potassium propionate 290 carbon dioxide 296 malic acid 297 fumaric acid 16 september 2025 schedule 8', 'synonym', 'en', 1.0, 'FSANZ-Sched8') ON CONFLICT(alias_normalized, alias_type, COALESCE(language_code, '')) DO NOTHING;
INSERT INTO ingredient_alias (canonical_id, alias, alias_normalized, alias_type, language_code, confidence, source) VALUES ('NAME_authorised_version_f2025c00967_registered_09102025_181_tannic_acid_or_tannins_20', '12', '12', 'ins_number', NULL, 1.0, 'FSANZ-Sched8') ON CONFLICT(alias_normalized, alias_type, COALESCE(language_code, '')) DO NOTHING;
INSERT OR IGNORE INTO regulatory_fact (canonical_id, jurisdiction, fact_type, status, regulation_ref, product_category, evidence_id) VALUES ('NAME_authorised_version_f2025c00967_registered_09102025_181_tannic_acid_or_tannins_20', 'AU_NZ_FSANZ', 'permitted', 'Permitted food additive in Australia/New Zealand (INS 12)', 'FSANZ Schedule 8', 'food', (SELECT id FROM fact_evidence WHERE source_url = 'https://www.legislation.gov.au/F2015L00478/latest/text' AND snapshot_date = '2026-04-18' LIMIT 1));
INSERT INTO ingredient (canonical_id, primary_name, ingredient_class, ins_number, category, is_natural) VALUES ('NAME_authorised_version_f2025c00967_registered_09102025_300_ascorbic_acid_301_sodium_', 'Authorised Version F2025C00967 registered 09/10/2025 300 Ascorbic acid 301 Sodium ascorbate 302 Calcium ascorbate 303 Potassium ascorbate 304 Ascorbyl palmitate 307b Tocopherols concentrate, mixed 307 α-Tocopherol 307c dl-Alpha-tocopherol 308 γ-Tocopherol 309 δ-Tocopherol 310 Propyl gallate 311 Octyl gallate 312 Dodecyl gallate 315 Erythorbic acid 316 Sodium erythorbate 319 tert-Butylhydroquinone 320 Butylated hydroxyanisole 321 Butylated hydroxytoluene 322 Lecithin 325 Sodium lactate 326 Potassium lactate 327 Calcium lactate 328 Ammonium lactate 329 Magnesium lactate 330 Citric acid 331 Sodium citrate 331 Sodium dihydrogen citrate 332 Potassium citrate 332 Potassium dihydrogen citrate 333 Calcium citrate 334 Tartaric acid 335 Sodium tartrate 336 Potassium tartrate or Potassium acid tartrate 337 Potassium sodium tartrate 338 Phosphoric acid 339 Sodium phosphate, dibasic 339 Sodium phosphate, monobasic 339 Sodium phosphate, tribasic 340 Potassium phosphate, dibasic 340 Potassium phosphate, monobasic 340 Potassium phosphate, tribasic 16 September 2025 Schedule 8', 'substance', '13', 'food', 0) ON CONFLICT(canonical_id) DO NOTHING;
INSERT INTO ingredient_alias (canonical_id, alias, alias_normalized, alias_type, language_code, confidence, source) VALUES ('NAME_authorised_version_f2025c00967_registered_09102025_300_ascorbic_acid_301_sodium_', 'Authorised Version F2025C00967 registered 09/10/2025 300 Ascorbic acid 301 Sodium ascorbate 302 Calcium ascorbate 303 Potassium ascorbate 304 Ascorbyl palmitate 307b Tocopherols concentrate, mixed 307 α-Tocopherol 307c dl-Alpha-tocopherol 308 γ-Tocopherol 309 δ-Tocopherol 310 Propyl gallate 311 Octyl gallate 312 Dodecyl gallate 315 Erythorbic acid 316 Sodium erythorbate 319 tert-Butylhydroquinone 320 Butylated hydroxyanisole 321 Butylated hydroxytoluene 322 Lecithin 325 Sodium lactate 326 Potassium lactate 327 Calcium lactate 328 Ammonium lactate 329 Magnesium lactate 330 Citric acid 331 Sodium citrate 331 Sodium dihydrogen citrate 332 Potassium citrate 332 Potassium dihydrogen citrate 333 Calcium citrate 334 Tartaric acid 335 Sodium tartrate 336 Potassium tartrate or Potassium acid tartrate 337 Potassium sodium tartrate 338 Phosphoric acid 339 Sodium phosphate, dibasic 339 Sodium phosphate, monobasic 339 Sodium phosphate, tribasic 340 Potassium phosphate, dibasic 340 Potassium phosphate, monobasic 340 Potassium phosphate, tribasic 16 September 2025 Schedule 8', 'authorised version f2025c00967 registered 09/10/2025 300 ascorbic acid 301 sodium ascorbate 302 calcium ascorbate 303 potassium ascorbate 304 ascorbyl palmitate 307b tocopherols concentrate, mixed 307 α-tocopherol 307c dl-alpha-tocopherol 308 γ-tocopherol 309 δ-tocopherol 310 propyl gallate 311 octyl gallate 312 dodecyl gallate 315 erythorbic acid 316 sodium erythorbate 319 tert-butylhydroquinone 320 butylated hydroxyanisole 321 butylated hydroxytoluene 322 lecithin 325 sodium lactate 326 potassium lactate 327 calcium lactate 328 ammonium lactate 329 magnesium lactate 330 citric acid 331 sodium citrate 331 sodium dihydrogen citrate 332 potassium citrate 332 potassium dihydrogen citrate 333 calcium citrate 334 tartaric acid 335 sodium tartrate 336 potassium tartrate or potassium acid tartrate 337 potassium sodium tartrate 338 phosphoric acid 339 sodium phosphate, dibasic 339 sodium phosphate, monobasic 339 sodium phosphate, tribasic 340 potassium phosphate, dibasic 340 potassium phosphate, monobasic 340 potassium phosphate, tribasic 16 september 2025 schedule 8', 'synonym', 'en', 1.0, 'FSANZ-Sched8') ON CONFLICT(alias_normalized, alias_type, COALESCE(language_code, '')) DO NOTHING;
INSERT INTO ingredient_alias (canonical_id, alias, alias_normalized, alias_type, language_code, confidence, source) VALUES ('NAME_authorised_version_f2025c00967_registered_09102025_300_ascorbic_acid_301_sodium_', '13', '13', 'ins_number', NULL, 1.0, 'FSANZ-Sched8') ON CONFLICT(alias_normalized, alias_type, COALESCE(language_code, '')) DO NOTHING;
INSERT OR IGNORE INTO regulatory_fact (canonical_id, jurisdiction, fact_type, status, regulation_ref, product_category, evidence_id) VALUES ('NAME_authorised_version_f2025c00967_registered_09102025_300_ascorbic_acid_301_sodium_', 'AU_NZ_FSANZ', 'permitted', 'Permitted food additive in Australia/New Zealand (INS 13)', 'FSANZ Schedule 8', 'food', (SELECT id FROM fact_evidence WHERE source_url = 'https://www.legislation.gov.au/F2015L00478/latest/text' AND snapshot_date = '2026-04-18' LIMIT 1));
INSERT INTO ingredient (canonical_id, primary_name, ingredient_class, ins_number, category, is_natural) VALUES ('NAME_authorised_version_f2025c00967_registered_09102025_341_calcium_phosphate_dibasic', 'Authorised Version F2025C00967 registered 09/10/2025 341 Calcium phosphate, dibasic or calcium hydrogen phosphate 341 Calcium phosphate, monobasic or calcium dihydrogen phosphate 341 Calcium phosphate, tribasic 342 Ammonium phosphate, dibasic 342 Ammonium phosphate, monobasic or Ammonium dihydrogen phosphates 343 Magnesium phosphate, dibasic 343 Magnesium phosphate, monobasic 343 Magnesium phosphate, tribasic 349 Ammonium malate 350 Sodium hydrogen malate 350 Sodium malate 351 Potassium malate 352 Calcium malate 353 Metatartaric acid 354 Calcium tartrate 355 Adipic acid 357 Potassium adipate 359 Ammonium adipates 363 Succinic acid 365 Sodium fumarate 366 Potassium fumarate 367 Calcium fumarate 368 Ammonium fumarate 380 Ammonium citrate 380 Triammonium citrate 381 Ferric ammonium citrate 385 Calcium disodium ethylenediaminetetraacetate or calcium disodium EDTA 392 Rosemary extract 400 Alginic acid 401 Sodium alginate 402 Potassium alginate 403 Ammonium alginate 404 Calcium alginate 405 Propylene glycol alginate 406 Agar 407 Carrageenan 407a Processed eucheuma seaweed 409 Arabinogalactan or larch gum 16 September 2025 Schedule 8', 'substance', '14', 'food', 0) ON CONFLICT(canonical_id) DO NOTHING;
INSERT INTO ingredient_alias (canonical_id, alias, alias_normalized, alias_type, language_code, confidence, source) VALUES ('NAME_authorised_version_f2025c00967_registered_09102025_341_calcium_phosphate_dibasic', 'Authorised Version F2025C00967 registered 09/10/2025 341 Calcium phosphate, dibasic or calcium hydrogen phosphate 341 Calcium phosphate, monobasic or calcium dihydrogen phosphate 341 Calcium phosphate, tribasic 342 Ammonium phosphate, dibasic 342 Ammonium phosphate, monobasic or Ammonium dihydrogen phosphates 343 Magnesium phosphate, dibasic 343 Magnesium phosphate, monobasic 343 Magnesium phosphate, tribasic 349 Ammonium malate 350 Sodium hydrogen malate 350 Sodium malate 351 Potassium malate 352 Calcium malate 353 Metatartaric acid 354 Calcium tartrate 355 Adipic acid 357 Potassium adipate 359 Ammonium adipates 363 Succinic acid 365 Sodium fumarate 366 Potassium fumarate 367 Calcium fumarate 368 Ammonium fumarate 380 Ammonium citrate 380 Triammonium citrate 381 Ferric ammonium citrate 385 Calcium disodium ethylenediaminetetraacetate or calcium disodium EDTA 392 Rosemary extract 400 Alginic acid 401 Sodium alginate 402 Potassium alginate 403 Ammonium alginate 404 Calcium alginate 405 Propylene glycol alginate 406 Agar 407 Carrageenan 407a Processed eucheuma seaweed 409 Arabinogalactan or larch gum 16 September 2025 Schedule 8', 'authorised version f2025c00967 registered 09/10/2025 341 calcium phosphate, dibasic or calcium hydrogen phosphate 341 calcium phosphate, monobasic or calcium dihydrogen phosphate 341 calcium phosphate, tribasic 342 ammonium phosphate, dibasic 342 ammonium phosphate, monobasic or ammonium dihydrogen phosphates 343 magnesium phosphate, dibasic 343 magnesium phosphate, monobasic 343 magnesium phosphate, tribasic 349 ammonium malate 350 sodium hydrogen malate 350 sodium malate 351 potassium malate 352 calcium malate 353 metatartaric acid 354 calcium tartrate 355 adipic acid 357 potassium adipate 359 ammonium adipates 363 succinic acid 365 sodium fumarate 366 potassium fumarate 367 calcium fumarate 368 ammonium fumarate 380 ammonium citrate 380 triammonium citrate 381 ferric ammonium citrate 385 calcium disodium ethylenediaminetetraacetate or calcium disodium edta 392 rosemary extract 400 alginic acid 401 sodium alginate 402 potassium alginate 403 ammonium alginate 404 calcium alginate 405 propylene glycol alginate 406 agar 407 carrageenan 407a processed eucheuma seaweed 409 arabinogalactan or larch gum 16 september 2025 schedule 8', 'synonym', 'en', 1.0, 'FSANZ-Sched8') ON CONFLICT(alias_normalized, alias_type, COALESCE(language_code, '')) DO NOTHING;
INSERT INTO ingredient_alias (canonical_id, alias, alias_normalized, alias_type, language_code, confidence, source) VALUES ('NAME_authorised_version_f2025c00967_registered_09102025_341_calcium_phosphate_dibasic', '14', '14', 'ins_number', NULL, 1.0, 'FSANZ-Sched8') ON CONFLICT(alias_normalized, alias_type, COALESCE(language_code, '')) DO NOTHING;
INSERT OR IGNORE INTO regulatory_fact (canonical_id, jurisdiction, fact_type, status, regulation_ref, product_category, evidence_id) VALUES ('NAME_authorised_version_f2025c00967_registered_09102025_341_calcium_phosphate_dibasic', 'AU_NZ_FSANZ', 'permitted', 'Permitted food additive in Australia/New Zealand (INS 14)', 'FSANZ Schedule 8', 'food', (SELECT id FROM fact_evidence WHERE source_url = 'https://www.legislation.gov.au/F2015L00478/latest/text' AND snapshot_date = '2026-04-18' LIMIT 1));
INSERT INTO ingredient (canonical_id, primary_name, ingredient_class, ins_number, category, is_natural) VALUES ('NAME_authorised_version_f2025c00967_registered_09102025_410_locust_bean_gum_or_carob_', 'Authorised Version F2025C00967 registered 09/10/2025 410 Locust bean gum or carob bean gum 412 Guar gum 413 Tragacanth gum 414 Acacia or gum arabic 415 Xanthan gum 416 Karaya gum 417 Tara gum 418 Gellan gum 420 Sorbitol or sorbitol syrup 421 Mannitol 422 Glycerin or glycerol 431 Polyoxyethylene (40) stearate 432 Polysorbate 20 or Polyoxyethylene (20) sorbitan monolaurate 433 Polysorbate 80 or Polyoxyethylene (20) sorbitan monooleate 435 Polysorbate 60 or Polyoxyethylene (20) sorbitan monostearate 436 Polysorbate 65 or Polyoxyethylene (20) sorbitan tristearate 440 Pectin 442 Ammonium salts of phosphatidic acid 444 Sucrose acetate isobutyrate 445 Glycerol esters of wood rosins 450 Potassium pyrophosphate 450 Sodium acid pyrophosphate 450 Sodium pyrophosphate 451 Potassium tripolyphosphate 451 Sodium tripolyphosphate 452 Potassium polymetaphosphate 452 Sodium metaphosphate, insoluble 452 Sodium polyphosphates, glassy 455 Yeast mannoproteins 456 Potassium polyaspartate 460 Cellulose microcrystalline 460 Cellulose, powdered 461 Methyl cellulose 463 Hydroxypropyl cellulose 464 Hydroxypropyl methylcellulose 465 Methyl ethyl cellulose 466 Sodium carboxymethylcellulose 470 Fatty acid salts of aluminium, ammonia, calcium, magnesium, potassium and sodium 471 Mono- and di-glycerides of fatty acids 16 September 2025 Schedule 8', 'substance', '15', 'food', 0) ON CONFLICT(canonical_id) DO NOTHING;
INSERT INTO ingredient_alias (canonical_id, alias, alias_normalized, alias_type, language_code, confidence, source) VALUES ('NAME_authorised_version_f2025c00967_registered_09102025_410_locust_bean_gum_or_carob_', 'Authorised Version F2025C00967 registered 09/10/2025 410 Locust bean gum or carob bean gum 412 Guar gum 413 Tragacanth gum 414 Acacia or gum arabic 415 Xanthan gum 416 Karaya gum 417 Tara gum 418 Gellan gum 420 Sorbitol or sorbitol syrup 421 Mannitol 422 Glycerin or glycerol 431 Polyoxyethylene (40) stearate 432 Polysorbate 20 or Polyoxyethylene (20) sorbitan monolaurate 433 Polysorbate 80 or Polyoxyethylene (20) sorbitan monooleate 435 Polysorbate 60 or Polyoxyethylene (20) sorbitan monostearate 436 Polysorbate 65 or Polyoxyethylene (20) sorbitan tristearate 440 Pectin 442 Ammonium salts of phosphatidic acid 444 Sucrose acetate isobutyrate 445 Glycerol esters of wood rosins 450 Potassium pyrophosphate 450 Sodium acid pyrophosphate 450 Sodium pyrophosphate 451 Potassium tripolyphosphate 451 Sodium tripolyphosphate 452 Potassium polymetaphosphate 452 Sodium metaphosphate, insoluble 452 Sodium polyphosphates, glassy 455 Yeast mannoproteins 456 Potassium polyaspartate 460 Cellulose microcrystalline 460 Cellulose, powdered 461 Methyl cellulose 463 Hydroxypropyl cellulose 464 Hydroxypropyl methylcellulose 465 Methyl ethyl cellulose 466 Sodium carboxymethylcellulose 470 Fatty acid salts of aluminium, ammonia, calcium, magnesium, potassium and sodium 471 Mono- and di-glycerides of fatty acids 16 September 2025 Schedule 8', 'authorised version f2025c00967 registered 09/10/2025 410 locust bean gum or carob bean gum 412 guar gum 413 tragacanth gum 414 acacia or gum arabic 415 xanthan gum 416 karaya gum 417 tara gum 418 gellan gum 420 sorbitol or sorbitol syrup 421 mannitol 422 glycerin or glycerol 431 polyoxyethylene (40) stearate 432 polysorbate 20 or polyoxyethylene (20) sorbitan monolaurate 433 polysorbate 80 or polyoxyethylene (20) sorbitan monooleate 435 polysorbate 60 or polyoxyethylene (20) sorbitan monostearate 436 polysorbate 65 or polyoxyethylene (20) sorbitan tristearate 440 pectin 442 ammonium salts of phosphatidic acid 444 sucrose acetate isobutyrate 445 glycerol esters of wood rosins 450 potassium pyrophosphate 450 sodium acid pyrophosphate 450 sodium pyrophosphate 451 potassium tripolyphosphate 451 sodium tripolyphosphate 452 potassium polymetaphosphate 452 sodium metaphosphate, insoluble 452 sodium polyphosphates, glassy 455 yeast mannoproteins 456 potassium polyaspartate 460 cellulose microcrystalline 460 cellulose, powdered 461 methyl cellulose 463 hydroxypropyl cellulose 464 hydroxypropyl methylcellulose 465 methyl ethyl cellulose 466 sodium carboxymethylcellulose 470 fatty acid salts of aluminium, ammonia, calcium, magnesium, potassium and sodium 471 mono- and di-glycerides of fatty acids 16 september 2025 schedule 8', 'synonym', 'en', 1.0, 'FSANZ-Sched8') ON CONFLICT(alias_normalized, alias_type, COALESCE(language_code, '')) DO NOTHING;
INSERT INTO ingredient_alias (canonical_id, alias, alias_normalized, alias_type, language_code, confidence, source) VALUES ('NAME_authorised_version_f2025c00967_registered_09102025_410_locust_bean_gum_or_carob_', '15', '15', 'ins_number', NULL, 1.0, 'FSANZ-Sched8') ON CONFLICT(alias_normalized, alias_type, COALESCE(language_code, '')) DO NOTHING;
INSERT OR IGNORE INTO regulatory_fact (canonical_id, jurisdiction, fact_type, status, regulation_ref, product_category, evidence_id) VALUES ('NAME_authorised_version_f2025c00967_registered_09102025_410_locust_bean_gum_or_carob_', 'AU_NZ_FSANZ', 'permitted', 'Permitted food additive in Australia/New Zealand (INS 15)', 'FSANZ Schedule 8', 'food', (SELECT id FROM fact_evidence WHERE source_url = 'https://www.legislation.gov.au/F2015L00478/latest/text' AND snapshot_date = '2026-04-18' LIMIT 1));
INSERT INTO ingredient (canonical_id, primary_name, ingredient_class, ins_number, category, is_natural) VALUES ('NAME_authorised_version_f2025c00967_registered_09102025_472a_acetic_and_fatty_acid_es', 'Authorised Version F2025C00967 registered 09/10/2025 472a Acetic and fatty acid esters of glycerol 472b Lactic and fatty acid esters of glycerol 472c Citric and fatty acid esters of glycerol 472e Diacetyltartaric and fatty acid esters of glycerol 472f Mixed tartaric, acetic and fatty acid esters of glycerol or tartaric, acetic and fatty acid esters of glycerol (mixed) 473 Sucrose esters of fatty acids 475 Polyglycerol esters of fatty acids 476 Polyglycerol esters of interesterified ricinoleic acid 477 Propylene glycol mono- and di-esters or Propylene glycol esters of fatty acids 480 Dioctyl sodium sulphosuccinate 481 Sodium lactylate 481 Sodium oleyl lactylate 481 Sodium stearoyl lactylate 482 Calcium lactylate 482 Calcium oleyl lactylate 482 Calcium stearoyl lactylate 491 Sorbitan monostearate 492 Sorbitan tristearate 500 Sodium bicarbonate 500 Sodium carbonate 501 Potassium bicarbonate 501 Potassium carbonate 503 Ammonium carbonate 503 Ammonium hydrogen carbonate 504 Magnesium carbonate 507 Hydrochloric acid 508 Potassium chloride 509 Calcium chloride 510 Ammonium chloride 511 Magnesium chloride 512 Stannous chloride 514 Sodium sulphate 515 Potassium sulphate 516 Calcium sulphate 518 Magnesium sulphate 519 Cupric sulphate 526 Calcium hydroxide 524 Sodium hydroxide 16 September 2025 Schedule 8', 'substance', '16', 'food', 0) ON CONFLICT(canonical_id) DO NOTHING;
INSERT INTO ingredient_alias (canonical_id, alias, alias_normalized, alias_type, language_code, confidence, source) VALUES ('NAME_authorised_version_f2025c00967_registered_09102025_472a_acetic_and_fatty_acid_es', 'Authorised Version F2025C00967 registered 09/10/2025 472a Acetic and fatty acid esters of glycerol 472b Lactic and fatty acid esters of glycerol 472c Citric and fatty acid esters of glycerol 472e Diacetyltartaric and fatty acid esters of glycerol 472f Mixed tartaric, acetic and fatty acid esters of glycerol or tartaric, acetic and fatty acid esters of glycerol (mixed) 473 Sucrose esters of fatty acids 475 Polyglycerol esters of fatty acids 476 Polyglycerol esters of interesterified ricinoleic acid 477 Propylene glycol mono- and di-esters or Propylene glycol esters of fatty acids 480 Dioctyl sodium sulphosuccinate 481 Sodium lactylate 481 Sodium oleyl lactylate 481 Sodium stearoyl lactylate 482 Calcium lactylate 482 Calcium oleyl lactylate 482 Calcium stearoyl lactylate 491 Sorbitan monostearate 492 Sorbitan tristearate 500 Sodium bicarbonate 500 Sodium carbonate 501 Potassium bicarbonate 501 Potassium carbonate 503 Ammonium carbonate 503 Ammonium hydrogen carbonate 504 Magnesium carbonate 507 Hydrochloric acid 508 Potassium chloride 509 Calcium chloride 510 Ammonium chloride 511 Magnesium chloride 512 Stannous chloride 514 Sodium sulphate 515 Potassium sulphate 516 Calcium sulphate 518 Magnesium sulphate 519 Cupric sulphate 526 Calcium hydroxide 524 Sodium hydroxide 16 September 2025 Schedule 8', 'authorised version f2025c00967 registered 09/10/2025 472a acetic and fatty acid esters of glycerol 472b lactic and fatty acid esters of glycerol 472c citric and fatty acid esters of glycerol 472e diacetyltartaric and fatty acid esters of glycerol 472f mixed tartaric, acetic and fatty acid esters of glycerol or tartaric, acetic and fatty acid esters of glycerol (mixed) 473 sucrose esters of fatty acids 475 polyglycerol esters of fatty acids 476 polyglycerol esters of interesterified ricinoleic acid 477 propylene glycol mono- and di-esters or propylene glycol esters of fatty acids 480 dioctyl sodium sulphosuccinate 481 sodium lactylate 481 sodium oleyl lactylate 481 sodium stearoyl lactylate 482 calcium lactylate 482 calcium oleyl lactylate 482 calcium stearoyl lactylate 491 sorbitan monostearate 492 sorbitan tristearate 500 sodium bicarbonate 500 sodium carbonate 501 potassium bicarbonate 501 potassium carbonate 503 ammonium carbonate 503 ammonium hydrogen carbonate 504 magnesium carbonate 507 hydrochloric acid 508 potassium chloride 509 calcium chloride 510 ammonium chloride 511 magnesium chloride 512 stannous chloride 514 sodium sulphate 515 potassium sulphate 516 calcium sulphate 518 magnesium sulphate 519 cupric sulphate 526 calcium hydroxide 524 sodium hydroxide 16 september 2025 schedule 8', 'synonym', 'en', 1.0, 'FSANZ-Sched8') ON CONFLICT(alias_normalized, alias_type, COALESCE(language_code, '')) DO NOTHING;
INSERT INTO ingredient_alias (canonical_id, alias, alias_normalized, alias_type, language_code, confidence, source) VALUES ('NAME_authorised_version_f2025c00967_registered_09102025_472a_acetic_and_fatty_acid_es', '16', '16', 'ins_number', NULL, 1.0, 'FSANZ-Sched8') ON CONFLICT(alias_normalized, alias_type, COALESCE(language_code, '')) DO NOTHING;
INSERT OR IGNORE INTO regulatory_fact (canonical_id, jurisdiction, fact_type, status, regulation_ref, product_category, evidence_id) VALUES ('NAME_authorised_version_f2025c00967_registered_09102025_472a_acetic_and_fatty_acid_es', 'AU_NZ_FSANZ', 'permitted', 'Permitted food additive in Australia/New Zealand (INS 16)', 'FSANZ Schedule 8', 'food', (SELECT id FROM fact_evidence WHERE source_url = 'https://www.legislation.gov.au/F2015L00478/latest/text' AND snapshot_date = '2026-04-18' LIMIT 1));
INSERT INTO ingredient (canonical_id, primary_name, ingredient_class, ins_number, category, is_natural) VALUES ('NAME_authorised_version_f2025c00967_registered_09102025_525_potassium_hydroxide_529_c', 'Authorised Version F2025C00967 registered 09/10/2025 525 Potassium hydroxide 529 Calcium oxide 530 Magnesium oxide 535 Sodium ferrocyanide 536 Potassium ferrocyanide 541 Sodium aluminium phosphate 542 Bone phosphate 551 Silicon dioxide, amorphous 552 Calcium silicate 553 Magnesium silicate or Talc 554 Sodium aluminosilicate 555 Potassium aluminium silicate 556 Calcium aluminium silicate 558 Bentonite 559 Aluminium silicate 560 Potassium silicate 570 Stearic acid or fatty acid 575 Glucono δ-lactone or Glucono delta- lactone 576 Sodium gluconate 577 Potassium gluconate 578 Calcium gluconate 579 Ferrous gluconate 580 Magnesium gluconate 586 4-hexylresorcinol 620 L-glutamic acid 621 Monosodium L-glutamate or MSG 622 Monopotassium L-glutamate 623 Calcium glutamate 624 Monoammonium L-glutamate 625 Magnesium glutamate 627 Disodium-5′-guanylate 631 Disodium-5′-inosinate 635 Disodium-5′-ribonucleotides 636 Maltol 637 Ethyl maltol 640 Glycine 641 L-Leucine 900a Polydimethylsiloxane or Dimethylpolysiloxane 901 Beeswax, white and yellow 16 September 2025 Schedule 8', 'substance', '17', 'food', 0) ON CONFLICT(canonical_id) DO NOTHING;
INSERT INTO ingredient_alias (canonical_id, alias, alias_normalized, alias_type, language_code, confidence, source) VALUES ('NAME_authorised_version_f2025c00967_registered_09102025_525_potassium_hydroxide_529_c', 'Authorised Version F2025C00967 registered 09/10/2025 525 Potassium hydroxide 529 Calcium oxide 530 Magnesium oxide 535 Sodium ferrocyanide 536 Potassium ferrocyanide 541 Sodium aluminium phosphate 542 Bone phosphate 551 Silicon dioxide, amorphous 552 Calcium silicate 553 Magnesium silicate or Talc 554 Sodium aluminosilicate 555 Potassium aluminium silicate 556 Calcium aluminium silicate 558 Bentonite 559 Aluminium silicate 560 Potassium silicate 570 Stearic acid or fatty acid 575 Glucono δ-lactone or Glucono delta- lactone 576 Sodium gluconate 577 Potassium gluconate 578 Calcium gluconate 579 Ferrous gluconate 580 Magnesium gluconate 586 4-hexylresorcinol 620 L-glutamic acid 621 Monosodium L-glutamate or MSG 622 Monopotassium L-glutamate 623 Calcium glutamate 624 Monoammonium L-glutamate 625 Magnesium glutamate 627 Disodium-5′-guanylate 631 Disodium-5′-inosinate 635 Disodium-5′-ribonucleotides 636 Maltol 637 Ethyl maltol 640 Glycine 641 L-Leucine 900a Polydimethylsiloxane or Dimethylpolysiloxane 901 Beeswax, white and yellow 16 September 2025 Schedule 8', 'authorised version f2025c00967 registered 09/10/2025 525 potassium hydroxide 529 calcium oxide 530 magnesium oxide 535 sodium ferrocyanide 536 potassium ferrocyanide 541 sodium aluminium phosphate 542 bone phosphate 551 silicon dioxide, amorphous 552 calcium silicate 553 magnesium silicate or talc 554 sodium aluminosilicate 555 potassium aluminium silicate 556 calcium aluminium silicate 558 bentonite 559 aluminium silicate 560 potassium silicate 570 stearic acid or fatty acid 575 glucono δ-lactone or glucono delta- lactone 576 sodium gluconate 577 potassium gluconate 578 calcium gluconate 579 ferrous gluconate 580 magnesium gluconate 586 4-hexylresorcinol 620 l-glutamic acid 621 monosodium l-glutamate or msg 622 monopotassium l-glutamate 623 calcium glutamate 624 monoammonium l-glutamate 625 magnesium glutamate 627 disodium-5′-guanylate 631 disodium-5′-inosinate 635 disodium-5′-ribonucleotides 636 maltol 637 ethyl maltol 640 glycine 641 l-leucine 900a polydimethylsiloxane or dimethylpolysiloxane 901 beeswax, white and yellow 16 september 2025 schedule 8', 'synonym', 'en', 1.0, 'FSANZ-Sched8') ON CONFLICT(alias_normalized, alias_type, COALESCE(language_code, '')) DO NOTHING;
INSERT INTO ingredient_alias (canonical_id, alias, alias_normalized, alias_type, language_code, confidence, source) VALUES ('NAME_authorised_version_f2025c00967_registered_09102025_525_potassium_hydroxide_529_c', '17', '17', 'ins_number', NULL, 1.0, 'FSANZ-Sched8') ON CONFLICT(alias_normalized, alias_type, COALESCE(language_code, '')) DO NOTHING;
INSERT OR IGNORE INTO regulatory_fact (canonical_id, jurisdiction, fact_type, status, regulation_ref, product_category, evidence_id) VALUES ('NAME_authorised_version_f2025c00967_registered_09102025_525_potassium_hydroxide_529_c', 'AU_NZ_FSANZ', 'permitted', 'Permitted food additive in Australia/New Zealand (INS 17)', 'FSANZ Schedule 8', 'food', (SELECT id FROM fact_evidence WHERE source_url = 'https://www.legislation.gov.au/F2015L00478/latest/text' AND snapshot_date = '2026-04-18' LIMIT 1));
INSERT INTO ingredient (canonical_id, primary_name, ingredient_class, ins_number, category, is_natural) VALUES ('NAME_authorised_version_f2025c00967_registered_09102025_903_carnauba_wax_904_shellac_', 'Authorised Version F2025C00967 registered 09/10/2025 903 Carnauba wax 904 Shellac 905b Petrolatum or petroleum jelly 914 Oxidised polyethylene 920 L-cysteine monohydrochloride 941 Nitrogen 942 Nitrous oxide 943a Butane 943b Isobutane 944 Propane 946 Octafluorocyclobutane 950 Acesulphame potassium 951 Aspartame 952 Cyclamate or calcium cyclamate or sodium cyclamate 953 Isomalt 954 Saccharin 955 Sucralose 956 Alitame 957 Thaumatin 961 Neotame 960 Steviol glycosides 962 Aspartame-acesulphame salt 965 Maltitol and maltitol syrup or hydrogenated glucose syrup 966 Lactitol 967 Xylitol 968 Erythritol 969 Advantame 999(i) Quillaia extract (type 1) 999(ii) Quillaia extract (type 2) 1001 Choline salts 1100 α-Amylase 1101 Proteases (papain, bromelain, ficin) 1102 Glucose oxidase 1104 Lipases 1105 Lysozyme 1200 Polydextrose 1201 Polyvinylpyrrolidone 16 September 2025 Schedule 8', 'substance', '18', 'food', 0) ON CONFLICT(canonical_id) DO NOTHING;
INSERT INTO ingredient_alias (canonical_id, alias, alias_normalized, alias_type, language_code, confidence, source) VALUES ('NAME_authorised_version_f2025c00967_registered_09102025_903_carnauba_wax_904_shellac_', 'Authorised Version F2025C00967 registered 09/10/2025 903 Carnauba wax 904 Shellac 905b Petrolatum or petroleum jelly 914 Oxidised polyethylene 920 L-cysteine monohydrochloride 941 Nitrogen 942 Nitrous oxide 943a Butane 943b Isobutane 944 Propane 946 Octafluorocyclobutane 950 Acesulphame potassium 951 Aspartame 952 Cyclamate or calcium cyclamate or sodium cyclamate 953 Isomalt 954 Saccharin 955 Sucralose 956 Alitame 957 Thaumatin 961 Neotame 960 Steviol glycosides 962 Aspartame-acesulphame salt 965 Maltitol and maltitol syrup or hydrogenated glucose syrup 966 Lactitol 967 Xylitol 968 Erythritol 969 Advantame 999(i) Quillaia extract (type 1) 999(ii) Quillaia extract (type 2) 1001 Choline salts 1100 α-Amylase 1101 Proteases (papain, bromelain, ficin) 1102 Glucose oxidase 1104 Lipases 1105 Lysozyme 1200 Polydextrose 1201 Polyvinylpyrrolidone 16 September 2025 Schedule 8', 'authorised version f2025c00967 registered 09/10/2025 903 carnauba wax 904 shellac 905b petrolatum or petroleum jelly 914 oxidised polyethylene 920 l-cysteine monohydrochloride 941 nitrogen 942 nitrous oxide 943a butane 943b isobutane 944 propane 946 octafluorocyclobutane 950 acesulphame potassium 951 aspartame 952 cyclamate or calcium cyclamate or sodium cyclamate 953 isomalt 954 saccharin 955 sucralose 956 alitame 957 thaumatin 961 neotame 960 steviol glycosides 962 aspartame-acesulphame salt 965 maltitol and maltitol syrup or hydrogenated glucose syrup 966 lactitol 967 xylitol 968 erythritol 969 advantame 999(i) quillaia extract (type 1) 999(ii) quillaia extract (type 2) 1001 choline salts 1100 α-amylase 1101 proteases (papain, bromelain, ficin) 1102 glucose oxidase 1104 lipases 1105 lysozyme 1200 polydextrose 1201 polyvinylpyrrolidone 16 september 2025 schedule 8', 'synonym', 'en', 1.0, 'FSANZ-Sched8') ON CONFLICT(alias_normalized, alias_type, COALESCE(language_code, '')) DO NOTHING;
INSERT INTO ingredient_alias (canonical_id, alias, alias_normalized, alias_type, language_code, confidence, source) VALUES ('NAME_authorised_version_f2025c00967_registered_09102025_903_carnauba_wax_904_shellac_', '18', '18', 'ins_number', NULL, 1.0, 'FSANZ-Sched8') ON CONFLICT(alias_normalized, alias_type, COALESCE(language_code, '')) DO NOTHING;
INSERT OR IGNORE INTO regulatory_fact (canonical_id, jurisdiction, fact_type, status, regulation_ref, product_category, evidence_id) VALUES ('NAME_authorised_version_f2025c00967_registered_09102025_903_carnauba_wax_904_shellac_', 'AU_NZ_FSANZ', 'permitted', 'Permitted food additive in Australia/New Zealand (INS 18)', 'FSANZ Schedule 8', 'food', (SELECT id FROM fact_evidence WHERE source_url = 'https://www.legislation.gov.au/F2015L00478/latest/text' AND snapshot_date = '2026-04-18' LIMIT 1));
INSERT INTO ingredient (canonical_id, primary_name, ingredient_class, ins_number, category, is_natural) VALUES ('NAME_authorised_version_f2025c00967_registered_09102025_1400_dextrin_roasted_starch_1', 'Authorised Version F2025C00967 registered 09/10/2025 1400 Dextrin roasted starch 1401 Acid treated starch 1402 Alkaline treated starch 1403 Bleached starch 1404 Oxidised starch 1405 Enzyme treated starches 1410 Monostarch phosphate 1412 Distarch phosphate 1413 Phosphated distarch phosphate 1414 Acetylated distarch phosphate 1420 Starch acetate 1422 Acetylated distarch adipate 1440 Hydroxypropyl starch 1442 Hydroxypropyl distarch phosphate 1450 Starch sodium octenylsuccinate 1451 Acetylated oxidised starch 1505 Triethyl citrate 1518 Triacetin 1520 Propylene glycol 1521 Polyethylene glycol', 'substance', '8000', 'food', 0) ON CONFLICT(canonical_id) DO NOTHING;
INSERT INTO ingredient_alias (canonical_id, alias, alias_normalized, alias_type, language_code, confidence, source) VALUES ('NAME_authorised_version_f2025c00967_registered_09102025_1400_dextrin_roasted_starch_1', 'Authorised Version F2025C00967 registered 09/10/2025 1400 Dextrin roasted starch 1401 Acid treated starch 1402 Alkaline treated starch 1403 Bleached starch 1404 Oxidised starch 1405 Enzyme treated starches 1410 Monostarch phosphate 1412 Distarch phosphate 1413 Phosphated distarch phosphate 1414 Acetylated distarch phosphate 1420 Starch acetate 1422 Acetylated distarch adipate 1440 Hydroxypropyl starch 1442 Hydroxypropyl distarch phosphate 1450 Starch sodium octenylsuccinate 1451 Acetylated oxidised starch 1505 Triethyl citrate 1518 Triacetin 1520 Propylene glycol 1521 Polyethylene glycol', 'authorised version f2025c00967 registered 09/10/2025 1400 dextrin roasted starch 1401 acid treated starch 1402 alkaline treated starch 1403 bleached starch 1404 oxidised starch 1405 enzyme treated starches 1410 monostarch phosphate 1412 distarch phosphate 1413 phosphated distarch phosphate 1414 acetylated distarch phosphate 1420 starch acetate 1422 acetylated distarch adipate 1440 hydroxypropyl starch 1442 hydroxypropyl distarch phosphate 1450 starch sodium octenylsuccinate 1451 acetylated oxidised starch 1505 triethyl citrate 1518 triacetin 1520 propylene glycol 1521 polyethylene glycol', 'synonym', 'en', 1.0, 'FSANZ-Sched8') ON CONFLICT(alias_normalized, alias_type, COALESCE(language_code, '')) DO NOTHING;
INSERT INTO ingredient_alias (canonical_id, alias, alias_normalized, alias_type, language_code, confidence, source) VALUES ('NAME_authorised_version_f2025c00967_registered_09102025_1400_dextrin_roasted_starch_1', '8000', '8000', 'ins_number', NULL, 1.0, 'FSANZ-Sched8') ON CONFLICT(alias_normalized, alias_type, COALESCE(language_code, '')) DO NOTHING;
INSERT OR IGNORE INTO regulatory_fact (canonical_id, jurisdiction, fact_type, status, regulation_ref, product_category, evidence_id) VALUES ('NAME_authorised_version_f2025c00967_registered_09102025_1400_dextrin_roasted_starch_1', 'AU_NZ_FSANZ', 'permitted', 'Permitted food additive in Australia/New Zealand (INS 8000)', 'FSANZ Schedule 8', 'food', (SELECT id FROM fact_evidence WHERE source_url = 'https://www.legislation.gov.au/F2015L00478/latest/text' AND snapshot_date = '2026-04-18' LIMIT 1));
INSERT INTO ingredient (canonical_id, primary_name, ingredient_class, ins_number, category, is_natural) VALUES ('NAME_16_september_2025_schedule_8', '16 September 2025 Schedule 8', 'substance', '19', 'food', 0) ON CONFLICT(canonical_id) DO NOTHING;
INSERT INTO ingredient_alias (canonical_id, alias, alias_normalized, alias_type, language_code, confidence, source) VALUES ('NAME_16_september_2025_schedule_8', '16 September 2025 Schedule 8', '16 september 2025 schedule 8', 'synonym', 'en', 1.0, 'FSANZ-Sched8') ON CONFLICT(alias_normalized, alias_type, COALESCE(language_code, '')) DO NOTHING;
INSERT INTO ingredient_alias (canonical_id, alias, alias_normalized, alias_type, language_code, confidence, source) VALUES ('NAME_16_september_2025_schedule_8', '19', '19', 'ins_number', NULL, 1.0, 'FSANZ-Sched8') ON CONFLICT(alias_normalized, alias_type, COALESCE(language_code, '')) DO NOTHING;
INSERT OR IGNORE INTO regulatory_fact (canonical_id, jurisdiction, fact_type, status, regulation_ref, product_category, evidence_id) VALUES ('NAME_16_september_2025_schedule_8', 'AU_NZ_FSANZ', 'permitted', 'Permitted food additive in Australia/New Zealand (INS 19)', 'FSANZ Schedule 8', 'food', (SELECT id FROM fact_evidence WHERE source_url = 'https://www.legislation.gov.au/F2015L00478/latest/text' AND snapshot_date = '2026-04-18' LIMIT 1));
INSERT INTO ingredient (canonical_id, primary_name, ingredient_class, ins_number, category, is_natural) VALUES ('NAME_affected_no_registration_affected_gazette_table_to_168_f2017l00414_13_april_2017', 'affected No. registration (Cessation) affected Gazette table to 168 F2017L00414 13 April 2017 am Numerical entries for tocopherol to correct S8—2 11 April 2017 typographical error. FSC110 13 April', 'substance', '2017', 'food', 0) ON CONFLICT(canonical_id) DO NOTHING;
INSERT INTO ingredient_alias (canonical_id, alias, alias_normalized, alias_type, language_code, confidence, source) VALUES ('NAME_affected_no_registration_affected_gazette_table_to_168_f2017l00414_13_april_2017', 'affected No. registration (Cessation) affected Gazette table to 168 F2017L00414 13 April 2017 am Numerical entries for tocopherol to correct S8—2 11 April 2017 typographical error. FSC110 13 April', 'affected no. registration (cessation) affected gazette table to 168 f2017l00414 13 april 2017 am numerical entries for tocopherol to correct s8—2 11 april 2017 typographical error. fsc110 13 april', 'synonym', 'en', 1.0, 'FSANZ-Sched8') ON CONFLICT(alias_normalized, alias_type, COALESCE(language_code, '')) DO NOTHING;
INSERT INTO ingredient_alias (canonical_id, alias, alias_normalized, alias_type, language_code, confidence, source) VALUES ('NAME_affected_no_registration_affected_gazette_table_to_168_f2017l00414_13_april_2017', '2017', '2017', 'ins_number', NULL, 1.0, 'FSANZ-Sched8') ON CONFLICT(alias_normalized, alias_type, COALESCE(language_code, '')) DO NOTHING;
INSERT OR IGNORE INTO regulatory_fact (canonical_id, jurisdiction, fact_type, status, regulation_ref, product_category, evidence_id) VALUES ('NAME_affected_no_registration_affected_gazette_table_to_168_f2017l00414_13_april_2017', 'AU_NZ_FSANZ', 'permitted', 'Permitted food additive in Australia/New Zealand (INS 2017)', 'FSANZ Schedule 8', 'food', (SELECT id FROM fact_evidence WHERE source_url = 'https://www.legislation.gov.au/F2015L00478/latest/text' AND snapshot_date = '2026-04-18' LIMIT 1));
INSERT INTO ingredient (canonical_id, primary_name, ingredient_class, ins_number, category, is_natural) VALUES ('NAME_table_to_182_f2018l01595_29_nov_2018_am_polyoxyethylene_stearate_s82_23_nov', 'table to 182 F2018L01595 29 Nov 2018 am Polyoxyethylene (40) stearate S8—2 23 Nov', 'substance', '2018', 'food', 0) ON CONFLICT(canonical_id) DO NOTHING;
INSERT INTO ingredient_alias (canonical_id, alias, alias_normalized, alias_type, language_code, confidence, source) VALUES ('NAME_table_to_182_f2018l01595_29_nov_2018_am_polyoxyethylene_stearate_s82_23_nov', 'table to 182 F2018L01595 29 Nov 2018 am Polyoxyethylene (40) stearate S8—2 23 Nov', 'table to 182 f2018l01595 29 nov 2018 am polyoxyethylene (40) stearate s8—2 23 nov', 'synonym', 'en', 1.0, 'FSANZ-Sched8') ON CONFLICT(alias_normalized, alias_type, COALESCE(language_code, '')) DO NOTHING;
INSERT INTO ingredient_alias (canonical_id, alias, alias_normalized, alias_type, language_code, confidence, source) VALUES ('NAME_table_to_182_f2018l01595_29_nov_2018_am_polyoxyethylene_stearate_s82_23_nov', '2018', '2018', 'ins_number', NULL, 1.0, 'FSANZ-Sched8') ON CONFLICT(alias_normalized, alias_type, COALESCE(language_code, '')) DO NOTHING;
INSERT OR IGNORE INTO regulatory_fact (canonical_id, jurisdiction, fact_type, status, regulation_ref, product_category, evidence_id) VALUES ('NAME_table_to_182_f2018l01595_29_nov_2018_am_polyoxyethylene_stearate_s82_23_nov', 'AU_NZ_FSANZ', 'permitted', 'Permitted food additive in Australia/New Zealand (INS 2018)', 'FSANZ Schedule 8', 'food', (SELECT id FROM fact_evidence WHERE source_url = 'https://www.legislation.gov.au/F2015L00478/latest/text' AND snapshot_date = '2026-04-18' LIMIT 1));
INSERT INTO ingredient (canonical_id, primary_name, ingredient_class, ins_number, category, is_natural) VALUES ('NAME_fsc123_29_nov', 'FSC123 29 Nov', 'substance', '2018', 'food', 0) ON CONFLICT(canonical_id) DO NOTHING;
INSERT INTO ingredient_alias (canonical_id, alias, alias_normalized, alias_type, language_code, confidence, source) VALUES ('NAME_fsc123_29_nov', 'FSC123 29 Nov', 'fsc123 29 nov', 'synonym', 'en', 1.0, 'FSANZ-Sched8') ON CONFLICT(alias_normalized, alias_type, COALESCE(language_code, '')) DO NOTHING;
INSERT INTO ingredient_alias (canonical_id, alias, alias_normalized, alias_type, language_code, confidence, source) VALUES ('NAME_fsc123_29_nov', '2018', '2018', 'ins_number', NULL, 1.0, 'FSANZ-Sched8') ON CONFLICT(alias_normalized, alias_type, COALESCE(language_code, '')) DO NOTHING;
INSERT OR IGNORE INTO regulatory_fact (canonical_id, jurisdiction, fact_type, status, regulation_ref, product_category, evidence_id) VALUES ('NAME_fsc123_29_nov', 'AU_NZ_FSANZ', 'permitted', 'Permitted food additive in Australia/New Zealand (INS 2018)', 'FSANZ Schedule 8', 'food', (SELECT id FROM fact_evidence WHERE source_url = 'https://www.legislation.gov.au/F2015L00478/latest/text' AND snapshot_date = '2026-04-18' LIMIT 1));
INSERT INTO ingredient (canonical_id, primary_name, ingredient_class, ins_number, category, is_natural) VALUES ('NAME_table_to_182_f2018l01595_29_nov_2018_ad_polysorbate_20_polyoxyethylene_s82_23_no', 'table to 182 F2018L01595 29 Nov 2018 ad Polysorbate 20, Polyoxyethylene (20) S8—2 23 Nov 2018 sorbitan monolaurate FSC123 29 Nov', 'substance', '2018', 'food', 0) ON CONFLICT(canonical_id) DO NOTHING;
INSERT INTO ingredient_alias (canonical_id, alias, alias_normalized, alias_type, language_code, confidence, source) VALUES ('NAME_table_to_182_f2018l01595_29_nov_2018_ad_polysorbate_20_polyoxyethylene_s82_23_no', 'table to 182 F2018L01595 29 Nov 2018 ad Polysorbate 20, Polyoxyethylene (20) S8—2 23 Nov 2018 sorbitan monolaurate FSC123 29 Nov', 'table to 182 f2018l01595 29 nov 2018 ad polysorbate 20, polyoxyethylene (20) s8—2 23 nov 2018 sorbitan monolaurate fsc123 29 nov', 'synonym', 'en', 1.0, 'FSANZ-Sched8') ON CONFLICT(alias_normalized, alias_type, COALESCE(language_code, '')) DO NOTHING;
INSERT INTO ingredient_alias (canonical_id, alias, alias_normalized, alias_type, language_code, confidence, source) VALUES ('NAME_table_to_182_f2018l01595_29_nov_2018_ad_polysorbate_20_polyoxyethylene_s82_23_no', '2018', '2018', 'ins_number', NULL, 1.0, 'FSANZ-Sched8') ON CONFLICT(alias_normalized, alias_type, COALESCE(language_code, '')) DO NOTHING;
INSERT OR IGNORE INTO regulatory_fact (canonical_id, jurisdiction, fact_type, status, regulation_ref, product_category, evidence_id) VALUES ('NAME_table_to_182_f2018l01595_29_nov_2018_ad_polysorbate_20_polyoxyethylene_s82_23_no', 'AU_NZ_FSANZ', 'permitted', 'Permitted food additive in Australia/New Zealand (INS 2018)', 'FSANZ Schedule 8', 'food', (SELECT id FROM fact_evidence WHERE source_url = 'https://www.legislation.gov.au/F2015L00478/latest/text' AND snapshot_date = '2026-04-18' LIMIT 1));
INSERT INTO ingredient (canonical_id, primary_name, ingredient_class, ins_number, category, is_natural) VALUES ('NAME_table_to_183_f2019l00037_23_january_2019_ad_monk_fruit_extract_or_luo_han_guo_s8', 'table to 183 F2019L00037 23 January 2019 ad Monk fruit extract or luo han guo S8—2 11 Jan 2019 extract FSC124 23 Jan', 'substance', '2019', 'food', 0) ON CONFLICT(canonical_id) DO NOTHING;
INSERT INTO ingredient_alias (canonical_id, alias, alias_normalized, alias_type, language_code, confidence, source) VALUES ('NAME_table_to_183_f2019l00037_23_january_2019_ad_monk_fruit_extract_or_luo_han_guo_s8', 'table to 183 F2019L00037 23 January 2019 ad Monk fruit extract or luo han guo S8—2 11 Jan 2019 extract FSC124 23 Jan', 'table to 183 f2019l00037 23 january 2019 ad monk fruit extract or luo han guo s8—2 11 jan 2019 extract fsc124 23 jan', 'synonym', 'en', 1.0, 'FSANZ-Sched8') ON CONFLICT(alias_normalized, alias_type, COALESCE(language_code, '')) DO NOTHING;
INSERT INTO ingredient_alias (canonical_id, alias, alias_normalized, alias_type, language_code, confidence, source) VALUES ('NAME_table_to_183_f2019l00037_23_january_2019_ad_monk_fruit_extract_or_luo_han_guo_s8', '2019', '2019', 'ins_number', NULL, 1.0, 'FSANZ-Sched8') ON CONFLICT(alias_normalized, alias_type, COALESCE(language_code, '')) DO NOTHING;
INSERT OR IGNORE INTO regulatory_fact (canonical_id, jurisdiction, fact_type, status, regulation_ref, product_category, evidence_id) VALUES ('NAME_table_to_183_f2019l00037_23_january_2019_ad_monk_fruit_extract_or_luo_han_guo_s8', 'AU_NZ_FSANZ', 'permitted', 'Permitted food additive in Australia/New Zealand (INS 2019)', 'FSANZ Schedule 8', 'food', (SELECT id FROM fact_evidence WHERE source_url = 'https://www.legislation.gov.au/F2015L00478/latest/text' AND snapshot_date = '2026-04-18' LIMIT 1));
INSERT INTO ingredient (canonical_id, primary_name, ingredient_class, ins_number, category, is_natural) VALUES ('NAME_table_to_183_f2019l00040_23_january_2019_ad_rosemary_extract_s82_11_jan', 'table to 183 F2019L00040 23 January 2019 ad Rosemary extract (392) S8—2 11 Jan', 'substance', '2019', 'food', 0) ON CONFLICT(canonical_id) DO NOTHING;
INSERT INTO ingredient_alias (canonical_id, alias, alias_normalized, alias_type, language_code, confidence, source) VALUES ('NAME_table_to_183_f2019l00040_23_january_2019_ad_rosemary_extract_s82_11_jan', 'table to 183 F2019L00040 23 January 2019 ad Rosemary extract (392) S8—2 11 Jan', 'table to 183 f2019l00040 23 january 2019 ad rosemary extract (392) s8—2 11 jan', 'synonym', 'en', 1.0, 'FSANZ-Sched8') ON CONFLICT(alias_normalized, alias_type, COALESCE(language_code, '')) DO NOTHING;
INSERT INTO ingredient_alias (canonical_id, alias, alias_normalized, alias_type, language_code, confidence, source) VALUES ('NAME_table_to_183_f2019l00040_23_january_2019_ad_rosemary_extract_s82_11_jan', '2019', '2019', 'ins_number', NULL, 1.0, 'FSANZ-Sched8') ON CONFLICT(alias_normalized, alias_type, COALESCE(language_code, '')) DO NOTHING;
INSERT OR IGNORE INTO regulatory_fact (canonical_id, jurisdiction, fact_type, status, regulation_ref, product_category, evidence_id) VALUES ('NAME_table_to_183_f2019l00040_23_january_2019_ad_rosemary_extract_s82_11_jan', 'AU_NZ_FSANZ', 'permitted', 'Permitted food additive in Australia/New Zealand (INS 2019)', 'FSANZ Schedule 8', 'food', (SELECT id FROM fact_evidence WHERE source_url = 'https://www.legislation.gov.au/F2015L00478/latest/text' AND snapshot_date = '2026-04-18' LIMIT 1));
INSERT INTO ingredient (canonical_id, primary_name, ingredient_class, ins_number, category, is_natural) VALUES ('NAME_fsc124_23_jan', 'FSC124 23 Jan', 'substance', '2019', 'food', 0) ON CONFLICT(canonical_id) DO NOTHING;
INSERT INTO ingredient_alias (canonical_id, alias, alias_normalized, alias_type, language_code, confidence, source) VALUES ('NAME_fsc124_23_jan', 'FSC124 23 Jan', 'fsc124 23 jan', 'synonym', 'en', 1.0, 'FSANZ-Sched8') ON CONFLICT(alias_normalized, alias_type, COALESCE(language_code, '')) DO NOTHING;
INSERT INTO ingredient_alias (canonical_id, alias, alias_normalized, alias_type, language_code, confidence, source) VALUES ('NAME_fsc124_23_jan', '2019', '2019', 'ins_number', NULL, 1.0, 'FSANZ-Sched8') ON CONFLICT(alias_normalized, alias_type, COALESCE(language_code, '')) DO NOTHING;
INSERT OR IGNORE INTO regulatory_fact (canonical_id, jurisdiction, fact_type, status, regulation_ref, product_category, evidence_id) VALUES ('NAME_fsc124_23_jan', 'AU_NZ_FSANZ', 'permitted', 'Permitted food additive in Australia/New Zealand (INS 2019)', 'FSANZ Schedule 8', 'food', (SELECT id FROM fact_evidence WHERE source_url = 'https://www.legislation.gov.au/F2015L00478/latest/text' AND snapshot_date = '2026-04-18' LIMIT 1));
INSERT INTO ingredient (canonical_id, primary_name, ingredient_class, ins_number, category, is_natural) VALUES ('NAME_table_to_184_f2019l00259_never_commenced_amdt_not_entry_for_potassium_polyaspart', 'table to 184 F2019L00259 never commenced amdt not Entry for Potassium polyaspartate S8—2 6 Mar 2019 applied FSC125 27 Feb', 'substance', '2019', 'food', 0) ON CONFLICT(canonical_id) DO NOTHING;
INSERT INTO ingredient_alias (canonical_id, alias, alias_normalized, alias_type, language_code, confidence, source) VALUES ('NAME_table_to_184_f2019l00259_never_commenced_amdt_not_entry_for_potassium_polyaspart', 'table to 184 F2019L00259 never commenced amdt not Entry for Potassium polyaspartate S8—2 6 Mar 2019 applied FSC125 27 Feb', 'table to 184 f2019l00259 never commenced amdt not entry for potassium polyaspartate s8—2 6 mar 2019 applied fsc125 27 feb', 'synonym', 'en', 1.0, 'FSANZ-Sched8') ON CONFLICT(alias_normalized, alias_type, COALESCE(language_code, '')) DO NOTHING;
INSERT INTO ingredient_alias (canonical_id, alias, alias_normalized, alias_type, language_code, confidence, source) VALUES ('NAME_table_to_184_f2019l00259_never_commenced_amdt_not_entry_for_potassium_polyaspart', '2019', '2019', 'ins_number', NULL, 1.0, 'FSANZ-Sched8') ON CONFLICT(alias_normalized, alias_type, COALESCE(language_code, '')) DO NOTHING;
INSERT OR IGNORE INTO regulatory_fact (canonical_id, jurisdiction, fact_type, status, regulation_ref, product_category, evidence_id) VALUES ('NAME_table_to_184_f2019l00259_never_commenced_amdt_not_entry_for_potassium_polyaspart', 'AU_NZ_FSANZ', 'permitted', 'Permitted food additive in Australia/New Zealand (INS 2019)', 'FSANZ Schedule 8', 'food', (SELECT id FROM fact_evidence WHERE source_url = 'https://www.legislation.gov.au/F2015L00478/latest/text' AND snapshot_date = '2026-04-18' LIMIT 1));
INSERT INTO ingredient (canonical_id, primary_name, ingredient_class, ins_number, category, is_natural) VALUES ('NAME_note_this_variation_never_commenced_16_september_2025_schedule_8', 'Note: this variation never commenced 16 September 2025 Schedule 8', 'substance', '20', 'food', 0) ON CONFLICT(canonical_id) DO NOTHING;
INSERT INTO ingredient_alias (canonical_id, alias, alias_normalized, alias_type, language_code, confidence, source) VALUES ('NAME_note_this_variation_never_commenced_16_september_2025_schedule_8', 'Note: this variation never commenced 16 September 2025 Schedule 8', 'note: this variation never commenced 16 september 2025 schedule 8', 'synonym', 'en', 1.0, 'FSANZ-Sched8') ON CONFLICT(alias_normalized, alias_type, COALESCE(language_code, '')) DO NOTHING;
INSERT INTO ingredient_alias (canonical_id, alias, alias_normalized, alias_type, language_code, confidence, source) VALUES ('NAME_note_this_variation_never_commenced_16_september_2025_schedule_8', '20', '20', 'ins_number', NULL, 1.0, 'FSANZ-Sched8') ON CONFLICT(alias_normalized, alias_type, COALESCE(language_code, '')) DO NOTHING;
INSERT OR IGNORE INTO regulatory_fact (canonical_id, jurisdiction, fact_type, status, regulation_ref, product_category, evidence_id) VALUES ('NAME_note_this_variation_never_commenced_16_september_2025_schedule_8', 'AU_NZ_FSANZ', 'permitted', 'Permitted food additive in Australia/New Zealand (INS 20)', 'FSANZ Schedule 8', 'food', (SELECT id FROM fact_evidence WHERE source_url = 'https://www.legislation.gov.au/F2015L00478/latest/text' AND snapshot_date = '2026-04-18' LIMIT 1));
INSERT INTO ingredient (canonical_id, primary_name, ingredient_class, ins_number, category, is_natural) VALUES ('NAME_affected_no_registration_affected_gazette_table_to_188_f2019l01568_5_dec_2019_ad', 'affected No. registration (Cessation) affected Gazette table to 188 F2019L01568 5 Dec 2019 ad Entry for Potassium polyaspartate S8—2 28 Nov', 'substance', '2019', 'food', 0) ON CONFLICT(canonical_id) DO NOTHING;
INSERT INTO ingredient_alias (canonical_id, alias, alias_normalized, alias_type, language_code, confidence, source) VALUES ('NAME_affected_no_registration_affected_gazette_table_to_188_f2019l01568_5_dec_2019_ad', 'affected No. registration (Cessation) affected Gazette table to 188 F2019L01568 5 Dec 2019 ad Entry for Potassium polyaspartate S8—2 28 Nov', 'affected no. registration (cessation) affected gazette table to 188 f2019l01568 5 dec 2019 ad entry for potassium polyaspartate s8—2 28 nov', 'synonym', 'en', 1.0, 'FSANZ-Sched8') ON CONFLICT(alias_normalized, alias_type, COALESCE(language_code, '')) DO NOTHING;
INSERT INTO ingredient_alias (canonical_id, alias, alias_normalized, alias_type, language_code, confidence, source) VALUES ('NAME_affected_no_registration_affected_gazette_table_to_188_f2019l01568_5_dec_2019_ad', '2019', '2019', 'ins_number', NULL, 1.0, 'FSANZ-Sched8') ON CONFLICT(alias_normalized, alias_type, COALESCE(language_code, '')) DO NOTHING;
INSERT OR IGNORE INTO regulatory_fact (canonical_id, jurisdiction, fact_type, status, regulation_ref, product_category, evidence_id) VALUES ('NAME_affected_no_registration_affected_gazette_table_to_188_f2019l01568_5_dec_2019_ad', 'AU_NZ_FSANZ', 'permitted', 'Permitted food additive in Australia/New Zealand (INS 2019)', 'FSANZ Schedule 8', 'food', (SELECT id FROM fact_evidence WHERE source_url = 'https://www.legislation.gov.au/F2015L00478/latest/text' AND snapshot_date = '2026-04-18' LIMIT 1));
INSERT INTO ingredient (canonical_id, primary_name, ingredient_class, ins_number, category, is_natural) VALUES ('NAME_fsc129_5_dec', 'FSC129 5 Dec', 'substance', '2019', 'food', 0) ON CONFLICT(canonical_id) DO NOTHING;
INSERT INTO ingredient_alias (canonical_id, alias, alias_normalized, alias_type, language_code, confidence, source) VALUES ('NAME_fsc129_5_dec', 'FSC129 5 Dec', 'fsc129 5 dec', 'synonym', 'en', 1.0, 'FSANZ-Sched8') ON CONFLICT(alias_normalized, alias_type, COALESCE(language_code, '')) DO NOTHING;
INSERT INTO ingredient_alias (canonical_id, alias, alias_normalized, alias_type, language_code, confidence, source) VALUES ('NAME_fsc129_5_dec', '2019', '2019', 'ins_number', NULL, 1.0, 'FSANZ-Sched8') ON CONFLICT(alias_normalized, alias_type, COALESCE(language_code, '')) DO NOTHING;
INSERT OR IGNORE INTO regulatory_fact (canonical_id, jurisdiction, fact_type, status, regulation_ref, product_category, evidence_id) VALUES ('NAME_fsc129_5_dec', 'AU_NZ_FSANZ', 'permitted', 'Permitted food additive in Australia/New Zealand (INS 2019)', 'FSANZ Schedule 8', 'food', (SELECT id FROM fact_evidence WHERE source_url = 'https://www.legislation.gov.au/F2015L00478/latest/text' AND snapshot_date = '2026-04-18' LIMIT 1));
INSERT INTO ingredient (canonical_id, primary_name, ingredient_class, ins_number, category, is_natural) VALUES ('NAME_table_to_198_f2021l00327_26_march_2021_ad_inserting_sweet_osmanthus_ear_glycolip', 'table to 198 F2021L00327 26 March 2021 ad inserting Sweet osmanthus ear glycolipids S8—2 25 March', 'substance', '2021', 'food', 0) ON CONFLICT(canonical_id) DO NOTHING;
INSERT INTO ingredient_alias (canonical_id, alias, alias_normalized, alias_type, language_code, confidence, source) VALUES ('NAME_table_to_198_f2021l00327_26_march_2021_ad_inserting_sweet_osmanthus_ear_glycolip', 'table to 198 F2021L00327 26 March 2021 ad inserting Sweet osmanthus ear glycolipids S8—2 25 March', 'table to 198 f2021l00327 26 march 2021 ad inserting sweet osmanthus ear glycolipids s8—2 25 march', 'synonym', 'en', 1.0, 'FSANZ-Sched8') ON CONFLICT(alias_normalized, alias_type, COALESCE(language_code, '')) DO NOTHING;
INSERT INTO ingredient_alias (canonical_id, alias, alias_normalized, alias_type, language_code, confidence, source) VALUES ('NAME_table_to_198_f2021l00327_26_march_2021_ad_inserting_sweet_osmanthus_ear_glycolip', '2021', '2021', 'ins_number', NULL, 1.0, 'FSANZ-Sched8') ON CONFLICT(alias_normalized, alias_type, COALESCE(language_code, '')) DO NOTHING;
INSERT OR IGNORE INTO regulatory_fact (canonical_id, jurisdiction, fact_type, status, regulation_ref, product_category, evidence_id) VALUES ('NAME_table_to_198_f2021l00327_26_march_2021_ad_inserting_sweet_osmanthus_ear_glycolip', 'AU_NZ_FSANZ', 'permitted', 'Permitted food additive in Australia/New Zealand (INS 2021)', 'FSANZ Schedule 8', 'food', (SELECT id FROM fact_evidence WHERE source_url = 'https://www.legislation.gov.au/F2015L00478/latest/text' AND snapshot_date = '2026-04-18' LIMIT 1));
INSERT INTO ingredient (canonical_id, primary_name, ingredient_class, ins_number, category, is_natural) VALUES ('NAME_fsc', 'FSC', 'substance', '139', 'food', 0) ON CONFLICT(canonical_id) DO NOTHING;
INSERT INTO ingredient_alias (canonical_id, alias, alias_normalized, alias_type, language_code, confidence, source) VALUES ('NAME_fsc', 'FSC', 'fsc', 'synonym', 'en', 1.0, 'FSANZ-Sched8') ON CONFLICT(alias_normalized, alias_type, COALESCE(language_code, '')) DO NOTHING;
INSERT INTO ingredient_alias (canonical_id, alias, alias_normalized, alias_type, language_code, confidence, source) VALUES ('NAME_fsc', '139', '139', 'ins_number', NULL, 1.0, 'FSANZ-Sched8') ON CONFLICT(alias_normalized, alias_type, COALESCE(language_code, '')) DO NOTHING;
INSERT OR IGNORE INTO regulatory_fact (canonical_id, jurisdiction, fact_type, status, regulation_ref, product_category, evidence_id) VALUES ('NAME_fsc', 'AU_NZ_FSANZ', 'permitted', 'Permitted food additive in Australia/New Zealand (INS 139)', 'FSANZ Schedule 8', 'food', (SELECT id FROM fact_evidence WHERE source_url = 'https://www.legislation.gov.au/F2015L00478/latest/text' AND snapshot_date = '2026-04-18' LIMIT 1));
INSERT INTO ingredient (canonical_id, primary_name, ingredient_class, ins_number, category, is_natural) VALUES ('NAME_26_march', '26 March', 'substance', '2021', 'food', 0) ON CONFLICT(canonical_id) DO NOTHING;
INSERT INTO ingredient_alias (canonical_id, alias, alias_normalized, alias_type, language_code, confidence, source) VALUES ('NAME_26_march', '26 March', '26 march', 'synonym', 'en', 1.0, 'FSANZ-Sched8') ON CONFLICT(alias_normalized, alias_type, COALESCE(language_code, '')) DO NOTHING;
INSERT INTO ingredient_alias (canonical_id, alias, alias_normalized, alias_type, language_code, confidence, source) VALUES ('NAME_26_march', '2021', '2021', 'ins_number', NULL, 1.0, 'FSANZ-Sched8') ON CONFLICT(alias_normalized, alias_type, COALESCE(language_code, '')) DO NOTHING;
INSERT OR IGNORE INTO regulatory_fact (canonical_id, jurisdiction, fact_type, status, regulation_ref, product_category, evidence_id) VALUES ('NAME_26_march', 'AU_NZ_FSANZ', 'permitted', 'Permitted food additive in Australia/New Zealand (INS 2021)', 'FSANZ Schedule 8', 'food', (SELECT id FROM fact_evidence WHERE source_url = 'https://www.legislation.gov.au/F2015L00478/latest/text' AND snapshot_date = '2026-04-18' LIMIT 1));
INSERT INTO ingredient (canonical_id, primary_name, ingredient_class, ins_number, category, is_natural) VALUES ('NAME_s82_231_f2024l01151_13_sep_2024_ad_inserting_di_alpha_tocophenol_sodium_13_sept_', 'S8—2 231 F2024L01151 13 Sep 2024 ad Inserting di-alpha tocophenol, sodium 13 Sept 2024 hydroxide and potassium hydroxide FSC', 'substance', '171', 'food', 0) ON CONFLICT(canonical_id) DO NOTHING;
INSERT INTO ingredient_alias (canonical_id, alias, alias_normalized, alias_type, language_code, confidence, source) VALUES ('NAME_s82_231_f2024l01151_13_sep_2024_ad_inserting_di_alpha_tocophenol_sodium_13_sept_', 'S8—2 231 F2024L01151 13 Sep 2024 ad Inserting di-alpha tocophenol, sodium 13 Sept 2024 hydroxide and potassium hydroxide FSC', 's8—2 231 f2024l01151 13 sep 2024 ad inserting di-alpha tocophenol, sodium 13 sept 2024 hydroxide and potassium hydroxide fsc', 'synonym', 'en', 1.0, 'FSANZ-Sched8') ON CONFLICT(alias_normalized, alias_type, COALESCE(language_code, '')) DO NOTHING;
INSERT INTO ingredient_alias (canonical_id, alias, alias_normalized, alias_type, language_code, confidence, source) VALUES ('NAME_s82_231_f2024l01151_13_sep_2024_ad_inserting_di_alpha_tocophenol_sodium_13_sept_', '171', '171', 'ins_number', NULL, 1.0, 'FSANZ-Sched8') ON CONFLICT(alias_normalized, alias_type, COALESCE(language_code, '')) DO NOTHING;
INSERT OR IGNORE INTO regulatory_fact (canonical_id, jurisdiction, fact_type, status, regulation_ref, product_category, evidence_id) VALUES ('NAME_s82_231_f2024l01151_13_sep_2024_ad_inserting_di_alpha_tocophenol_sodium_13_sept_', 'AU_NZ_FSANZ', 'permitted', 'Permitted food additive in Australia/New Zealand (INS 171)', 'FSANZ Schedule 8', 'food', (SELECT id FROM fact_evidence WHERE source_url = 'https://www.legislation.gov.au/F2015L00478/latest/text' AND snapshot_date = '2026-04-18' LIMIT 1));
INSERT INTO ingredient (canonical_id, primary_name, ingredient_class, ins_number, category, is_natural) VALUES ('NAME_13_sept2024_s82_244_f2025l01081_16_sep_2025_am_insert_into_table_titled_food_add', '13 Sept2024 S8—2 244 F2025L01081 16 Sep 2025 am Insert into table titled Food additive 11 Sep 2025 names—alphabetical listing entry for FSC 184 Mushroom chitosan 16 Sep', 'substance', '2025', 'food', 0) ON CONFLICT(canonical_id) DO NOTHING;
INSERT INTO ingredient_alias (canonical_id, alias, alias_normalized, alias_type, language_code, confidence, source) VALUES ('NAME_13_sept2024_s82_244_f2025l01081_16_sep_2025_am_insert_into_table_titled_food_add', '13 Sept2024 S8—2 244 F2025L01081 16 Sep 2025 am Insert into table titled Food additive 11 Sep 2025 names—alphabetical listing entry for FSC 184 Mushroom chitosan 16 Sep', '13 sept2024 s8—2 244 f2025l01081 16 sep 2025 am insert into table titled food additive 11 sep 2025 names—alphabetical listing entry for fsc 184 mushroom chitosan 16 sep', 'synonym', 'en', 1.0, 'FSANZ-Sched8') ON CONFLICT(alias_normalized, alias_type, COALESCE(language_code, '')) DO NOTHING;
INSERT INTO ingredient_alias (canonical_id, alias, alias_normalized, alias_type, language_code, confidence, source) VALUES ('NAME_13_sept2024_s82_244_f2025l01081_16_sep_2025_am_insert_into_table_titled_food_add', '2025', '2025', 'ins_number', NULL, 1.0, 'FSANZ-Sched8') ON CONFLICT(alias_normalized, alias_type, COALESCE(language_code, '')) DO NOTHING;
INSERT OR IGNORE INTO regulatory_fact (canonical_id, jurisdiction, fact_type, status, regulation_ref, product_category, evidence_id) VALUES ('NAME_13_sept2024_s82_244_f2025l01081_16_sep_2025_am_insert_into_table_titled_food_add', 'AU_NZ_FSANZ', 'permitted', 'Permitted food additive in Australia/New Zealand (INS 2025)', 'FSANZ Schedule 8', 'food', (SELECT id FROM fact_evidence WHERE source_url = 'https://www.legislation.gov.au/F2015L00478/latest/text' AND snapshot_date = '2026-04-18' LIMIT 1));
INSERT INTO ingredient (canonical_id, primary_name, ingredient_class, ins_number, category, is_natural) VALUES ('NAME_s82_244_f2025l01081_16_sep_2025_am_insert_into_table_titled_food_additive_11_sep', 'S8—2 244 F2025L01081 16 Sep 2025 am Insert into table titled Food additive 11 Sep 2025 names— numerical listing entry for FSC 184 Mushroom chitosan 16 Sep', 'substance', '2025', 'food', 0) ON CONFLICT(canonical_id) DO NOTHING;
INSERT INTO ingredient_alias (canonical_id, alias, alias_normalized, alias_type, language_code, confidence, source) VALUES ('NAME_s82_244_f2025l01081_16_sep_2025_am_insert_into_table_titled_food_additive_11_sep', 'S8—2 244 F2025L01081 16 Sep 2025 am Insert into table titled Food additive 11 Sep 2025 names— numerical listing entry for FSC 184 Mushroom chitosan 16 Sep', 's8—2 244 f2025l01081 16 sep 2025 am insert into table titled food additive 11 sep 2025 names— numerical listing entry for fsc 184 mushroom chitosan 16 sep', 'synonym', 'en', 1.0, 'FSANZ-Sched8') ON CONFLICT(alias_normalized, alias_type, COALESCE(language_code, '')) DO NOTHING;
INSERT INTO ingredient_alias (canonical_id, alias, alias_normalized, alias_type, language_code, confidence, source) VALUES ('NAME_s82_244_f2025l01081_16_sep_2025_am_insert_into_table_titled_food_additive_11_sep', '2025', '2025', 'ins_number', NULL, 1.0, 'FSANZ-Sched8') ON CONFLICT(alias_normalized, alias_type, COALESCE(language_code, '')) DO NOTHING;
INSERT OR IGNORE INTO regulatory_fact (canonical_id, jurisdiction, fact_type, status, regulation_ref, product_category, evidence_id) VALUES ('NAME_s82_244_f2025l01081_16_sep_2025_am_insert_into_table_titled_food_additive_11_sep', 'AU_NZ_FSANZ', 'permitted', 'Permitted food additive in Australia/New Zealand (INS 2025)', 'FSANZ Schedule 8', 'food', (SELECT id FROM fact_evidence WHERE source_url = 'https://www.legislation.gov.au/F2015L00478/latest/text' AND snapshot_date = '2026-04-18' LIMIT 1));
INSERT OR IGNORE INTO regulatory_fact (canonical_id, jurisdiction, fact_type, status, regulation_ref, product_category, evidence_id) VALUES ('NAME_16_september_2025_schedule_8', 'AU_NZ_FSANZ', 'permitted', 'Permitted food additive in Australia/New Zealand (INS 21)', 'FSANZ Schedule 8', 'food', (SELECT id FROM fact_evidence WHERE source_url = 'https://www.legislation.gov.au/F2015L00478/latest/text' AND snapshot_date = '2026-04-18' LIMIT 1));

UPDATE ingestion_run SET finished_at = datetime('now'), status = 'completed', rows_inserted = 1465 WHERE id = (SELECT id FROM ingestion_run WHERE ingester_name = 'seed-fsanz' AND status = 'running' ORDER BY started_at DESC LIMIT 1);