-- ============================================================
-- Health Canada Cosmetic Ingredient Hotlist → CIG seed
-- Generated: 2026-04-18T05:01:09.722131-04:00
-- Ingester:  seed-hc-hotlist v1.0.0
-- ============================================================

INSERT INTO ingestion_run (ingester_name, ingester_version, status) VALUES ('seed-hc-hotlist', '1.0.0', 'running');

INSERT INTO fact_evidence (source_name, source_url, source_section, snapshot_date, language, retrieved_by) VALUES ('Health Canada — Cosmetic Ingredient Hotlist', 'https://www.canada.ca/en/health-canada/services/consumer-product-safety/cosmetics/cosmetic-ingredient-hotlist-prohibited-restricted-ingredients.html', 'Prohibited and Restricted Ingredients', '2026-04-18', 'en', 'seed-hc-hotlist:1.0.0') ON CONFLICT(source_url, snapshot_date) DO NOTHING;

INSERT INTO ingredient (canonical_id, primary_name, ingredient_class, cas_number, category, is_natural) VALUES ('CAS_106_88_7', '1,2-Epoxybutane', 'substance', '106-88-7', 'cosmetic', 0) ON CONFLICT(canonical_id) DO NOTHING;
INSERT INTO ingredient_alias (canonical_id, alias, alias_normalized, alias_type, language_code, confidence, source) VALUES ('CAS_106_88_7', '1,2-Epoxybutane', '1,2-epoxybutane', 'synonym', 'en', 1.0, 'HC-Hotlist') ON CONFLICT(alias_normalized, alias_type, COALESCE(language_code, '')) DO NOTHING;
INSERT INTO ingredient_alias (canonical_id, alias, alias_normalized, alias_type, language_code, confidence, source) VALUES ('CAS_106_88_7', '106-88-7', '106-88-7', 'cas', NULL, 1.0, 'HC-Hotlist') ON CONFLICT(alias_normalized, alias_type, COALESCE(language_code, '')) DO NOTHING;
INSERT OR IGNORE INTO regulatory_fact (canonical_id, jurisdiction, fact_type, status, regulation_ref, product_category, evidence_id) VALUES ('CAS_106_88_7', 'CA_HC', 'prohibited', 'Prohibited in cosmetic products (Health Canada Hotlist)', 'Health Canada Cosmetic Ingredient Hotlist', 'cosmetic', (SELECT id FROM fact_evidence WHERE source_url = 'https://www.canada.ca/en/health-canada/services/consumer-product-safety/cosmetics/cosmetic-ingredient-hotlist-prohibited-restricted-ingredients.html' AND snapshot_date = '2026-04-18' LIMIT 1));
INSERT INTO ingredient (canonical_id, primary_name, ingredient_class, cas_number, category, is_natural) VALUES ('CAS_106_99_0', '1,3-Butadiene', 'substance', '106-99-0', 'cosmetic', 0) ON CONFLICT(canonical_id) DO NOTHING;
INSERT INTO ingredient_alias (canonical_id, alias, alias_normalized, alias_type, language_code, confidence, source) VALUES ('CAS_106_99_0', '1,3-Butadiene', '1,3-butadiene', 'synonym', 'en', 1.0, 'HC-Hotlist') ON CONFLICT(alias_normalized, alias_type, COALESCE(language_code, '')) DO NOTHING;
INSERT INTO ingredient_alias (canonical_id, alias, alias_normalized, alias_type, language_code, confidence, source) VALUES ('CAS_106_99_0', '106-99-0', '106-99-0', 'cas', NULL, 1.0, 'HC-Hotlist') ON CONFLICT(alias_normalized, alias_type, COALESCE(language_code, '')) DO NOTHING;
INSERT OR IGNORE INTO regulatory_fact (canonical_id, jurisdiction, fact_type, status, regulation_ref, product_category, evidence_id) VALUES ('CAS_106_99_0', 'CA_HC', 'prohibited', 'Prohibited in cosmetic products (Health Canada Hotlist)', 'Health Canada Cosmetic Ingredient Hotlist', 'cosmetic', (SELECT id FROM fact_evidence WHERE source_url = 'https://www.canada.ca/en/health-canada/services/consumer-product-safety/cosmetics/cosmetic-ingredient-hotlist-prohibited-restricted-ingredients.html' AND snapshot_date = '2026-04-18' LIMIT 1));
INSERT INTO ingredient (canonical_id, primary_name, ingredient_class, cas_number, category, is_natural) VALUES ('CAS_105_41_9', '1,3-Dimethylpentylamine and its salts', 'substance', '105-41-9', 'cosmetic', 0) ON CONFLICT(canonical_id) DO NOTHING;
INSERT INTO ingredient_alias (canonical_id, alias, alias_normalized, alias_type, language_code, confidence, source) VALUES ('CAS_105_41_9', '1,3-Dimethylpentylamine and its salts', '1,3-dimethylpentylamine and its salts', 'synonym', 'en', 1.0, 'HC-Hotlist') ON CONFLICT(alias_normalized, alias_type, COALESCE(language_code, '')) DO NOTHING;
INSERT INTO ingredient_alias (canonical_id, alias, alias_normalized, alias_type, language_code, confidence, source) VALUES ('CAS_105_41_9', '105-41-9', '105-41-9', 'cas', NULL, 1.0, 'HC-Hotlist') ON CONFLICT(alias_normalized, alias_type, COALESCE(language_code, '')) DO NOTHING;
INSERT OR IGNORE INTO regulatory_fact (canonical_id, jurisdiction, fact_type, status, regulation_ref, product_category, evidence_id) VALUES ('CAS_105_41_9', 'CA_HC', 'prohibited', 'Prohibited in cosmetic products (Health Canada Hotlist)', 'Health Canada Cosmetic Ingredient Hotlist', 'cosmetic', (SELECT id FROM fact_evidence WHERE source_url = 'https://www.canada.ca/en/health-canada/services/consumer-product-safety/cosmetics/cosmetic-ingredient-hotlist-prohibited-restricted-ingredients.html' AND snapshot_date = '2026-04-18' LIMIT 1));
INSERT INTO ingredient (canonical_id, primary_name, ingredient_class, cas_number, category, is_natural) VALUES ('CAS_80_75_1', '11-α-Hydroxypregn-4-ene-3,20-dione and its esters', 'substance', '80-75-1', 'cosmetic', 0) ON CONFLICT(canonical_id) DO NOTHING;
INSERT INTO ingredient_alias (canonical_id, alias, alias_normalized, alias_type, language_code, confidence, source) VALUES ('CAS_80_75_1', '11-α-Hydroxypregn-4-ene-3,20-dione and its esters', '11-α-hydroxypregn-4-ene-3,20-dione and its esters', 'synonym', 'en', 1.0, 'HC-Hotlist') ON CONFLICT(alias_normalized, alias_type, COALESCE(language_code, '')) DO NOTHING;
INSERT INTO ingredient_alias (canonical_id, alias, alias_normalized, alias_type, language_code, confidence, source) VALUES ('CAS_80_75_1', '80-75-1', '80-75-1', 'cas', NULL, 1.0, 'HC-Hotlist') ON CONFLICT(alias_normalized, alias_type, COALESCE(language_code, '')) DO NOTHING;
INSERT OR IGNORE INTO regulatory_fact (canonical_id, jurisdiction, fact_type, status, regulation_ref, product_category, evidence_id) VALUES ('CAS_80_75_1', 'CA_HC', 'prohibited', 'Prohibited in cosmetic products (Health Canada Hotlist)', 'Health Canada Cosmetic Ingredient Hotlist', 'cosmetic', (SELECT id FROM fact_evidence WHERE source_url = 'https://www.canada.ca/en/health-canada/services/consumer-product-safety/cosmetics/cosmetic-ingredient-hotlist-prohibited-restricted-ingredients.html' AND snapshot_date = '2026-04-18' LIMIT 1));
INSERT INTO ingredient (canonical_id, primary_name, ingredient_class, cas_number, category, is_natural) VALUES ('CAS_134_32_7', '1- and 2-Naphthylamines and their salts', 'substance', '134-32-7', 'cosmetic', 0) ON CONFLICT(canonical_id) DO NOTHING;
INSERT INTO ingredient_alias (canonical_id, alias, alias_normalized, alias_type, language_code, confidence, source) VALUES ('CAS_134_32_7', '1- and 2-Naphthylamines and their salts', '1- and 2-naphthylamines and their salts', 'synonym', 'en', 1.0, 'HC-Hotlist') ON CONFLICT(alias_normalized, alias_type, COALESCE(language_code, '')) DO NOTHING;
INSERT INTO ingredient_alias (canonical_id, alias, alias_normalized, alias_type, language_code, confidence, source) VALUES ('CAS_134_32_7', '134-32-7', '134-32-7', 'cas', NULL, 1.0, 'HC-Hotlist') ON CONFLICT(alias_normalized, alias_type, COALESCE(language_code, '')) DO NOTHING;
INSERT OR IGNORE INTO regulatory_fact (canonical_id, jurisdiction, fact_type, status, regulation_ref, product_category, evidence_id) VALUES ('CAS_134_32_7', 'CA_HC', 'prohibited', 'Prohibited in cosmetic products (Health Canada Hotlist)', 'Health Canada Cosmetic Ingredient Hotlist', 'cosmetic', (SELECT id FROM fact_evidence WHERE source_url = 'https://www.canada.ca/en/health-canada/services/consumer-product-safety/cosmetics/cosmetic-ingredient-hotlist-prohibited-restricted-ingredients.html' AND snapshot_date = '2026-04-18' LIMIT 1));
INSERT INTO ingredient (canonical_id, primary_name, ingredient_class, cas_number, category, is_natural) VALUES ('CAS_52964_42_8', '1-Butyl-3-(N-crotonoylsulfanilyl) urea', 'substance', '52964-42-8', 'cosmetic', 0) ON CONFLICT(canonical_id) DO NOTHING;
INSERT INTO ingredient_alias (canonical_id, alias, alias_normalized, alias_type, language_code, confidence, source) VALUES ('CAS_52964_42_8', '1-Butyl-3-(N-crotonoylsulfanilyl) urea', '1-butyl-3-(n-crotonoylsulfanilyl) urea', 'synonym', 'en', 1.0, 'HC-Hotlist') ON CONFLICT(alias_normalized, alias_type, COALESCE(language_code, '')) DO NOTHING;
INSERT INTO ingredient_alias (canonical_id, alias, alias_normalized, alias_type, language_code, confidence, source) VALUES ('CAS_52964_42_8', '52964-42-8', '52964-42-8', 'cas', NULL, 1.0, 'HC-Hotlist') ON CONFLICT(alias_normalized, alias_type, COALESCE(language_code, '')) DO NOTHING;
INSERT OR IGNORE INTO regulatory_fact (canonical_id, jurisdiction, fact_type, status, regulation_ref, product_category, evidence_id) VALUES ('CAS_52964_42_8', 'CA_HC', 'prohibited', 'Prohibited in cosmetic products (Health Canada Hotlist)', 'Health Canada Cosmetic Ingredient Hotlist', 'cosmetic', (SELECT id FROM fact_evidence WHERE source_url = 'https://www.canada.ca/en/health-canada/services/consumer-product-safety/cosmetics/cosmetic-ingredient-hotlist-prohibited-restricted-ingredients.html' AND snapshot_date = '2026-04-18' LIMIT 1));
INSERT INTO ingredient (canonical_id, primary_name, ingredient_class, cas_number, category, is_natural) VALUES ('CAS_615_05_4', '1-Methoxy-2,4-diaminobenzene and its salts', 'substance', '615-05-4', 'cosmetic', 0) ON CONFLICT(canonical_id) DO NOTHING;
INSERT INTO ingredient_alias (canonical_id, alias, alias_normalized, alias_type, language_code, confidence, source) VALUES ('CAS_615_05_4', '1-Methoxy-2,4-diaminobenzene and its salts', '1-methoxy-2,4-diaminobenzene and its salts', 'synonym', 'en', 1.0, 'HC-Hotlist') ON CONFLICT(alias_normalized, alias_type, COALESCE(language_code, '')) DO NOTHING;
INSERT INTO ingredient_alias (canonical_id, alias, alias_normalized, alias_type, language_code, confidence, source) VALUES ('CAS_615_05_4', '615-05-4', '615-05-4', 'cas', NULL, 1.0, 'HC-Hotlist') ON CONFLICT(alias_normalized, alias_type, COALESCE(language_code, '')) DO NOTHING;
INSERT OR IGNORE INTO regulatory_fact (canonical_id, jurisdiction, fact_type, status, regulation_ref, product_category, evidence_id) VALUES ('CAS_615_05_4', 'CA_HC', 'prohibited', 'Prohibited in cosmetic products (Health Canada Hotlist)', 'Health Canada Cosmetic Ingredient Hotlist', 'cosmetic', (SELECT id FROM fact_evidence WHERE source_url = 'https://www.canada.ca/en/health-canada/services/consumer-product-safety/cosmetics/cosmetic-ingredient-hotlist-prohibited-restricted-ingredients.html' AND snapshot_date = '2026-04-18' LIMIT 1));
INSERT INTO ingredient (canonical_id, primary_name, ingredient_class, cas_number, category, is_natural) VALUES ('CAS_5307_02_8', '1-Methoxy-2,5-diaminobenzene and their salts', 'substance', '5307-02-8', 'cosmetic', 0) ON CONFLICT(canonical_id) DO NOTHING;
INSERT INTO ingredient_alias (canonical_id, alias, alias_normalized, alias_type, language_code, confidence, source) VALUES ('CAS_5307_02_8', '1-Methoxy-2,5-diaminobenzene and their salts', '1-methoxy-2,5-diaminobenzene and their salts', 'synonym', 'en', 1.0, 'HC-Hotlist') ON CONFLICT(alias_normalized, alias_type, COALESCE(language_code, '')) DO NOTHING;
INSERT INTO ingredient_alias (canonical_id, alias, alias_normalized, alias_type, language_code, confidence, source) VALUES ('CAS_5307_02_8', '5307-02-8', '5307-02-8', 'cas', NULL, 1.0, 'HC-Hotlist') ON CONFLICT(alias_normalized, alias_type, COALESCE(language_code, '')) DO NOTHING;
INSERT OR IGNORE INTO regulatory_fact (canonical_id, jurisdiction, fact_type, status, regulation_ref, product_category, evidence_id) VALUES ('CAS_5307_02_8', 'CA_HC', 'prohibited', 'Prohibited in cosmetic products (Health Canada Hotlist)', 'Health Canada Cosmetic Ingredient Hotlist', 'cosmetic', (SELECT id FROM fact_evidence WHERE source_url = 'https://www.canada.ca/en/health-canada/services/consumer-product-safety/cosmetics/cosmetic-ingredient-hotlist-prohibited-restricted-ingredients.html' AND snapshot_date = '2026-04-18' LIMIT 1));
INSERT INTO ingredient (canonical_id, primary_name, ingredient_class, cas_number, category, is_natural) VALUES ('CAS_305_13_5', '2-(4-Allyl-2-methoxyphenoxy)-N,N-diethylacetamide and its salts', 'substance', '305-13-5', 'cosmetic', 0) ON CONFLICT(canonical_id) DO NOTHING;
INSERT INTO ingredient_alias (canonical_id, alias, alias_normalized, alias_type, language_code, confidence, source) VALUES ('CAS_305_13_5', '2-(4-Allyl-2-methoxyphenoxy)-N,N-diethylacetamide and its salts', '2-(4-allyl-2-methoxyphenoxy)-n,n-diethylacetamide and its salts', 'synonym', 'en', 1.0, 'HC-Hotlist') ON CONFLICT(alias_normalized, alias_type, COALESCE(language_code, '')) DO NOTHING;
INSERT INTO ingredient_alias (canonical_id, alias, alias_normalized, alias_type, language_code, confidence, source) VALUES ('CAS_305_13_5', '305-13-5', '305-13-5', 'cas', NULL, 1.0, 'HC-Hotlist') ON CONFLICT(alias_normalized, alias_type, COALESCE(language_code, '')) DO NOTHING;
INSERT OR IGNORE INTO regulatory_fact (canonical_id, jurisdiction, fact_type, status, regulation_ref, product_category, evidence_id) VALUES ('CAS_305_13_5', 'CA_HC', 'prohibited', 'Prohibited in cosmetic products (Health Canada Hotlist)', 'Health Canada Cosmetic Ingredient Hotlist', 'cosmetic', (SELECT id FROM fact_evidence WHERE source_url = 'https://www.canada.ca/en/health-canada/services/consumer-product-safety/cosmetics/cosmetic-ingredient-hotlist-prohibited-restricted-ingredients.html' AND snapshot_date = '2026-04-18' LIMIT 1));
INSERT INTO ingredient (canonical_id, primary_name, ingredient_class, cas_number, category, is_natural) VALUES ('CAS_59_33_6', '2-(4-Methoxybenzyl-N-(2-pyridyl)amino) ethyldimethylamine maleate', 'substance', '59-33-6', 'cosmetic', 0) ON CONFLICT(canonical_id) DO NOTHING;
INSERT INTO ingredient_alias (canonical_id, alias, alias_normalized, alias_type, language_code, confidence, source) VALUES ('CAS_59_33_6', '2-(4-Methoxybenzyl-N-(2-pyridyl)amino) ethyldimethylamine maleate', '2-(4-methoxybenzyl-n-(2-pyridyl)amino) ethyldimethylamine maleate', 'synonym', 'en', 1.0, 'HC-Hotlist') ON CONFLICT(alias_normalized, alias_type, COALESCE(language_code, '')) DO NOTHING;
INSERT INTO ingredient_alias (canonical_id, alias, alias_normalized, alias_type, language_code, confidence, source) VALUES ('CAS_59_33_6', '59-33-6', '59-33-6', 'cas', NULL, 1.0, 'HC-Hotlist') ON CONFLICT(alias_normalized, alias_type, COALESCE(language_code, '')) DO NOTHING;
INSERT OR IGNORE INTO regulatory_fact (canonical_id, jurisdiction, fact_type, status, regulation_ref, product_category, evidence_id) VALUES ('CAS_59_33_6', 'CA_HC', 'prohibited', 'Prohibited in cosmetic products (Health Canada Hotlist)', 'Health Canada Cosmetic Ingredient Hotlist', 'cosmetic', (SELECT id FROM fact_evidence WHERE source_url = 'https://www.canada.ca/en/health-canada/services/consumer-product-safety/cosmetics/cosmetic-ingredient-hotlist-prohibited-restricted-ingredients.html' AND snapshot_date = '2026-04-18' LIMIT 1));
INSERT INTO ingredient (canonical_id, primary_name, ingredient_class, cas_number, category, is_natural) VALUES ('CAS_1746_01_6', '2,3,7,8-Tetrachlorodibenzo-p-dioxin', 'substance', '1746-01-6', 'cosmetic', 0) ON CONFLICT(canonical_id) DO NOTHING;
INSERT INTO ingredient_alias (canonical_id, alias, alias_normalized, alias_type, language_code, confidence, source) VALUES ('CAS_1746_01_6', '2,3,7,8-Tetrachlorodibenzo-p-dioxin', '2,3,7,8-tetrachlorodibenzo-p-dioxin', 'synonym', 'en', 1.0, 'HC-Hotlist') ON CONFLICT(alias_normalized, alias_type, COALESCE(language_code, '')) DO NOTHING;
INSERT INTO ingredient_alias (canonical_id, alias, alias_normalized, alias_type, language_code, confidence, source) VALUES ('CAS_1746_01_6', '1746-01-6', '1746-01-6', 'cas', NULL, 1.0, 'HC-Hotlist') ON CONFLICT(alias_normalized, alias_type, COALESCE(language_code, '')) DO NOTHING;
INSERT OR IGNORE INTO regulatory_fact (canonical_id, jurisdiction, fact_type, status, regulation_ref, product_category, evidence_id) VALUES ('CAS_1746_01_6', 'CA_HC', 'prohibited', 'Prohibited in cosmetic products (Health Canada Hotlist)', 'Health Canada Cosmetic Ingredient Hotlist', 'cosmetic', (SELECT id FROM fact_evidence WHERE source_url = 'https://www.canada.ca/en/health-canada/services/consumer-product-safety/cosmetics/cosmetic-ingredient-hotlist-prohibited-restricted-ingredients.html' AND snapshot_date = '2026-04-18' LIMIT 1));
INSERT INTO ingredient (canonical_id, primary_name, ingredient_class, cas_number, category, is_natural) VALUES ('CAS_507_45_9', '2,3-Dichloro-2-methylbutane', 'substance', '507-45-9', 'cosmetic', 0) ON CONFLICT(canonical_id) DO NOTHING;
INSERT INTO ingredient_alias (canonical_id, alias, alias_normalized, alias_type, language_code, confidence, source) VALUES ('CAS_507_45_9', '2,3-Dichloro-2-methylbutane', '2,3-dichloro-2-methylbutane', 'synonym', 'en', 1.0, 'HC-Hotlist') ON CONFLICT(alias_normalized, alias_type, COALESCE(language_code, '')) DO NOTHING;
INSERT INTO ingredient_alias (canonical_id, alias, alias_normalized, alias_type, language_code, confidence, source) VALUES ('CAS_507_45_9', '507-45-9', '507-45-9', 'cas', NULL, 1.0, 'HC-Hotlist') ON CONFLICT(alias_normalized, alias_type, COALESCE(language_code, '')) DO NOTHING;
INSERT OR IGNORE INTO regulatory_fact (canonical_id, jurisdiction, fact_type, status, regulation_ref, product_category, evidence_id) VALUES ('CAS_507_45_9', 'CA_HC', 'prohibited', 'Prohibited in cosmetic products (Health Canada Hotlist)', 'Health Canada Cosmetic Ingredient Hotlist', 'cosmetic', (SELECT id FROM fact_evidence WHERE source_url = 'https://www.canada.ca/en/health-canada/services/consumer-product-safety/cosmetics/cosmetic-ingredient-hotlist-prohibited-restricted-ingredients.html' AND snapshot_date = '2026-04-18' LIMIT 1));
INSERT INTO ingredient (canonical_id, primary_name, ingredient_class, cas_number, category, is_natural) VALUES ('CAS_14572_93_1', '2,4-Diaminophenylethanol and its salts', 'substance', '14572-93-1', 'cosmetic', 0) ON CONFLICT(canonical_id) DO NOTHING;
INSERT INTO ingredient_alias (canonical_id, alias, alias_normalized, alias_type, language_code, confidence, source) VALUES ('CAS_14572_93_1', '2,4-Diaminophenylethanol and its salts', '2,4-diaminophenylethanol and its salts', 'synonym', 'en', 1.0, 'HC-Hotlist') ON CONFLICT(alias_normalized, alias_type, COALESCE(language_code, '')) DO NOTHING;
INSERT INTO ingredient_alias (canonical_id, alias, alias_normalized, alias_type, language_code, confidence, source) VALUES ('CAS_14572_93_1', '14572-93-1', '14572-93-1', 'cas', NULL, 1.0, 'HC-Hotlist') ON CONFLICT(alias_normalized, alias_type, COALESCE(language_code, '')) DO NOTHING;
INSERT OR IGNORE INTO regulatory_fact (canonical_id, jurisdiction, fact_type, status, regulation_ref, product_category, evidence_id) VALUES ('CAS_14572_93_1', 'CA_HC', 'prohibited', 'Prohibited in cosmetic products (Health Canada Hotlist)', 'Health Canada Cosmetic Ingredient Hotlist', 'cosmetic', (SELECT id FROM fact_evidence WHERE source_url = 'https://www.canada.ca/en/health-canada/services/consumer-product-safety/cosmetics/cosmetic-ingredient-hotlist-prohibited-restricted-ingredients.html' AND snapshot_date = '2026-04-18' LIMIT 1));
INSERT INTO ingredient (canonical_id, primary_name, ingredient_class, cas_number, category, is_natural) VALUES ('CAS_6248_20_0', '2,4-Dihydroxy-3-methylbenzaldehyde', 'substance', '6248-20-0', 'cosmetic', 0) ON CONFLICT(canonical_id) DO NOTHING;
INSERT INTO ingredient_alias (canonical_id, alias, alias_normalized, alias_type, language_code, confidence, source) VALUES ('CAS_6248_20_0', '2,4-Dihydroxy-3-methylbenzaldehyde', '2,4-dihydroxy-3-methylbenzaldehyde', 'synonym', 'en', 1.0, 'HC-Hotlist') ON CONFLICT(alias_normalized, alias_type, COALESCE(language_code, '')) DO NOTHING;
INSERT INTO ingredient_alias (canonical_id, alias, alias_normalized, alias_type, language_code, confidence, source) VALUES ('CAS_6248_20_0', '6248-20-0', '6248-20-0', 'cas', NULL, 1.0, 'HC-Hotlist') ON CONFLICT(alias_normalized, alias_type, COALESCE(language_code, '')) DO NOTHING;
INSERT OR IGNORE INTO regulatory_fact (canonical_id, jurisdiction, fact_type, status, regulation_ref, product_category, evidence_id) VALUES ('CAS_6248_20_0', 'CA_HC', 'prohibited', 'Prohibited in cosmetic products (Health Canada Hotlist)', 'Health Canada Cosmetic Ingredient Hotlist', 'cosmetic', (SELECT id FROM fact_evidence WHERE source_url = 'https://www.canada.ca/en/health-canada/services/consumer-product-safety/cosmetics/cosmetic-ingredient-hotlist-prohibited-restricted-ingredients.html' AND snapshot_date = '2026-04-18' LIMIT 1));
INSERT INTO ingredient (canonical_id, primary_name, ingredient_class, cas_number, category, is_natural) VALUES ('CAS_5934_19_0', '2-Amino-1,2-bis(4-methoxyphenol) ethanol and its salts', 'substance', '5934-19-0', 'cosmetic', 0) ON CONFLICT(canonical_id) DO NOTHING;
INSERT INTO ingredient_alias (canonical_id, alias, alias_normalized, alias_type, language_code, confidence, source) VALUES ('CAS_5934_19_0', '2-Amino-1,2-bis(4-methoxyphenol) ethanol and its salts', '2-amino-1,2-bis(4-methoxyphenol) ethanol and its salts', 'synonym', 'en', 1.0, 'HC-Hotlist') ON CONFLICT(alias_normalized, alias_type, COALESCE(language_code, '')) DO NOTHING;
INSERT INTO ingredient_alias (canonical_id, alias, alias_normalized, alias_type, language_code, confidence, source) VALUES ('CAS_5934_19_0', '5934-19-0', '5934-19-0', 'cas', NULL, 1.0, 'HC-Hotlist') ON CONFLICT(alias_normalized, alias_type, COALESCE(language_code, '')) DO NOTHING;
INSERT OR IGNORE INTO regulatory_fact (canonical_id, jurisdiction, fact_type, status, regulation_ref, product_category, evidence_id) VALUES ('CAS_5934_19_0', 'CA_HC', 'prohibited', 'Prohibited in cosmetic products (Health Canada Hotlist)', 'Health Canada Cosmetic Ingredient Hotlist', 'cosmetic', (SELECT id FROM fact_evidence WHERE source_url = 'https://www.canada.ca/en/health-canada/services/consumer-product-safety/cosmetics/cosmetic-ingredient-hotlist-prohibited-restricted-ingredients.html' AND snapshot_date = '2026-04-18' LIMIT 1));
INSERT INTO ingredient (canonical_id, primary_name, ingredient_class, cas_number, category, is_natural) VALUES ('CAS_99_57_0', '2-Amino-4-nitrophenol', 'substance', '99-57-0', 'cosmetic', 0) ON CONFLICT(canonical_id) DO NOTHING;
INSERT INTO ingredient_alias (canonical_id, alias, alias_normalized, alias_type, language_code, confidence, source) VALUES ('CAS_99_57_0', '2-Amino-4-nitrophenol', '2-amino-4-nitrophenol', 'synonym', 'en', 1.0, 'HC-Hotlist') ON CONFLICT(alias_normalized, alias_type, COALESCE(language_code, '')) DO NOTHING;
INSERT INTO ingredient_alias (canonical_id, alias, alias_normalized, alias_type, language_code, confidence, source) VALUES ('CAS_99_57_0', '99-57-0', '99-57-0', 'cas', NULL, 1.0, 'HC-Hotlist') ON CONFLICT(alias_normalized, alias_type, COALESCE(language_code, '')) DO NOTHING;
INSERT OR IGNORE INTO regulatory_fact (canonical_id, jurisdiction, fact_type, status, regulation_ref, product_category, evidence_id) VALUES ('CAS_99_57_0', 'CA_HC', 'prohibited', 'Prohibited in cosmetic products (Health Canada Hotlist)', 'Health Canada Cosmetic Ingredient Hotlist', 'cosmetic', (SELECT id FROM fact_evidence WHERE source_url = 'https://www.canada.ca/en/health-canada/services/consumer-product-safety/cosmetics/cosmetic-ingredient-hotlist-prohibited-restricted-ingredients.html' AND snapshot_date = '2026-04-18' LIMIT 1));
INSERT INTO ingredient (canonical_id, primary_name, ingredient_class, cas_number, category, is_natural) VALUES ('CAS_121_88_0', '2-Amino-5-nitrophenol', 'substance', '121-88-0', 'cosmetic', 0) ON CONFLICT(canonical_id) DO NOTHING;
INSERT INTO ingredient_alias (canonical_id, alias, alias_normalized, alias_type, language_code, confidence, source) VALUES ('CAS_121_88_0', '2-Amino-5-nitrophenol', '2-amino-5-nitrophenol', 'synonym', 'en', 1.0, 'HC-Hotlist') ON CONFLICT(alias_normalized, alias_type, COALESCE(language_code, '')) DO NOTHING;
INSERT INTO ingredient_alias (canonical_id, alias, alias_normalized, alias_type, language_code, confidence, source) VALUES ('CAS_121_88_0', '121-88-0', '121-88-0', 'cas', NULL, 1.0, 'HC-Hotlist') ON CONFLICT(alias_normalized, alias_type, COALESCE(language_code, '')) DO NOTHING;
INSERT OR IGNORE INTO regulatory_fact (canonical_id, jurisdiction, fact_type, status, regulation_ref, product_category, evidence_id) VALUES ('CAS_121_88_0', 'CA_HC', 'prohibited', 'Prohibited in cosmetic products (Health Canada Hotlist)', 'Health Canada Cosmetic Ingredient Hotlist', 'cosmetic', (SELECT id FROM fact_evidence WHERE source_url = 'https://www.canada.ca/en/health-canada/services/consumer-product-safety/cosmetics/cosmetic-ingredient-hotlist-prohibited-restricted-ingredients.html' AND snapshot_date = '2026-04-18' LIMIT 1));
INSERT INTO ingredient (canonical_id, primary_name, ingredient_class, cas_number, category, is_natural) VALUES ('CAS_1589_47_5', '2-Methoxypropanol', 'substance', '1589-47-5', 'cosmetic', 0) ON CONFLICT(canonical_id) DO NOTHING;
INSERT INTO ingredient_alias (canonical_id, alias, alias_normalized, alias_type, language_code, confidence, source) VALUES ('CAS_1589_47_5', '2-Methoxypropanol', '2-methoxypropanol', 'synonym', 'en', 1.0, 'HC-Hotlist') ON CONFLICT(alias_normalized, alias_type, COALESCE(language_code, '')) DO NOTHING;
INSERT INTO ingredient_alias (canonical_id, alias, alias_normalized, alias_type, language_code, confidence, source) VALUES ('CAS_1589_47_5', '1589-47-5', '1589-47-5', 'cas', NULL, 1.0, 'HC-Hotlist') ON CONFLICT(alias_normalized, alias_type, COALESCE(language_code, '')) DO NOTHING;
INSERT OR IGNORE INTO regulatory_fact (canonical_id, jurisdiction, fact_type, status, regulation_ref, product_category, evidence_id) VALUES ('CAS_1589_47_5', 'CA_HC', 'prohibited', 'Prohibited in cosmetic products (Health Canada Hotlist)', 'Health Canada Cosmetic Ingredient Hotlist', 'cosmetic', (SELECT id FROM fact_evidence WHERE source_url = 'https://www.canada.ca/en/health-canada/services/consumer-product-safety/cosmetics/cosmetic-ingredient-hotlist-prohibited-restricted-ingredients.html' AND snapshot_date = '2026-04-18' LIMIT 1));
INSERT INTO ingredient (canonical_id, primary_name, ingredient_class, cas_number, category, is_natural) VALUES ('CAS_70657_70_4', '2-Methoxypropyl-1-acetate', 'substance', '70657-70-4', 'cosmetic', 0) ON CONFLICT(canonical_id) DO NOTHING;
INSERT INTO ingredient_alias (canonical_id, alias, alias_normalized, alias_type, language_code, confidence, source) VALUES ('CAS_70657_70_4', '2-Methoxypropyl-1-acetate', '2-methoxypropyl-1-acetate', 'synonym', 'en', 1.0, 'HC-Hotlist') ON CONFLICT(alias_normalized, alias_type, COALESCE(language_code, '')) DO NOTHING;
INSERT INTO ingredient_alias (canonical_id, alias, alias_normalized, alias_type, language_code, confidence, source) VALUES ('CAS_70657_70_4', '70657-70-4', '70657-70-4', 'cas', NULL, 1.0, 'HC-Hotlist') ON CONFLICT(alias_normalized, alias_type, COALESCE(language_code, '')) DO NOTHING;
INSERT OR IGNORE INTO regulatory_fact (canonical_id, jurisdiction, fact_type, status, regulation_ref, product_category, evidence_id) VALUES ('CAS_70657_70_4', 'CA_HC', 'prohibited', 'Prohibited in cosmetic products (Health Canada Hotlist)', 'Health Canada Cosmetic Ingredient Hotlist', 'cosmetic', (SELECT id FROM fact_evidence WHERE source_url = 'https://www.canada.ca/en/health-canada/services/consumer-product-safety/cosmetics/cosmetic-ingredient-hotlist-prohibited-restricted-ingredients.html' AND snapshot_date = '2026-04-18' LIMIT 1));
INSERT INTO ingredient (canonical_id, primary_name, ingredient_class, cas_number, category, is_natural) VALUES ('CAS_540_43_2', '2-Methylheptylamine and its salts', 'substance', '540-43-2', 'cosmetic', 0) ON CONFLICT(canonical_id) DO NOTHING;
INSERT INTO ingredient_alias (canonical_id, alias, alias_normalized, alias_type, language_code, confidence, source) VALUES ('CAS_540_43_2', '2-Methylheptylamine and its salts', '2-methylheptylamine and its salts', 'synonym', 'en', 1.0, 'HC-Hotlist') ON CONFLICT(alias_normalized, alias_type, COALESCE(language_code, '')) DO NOTHING;
INSERT INTO ingredient_alias (canonical_id, alias, alias_normalized, alias_type, language_code, confidence, source) VALUES ('CAS_540_43_2', '540-43-2', '540-43-2', 'cas', NULL, 1.0, 'HC-Hotlist') ON CONFLICT(alias_normalized, alias_type, COALESCE(language_code, '')) DO NOTHING;
INSERT OR IGNORE INTO regulatory_fact (canonical_id, jurisdiction, fact_type, status, regulation_ref, product_category, evidence_id) VALUES ('CAS_540_43_2', 'CA_HC', 'prohibited', 'Prohibited in cosmetic products (Health Canada Hotlist)', 'Health Canada Cosmetic Ingredient Hotlist', 'cosmetic', (SELECT id FROM fact_evidence WHERE source_url = 'https://www.canada.ca/en/health-canada/services/consumer-product-safety/cosmetics/cosmetic-ingredient-hotlist-prohibited-restricted-ingredients.html' AND snapshot_date = '2026-04-18' LIMIT 1));
INSERT INTO ingredient (canonical_id, primary_name, ingredient_class, cas_number, category, is_natural) VALUES ('CAS_823_40_5', '2-Methyl-m-phenylenediamine', 'substance', '823-40-5', 'cosmetic', 0) ON CONFLICT(canonical_id) DO NOTHING;
INSERT INTO ingredient_alias (canonical_id, alias, alias_normalized, alias_type, language_code, confidence, source) VALUES ('CAS_823_40_5', '2-Methyl-m-phenylenediamine', '2-methyl-m-phenylenediamine', 'synonym', 'en', 1.0, 'HC-Hotlist') ON CONFLICT(alias_normalized, alias_type, COALESCE(language_code, '')) DO NOTHING;
INSERT INTO ingredient_alias (canonical_id, alias, alias_normalized, alias_type, language_code, confidence, source) VALUES ('CAS_823_40_5', '823-40-5', '823-40-5', 'cas', NULL, 1.0, 'HC-Hotlist') ON CONFLICT(alias_normalized, alias_type, COALESCE(language_code, '')) DO NOTHING;
INSERT OR IGNORE INTO regulatory_fact (canonical_id, jurisdiction, fact_type, status, regulation_ref, product_category, evidence_id) VALUES ('CAS_823_40_5', 'CA_HC', 'prohibited', 'Prohibited in cosmetic products (Health Canada Hotlist)', 'Health Canada Cosmetic Ingredient Hotlist', 'cosmetic', (SELECT id FROM fact_evidence WHERE source_url = 'https://www.canada.ca/en/health-canada/services/consumer-product-safety/cosmetics/cosmetic-ingredient-hotlist-prohibited-restricted-ingredients.html' AND snapshot_date = '2026-04-18' LIMIT 1));
INSERT INTO ingredient (canonical_id, primary_name, ingredient_class, cas_number, category, is_natural) VALUES ('CAS_135_19_3', '2-Naphthol', 'substance', '135-19-3', 'cosmetic', 0) ON CONFLICT(canonical_id) DO NOTHING;
INSERT INTO ingredient_alias (canonical_id, alias, alias_normalized, alias_type, language_code, confidence, source) VALUES ('CAS_135_19_3', '2-Naphthol', '2-naphthol', 'synonym', 'en', 1.0, 'HC-Hotlist') ON CONFLICT(alias_normalized, alias_type, COALESCE(language_code, '')) DO NOTHING;
INSERT INTO ingredient_alias (canonical_id, alias, alias_normalized, alias_type, language_code, confidence, source) VALUES ('CAS_135_19_3', '135-19-3', '135-19-3', 'cas', NULL, 1.0, 'HC-Hotlist') ON CONFLICT(alias_normalized, alias_type, COALESCE(language_code, '')) DO NOTHING;
INSERT OR IGNORE INTO regulatory_fact (canonical_id, jurisdiction, fact_type, status, regulation_ref, product_category, evidence_id) VALUES ('CAS_135_19_3', 'CA_HC', 'prohibited', 'Prohibited in cosmetic products (Health Canada Hotlist)', 'Health Canada Cosmetic Ingredient Hotlist', 'cosmetic', (SELECT id FROM fact_evidence WHERE source_url = 'https://www.canada.ca/en/health-canada/services/consumer-product-safety/cosmetics/cosmetic-ingredient-hotlist-prohibited-restricted-ingredients.html' AND snapshot_date = '2026-04-18' LIMIT 1));
INSERT INTO ingredient (canonical_id, primary_name, ingredient_class, cas_number, category, is_natural) VALUES ('CAS_25677_40_1', '2-Pentylidenecyclohexanone', 'substance', '25677-40-1', 'cosmetic', 0) ON CONFLICT(canonical_id) DO NOTHING;
INSERT INTO ingredient_alias (canonical_id, alias, alias_normalized, alias_type, language_code, confidence, source) VALUES ('CAS_25677_40_1', '2-Pentylidenecyclohexanone', '2-pentylidenecyclohexanone', 'synonym', 'en', 1.0, 'HC-Hotlist') ON CONFLICT(alias_normalized, alias_type, COALESCE(language_code, '')) DO NOTHING;
INSERT INTO ingredient_alias (canonical_id, alias, alias_normalized, alias_type, language_code, confidence, source) VALUES ('CAS_25677_40_1', '25677-40-1', '25677-40-1', 'cas', NULL, 1.0, 'HC-Hotlist') ON CONFLICT(alias_normalized, alias_type, COALESCE(language_code, '')) DO NOTHING;
INSERT OR IGNORE INTO regulatory_fact (canonical_id, jurisdiction, fact_type, status, regulation_ref, product_category, evidence_id) VALUES ('CAS_25677_40_1', 'CA_HC', 'prohibited', 'Prohibited in cosmetic products (Health Canada Hotlist)', 'Health Canada Cosmetic Ingredient Hotlist', 'cosmetic', (SELECT id FROM fact_evidence WHERE source_url = 'https://www.canada.ca/en/health-canada/services/consumer-product-safety/cosmetics/cosmetic-ingredient-hotlist-prohibited-restricted-ingredients.html' AND snapshot_date = '2026-04-18' LIMIT 1));
INSERT INTO ingredient (canonical_id, primary_name, ingredient_class, cas_number, category, is_natural) VALUES ('CAS_39923_41_6', '3-(α-Naphthyl)-4-hydroxycoumarin', 'substance', '39923-41-6', 'cosmetic', 0) ON CONFLICT(canonical_id) DO NOTHING;
INSERT INTO ingredient_alias (canonical_id, alias, alias_normalized, alias_type, language_code, confidence, source) VALUES ('CAS_39923_41_6', '3-(α-Naphthyl)-4-hydroxycoumarin', '3-(α-naphthyl)-4-hydroxycoumarin', 'synonym', 'en', 1.0, 'HC-Hotlist') ON CONFLICT(alias_normalized, alias_type, COALESCE(language_code, '')) DO NOTHING;
INSERT INTO ingredient_alias (canonical_id, alias, alias_normalized, alias_type, language_code, confidence, source) VALUES ('CAS_39923_41_6', '39923-41-6', '39923-41-6', 'cas', NULL, 1.0, 'HC-Hotlist') ON CONFLICT(alias_normalized, alias_type, COALESCE(language_code, '')) DO NOTHING;
INSERT OR IGNORE INTO regulatory_fact (canonical_id, jurisdiction, fact_type, status, regulation_ref, product_category, evidence_id) VALUES ('CAS_39923_41_6', 'CA_HC', 'prohibited', 'Prohibited in cosmetic products (Health Canada Hotlist)', 'Health Canada Cosmetic Ingredient Hotlist', 'cosmetic', (SELECT id FROM fact_evidence WHERE source_url = 'https://www.canada.ca/en/health-canada/services/consumer-product-safety/cosmetics/cosmetic-ingredient-hotlist-prohibited-restricted-ingredients.html' AND snapshot_date = '2026-04-18' LIMIT 1));
INSERT INTO ingredient (canonical_id, primary_name, ingredient_class, cas_number, category, is_natural) VALUES ('CAS_1117_41_5', '3,6,10-Trimethyl-3,5,9-undecatrien-2-one', 'substance', '1117-41-5', 'cosmetic', 0) ON CONFLICT(canonical_id) DO NOTHING;
INSERT INTO ingredient_alias (canonical_id, alias, alias_normalized, alias_type, language_code, confidence, source) VALUES ('CAS_1117_41_5', '3,6,10-Trimethyl-3,5,9-undecatrien-2-one', '3,6,10-trimethyl-3,5,9-undecatrien-2-one', 'synonym', 'en', 1.0, 'HC-Hotlist') ON CONFLICT(alias_normalized, alias_type, COALESCE(language_code, '')) DO NOTHING;
INSERT INTO ingredient_alias (canonical_id, alias, alias_normalized, alias_type, language_code, confidence, source) VALUES ('CAS_1117_41_5', '1117-41-5', '1117-41-5', 'cas', NULL, 1.0, 'HC-Hotlist') ON CONFLICT(alias_normalized, alias_type, COALESCE(language_code, '')) DO NOTHING;
INSERT OR IGNORE INTO regulatory_fact (canonical_id, jurisdiction, fact_type, status, regulation_ref, product_category, evidence_id) VALUES ('CAS_1117_41_5', 'CA_HC', 'prohibited', 'Prohibited in cosmetic products (Health Canada Hotlist)', 'Health Canada Cosmetic Ingredient Hotlist', 'cosmetic', (SELECT id FROM fact_evidence WHERE source_url = 'https://www.canada.ca/en/health-canada/services/consumer-product-safety/cosmetics/cosmetic-ingredient-hotlist-prohibited-restricted-ingredients.html' AND snapshot_date = '2026-04-18' LIMIT 1));
INSERT INTO ingredient (canonical_id, primary_name, ingredient_class, cas_number, category, is_natural) VALUES ('CAS_538_66_9', '3-Diethylaminopropyl cinnamate', 'substance', '538-66-9', 'cosmetic', 0) ON CONFLICT(canonical_id) DO NOTHING;
INSERT INTO ingredient_alias (canonical_id, alias, alias_normalized, alias_type, language_code, confidence, source) VALUES ('CAS_538_66_9', '3-Diethylaminopropyl cinnamate', '3-diethylaminopropyl cinnamate', 'synonym', 'en', 1.0, 'HC-Hotlist') ON CONFLICT(alias_normalized, alias_type, COALESCE(language_code, '')) DO NOTHING;
INSERT INTO ingredient_alias (canonical_id, alias, alias_normalized, alias_type, language_code, confidence, source) VALUES ('CAS_538_66_9', '538-66-9', '538-66-9', 'cas', NULL, 1.0, 'HC-Hotlist') ON CONFLICT(alias_normalized, alias_type, COALESCE(language_code, '')) DO NOTHING;
INSERT OR IGNORE INTO regulatory_fact (canonical_id, jurisdiction, fact_type, status, regulation_ref, product_category, evidence_id) VALUES ('CAS_538_66_9', 'CA_HC', 'prohibited', 'Prohibited in cosmetic products (Health Canada Hotlist)', 'Health Canada Cosmetic Ingredient Hotlist', 'cosmetic', (SELECT id FROM fact_evidence WHERE source_url = 'https://www.canada.ca/en/health-canada/services/consumer-product-safety/cosmetics/cosmetic-ingredient-hotlist-prohibited-restricted-ingredients.html' AND snapshot_date = '2026-04-18' LIMIT 1));
INSERT INTO ingredient (canonical_id, primary_name, ingredient_class, cas_number, category, is_natural) VALUES ('CAS_104_98_3', '3-Imidazol-4-ylacrylic acid and its ethyl ester', 'substance', '104-98-3', 'cosmetic', 0) ON CONFLICT(canonical_id) DO NOTHING;
INSERT INTO ingredient_alias (canonical_id, alias, alias_normalized, alias_type, language_code, confidence, source) VALUES ('CAS_104_98_3', '3-Imidazol-4-ylacrylic acid and its ethyl ester', '3-imidazol-4-ylacrylic acid and its ethyl ester', 'synonym', 'en', 1.0, 'HC-Hotlist') ON CONFLICT(alias_normalized, alias_type, COALESCE(language_code, '')) DO NOTHING;
INSERT INTO ingredient_alias (canonical_id, alias, alias_normalized, alias_type, language_code, confidence, source) VALUES ('CAS_104_98_3', '104-98-3', '104-98-3', 'cas', NULL, 1.0, 'HC-Hotlist') ON CONFLICT(alias_normalized, alias_type, COALESCE(language_code, '')) DO NOTHING;
INSERT OR IGNORE INTO regulatory_fact (canonical_id, jurisdiction, fact_type, status, regulation_ref, product_category, evidence_id) VALUES ('CAS_104_98_3', 'CA_HC', 'prohibited', 'Prohibited in cosmetic products (Health Canada Hotlist)', 'Health Canada Cosmetic Ingredient Hotlist', 'cosmetic', (SELECT id FROM fact_evidence WHERE source_url = 'https://www.canada.ca/en/health-canada/services/consumer-product-safety/cosmetics/cosmetic-ingredient-hotlist-prohibited-restricted-ingredients.html' AND snapshot_date = '2026-04-18' LIMIT 1));
INSERT INTO ingredient (canonical_id, primary_name, ingredient_class, cas_number, category, is_natural) VALUES ('CAS_943_88_4', '4-(4-Methoxyphenyl)-3-butene-2-one', 'substance', '943-88-4', 'cosmetic', 0) ON CONFLICT(canonical_id) DO NOTHING;
INSERT INTO ingredient_alias (canonical_id, alias, alias_normalized, alias_type, language_code, confidence, source) VALUES ('CAS_943_88_4', '4-(4-Methoxyphenyl)-3-butene-2-one', '4-(4-methoxyphenyl)-3-butene-2-one', 'synonym', 'en', 1.0, 'HC-Hotlist') ON CONFLICT(alias_normalized, alias_type, COALESCE(language_code, '')) DO NOTHING;
INSERT INTO ingredient_alias (canonical_id, alias, alias_normalized, alias_type, language_code, confidence, source) VALUES ('CAS_943_88_4', '943-88-4', '943-88-4', 'cas', NULL, 1.0, 'HC-Hotlist') ON CONFLICT(alias_normalized, alias_type, COALESCE(language_code, '')) DO NOTHING;
INSERT OR IGNORE INTO regulatory_fact (canonical_id, jurisdiction, fact_type, status, regulation_ref, product_category, evidence_id) VALUES ('CAS_943_88_4', 'CA_HC', 'prohibited', 'Prohibited in cosmetic products (Health Canada Hotlist)', 'Health Canada Cosmetic Ingredient Hotlist', 'cosmetic', (SELECT id FROM fact_evidence WHERE source_url = 'https://www.canada.ca/en/health-canada/services/consumer-product-safety/cosmetics/cosmetic-ingredient-hotlist-prohibited-restricted-ingredients.html' AND snapshot_date = '2026-04-18' LIMIT 1));
INSERT INTO ingredient (canonical_id, primary_name, ingredient_class, cas_number, category, is_natural) VALUES ('NAME_44_dihydroxy_33_dicoumarin', '4,4''-Dihydroxy-3,3''-(3-methylthiopropylidene) dicoumarin', 'substance', NULL, 'cosmetic', 0) ON CONFLICT(canonical_id) DO NOTHING;
INSERT INTO ingredient_alias (canonical_id, alias, alias_normalized, alias_type, language_code, confidence, source) VALUES ('NAME_44_dihydroxy_33_dicoumarin', '4,4''-Dihydroxy-3,3''-(3-methylthiopropylidene) dicoumarin', '4,4''-dihydroxy-3,3''-(3-methylthiopropylidene) dicoumarin', 'synonym', 'en', 1.0, 'HC-Hotlist') ON CONFLICT(alias_normalized, alias_type, COALESCE(language_code, '')) DO NOTHING;
INSERT OR IGNORE INTO regulatory_fact (canonical_id, jurisdiction, fact_type, status, regulation_ref, product_category, evidence_id) VALUES ('NAME_44_dihydroxy_33_dicoumarin', 'CA_HC', 'prohibited', 'Prohibited in cosmetic products (Health Canada Hotlist)', 'Health Canada Cosmetic Ingredient Hotlist', 'cosmetic', (SELECT id FROM fact_evidence WHERE source_url = 'https://www.canada.ca/en/health-canada/services/consumer-product-safety/cosmetics/cosmetic-ingredient-hotlist-prohibited-restricted-ingredients.html' AND snapshot_date = '2026-04-18' LIMIT 1));
INSERT INTO ingredient (canonical_id, primary_name, ingredient_class, cas_number, category, is_natural) VALUES ('CAS_90_94_8', '4,4''-Bis(dimethylamino)benzophenone', 'substance', '90-94-8', 'cosmetic', 0) ON CONFLICT(canonical_id) DO NOTHING;
INSERT INTO ingredient_alias (canonical_id, alias, alias_normalized, alias_type, language_code, confidence, source) VALUES ('CAS_90_94_8', '4,4''-Bis(dimethylamino)benzophenone', '4,4''-bis(dimethylamino)benzophenone', 'synonym', 'en', 1.0, 'HC-Hotlist') ON CONFLICT(alias_normalized, alias_type, COALESCE(language_code, '')) DO NOTHING;
INSERT INTO ingredient_alias (canonical_id, alias, alias_normalized, alias_type, language_code, confidence, source) VALUES ('CAS_90_94_8', '90-94-8', '90-94-8', 'cas', NULL, 1.0, 'HC-Hotlist') ON CONFLICT(alias_normalized, alias_type, COALESCE(language_code, '')) DO NOTHING;
INSERT OR IGNORE INTO regulatory_fact (canonical_id, jurisdiction, fact_type, status, regulation_ref, product_category, evidence_id) VALUES ('CAS_90_94_8', 'CA_HC', 'prohibited', 'Prohibited in cosmetic products (Health Canada Hotlist)', 'Health Canada Cosmetic Ingredient Hotlist', 'cosmetic', (SELECT id FROM fact_evidence WHERE source_url = 'https://www.canada.ca/en/health-canada/services/consumer-product-safety/cosmetics/cosmetic-ingredient-hotlist-prohibited-restricted-ingredients.html' AND snapshot_date = '2026-04-18' LIMIT 1));
INSERT INTO ingredient (canonical_id, primary_name, ingredient_class, cas_number, category, is_natural) VALUES ('CAS_80_05_7', '4,4''-Isopropylidenediphenol', 'substance', '80-05-7', 'cosmetic', 0) ON CONFLICT(canonical_id) DO NOTHING;
INSERT INTO ingredient_alias (canonical_id, alias, alias_normalized, alias_type, language_code, confidence, source) VALUES ('CAS_80_05_7', '4,4''-Isopropylidenediphenol', '4,4''-isopropylidenediphenol', 'synonym', 'en', 1.0, 'HC-Hotlist') ON CONFLICT(alias_normalized, alias_type, COALESCE(language_code, '')) DO NOTHING;
INSERT INTO ingredient_alias (canonical_id, alias, alias_normalized, alias_type, language_code, confidence, source) VALUES ('CAS_80_05_7', '80-05-7', '80-05-7', 'cas', NULL, 1.0, 'HC-Hotlist') ON CONFLICT(alias_normalized, alias_type, COALESCE(language_code, '')) DO NOTHING;
INSERT OR IGNORE INTO regulatory_fact (canonical_id, jurisdiction, fact_type, status, regulation_ref, product_category, evidence_id) VALUES ('CAS_80_05_7', 'CA_HC', 'prohibited', 'Prohibited in cosmetic products (Health Canada Hotlist)', 'Health Canada Cosmetic Ingredient Hotlist', 'cosmetic', (SELECT id FROM fact_evidence WHERE source_url = 'https://www.canada.ca/en/health-canada/services/consumer-product-safety/cosmetics/cosmetic-ingredient-hotlist-prohibited-restricted-ingredients.html' AND snapshot_date = '2026-04-18' LIMIT 1));
INSERT INTO ingredient (canonical_id, primary_name, ingredient_class, cas_number, category, is_natural) VALUES ('CAS_17874_34_9', '4,6-Dimethyl-8- tert -butylcoumarin', 'substance', '17874-34-9', 'cosmetic', 0) ON CONFLICT(canonical_id) DO NOTHING;
INSERT INTO ingredient_alias (canonical_id, alias, alias_normalized, alias_type, language_code, confidence, source) VALUES ('CAS_17874_34_9', '4,6-Dimethyl-8- tert -butylcoumarin', '4,6-dimethyl-8- tert -butylcoumarin', 'synonym', 'en', 1.0, 'HC-Hotlist') ON CONFLICT(alias_normalized, alias_type, COALESCE(language_code, '')) DO NOTHING;
INSERT INTO ingredient_alias (canonical_id, alias, alias_normalized, alias_type, language_code, confidence, source) VALUES ('CAS_17874_34_9', '17874-34-9', '17874-34-9', 'cas', NULL, 1.0, 'HC-Hotlist') ON CONFLICT(alias_normalized, alias_type, COALESCE(language_code, '')) DO NOTHING;
INSERT OR IGNORE INTO regulatory_fact (canonical_id, jurisdiction, fact_type, status, regulation_ref, product_category, evidence_id) VALUES ('CAS_17874_34_9', 'CA_HC', 'prohibited', 'Prohibited in cosmetic products (Health Canada Hotlist)', 'Health Canada Cosmetic Ingredient Hotlist', 'cosmetic', (SELECT id FROM fact_evidence WHERE source_url = 'https://www.canada.ca/en/health-canada/services/consumer-product-safety/cosmetics/cosmetic-ingredient-hotlist-prohibited-restricted-ingredients.html' AND snapshot_date = '2026-04-18' LIMIT 1));
INSERT INTO ingredient (canonical_id, primary_name, ingredient_class, cas_number, category, is_natural) VALUES ('CAS_119_34_6', '4-Amino-2-nitrophenol', 'substance', '119-34-6', 'cosmetic', 0) ON CONFLICT(canonical_id) DO NOTHING;
INSERT INTO ingredient_alias (canonical_id, alias, alias_normalized, alias_type, language_code, confidence, source) VALUES ('CAS_119_34_6', '4-Amino-2-nitrophenol', '4-amino-2-nitrophenol', 'synonym', 'en', 1.0, 'HC-Hotlist') ON CONFLICT(alias_normalized, alias_type, COALESCE(language_code, '')) DO NOTHING;
INSERT INTO ingredient_alias (canonical_id, alias, alias_normalized, alias_type, language_code, confidence, source) VALUES ('CAS_119_34_6', '119-34-6', '119-34-6', 'cas', NULL, 1.0, 'HC-Hotlist') ON CONFLICT(alias_normalized, alias_type, COALESCE(language_code, '')) DO NOTHING;
INSERT OR IGNORE INTO regulatory_fact (canonical_id, jurisdiction, fact_type, status, regulation_ref, product_category, evidence_id) VALUES ('CAS_119_34_6', 'CA_HC', 'prohibited', 'Prohibited in cosmetic products (Health Canada Hotlist)', 'Health Canada Cosmetic Ingredient Hotlist', 'cosmetic', (SELECT id FROM fact_evidence WHERE source_url = 'https://www.canada.ca/en/health-canada/services/consumer-product-safety/cosmetics/cosmetic-ingredient-hotlist-prohibited-restricted-ingredients.html' AND snapshot_date = '2026-04-18' LIMIT 1));
INSERT INTO ingredient (canonical_id, primary_name, ingredient_class, cas_number, category, is_natural) VALUES ('CAS_65_49_6', '4-Aminosalicylic acid and its salts', 'substance', '65-49-6', 'cosmetic', 0) ON CONFLICT(canonical_id) DO NOTHING;
INSERT INTO ingredient_alias (canonical_id, alias, alias_normalized, alias_type, language_code, confidence, source) VALUES ('CAS_65_49_6', '4-Aminosalicylic acid and its salts', '4-aminosalicylic acid and its salts', 'synonym', 'en', 1.0, 'HC-Hotlist') ON CONFLICT(alias_normalized, alias_type, COALESCE(language_code, '')) DO NOTHING;
INSERT INTO ingredient_alias (canonical_id, alias, alias_normalized, alias_type, language_code, confidence, source) VALUES ('CAS_65_49_6', '65-49-6', '65-49-6', 'cas', NULL, 1.0, 'HC-Hotlist') ON CONFLICT(alias_normalized, alias_type, COALESCE(language_code, '')) DO NOTHING;
INSERT OR IGNORE INTO regulatory_fact (canonical_id, jurisdiction, fact_type, status, regulation_ref, product_category, evidence_id) VALUES ('CAS_65_49_6', 'CA_HC', 'prohibited', 'Prohibited in cosmetic products (Health Canada Hotlist)', 'Health Canada Cosmetic Ingredient Hotlist', 'cosmetic', (SELECT id FROM fact_evidence WHERE source_url = 'https://www.canada.ca/en/health-canada/services/consumer-product-safety/cosmetics/cosmetic-ingredient-hotlist-prohibited-restricted-ingredients.html' AND snapshot_date = '2026-04-18' LIMIT 1));
INSERT INTO ingredient (canonical_id, primary_name, ingredient_class, cas_number, category, is_natural) VALUES ('CAS_103_16_2', '4-Benzyloxyphenol', 'substance', '103-16-2', 'cosmetic', 0) ON CONFLICT(canonical_id) DO NOTHING;
INSERT INTO ingredient_alias (canonical_id, alias, alias_normalized, alias_type, language_code, confidence, source) VALUES ('CAS_103_16_2', '4-Benzyloxyphenol', '4-benzyloxyphenol', 'synonym', 'en', 1.0, 'HC-Hotlist') ON CONFLICT(alias_normalized, alias_type, COALESCE(language_code, '')) DO NOTHING;
INSERT INTO ingredient_alias (canonical_id, alias, alias_normalized, alias_type, language_code, confidence, source) VALUES ('CAS_103_16_2', '103-16-2', '103-16-2', 'cas', NULL, 1.0, 'HC-Hotlist') ON CONFLICT(alias_normalized, alias_type, COALESCE(language_code, '')) DO NOTHING;
INSERT OR IGNORE INTO regulatory_fact (canonical_id, jurisdiction, fact_type, status, regulation_ref, product_category, evidence_id) VALUES ('CAS_103_16_2', 'CA_HC', 'prohibited', 'Prohibited in cosmetic products (Health Canada Hotlist)', 'Health Canada Cosmetic Ingredient Hotlist', 'cosmetic', (SELECT id FROM fact_evidence WHERE source_url = 'https://www.canada.ca/en/health-canada/services/consumer-product-safety/cosmetics/cosmetic-ingredient-hotlist-prohibited-restricted-ingredients.html' AND snapshot_date = '2026-04-18' LIMIT 1));
INSERT INTO ingredient (canonical_id, primary_name, ingredient_class, cas_number, category, is_natural) VALUES ('CAS_5862_77_1', '4-Ethoxy-m-phenylenediamine and its salts', 'substance', '5862-77-1', 'cosmetic', 0) ON CONFLICT(canonical_id) DO NOTHING;
INSERT INTO ingredient_alias (canonical_id, alias, alias_normalized, alias_type, language_code, confidence, source) VALUES ('CAS_5862_77_1', '4-Ethoxy-m-phenylenediamine and its salts', '4-ethoxy-m-phenylenediamine and its salts', 'synonym', 'en', 1.0, 'HC-Hotlist') ON CONFLICT(alias_normalized, alias_type, COALESCE(language_code, '')) DO NOTHING;
INSERT INTO ingredient_alias (canonical_id, alias, alias_normalized, alias_type, language_code, confidence, source) VALUES ('CAS_5862_77_1', '5862-77-1', '5862-77-1', 'cas', NULL, 1.0, 'HC-Hotlist') ON CONFLICT(alias_normalized, alias_type, COALESCE(language_code, '')) DO NOTHING;
INSERT OR IGNORE INTO regulatory_fact (canonical_id, jurisdiction, fact_type, status, regulation_ref, product_category, evidence_id) VALUES ('CAS_5862_77_1', 'CA_HC', 'prohibited', 'Prohibited in cosmetic products (Health Canada Hotlist)', 'Health Canada Cosmetic Ingredient Hotlist', 'cosmetic', (SELECT id FROM fact_evidence WHERE source_url = 'https://www.canada.ca/en/health-canada/services/consumer-product-safety/cosmetics/cosmetic-ingredient-hotlist-prohibited-restricted-ingredients.html' AND snapshot_date = '2026-04-18' LIMIT 1));
INSERT INTO ingredient (canonical_id, primary_name, ingredient_class, cas_number, category, is_natural) VALUES ('CAS_622_62_8', '4-Ethoxyphenol', 'substance', '622-62-8', 'cosmetic', 0) ON CONFLICT(canonical_id) DO NOTHING;
INSERT INTO ingredient_alias (canonical_id, alias, alias_normalized, alias_type, language_code, confidence, source) VALUES ('CAS_622_62_8', '4-Ethoxyphenol', '4-ethoxyphenol', 'synonym', 'en', 1.0, 'HC-Hotlist') ON CONFLICT(alias_normalized, alias_type, COALESCE(language_code, '')) DO NOTHING;
INSERT INTO ingredient_alias (canonical_id, alias, alias_normalized, alias_type, language_code, confidence, source) VALUES ('CAS_622_62_8', '622-62-8', '622-62-8', 'cas', NULL, 1.0, 'HC-Hotlist') ON CONFLICT(alias_normalized, alias_type, COALESCE(language_code, '')) DO NOTHING;
INSERT OR IGNORE INTO regulatory_fact (canonical_id, jurisdiction, fact_type, status, regulation_ref, product_category, evidence_id) VALUES ('CAS_622_62_8', 'CA_HC', 'prohibited', 'Prohibited in cosmetic products (Health Canada Hotlist)', 'Health Canada Cosmetic Ingredient Hotlist', 'cosmetic', (SELECT id FROM fact_evidence WHERE source_url = 'https://www.canada.ca/en/health-canada/services/consumer-product-safety/cosmetics/cosmetic-ingredient-hotlist-prohibited-restricted-ingredients.html' AND snapshot_date = '2026-04-18' LIMIT 1));
INSERT OR IGNORE INTO regulatory_fact (canonical_id, jurisdiction, fact_type, status, regulation_ref, product_category, evidence_id) VALUES ('CAS_615_05_4', 'CA_HC', 'prohibited', 'Prohibited in cosmetic products (Health Canada Hotlist)', 'Health Canada Cosmetic Ingredient Hotlist', 'cosmetic', (SELECT id FROM fact_evidence WHERE source_url = 'https://www.canada.ca/en/health-canada/services/consumer-product-safety/cosmetics/cosmetic-ingredient-hotlist-prohibited-restricted-ingredients.html' AND snapshot_date = '2026-04-18' LIMIT 1));
INSERT INTO ingredient (canonical_id, primary_name, ingredient_class, cas_number, category, is_natural) VALUES ('CAS_614_94_8', '4-Methoxy-m-phenylenediamine-HCl', 'substance', '614-94-8', 'cosmetic', 0) ON CONFLICT(canonical_id) DO NOTHING;
INSERT INTO ingredient_alias (canonical_id, alias, alias_normalized, alias_type, language_code, confidence, source) VALUES ('CAS_614_94_8', '4-Methoxy-m-phenylenediamine-HCl', '4-methoxy-m-phenylenediamine-hcl', 'synonym', 'en', 1.0, 'HC-Hotlist') ON CONFLICT(alias_normalized, alias_type, COALESCE(language_code, '')) DO NOTHING;
INSERT INTO ingredient_alias (canonical_id, alias, alias_normalized, alias_type, language_code, confidence, source) VALUES ('CAS_614_94_8', '614-94-8', '614-94-8', 'cas', NULL, 1.0, 'HC-Hotlist') ON CONFLICT(alias_normalized, alias_type, COALESCE(language_code, '')) DO NOTHING;
INSERT OR IGNORE INTO regulatory_fact (canonical_id, jurisdiction, fact_type, status, regulation_ref, product_category, evidence_id) VALUES ('CAS_614_94_8', 'CA_HC', 'prohibited', 'Prohibited in cosmetic products (Health Canada Hotlist)', 'Health Canada Cosmetic Ingredient Hotlist', 'cosmetic', (SELECT id FROM fact_evidence WHERE source_url = 'https://www.canada.ca/en/health-canada/services/consumer-product-safety/cosmetics/cosmetic-ingredient-hotlist-prohibited-restricted-ingredients.html' AND snapshot_date = '2026-04-18' LIMIT 1));
INSERT INTO ingredient (canonical_id, primary_name, ingredient_class, cas_number, category, is_natural) VALUES ('CAS_95_80_7', '4-Methyl-m-phenylenediamine and its salts', 'substance', '95-80-7', 'cosmetic', 0) ON CONFLICT(canonical_id) DO NOTHING;
INSERT INTO ingredient_alias (canonical_id, alias, alias_normalized, alias_type, language_code, confidence, source) VALUES ('CAS_95_80_7', '4-Methyl-m-phenylenediamine and its salts', '4-methyl-m-phenylenediamine and its salts', 'synonym', 'en', 1.0, 'HC-Hotlist') ON CONFLICT(alias_normalized, alias_type, COALESCE(language_code, '')) DO NOTHING;
INSERT INTO ingredient_alias (canonical_id, alias, alias_normalized, alias_type, language_code, confidence, source) VALUES ('CAS_95_80_7', '95-80-7', '95-80-7', 'cas', NULL, 1.0, 'HC-Hotlist') ON CONFLICT(alias_normalized, alias_type, COALESCE(language_code, '')) DO NOTHING;
INSERT OR IGNORE INTO regulatory_fact (canonical_id, jurisdiction, fact_type, status, regulation_ref, product_category, evidence_id) VALUES ('CAS_95_80_7', 'CA_HC', 'prohibited', 'Prohibited in cosmetic products (Health Canada Hotlist)', 'Health Canada Cosmetic Ingredient Hotlist', 'cosmetic', (SELECT id FROM fact_evidence WHERE source_url = 'https://www.canada.ca/en/health-canada/services/consumer-product-safety/cosmetics/cosmetic-ingredient-hotlist-prohibited-restricted-ingredients.html' AND snapshot_date = '2026-04-18' LIMIT 1));
INSERT INTO ingredient (canonical_id, primary_name, ingredient_class, cas_number, category, is_natural) VALUES ('CAS_98_54_4', '4- tert -Butylphenol', 'substance', '98-54-4', 'cosmetic', 0) ON CONFLICT(canonical_id) DO NOTHING;
INSERT INTO ingredient_alias (canonical_id, alias, alias_normalized, alias_type, language_code, confidence, source) VALUES ('CAS_98_54_4', '4- tert -Butylphenol', '4- tert -butylphenol', 'synonym', 'en', 1.0, 'HC-Hotlist') ON CONFLICT(alias_normalized, alias_type, COALESCE(language_code, '')) DO NOTHING;
INSERT INTO ingredient_alias (canonical_id, alias, alias_normalized, alias_type, language_code, confidence, source) VALUES ('CAS_98_54_4', '98-54-4', '98-54-4', 'cas', NULL, 1.0, 'HC-Hotlist') ON CONFLICT(alias_normalized, alias_type, COALESCE(language_code, '')) DO NOTHING;
INSERT OR IGNORE INTO regulatory_fact (canonical_id, jurisdiction, fact_type, status, regulation_ref, product_category, evidence_id) VALUES ('CAS_98_54_4', 'CA_HC', 'prohibited', 'Prohibited in cosmetic products (Health Canada Hotlist)', 'Health Canada Cosmetic Ingredient Hotlist', 'cosmetic', (SELECT id FROM fact_evidence WHERE source_url = 'https://www.canada.ca/en/health-canada/services/consumer-product-safety/cosmetics/cosmetic-ingredient-hotlist-prohibited-restricted-ingredients.html' AND snapshot_date = '2026-04-18' LIMIT 1));
INSERT INTO ingredient (canonical_id, primary_name, ingredient_class, cas_number, category, is_natural) VALUES ('CAS_98_29_3', '4- tert -Butylpyrocatechol', 'substance', '98-29-3', 'cosmetic', 0) ON CONFLICT(canonical_id) DO NOTHING;
INSERT INTO ingredient_alias (canonical_id, alias, alias_normalized, alias_type, language_code, confidence, source) VALUES ('CAS_98_29_3', '4- tert -Butylpyrocatechol', '4- tert -butylpyrocatechol', 'synonym', 'en', 1.0, 'HC-Hotlist') ON CONFLICT(alias_normalized, alias_type, COALESCE(language_code, '')) DO NOTHING;
INSERT INTO ingredient_alias (canonical_id, alias, alias_normalized, alias_type, language_code, confidence, source) VALUES ('CAS_98_29_3', '98-29-3', '98-29-3', 'cas', NULL, 1.0, 'HC-Hotlist') ON CONFLICT(alias_normalized, alias_type, COALESCE(language_code, '')) DO NOTHING;
INSERT OR IGNORE INTO regulatory_fact (canonical_id, jurisdiction, fact_type, status, regulation_ref, product_category, evidence_id) VALUES ('CAS_98_29_3', 'CA_HC', 'prohibited', 'Prohibited in cosmetic products (Health Canada Hotlist)', 'Health Canada Cosmetic Ingredient Hotlist', 'cosmetic', (SELECT id FROM fact_evidence WHERE source_url = 'https://www.canada.ca/en/health-canada/services/consumer-product-safety/cosmetics/cosmetic-ingredient-hotlist-prohibited-restricted-ingredients.html' AND snapshot_date = '2026-04-18' LIMIT 1));
INSERT INTO ingredient (canonical_id, primary_name, ingredient_class, cas_number, category, is_natural) VALUES ('CAS_511_75_1', '5- (α, β-Dibromophenethyl)-5-methylhydantoin', 'substance', '511-75-1', 'cosmetic', 0) ON CONFLICT(canonical_id) DO NOTHING;
INSERT INTO ingredient_alias (canonical_id, alias, alias_normalized, alias_type, language_code, confidence, source) VALUES ('CAS_511_75_1', '5- (α, β-Dibromophenethyl)-5-methylhydantoin', '5- (α, β-dibromophenethyl)-5-methylhydantoin', 'synonym', 'en', 1.0, 'HC-Hotlist') ON CONFLICT(alias_normalized, alias_type, COALESCE(language_code, '')) DO NOTHING;
INSERT INTO ingredient_alias (canonical_id, alias, alias_normalized, alias_type, language_code, confidence, source) VALUES ('CAS_511_75_1', '511-75-1', '511-75-1', 'cas', NULL, 1.0, 'HC-Hotlist') ON CONFLICT(alias_normalized, alias_type, COALESCE(language_code, '')) DO NOTHING;
INSERT OR IGNORE INTO regulatory_fact (canonical_id, jurisdiction, fact_type, status, regulation_ref, product_category, evidence_id) VALUES ('CAS_511_75_1', 'CA_HC', 'prohibited', 'Prohibited in cosmetic products (Health Canada Hotlist)', 'Health Canada Cosmetic Ingredient Hotlist', 'cosmetic', (SELECT id FROM fact_evidence WHERE source_url = 'https://www.canada.ca/en/health-canada/services/consumer-product-safety/cosmetics/cosmetic-ingredient-hotlist-prohibited-restricted-ingredients.html' AND snapshot_date = '2026-04-18' LIMIT 1));
INSERT INTO ingredient (canonical_id, primary_name, ingredient_class, cas_number, category, is_natural) VALUES ('CAS_552_22_7', '5,5''-Diisopropyl-2,2''-dimethylbiphenyl-4,4''-diyl dihypoiodite', 'substance', '552-22-7', 'cosmetic', 0) ON CONFLICT(canonical_id) DO NOTHING;
INSERT INTO ingredient_alias (canonical_id, alias, alias_normalized, alias_type, language_code, confidence, source) VALUES ('CAS_552_22_7', '5,5''-Diisopropyl-2,2''-dimethylbiphenyl-4,4''-diyl dihypoiodite', '5,5''-diisopropyl-2,2''-dimethylbiphenyl-4,4''-diyl dihypoiodite', 'synonym', 'en', 1.0, 'HC-Hotlist') ON CONFLICT(alias_normalized, alias_type, COALESCE(language_code, '')) DO NOTHING;
INSERT INTO ingredient_alias (canonical_id, alias, alias_normalized, alias_type, language_code, confidence, source) VALUES ('CAS_552_22_7', '552-22-7', '552-22-7', 'cas', NULL, 1.0, 'HC-Hotlist') ON CONFLICT(alias_normalized, alias_type, COALESCE(language_code, '')) DO NOTHING;
INSERT OR IGNORE INTO regulatory_fact (canonical_id, jurisdiction, fact_type, status, regulation_ref, product_category, evidence_id) VALUES ('CAS_552_22_7', 'CA_HC', 'prohibited', 'Prohibited in cosmetic products (Health Canada Hotlist)', 'Health Canada Cosmetic Ingredient Hotlist', 'cosmetic', (SELECT id FROM fact_evidence WHERE source_url = 'https://www.canada.ca/en/health-canada/services/consumer-product-safety/cosmetics/cosmetic-ingredient-hotlist-prohibited-restricted-ingredients.html' AND snapshot_date = '2026-04-18' LIMIT 1));
INSERT INTO ingredient (canonical_id, primary_name, ingredient_class, cas_number, category, is_natural) VALUES ('CAS_3254_93_1', '5,5-Diphenyl-4-imidazolidone', 'substance', '3254-93-1', 'cosmetic', 0) ON CONFLICT(canonical_id) DO NOTHING;
INSERT INTO ingredient_alias (canonical_id, alias, alias_normalized, alias_type, language_code, confidence, source) VALUES ('CAS_3254_93_1', '5,5-Diphenyl-4-imidazolidone', '5,5-diphenyl-4-imidazolidone', 'synonym', 'en', 1.0, 'HC-Hotlist') ON CONFLICT(alias_normalized, alias_type, COALESCE(language_code, '')) DO NOTHING;
INSERT INTO ingredient_alias (canonical_id, alias, alias_normalized, alias_type, language_code, confidence, source) VALUES ('CAS_3254_93_1', '3254-93-1', '3254-93-1', 'cas', NULL, 1.0, 'HC-Hotlist') ON CONFLICT(alias_normalized, alias_type, COALESCE(language_code, '')) DO NOTHING;
INSERT OR IGNORE INTO regulatory_fact (canonical_id, jurisdiction, fact_type, status, regulation_ref, product_category, evidence_id) VALUES ('CAS_3254_93_1', 'CA_HC', 'prohibited', 'Prohibited in cosmetic products (Health Canada Hotlist)', 'Health Canada Cosmetic Ingredient Hotlist', 'cosmetic', (SELECT id FROM fact_evidence WHERE source_url = 'https://www.canada.ca/en/health-canada/services/consumer-product-safety/cosmetics/cosmetic-ingredient-hotlist-prohibited-restricted-ingredients.html' AND snapshot_date = '2026-04-18' LIMIT 1));
INSERT INTO ingredient (canonical_id, primary_name, ingredient_class, cas_number, category, is_natural) VALUES ('CAS_13706_86_0', '5-Methyl-2,3-hexanedione', 'substance', '13706-86-0', 'cosmetic', 0) ON CONFLICT(canonical_id) DO NOTHING;
INSERT INTO ingredient_alias (canonical_id, alias, alias_normalized, alias_type, language_code, confidence, source) VALUES ('CAS_13706_86_0', '5-Methyl-2,3-hexanedione', '5-methyl-2,3-hexanedione', 'synonym', 'en', 1.0, 'HC-Hotlist') ON CONFLICT(alias_normalized, alias_type, COALESCE(language_code, '')) DO NOTHING;
INSERT INTO ingredient_alias (canonical_id, alias, alias_normalized, alias_type, language_code, confidence, source) VALUES ('CAS_13706_86_0', '13706-86-0', '13706-86-0', 'cas', NULL, 1.0, 'HC-Hotlist') ON CONFLICT(alias_normalized, alias_type, COALESCE(language_code, '')) DO NOTHING;
INSERT OR IGNORE INTO regulatory_fact (canonical_id, jurisdiction, fact_type, status, regulation_ref, product_category, evidence_id) VALUES ('CAS_13706_86_0', 'CA_HC', 'prohibited', 'Prohibited in cosmetic products (Health Canada Hotlist)', 'Health Canada Cosmetic Ingredient Hotlist', 'cosmetic', (SELECT id FROM fact_evidence WHERE source_url = 'https://www.canada.ca/en/health-canada/services/consumer-product-safety/cosmetics/cosmetic-ingredient-hotlist-prohibited-restricted-ingredients.html' AND snapshot_date = '2026-04-18' LIMIT 1));
INSERT INTO ingredient (canonical_id, primary_name, ingredient_class, cas_number, category, is_natural) VALUES ('CAS_141_10_6', '6,10-Dimethyl-3,5,9-undecatrien-2-one', 'substance', '141-10-6', 'cosmetic', 0) ON CONFLICT(canonical_id) DO NOTHING;
INSERT INTO ingredient_alias (canonical_id, alias, alias_normalized, alias_type, language_code, confidence, source) VALUES ('CAS_141_10_6', '6,10-Dimethyl-3,5,9-undecatrien-2-one', '6,10-dimethyl-3,5,9-undecatrien-2-one', 'synonym', 'en', 1.0, 'HC-Hotlist') ON CONFLICT(alias_normalized, alias_type, COALESCE(language_code, '')) DO NOTHING;
INSERT INTO ingredient_alias (canonical_id, alias, alias_normalized, alias_type, language_code, confidence, source) VALUES ('CAS_141_10_6', '141-10-6', '141-10-6', 'cas', NULL, 1.0, 'HC-Hotlist') ON CONFLICT(alias_normalized, alias_type, COALESCE(language_code, '')) DO NOTHING;
INSERT OR IGNORE INTO regulatory_fact (canonical_id, jurisdiction, fact_type, status, regulation_ref, product_category, evidence_id) VALUES ('CAS_141_10_6', 'CA_HC', 'prohibited', 'Prohibited in cosmetic products (Health Canada Hotlist)', 'Health Canada Cosmetic Ingredient Hotlist', 'cosmetic', (SELECT id FROM fact_evidence WHERE source_url = 'https://www.canada.ca/en/health-canada/services/consumer-product-safety/cosmetics/cosmetic-ingredient-hotlist-prohibited-restricted-ingredients.html' AND snapshot_date = '2026-04-18' LIMIT 1));
INSERT INTO ingredient (canonical_id, primary_name, ingredient_class, cas_number, category, is_natural) VALUES ('CAS_34131_99_2', '6-Isopropyl-2-decahydronaphthalenol', 'substance', '34131-99-2', 'cosmetic', 0) ON CONFLICT(canonical_id) DO NOTHING;
INSERT INTO ingredient_alias (canonical_id, alias, alias_normalized, alias_type, language_code, confidence, source) VALUES ('CAS_34131_99_2', '6-Isopropyl-2-decahydronaphthalenol', '6-isopropyl-2-decahydronaphthalenol', 'synonym', 'en', 1.0, 'HC-Hotlist') ON CONFLICT(alias_normalized, alias_type, COALESCE(language_code, '')) DO NOTHING;
INSERT INTO ingredient_alias (canonical_id, alias, alias_normalized, alias_type, language_code, confidence, source) VALUES ('CAS_34131_99_2', '34131-99-2', '34131-99-2', 'cas', NULL, 1.0, 'HC-Hotlist') ON CONFLICT(alias_normalized, alias_type, COALESCE(language_code, '')) DO NOTHING;
INSERT OR IGNORE INTO regulatory_fact (canonical_id, jurisdiction, fact_type, status, regulation_ref, product_category, evidence_id) VALUES ('CAS_34131_99_2', 'CA_HC', 'prohibited', 'Prohibited in cosmetic products (Health Canada Hotlist)', 'Health Canada Cosmetic Ingredient Hotlist', 'cosmetic', (SELECT id FROM fact_evidence WHERE source_url = 'https://www.canada.ca/en/health-canada/services/consumer-product-safety/cosmetics/cosmetic-ingredient-hotlist-prohibited-restricted-ingredients.html' AND snapshot_date = '2026-04-18' LIMIT 1));
INSERT INTO ingredient (canonical_id, primary_name, ingredient_class, cas_number, category, is_natural) VALUES ('CAS_531_59_9', '7-Methoxycoumarin', 'substance', '531-59-9', 'cosmetic', 0) ON CONFLICT(canonical_id) DO NOTHING;
INSERT INTO ingredient_alias (canonical_id, alias, alias_normalized, alias_type, language_code, confidence, source) VALUES ('CAS_531_59_9', '7-Methoxycoumarin', '7-methoxycoumarin', 'synonym', 'en', 1.0, 'HC-Hotlist') ON CONFLICT(alias_normalized, alias_type, COALESCE(language_code, '')) DO NOTHING;
INSERT INTO ingredient_alias (canonical_id, alias, alias_normalized, alias_type, language_code, confidence, source) VALUES ('CAS_531_59_9', '531-59-9', '531-59-9', 'cas', NULL, 1.0, 'HC-Hotlist') ON CONFLICT(alias_normalized, alias_type, COALESCE(language_code, '')) DO NOTHING;
INSERT OR IGNORE INTO regulatory_fact (canonical_id, jurisdiction, fact_type, status, regulation_ref, product_category, evidence_id) VALUES ('CAS_531_59_9', 'CA_HC', 'prohibited', 'Prohibited in cosmetic products (Health Canada Hotlist)', 'Health Canada Cosmetic Ingredient Hotlist', 'cosmetic', (SELECT id FROM fact_evidence WHERE source_url = 'https://www.canada.ca/en/health-canada/services/consumer-product-safety/cosmetics/cosmetic-ingredient-hotlist-prohibited-restricted-ingredients.html' AND snapshot_date = '2026-04-18' LIMIT 1));
INSERT INTO ingredient (canonical_id, primary_name, ingredient_class, cas_number, category, is_natural) VALUES ('CAS_152_72_7', 'Acenocoumarol', 'substance', '152-72-7', 'cosmetic', 0) ON CONFLICT(canonical_id) DO NOTHING;
INSERT INTO ingredient_alias (canonical_id, alias, alias_normalized, alias_type, language_code, confidence, source) VALUES ('CAS_152_72_7', 'Acenocoumarol', 'acenocoumarol', 'synonym', 'en', 1.0, 'HC-Hotlist') ON CONFLICT(alias_normalized, alias_type, COALESCE(language_code, '')) DO NOTHING;
INSERT INTO ingredient_alias (canonical_id, alias, alias_normalized, alias_type, language_code, confidence, source) VALUES ('CAS_152_72_7', '152-72-7', '152-72-7', 'cas', NULL, 1.0, 'HC-Hotlist') ON CONFLICT(alias_normalized, alias_type, COALESCE(language_code, '')) DO NOTHING;
INSERT OR IGNORE INTO regulatory_fact (canonical_id, jurisdiction, fact_type, status, regulation_ref, product_category, evidence_id) VALUES ('CAS_152_72_7', 'CA_HC', 'prohibited', 'Prohibited in cosmetic products (Health Canada Hotlist)', 'Health Canada Cosmetic Ingredient Hotlist', 'cosmetic', (SELECT id FROM fact_evidence WHERE source_url = 'https://www.canada.ca/en/health-canada/services/consumer-product-safety/cosmetics/cosmetic-ingredient-hotlist-prohibited-restricted-ingredients.html' AND snapshot_date = '2026-04-18' LIMIT 1));
INSERT INTO ingredient (canonical_id, primary_name, ingredient_class, cas_number, category, is_natural) VALUES ('CAS_75_05_8', 'Acetonitrile', 'substance', '75-05-8', 'cosmetic', 0) ON CONFLICT(canonical_id) DO NOTHING;
INSERT INTO ingredient_alias (canonical_id, alias, alias_normalized, alias_type, language_code, confidence, source) VALUES ('CAS_75_05_8', 'Acetonitrile', 'acetonitrile', 'synonym', 'en', 1.0, 'HC-Hotlist') ON CONFLICT(alias_normalized, alias_type, COALESCE(language_code, '')) DO NOTHING;
INSERT INTO ingredient_alias (canonical_id, alias, alias_normalized, alias_type, language_code, confidence, source) VALUES ('CAS_75_05_8', '75-05-8', '75-05-8', 'cas', NULL, 1.0, 'HC-Hotlist') ON CONFLICT(alias_normalized, alias_type, COALESCE(language_code, '')) DO NOTHING;
INSERT OR IGNORE INTO regulatory_fact (canonical_id, jurisdiction, fact_type, status, regulation_ref, product_category, evidence_id) VALUES ('CAS_75_05_8', 'CA_HC', 'prohibited', 'Prohibited in cosmetic products (Health Canada Hotlist)', 'Health Canada Cosmetic Ingredient Hotlist', 'cosmetic', (SELECT id FROM fact_evidence WHERE source_url = 'https://www.canada.ca/en/health-canada/services/consumer-product-safety/cosmetics/cosmetic-ingredient-hotlist-prohibited-restricted-ingredients.html' AND snapshot_date = '2026-04-18' LIMIT 1));
INSERT INTO ingredient (canonical_id, primary_name, ingredient_class, cas_number, category, is_natural) VALUES ('CAS_51_84_3', 'Acetylcholine and its salts', 'substance', '51-84-3', 'cosmetic', 0) ON CONFLICT(canonical_id) DO NOTHING;
INSERT INTO ingredient_alias (canonical_id, alias, alias_normalized, alias_type, language_code, confidence, source) VALUES ('CAS_51_84_3', 'Acetylcholine and its salts', 'acetylcholine and its salts', 'synonym', 'en', 1.0, 'HC-Hotlist') ON CONFLICT(alias_normalized, alias_type, COALESCE(language_code, '')) DO NOTHING;
INSERT INTO ingredient_alias (canonical_id, alias, alias_normalized, alias_type, language_code, confidence, source) VALUES ('CAS_51_84_3', '51-84-3', '51-84-3', 'cas', NULL, 1.0, 'HC-Hotlist') ON CONFLICT(alias_normalized, alias_type, COALESCE(language_code, '')) DO NOTHING;
INSERT OR IGNORE INTO regulatory_fact (canonical_id, jurisdiction, fact_type, status, regulation_ref, product_category, evidence_id) VALUES ('CAS_51_84_3', 'CA_HC', 'prohibited', 'Prohibited in cosmetic products (Health Canada Hotlist)', 'Health Canada Cosmetic Ingredient Hotlist', 'cosmetic', (SELECT id FROM fact_evidence WHERE source_url = 'https://www.canada.ca/en/health-canada/services/consumer-product-safety/cosmetics/cosmetic-ingredient-hotlist-prohibited-restricted-ingredients.html' AND snapshot_date = '2026-04-18' LIMIT 1));
INSERT INTO ingredient (canonical_id, primary_name, ingredient_class, cas_number, category, is_natural) VALUES ('CAS_50_78_2', 'Acetylsalicylic acid', 'substance', '50-78-2', 'cosmetic', 0) ON CONFLICT(canonical_id) DO NOTHING;
INSERT INTO ingredient_alias (canonical_id, alias, alias_normalized, alias_type, language_code, confidence, source) VALUES ('CAS_50_78_2', 'Acetylsalicylic acid', 'acetylsalicylic acid', 'synonym', 'en', 1.0, 'HC-Hotlist') ON CONFLICT(alias_normalized, alias_type, COALESCE(language_code, '')) DO NOTHING;
INSERT INTO ingredient_alias (canonical_id, alias, alias_normalized, alias_type, language_code, confidence, source) VALUES ('CAS_50_78_2', '50-78-2', '50-78-2', 'cas', NULL, 1.0, 'HC-Hotlist') ON CONFLICT(alias_normalized, alias_type, COALESCE(language_code, '')) DO NOTHING;
INSERT OR IGNORE INTO regulatory_fact (canonical_id, jurisdiction, fact_type, status, regulation_ref, product_category, evidence_id) VALUES ('CAS_50_78_2', 'CA_HC', 'prohibited', 'Prohibited in cosmetic products (Health Canada Hotlist)', 'Health Canada Cosmetic Ingredient Hotlist', 'cosmetic', (SELECT id FROM fact_evidence WHERE source_url = 'https://www.canada.ca/en/health-canada/services/consumer-product-safety/cosmetics/cosmetic-ingredient-hotlist-prohibited-restricted-ingredients.html' AND snapshot_date = '2026-04-18' LIMIT 1));
INSERT INTO ingredient (canonical_id, primary_name, ingredient_class, cas_number, category, is_natural) VALUES ('CAS_302_27_2', 'Aconitine and its salts', 'substance', '302-27-2', 'cosmetic', 0) ON CONFLICT(canonical_id) DO NOTHING;
INSERT INTO ingredient_alias (canonical_id, alias, alias_normalized, alias_type, language_code, confidence, source) VALUES ('CAS_302_27_2', 'Aconitine and its salts', 'aconitine and its salts', 'synonym', 'en', 1.0, 'HC-Hotlist') ON CONFLICT(alias_normalized, alias_type, COALESCE(language_code, '')) DO NOTHING;
INSERT INTO ingredient_alias (canonical_id, alias, alias_normalized, alias_type, language_code, confidence, source) VALUES ('CAS_302_27_2', '302-27-2', '302-27-2', 'cas', NULL, 1.0, 'HC-Hotlist') ON CONFLICT(alias_normalized, alias_type, COALESCE(language_code, '')) DO NOTHING;
INSERT OR IGNORE INTO regulatory_fact (canonical_id, jurisdiction, fact_type, status, regulation_ref, product_category, evidence_id) VALUES ('CAS_302_27_2', 'CA_HC', 'prohibited', 'Prohibited in cosmetic products (Health Canada Hotlist)', 'Health Canada Cosmetic Ingredient Hotlist', 'cosmetic', (SELECT id FROM fact_evidence WHERE source_url = 'https://www.canada.ca/en/health-canada/services/consumer-product-safety/cosmetics/cosmetic-ingredient-hotlist-prohibited-restricted-ingredients.html' AND snapshot_date = '2026-04-18' LIMIT 1));
INSERT INTO ingredient (canonical_id, primary_name, ingredient_class, cas_number, category, is_natural) VALUES ('NAME_aconitum_napellus_l_leaves_roots_and_galenical_preparations', 'Aconitum napellus L . leaves, roots and galenical preparations', 'substance', NULL, 'cosmetic', 0) ON CONFLICT(canonical_id) DO NOTHING;
INSERT INTO ingredient_alias (canonical_id, alias, alias_normalized, alias_type, language_code, confidence, source) VALUES ('NAME_aconitum_napellus_l_leaves_roots_and_galenical_preparations', 'Aconitum napellus L . leaves, roots and galenical preparations', 'aconitum napellus l . leaves, roots and galenical preparations', 'synonym', 'en', 1.0, 'HC-Hotlist') ON CONFLICT(alias_normalized, alias_type, COALESCE(language_code, '')) DO NOTHING;
INSERT OR IGNORE INTO regulatory_fact (canonical_id, jurisdiction, fact_type, status, regulation_ref, product_category, evidence_id) VALUES ('NAME_aconitum_napellus_l_leaves_roots_and_galenical_preparations', 'CA_HC', 'prohibited', 'Prohibited in cosmetic products (Health Canada Hotlist)', 'Health Canada Cosmetic Ingredient Hotlist', 'cosmetic', (SELECT id FROM fact_evidence WHERE source_url = 'https://www.canada.ca/en/health-canada/services/consumer-product-safety/cosmetics/cosmetic-ingredient-hotlist-prohibited-restricted-ingredients.html' AND snapshot_date = '2026-04-18' LIMIT 1));
INSERT INTO ingredient (canonical_id, primary_name, ingredient_class, cas_number, category, is_natural) VALUES ('CAS_79_06_1', 'Acrylamide monomer', 'substance', '79-06-1', 'cosmetic', 0) ON CONFLICT(canonical_id) DO NOTHING;
INSERT INTO ingredient_alias (canonical_id, alias, alias_normalized, alias_type, language_code, confidence, source) VALUES ('CAS_79_06_1', 'Acrylamide monomer', 'acrylamide monomer', 'synonym', 'en', 1.0, 'HC-Hotlist') ON CONFLICT(alias_normalized, alias_type, COALESCE(language_code, '')) DO NOTHING;
INSERT INTO ingredient_alias (canonical_id, alias, alias_normalized, alias_type, language_code, confidence, source) VALUES ('CAS_79_06_1', '79-06-1', '79-06-1', 'cas', NULL, 1.0, 'HC-Hotlist') ON CONFLICT(alias_normalized, alias_type, COALESCE(language_code, '')) DO NOTHING;
INSERT OR IGNORE INTO regulatory_fact (canonical_id, jurisdiction, fact_type, status, regulation_ref, product_category, evidence_id) VALUES ('CAS_79_06_1', 'CA_HC', 'prohibited', 'Prohibited in cosmetic products (Health Canada Hotlist)', 'Health Canada Cosmetic Ingredient Hotlist', 'cosmetic', (SELECT id FROM fact_evidence WHERE source_url = 'https://www.canada.ca/en/health-canada/services/consumer-product-safety/cosmetics/cosmetic-ingredient-hotlist-prohibited-restricted-ingredients.html' AND snapshot_date = '2026-04-18' LIMIT 1));
INSERT INTO ingredient (canonical_id, primary_name, ingredient_class, cas_number, category, is_natural) VALUES ('NAME_adonis_vernalis_l_and_its_preparations', 'Adonis vernalis L . and its preparations', 'substance', NULL, 'cosmetic', 0) ON CONFLICT(canonical_id) DO NOTHING;
INSERT INTO ingredient_alias (canonical_id, alias, alias_normalized, alias_type, language_code, confidence, source) VALUES ('NAME_adonis_vernalis_l_and_its_preparations', 'Adonis vernalis L . and its preparations', 'adonis vernalis l . and its preparations', 'synonym', 'en', 1.0, 'HC-Hotlist') ON CONFLICT(alias_normalized, alias_type, COALESCE(language_code, '')) DO NOTHING;
INSERT OR IGNORE INTO regulatory_fact (canonical_id, jurisdiction, fact_type, status, regulation_ref, product_category, evidence_id) VALUES ('NAME_adonis_vernalis_l_and_its_preparations', 'CA_HC', 'prohibited', 'Prohibited in cosmetic products (Health Canada Hotlist)', 'Health Canada Cosmetic Ingredient Hotlist', 'cosmetic', (SELECT id FROM fact_evidence WHERE source_url = 'https://www.canada.ca/en/health-canada/services/consumer-product-safety/cosmetics/cosmetic-ingredient-hotlist-prohibited-restricted-ingredients.html' AND snapshot_date = '2026-04-18' LIMIT 1));
INSERT INTO ingredient (canonical_id, primary_name, ingredient_class, cas_number, category, is_natural) VALUES ('NAME_alkali_pentacyanonitrosylferrate', 'Alkali pentacyanonitrosylferrate (2-)', 'substance', NULL, 'cosmetic', 0) ON CONFLICT(canonical_id) DO NOTHING;
INSERT INTO ingredient_alias (canonical_id, alias, alias_normalized, alias_type, language_code, confidence, source) VALUES ('NAME_alkali_pentacyanonitrosylferrate', 'Alkali pentacyanonitrosylferrate (2-)', 'alkali pentacyanonitrosylferrate (2-)', 'synonym', 'en', 1.0, 'HC-Hotlist') ON CONFLICT(alias_normalized, alias_type, COALESCE(language_code, '')) DO NOTHING;
INSERT OR IGNORE INTO regulatory_fact (canonical_id, jurisdiction, fact_type, status, regulation_ref, product_category, evidence_id) VALUES ('NAME_alkali_pentacyanonitrosylferrate', 'CA_HC', 'prohibited', 'Prohibited in cosmetic products (Health Canada Hotlist)', 'Health Canada Cosmetic Ingredient Hotlist', 'cosmetic', (SELECT id FROM fact_evidence WHERE source_url = 'https://www.canada.ca/en/health-canada/services/consumer-product-safety/cosmetics/cosmetic-ingredient-hotlist-prohibited-restricted-ingredients.html' AND snapshot_date = '2026-04-18' LIMIT 1));
INSERT INTO ingredient (canonical_id, primary_name, ingredient_class, cas_number, category, is_natural) VALUES ('NAME_alkyne_alcohols_and_their_esters_ethers_and_salts', 'Alkyne alcohols and their esters, ethers and salts', 'substance', NULL, 'cosmetic', 0) ON CONFLICT(canonical_id) DO NOTHING;
INSERT INTO ingredient_alias (canonical_id, alias, alias_normalized, alias_type, language_code, confidence, source) VALUES ('NAME_alkyne_alcohols_and_their_esters_ethers_and_salts', 'Alkyne alcohols and their esters, ethers and salts', 'alkyne alcohols and their esters, ethers and salts', 'synonym', 'en', 1.0, 'HC-Hotlist') ON CONFLICT(alias_normalized, alias_type, COALESCE(language_code, '')) DO NOTHING;
INSERT OR IGNORE INTO regulatory_fact (canonical_id, jurisdiction, fact_type, status, regulation_ref, product_category, evidence_id) VALUES ('NAME_alkyne_alcohols_and_their_esters_ethers_and_salts', 'CA_HC', 'prohibited', 'Prohibited in cosmetic products (Health Canada Hotlist)', 'Health Canada Cosmetic Ingredient Hotlist', 'cosmetic', (SELECT id FROM fact_evidence WHERE source_url = 'https://www.canada.ca/en/health-canada/services/consumer-product-safety/cosmetics/cosmetic-ingredient-hotlist-prohibited-restricted-ingredients.html' AND snapshot_date = '2026-04-18' LIMIT 1));
INSERT INTO ingredient (canonical_id, primary_name, ingredient_class, cas_number, category, is_natural) VALUES ('CAS_5486_77_1', 'Alloclamide and its salts', 'substance', '5486-77-1', 'cosmetic', 0) ON CONFLICT(canonical_id) DO NOTHING;
INSERT INTO ingredient_alias (canonical_id, alias, alias_normalized, alias_type, language_code, confidence, source) VALUES ('CAS_5486_77_1', 'Alloclamide and its salts', 'alloclamide and its salts', 'synonym', 'en', 1.0, 'HC-Hotlist') ON CONFLICT(alias_normalized, alias_type, COALESCE(language_code, '')) DO NOTHING;
INSERT INTO ingredient_alias (canonical_id, alias, alias_normalized, alias_type, language_code, confidence, source) VALUES ('CAS_5486_77_1', '5486-77-1', '5486-77-1', 'cas', NULL, 1.0, 'HC-Hotlist') ON CONFLICT(alias_normalized, alias_type, COALESCE(language_code, '')) DO NOTHING;
INSERT OR IGNORE INTO regulatory_fact (canonical_id, jurisdiction, fact_type, status, regulation_ref, product_category, evidence_id) VALUES ('CAS_5486_77_1', 'CA_HC', 'prohibited', 'Prohibited in cosmetic products (Health Canada Hotlist)', 'Health Canada Cosmetic Ingredient Hotlist', 'cosmetic', (SELECT id FROM fact_evidence WHERE source_url = 'https://www.canada.ca/en/health-canada/services/consumer-product-safety/cosmetics/cosmetic-ingredient-hotlist-prohibited-restricted-ingredients.html' AND snapshot_date = '2026-04-18' LIMIT 1));
INSERT INTO ingredient (canonical_id, primary_name, ingredient_class, cas_number, category, is_natural) VALUES ('CAS_57_06_7', 'Allyl isothiocyanate', 'substance', '57-06-7', 'cosmetic', 0) ON CONFLICT(canonical_id) DO NOTHING;
INSERT INTO ingredient_alias (canonical_id, alias, alias_normalized, alias_type, language_code, confidence, source) VALUES ('CAS_57_06_7', 'Allyl isothiocyanate', 'allyl isothiocyanate', 'synonym', 'en', 1.0, 'HC-Hotlist') ON CONFLICT(alias_normalized, alias_type, COALESCE(language_code, '')) DO NOTHING;
INSERT INTO ingredient_alias (canonical_id, alias, alias_normalized, alias_type, language_code, confidence, source) VALUES ('CAS_57_06_7', '57-06-7', '57-06-7', 'cas', NULL, 1.0, 'HC-Hotlist') ON CONFLICT(alias_normalized, alias_type, COALESCE(language_code, '')) DO NOTHING;
INSERT OR IGNORE INTO regulatory_fact (canonical_id, jurisdiction, fact_type, status, regulation_ref, product_category, evidence_id) VALUES ('CAS_57_06_7', 'CA_HC', 'prohibited', 'Prohibited in cosmetic products (Health Canada Hotlist)', 'Health Canada Cosmetic Ingredient Hotlist', 'cosmetic', (SELECT id FROM fact_evidence WHERE source_url = 'https://www.canada.ca/en/health-canada/services/consumer-product-safety/cosmetics/cosmetic-ingredient-hotlist-prohibited-restricted-ingredients.html' AND snapshot_date = '2026-04-18' LIMIT 1));
INSERT INTO ingredient (canonical_id, primary_name, ingredient_class, cas_number, category, is_natural) VALUES ('NAME_ambenonium_salts', 'Ambenonium salts', 'substance', NULL, 'cosmetic', 0) ON CONFLICT(canonical_id) DO NOTHING;
INSERT INTO ingredient_alias (canonical_id, alias, alias_normalized, alias_type, language_code, confidence, source) VALUES ('NAME_ambenonium_salts', 'Ambenonium salts', 'ambenonium salts', 'synonym', 'en', 1.0, 'HC-Hotlist') ON CONFLICT(alias_normalized, alias_type, COALESCE(language_code, '')) DO NOTHING;
INSERT OR IGNORE INTO regulatory_fact (canonical_id, jurisdiction, fact_type, status, regulation_ref, product_category, evidence_id) VALUES ('NAME_ambenonium_salts', 'CA_HC', 'prohibited', 'Prohibited in cosmetic products (Health Canada Hotlist)', 'Health Canada Cosmetic Ingredient Hotlist', 'cosmetic', (SELECT id FROM fact_evidence WHERE source_url = 'https://www.canada.ca/en/health-canada/services/consumer-product-safety/cosmetics/cosmetic-ingredient-hotlist-prohibited-restricted-ingredients.html' AND snapshot_date = '2026-04-18' LIMIT 1));
INSERT INTO ingredient (canonical_id, primary_name, ingredient_class, cas_number, category, is_natural) VALUES ('CAS_1319_82_0', 'Aminocaproic acid and its salts', 'substance', '1319-82-0', 'cosmetic', 0) ON CONFLICT(canonical_id) DO NOTHING;
INSERT INTO ingredient_alias (canonical_id, alias, alias_normalized, alias_type, language_code, confidence, source) VALUES ('CAS_1319_82_0', 'Aminocaproic acid and its salts', 'aminocaproic acid and its salts', 'synonym', 'en', 1.0, 'HC-Hotlist') ON CONFLICT(alias_normalized, alias_type, COALESCE(language_code, '')) DO NOTHING;
INSERT INTO ingredient_alias (canonical_id, alias, alias_normalized, alias_type, language_code, confidence, source) VALUES ('CAS_1319_82_0', '1319-82-0', '1319-82-0', 'cas', NULL, 1.0, 'HC-Hotlist') ON CONFLICT(alias_normalized, alias_type, COALESCE(language_code, '')) DO NOTHING;
INSERT OR IGNORE INTO regulatory_fact (canonical_id, jurisdiction, fact_type, status, regulation_ref, product_category, evidence_id) VALUES ('CAS_1319_82_0', 'CA_HC', 'prohibited', 'Prohibited in cosmetic products (Health Canada Hotlist)', 'Health Canada Cosmetic Ingredient Hotlist', 'cosmetic', (SELECT id FROM fact_evidence WHERE source_url = 'https://www.canada.ca/en/health-canada/services/consumer-product-safety/cosmetics/cosmetic-ingredient-hotlist-prohibited-restricted-ingredients.html' AND snapshot_date = '2026-04-18' LIMIT 1));
INSERT INTO ingredient (canonical_id, primary_name, ingredient_class, cas_number, category, is_natural) VALUES ('CAS_317_34_0', 'Aminophylline', 'substance', '317-34-0', 'cosmetic', 0) ON CONFLICT(canonical_id) DO NOTHING;
INSERT INTO ingredient_alias (canonical_id, alias, alias_normalized, alias_type, language_code, confidence, source) VALUES ('CAS_317_34_0', 'Aminophylline', 'aminophylline', 'synonym', 'en', 1.0, 'HC-Hotlist') ON CONFLICT(alias_normalized, alias_type, COALESCE(language_code, '')) DO NOTHING;
INSERT INTO ingredient_alias (canonical_id, alias, alias_normalized, alias_type, language_code, confidence, source) VALUES ('CAS_317_34_0', '317-34-0', '317-34-0', 'cas', NULL, 1.0, 'HC-Hotlist') ON CONFLICT(alias_normalized, alias_type, COALESCE(language_code, '')) DO NOTHING;
INSERT OR IGNORE INTO regulatory_fact (canonical_id, jurisdiction, fact_type, status, regulation_ref, product_category, evidence_id) VALUES ('CAS_317_34_0', 'CA_HC', 'prohibited', 'Prohibited in cosmetic products (Health Canada Hotlist)', 'Health Canada Cosmetic Ingredient Hotlist', 'cosmetic', (SELECT id FROM fact_evidence WHERE source_url = 'https://www.canada.ca/en/health-canada/services/consumer-product-safety/cosmetics/cosmetic-ingredient-hotlist-prohibited-restricted-ingredients.html' AND snapshot_date = '2026-04-18' LIMIT 1));
INSERT INTO ingredient (canonical_id, primary_name, ingredient_class, cas_number, category, is_natural) VALUES ('CAS_50_48_6', 'Amitriptyline and its salts', 'substance', '50-48-6', 'cosmetic', 0) ON CONFLICT(canonical_id) DO NOTHING;
INSERT INTO ingredient_alias (canonical_id, alias, alias_normalized, alias_type, language_code, confidence, source) VALUES ('CAS_50_48_6', 'Amitriptyline and its salts', 'amitriptyline and its salts', 'synonym', 'en', 1.0, 'HC-Hotlist') ON CONFLICT(alias_normalized, alias_type, COALESCE(language_code, '')) DO NOTHING;
INSERT INTO ingredient_alias (canonical_id, alias, alias_normalized, alias_type, language_code, confidence, source) VALUES ('CAS_50_48_6', '50-48-6', '50-48-6', 'cas', NULL, 1.0, 'HC-Hotlist') ON CONFLICT(alias_normalized, alias_type, COALESCE(language_code, '')) DO NOTHING;
INSERT OR IGNORE INTO regulatory_fact (canonical_id, jurisdiction, fact_type, status, regulation_ref, product_category, evidence_id) VALUES ('CAS_50_48_6', 'CA_HC', 'prohibited', 'Prohibited in cosmetic products (Health Canada Hotlist)', 'Health Canada Cosmetic Ingredient Hotlist', 'cosmetic', (SELECT id FROM fact_evidence WHERE source_url = 'https://www.canada.ca/en/health-canada/services/consumer-product-safety/cosmetics/cosmetic-ingredient-hotlist-prohibited-restricted-ingredients.html' AND snapshot_date = '2026-04-18' LIMIT 1));
INSERT INTO ingredient (canonical_id, primary_name, ingredient_class, cas_number, category, is_natural) VALUES ('NAME_ammi_majus_and_its_galenical_preparations', 'Ammi majus and its galenical preparations', 'substance', NULL, 'cosmetic', 0) ON CONFLICT(canonical_id) DO NOTHING;
INSERT INTO ingredient_alias (canonical_id, alias, alias_normalized, alias_type, language_code, confidence, source) VALUES ('NAME_ammi_majus_and_its_galenical_preparations', 'Ammi majus and its galenical preparations', 'ammi majus and its galenical preparations', 'synonym', 'en', 1.0, 'HC-Hotlist') ON CONFLICT(alias_normalized, alias_type, COALESCE(language_code, '')) DO NOTHING;
INSERT OR IGNORE INTO regulatory_fact (canonical_id, jurisdiction, fact_type, status, regulation_ref, product_category, evidence_id) VALUES ('NAME_ammi_majus_and_its_galenical_preparations', 'CA_HC', 'prohibited', 'Prohibited in cosmetic products (Health Canada Hotlist)', 'Health Canada Cosmetic Ingredient Hotlist', 'cosmetic', (SELECT id FROM fact_evidence WHERE source_url = 'https://www.canada.ca/en/health-canada/services/consumer-product-safety/cosmetics/cosmetic-ingredient-hotlist-prohibited-restricted-ingredients.html' AND snapshot_date = '2026-04-18' LIMIT 1));
INSERT INTO ingredient (canonical_id, primary_name, ingredient_class, cas_number, category, is_natural) VALUES ('CAS_963_07_5', 'Amydricaine and its salts', 'substance', '963-07-5', 'cosmetic', 0) ON CONFLICT(canonical_id) DO NOTHING;
INSERT INTO ingredient_alias (canonical_id, alias, alias_normalized, alias_type, language_code, confidence, source) VALUES ('CAS_963_07_5', 'Amydricaine and its salts', 'amydricaine and its salts', 'synonym', 'en', 1.0, 'HC-Hotlist') ON CONFLICT(alias_normalized, alias_type, COALESCE(language_code, '')) DO NOTHING;
INSERT INTO ingredient_alias (canonical_id, alias, alias_normalized, alias_type, language_code, confidence, source) VALUES ('CAS_963_07_5', '963-07-5', '963-07-5', 'cas', NULL, 1.0, 'HC-Hotlist') ON CONFLICT(alias_normalized, alias_type, COALESCE(language_code, '')) DO NOTHING;
INSERT OR IGNORE INTO regulatory_fact (canonical_id, jurisdiction, fact_type, status, regulation_ref, product_category, evidence_id) VALUES ('CAS_963_07_5', 'CA_HC', 'prohibited', 'Prohibited in cosmetic products (Health Canada Hotlist)', 'Health Canada Cosmetic Ingredient Hotlist', 'cosmetic', (SELECT id FROM fact_evidence WHERE source_url = 'https://www.canada.ca/en/health-canada/services/consumer-product-safety/cosmetics/cosmetic-ingredient-hotlist-prohibited-restricted-ingredients.html' AND snapshot_date = '2026-04-18' LIMIT 1));
INSERT INTO ingredient (canonical_id, primary_name, ingredient_class, cas_number, category, is_natural) VALUES ('CAS_644_26_8', 'Amylocaine and its salts', 'substance', '644-26-8', 'cosmetic', 0) ON CONFLICT(canonical_id) DO NOTHING;
INSERT INTO ingredient_alias (canonical_id, alias, alias_normalized, alias_type, language_code, confidence, source) VALUES ('CAS_644_26_8', 'Amylocaine and its salts', 'amylocaine and its salts', 'synonym', 'en', 1.0, 'HC-Hotlist') ON CONFLICT(alias_normalized, alias_type, COALESCE(language_code, '')) DO NOTHING;
INSERT INTO ingredient_alias (canonical_id, alias, alias_normalized, alias_type, language_code, confidence, source) VALUES ('CAS_644_26_8', '644-26-8', '644-26-8', 'cas', NULL, 1.0, 'HC-Hotlist') ON CONFLICT(alias_normalized, alias_type, COALESCE(language_code, '')) DO NOTHING;
INSERT OR IGNORE INTO regulatory_fact (canonical_id, jurisdiction, fact_type, status, regulation_ref, product_category, evidence_id) VALUES ('CAS_644_26_8', 'CA_HC', 'prohibited', 'Prohibited in cosmetic products (Health Canada Hotlist)', 'Health Canada Cosmetic Ingredient Hotlist', 'cosmetic', (SELECT id FROM fact_evidence WHERE source_url = 'https://www.canada.ca/en/health-canada/services/consumer-product-safety/cosmetics/cosmetic-ingredient-hotlist-prohibited-restricted-ingredients.html' AND snapshot_date = '2026-04-18' LIMIT 1));
INSERT INTO ingredient (canonical_id, primary_name, ingredient_class, cas_number, category, is_natural) VALUES ('NAME_anaesthetic_effects_substances_with', 'Anaesthetic effects, substances with', 'substance', NULL, 'cosmetic', 0) ON CONFLICT(canonical_id) DO NOTHING;
INSERT INTO ingredient_alias (canonical_id, alias, alias_normalized, alias_type, language_code, confidence, source) VALUES ('NAME_anaesthetic_effects_substances_with', 'Anaesthetic effects, substances with', 'anaesthetic effects, substances with', 'synonym', 'en', 1.0, 'HC-Hotlist') ON CONFLICT(alias_normalized, alias_type, COALESCE(language_code, '')) DO NOTHING;
INSERT OR IGNORE INTO regulatory_fact (canonical_id, jurisdiction, fact_type, status, regulation_ref, product_category, evidence_id) VALUES ('NAME_anaesthetic_effects_substances_with', 'CA_HC', 'prohibited', 'Prohibited in cosmetic products (Health Canada Hotlist)', 'Health Canada Cosmetic Ingredient Hotlist', 'cosmetic', (SELECT id FROM fact_evidence WHERE source_url = 'https://www.canada.ca/en/health-canada/services/consumer-product-safety/cosmetics/cosmetic-ingredient-hotlist-prohibited-restricted-ingredients.html' AND snapshot_date = '2026-04-18' LIMIT 1));
INSERT INTO ingredient (canonical_id, primary_name, ingredient_class, cas_number, category, is_natural) VALUES ('NAME_analgesics', 'Analgesics', 'substance', NULL, 'cosmetic', 0) ON CONFLICT(canonical_id) DO NOTHING;
INSERT INTO ingredient_alias (canonical_id, alias, alias_normalized, alias_type, language_code, confidence, source) VALUES ('NAME_analgesics', 'Analgesics', 'analgesics', 'synonym', 'en', 1.0, 'HC-Hotlist') ON CONFLICT(alias_normalized, alias_type, COALESCE(language_code, '')) DO NOTHING;
INSERT OR IGNORE INTO regulatory_fact (canonical_id, jurisdiction, fact_type, status, regulation_ref, product_category, evidence_id) VALUES ('NAME_analgesics', 'CA_HC', 'prohibited', 'Prohibited in cosmetic products (Health Canada Hotlist)', 'Health Canada Cosmetic Ingredient Hotlist', 'cosmetic', (SELECT id FROM fact_evidence WHERE source_url = 'https://www.canada.ca/en/health-canada/services/consumer-product-safety/cosmetics/cosmetic-ingredient-hotlist-prohibited-restricted-ingredients.html' AND snapshot_date = '2026-04-18' LIMIT 1));
INSERT INTO ingredient (canonical_id, primary_name, ingredient_class, cas_number, category, is_natural) VALUES ('NAME_anamirta_cocculus_l_fruit', 'Anamirta cocculus L . fruit', 'substance', NULL, 'cosmetic', 0) ON CONFLICT(canonical_id) DO NOTHING;
INSERT INTO ingredient_alias (canonical_id, alias, alias_normalized, alias_type, language_code, confidence, source) VALUES ('NAME_anamirta_cocculus_l_fruit', 'Anamirta cocculus L . fruit', 'anamirta cocculus l . fruit', 'synonym', 'en', 1.0, 'HC-Hotlist') ON CONFLICT(alias_normalized, alias_type, COALESCE(language_code, '')) DO NOTHING;
INSERT OR IGNORE INTO regulatory_fact (canonical_id, jurisdiction, fact_type, status, regulation_ref, product_category, evidence_id) VALUES ('NAME_anamirta_cocculus_l_fruit', 'CA_HC', 'prohibited', 'Prohibited in cosmetic products (Health Canada Hotlist)', 'Health Canada Cosmetic Ingredient Hotlist', 'cosmetic', (SELECT id FROM fact_evidence WHERE source_url = 'https://www.canada.ca/en/health-canada/services/consumer-product-safety/cosmetics/cosmetic-ingredient-hotlist-prohibited-restricted-ingredients.html' AND snapshot_date = '2026-04-18' LIMIT 1));
INSERT INTO ingredient (canonical_id, primary_name, ingredient_class, cas_number, category, is_natural) VALUES ('CAS_58_22_0', 'Androgenic effects, substances with', 'substance', '58-22-0', 'cosmetic', 0) ON CONFLICT(canonical_id) DO NOTHING;
INSERT INTO ingredient_alias (canonical_id, alias, alias_normalized, alias_type, language_code, confidence, source) VALUES ('CAS_58_22_0', 'Androgenic effects, substances with', 'androgenic effects, substances with', 'synonym', 'en', 1.0, 'HC-Hotlist') ON CONFLICT(alias_normalized, alias_type, COALESCE(language_code, '')) DO NOTHING;
INSERT INTO ingredient_alias (canonical_id, alias, alias_normalized, alias_type, language_code, confidence, source) VALUES ('CAS_58_22_0', '58-22-0', '58-22-0', 'cas', NULL, 1.0, 'HC-Hotlist') ON CONFLICT(alias_normalized, alias_type, COALESCE(language_code, '')) DO NOTHING;
INSERT OR IGNORE INTO regulatory_fact (canonical_id, jurisdiction, fact_type, status, regulation_ref, product_category, evidence_id) VALUES ('CAS_58_22_0', 'CA_HC', 'prohibited', 'Prohibited in cosmetic products (Health Canada Hotlist)', 'Health Canada Cosmetic Ingredient Hotlist', 'cosmetic', (SELECT id FROM fact_evidence WHERE source_url = 'https://www.canada.ca/en/health-canada/services/consumer-product-safety/cosmetics/cosmetic-ingredient-hotlist-prohibited-restricted-ingredients.html' AND snapshot_date = '2026-04-18' LIMIT 1));
INSERT INTO ingredient (canonical_id, primary_name, ingredient_class, cas_number, category, is_natural) VALUES ('CAS_62_53_3', 'Aniline, its salts and, its halogenated and sulfonated derivatives', 'substance', '62-53-3', 'cosmetic', 0) ON CONFLICT(canonical_id) DO NOTHING;
INSERT INTO ingredient_alias (canonical_id, alias, alias_normalized, alias_type, language_code, confidence, source) VALUES ('CAS_62_53_3', 'Aniline, its salts and, its halogenated and sulfonated derivatives', 'aniline, its salts and, its halogenated and sulfonated derivatives', 'synonym', 'en', 1.0, 'HC-Hotlist') ON CONFLICT(alias_normalized, alias_type, COALESCE(language_code, '')) DO NOTHING;
INSERT INTO ingredient_alias (canonical_id, alias, alias_normalized, alias_type, language_code, confidence, source) VALUES ('CAS_62_53_3', '62-53-3', '62-53-3', 'cas', NULL, 1.0, 'HC-Hotlist') ON CONFLICT(alias_normalized, alias_type, COALESCE(language_code, '')) DO NOTHING;
INSERT OR IGNORE INTO regulatory_fact (canonical_id, jurisdiction, fact_type, status, regulation_ref, product_category, evidence_id) VALUES ('CAS_62_53_3', 'CA_HC', 'prohibited', 'Prohibited in cosmetic products (Health Canada Hotlist)', 'Health Canada Cosmetic Ingredient Hotlist', 'cosmetic', (SELECT id FROM fact_evidence WHERE source_url = 'https://www.canada.ca/en/health-canada/services/consumer-product-safety/cosmetics/cosmetic-ingredient-hotlist-prohibited-restricted-ingredients.html' AND snapshot_date = '2026-04-18' LIMIT 1));
INSERT INTO ingredient (canonical_id, primary_name, ingredient_class, cas_number, category, is_natural) VALUES ('CAS_120_12_7', 'Anthracene oil', 'substance', '120-12-7', 'cosmetic', 0) ON CONFLICT(canonical_id) DO NOTHING;
INSERT INTO ingredient_alias (canonical_id, alias, alias_normalized, alias_type, language_code, confidence, source) VALUES ('CAS_120_12_7', 'Anthracene oil', 'anthracene oil', 'synonym', 'en', 1.0, 'HC-Hotlist') ON CONFLICT(alias_normalized, alias_type, COALESCE(language_code, '')) DO NOTHING;
INSERT INTO ingredient_alias (canonical_id, alias, alias_normalized, alias_type, language_code, confidence, source) VALUES ('CAS_120_12_7', '120-12-7', '120-12-7', 'cas', NULL, 1.0, 'HC-Hotlist') ON CONFLICT(alias_normalized, alias_type, COALESCE(language_code, '')) DO NOTHING;
INSERT OR IGNORE INTO regulatory_fact (canonical_id, jurisdiction, fact_type, status, regulation_ref, product_category, evidence_id) VALUES ('CAS_120_12_7', 'CA_HC', 'prohibited', 'Prohibited in cosmetic products (Health Canada Hotlist)', 'Health Canada Cosmetic Ingredient Hotlist', 'cosmetic', (SELECT id FROM fact_evidence WHERE source_url = 'https://www.canada.ca/en/health-canada/services/consumer-product-safety/cosmetics/cosmetic-ingredient-hotlist-prohibited-restricted-ingredients.html' AND snapshot_date = '2026-04-18' LIMIT 1));
INSERT INTO ingredient (canonical_id, primary_name, ingredient_class, cas_number, category, is_natural) VALUES ('NAME_antiandrogens_with_steroid_structure', 'Antiandrogens with steroid structure', 'substance', NULL, 'cosmetic', 0) ON CONFLICT(canonical_id) DO NOTHING;
INSERT INTO ingredient_alias (canonical_id, alias, alias_normalized, alias_type, language_code, confidence, source) VALUES ('NAME_antiandrogens_with_steroid_structure', 'Antiandrogens with steroid structure', 'antiandrogens with steroid structure', 'synonym', 'en', 1.0, 'HC-Hotlist') ON CONFLICT(alias_normalized, alias_type, COALESCE(language_code, '')) DO NOTHING;
INSERT OR IGNORE INTO regulatory_fact (canonical_id, jurisdiction, fact_type, status, regulation_ref, product_category, evidence_id) VALUES ('NAME_antiandrogens_with_steroid_structure', 'CA_HC', 'prohibited', 'Prohibited in cosmetic products (Health Canada Hotlist)', 'Health Canada Cosmetic Ingredient Hotlist', 'cosmetic', (SELECT id FROM fact_evidence WHERE source_url = 'https://www.canada.ca/en/health-canada/services/consumer-product-safety/cosmetics/cosmetic-ingredient-hotlist-prohibited-restricted-ingredients.html' AND snapshot_date = '2026-04-18' LIMIT 1));
INSERT INTO ingredient (canonical_id, primary_name, ingredient_class, cas_number, category, is_natural) VALUES ('NAME_antibiotics', 'Antibiotics', 'substance', NULL, 'cosmetic', 0) ON CONFLICT(canonical_id) DO NOTHING;
INSERT INTO ingredient_alias (canonical_id, alias, alias_normalized, alias_type, language_code, confidence, source) VALUES ('NAME_antibiotics', 'Antibiotics', 'antibiotics', 'synonym', 'en', 1.0, 'HC-Hotlist') ON CONFLICT(alias_normalized, alias_type, COALESCE(language_code, '')) DO NOTHING;
INSERT OR IGNORE INTO regulatory_fact (canonical_id, jurisdiction, fact_type, status, regulation_ref, product_category, evidence_id) VALUES ('NAME_antibiotics', 'CA_HC', 'prohibited', 'Prohibited in cosmetic products (Health Canada Hotlist)', 'Health Canada Cosmetic Ingredient Hotlist', 'cosmetic', (SELECT id FROM fact_evidence WHERE source_url = 'https://www.canada.ca/en/health-canada/services/consumer-product-safety/cosmetics/cosmetic-ingredient-hotlist-prohibited-restricted-ingredients.html' AND snapshot_date = '2026-04-18' LIMIT 1));
INSERT INTO ingredient (canonical_id, primary_name, ingredient_class, cas_number, category, is_natural) VALUES ('NAME_antihistamines', 'Antihistamines', 'substance', NULL, 'cosmetic', 0) ON CONFLICT(canonical_id) DO NOTHING;
INSERT INTO ingredient_alias (canonical_id, alias, alias_normalized, alias_type, language_code, confidence, source) VALUES ('NAME_antihistamines', 'Antihistamines', 'antihistamines', 'synonym', 'en', 1.0, 'HC-Hotlist') ON CONFLICT(alias_normalized, alias_type, COALESCE(language_code, '')) DO NOTHING;
INSERT OR IGNORE INTO regulatory_fact (canonical_id, jurisdiction, fact_type, status, regulation_ref, product_category, evidence_id) VALUES ('NAME_antihistamines', 'CA_HC', 'prohibited', 'Prohibited in cosmetic products (Health Canada Hotlist)', 'Health Canada Cosmetic Ingredient Hotlist', 'cosmetic', (SELECT id FROM fact_evidence WHERE source_url = 'https://www.canada.ca/en/health-canada/services/consumer-product-safety/cosmetics/cosmetic-ingredient-hotlist-prohibited-restricted-ingredients.html' AND snapshot_date = '2026-04-18' LIMIT 1));
INSERT INTO ingredient (canonical_id, primary_name, ingredient_class, cas_number, category, is_natural) VALUES ('CAS_7440_36_0', 'Antimony and its compounds', 'substance', '7440-36-0', 'cosmetic', 0) ON CONFLICT(canonical_id) DO NOTHING;
INSERT INTO ingredient_alias (canonical_id, alias, alias_normalized, alias_type, language_code, confidence, source) VALUES ('CAS_7440_36_0', 'Antimony and its compounds', 'antimony and its compounds', 'synonym', 'en', 1.0, 'HC-Hotlist') ON CONFLICT(alias_normalized, alias_type, COALESCE(language_code, '')) DO NOTHING;
INSERT INTO ingredient_alias (canonical_id, alias, alias_normalized, alias_type, language_code, confidence, source) VALUES ('CAS_7440_36_0', '7440-36-0', '7440-36-0', 'cas', NULL, 1.0, 'HC-Hotlist') ON CONFLICT(alias_normalized, alias_type, COALESCE(language_code, '')) DO NOTHING;
INSERT OR IGNORE INTO regulatory_fact (canonical_id, jurisdiction, fact_type, status, regulation_ref, product_category, evidence_id) VALUES ('CAS_7440_36_0', 'CA_HC', 'prohibited', 'Prohibited in cosmetic products (Health Canada Hotlist)', 'Health Canada Cosmetic Ingredient Hotlist', 'cosmetic', (SELECT id FROM fact_evidence WHERE source_url = 'https://www.canada.ca/en/health-canada/services/consumer-product-safety/cosmetics/cosmetic-ingredient-hotlist-prohibited-restricted-ingredients.html' AND snapshot_date = '2026-04-18' LIMIT 1));
INSERT INTO ingredient (canonical_id, primary_name, ingredient_class, cas_number, category, is_natural) VALUES ('NAME_apocynum_cannabinum_l_and_its_preparations', 'Apocynum cannabinum L . and its preparations', 'substance', NULL, 'cosmetic', 0) ON CONFLICT(canonical_id) DO NOTHING;
INSERT INTO ingredient_alias (canonical_id, alias, alias_normalized, alias_type, language_code, confidence, source) VALUES ('NAME_apocynum_cannabinum_l_and_its_preparations', 'Apocynum cannabinum L . and its preparations', 'apocynum cannabinum l . and its preparations', 'synonym', 'en', 1.0, 'HC-Hotlist') ON CONFLICT(alias_normalized, alias_type, COALESCE(language_code, '')) DO NOTHING;
INSERT OR IGNORE INTO regulatory_fact (canonical_id, jurisdiction, fact_type, status, regulation_ref, product_category, evidence_id) VALUES ('NAME_apocynum_cannabinum_l_and_its_preparations', 'CA_HC', 'prohibited', 'Prohibited in cosmetic products (Health Canada Hotlist)', 'Health Canada Cosmetic Ingredient Hotlist', 'cosmetic', (SELECT id FROM fact_evidence WHERE source_url = 'https://www.canada.ca/en/health-canada/services/consumer-product-safety/cosmetics/cosmetic-ingredient-hotlist-prohibited-restricted-ingredients.html' AND snapshot_date = '2026-04-18' LIMIT 1));
INSERT INTO ingredient (canonical_id, primary_name, ingredient_class, cas_number, category, is_natural) VALUES ('CAS_58_00_4', 'Apomorphine and its salts', 'substance', '58-00-4', 'cosmetic', 0) ON CONFLICT(canonical_id) DO NOTHING;
INSERT INTO ingredient_alias (canonical_id, alias, alias_normalized, alias_type, language_code, confidence, source) VALUES ('CAS_58_00_4', 'Apomorphine and its salts', 'apomorphine and its salts', 'synonym', 'en', 1.0, 'HC-Hotlist') ON CONFLICT(alias_normalized, alias_type, COALESCE(language_code, '')) DO NOTHING;
INSERT INTO ingredient_alias (canonical_id, alias, alias_normalized, alias_type, language_code, confidence, source) VALUES ('CAS_58_00_4', '58-00-4', '58-00-4', 'cas', NULL, 1.0, 'HC-Hotlist') ON CONFLICT(alias_normalized, alias_type, COALESCE(language_code, '')) DO NOTHING;
INSERT OR IGNORE INTO regulatory_fact (canonical_id, jurisdiction, fact_type, status, regulation_ref, product_category, evidence_id) VALUES ('CAS_58_00_4', 'CA_HC', 'prohibited', 'Prohibited in cosmetic products (Health Canada Hotlist)', 'Health Canada Cosmetic Ingredient Hotlist', 'cosmetic', (SELECT id FROM fact_evidence WHERE source_url = 'https://www.canada.ca/en/health-canada/services/consumer-product-safety/cosmetics/cosmetic-ingredient-hotlist-prohibited-restricted-ingredients.html' AND snapshot_date = '2026-04-18' LIMIT 1));
INSERT INTO ingredient (canonical_id, primary_name, ingredient_class, cas_number, category, is_natural) VALUES ('CAS_528_92_7', 'Apronalide', 'substance', '528-92-7', 'cosmetic', 0) ON CONFLICT(canonical_id) DO NOTHING;
INSERT INTO ingredient_alias (canonical_id, alias, alias_normalized, alias_type, language_code, confidence, source) VALUES ('CAS_528_92_7', 'Apronalide', 'apronalide', 'synonym', 'en', 1.0, 'HC-Hotlist') ON CONFLICT(alias_normalized, alias_type, COALESCE(language_code, '')) DO NOTHING;
INSERT INTO ingredient_alias (canonical_id, alias, alias_normalized, alias_type, language_code, confidence, source) VALUES ('CAS_528_92_7', '528-92-7', '528-92-7', 'cas', NULL, 1.0, 'HC-Hotlist') ON CONFLICT(alias_normalized, alias_type, COALESCE(language_code, '')) DO NOTHING;
INSERT OR IGNORE INTO regulatory_fact (canonical_id, jurisdiction, fact_type, status, regulation_ref, product_category, evidence_id) VALUES ('CAS_528_92_7', 'CA_HC', 'prohibited', 'Prohibited in cosmetic products (Health Canada Hotlist)', 'Health Canada Cosmetic Ingredient Hotlist', 'cosmetic', (SELECT id FROM fact_evidence WHERE source_url = 'https://www.canada.ca/en/health-canada/services/consumer-product-safety/cosmetics/cosmetic-ingredient-hotlist-prohibited-restricted-ingredients.html' AND snapshot_date = '2026-04-18' LIMIT 1));
INSERT INTO ingredient (canonical_id, primary_name, ingredient_class, cas_number, category, is_natural) VALUES ('CAS_63_75_2', 'Arecoline', 'substance', '63-75-2', 'cosmetic', 0) ON CONFLICT(canonical_id) DO NOTHING;
INSERT INTO ingredient_alias (canonical_id, alias, alias_normalized, alias_type, language_code, confidence, source) VALUES ('CAS_63_75_2', 'Arecoline', 'arecoline', 'synonym', 'en', 1.0, 'HC-Hotlist') ON CONFLICT(alias_normalized, alias_type, COALESCE(language_code, '')) DO NOTHING;
INSERT INTO ingredient_alias (canonical_id, alias, alias_normalized, alias_type, language_code, confidence, source) VALUES ('CAS_63_75_2', '63-75-2', '63-75-2', 'cas', NULL, 1.0, 'HC-Hotlist') ON CONFLICT(alias_normalized, alias_type, COALESCE(language_code, '')) DO NOTHING;
INSERT OR IGNORE INTO regulatory_fact (canonical_id, jurisdiction, fact_type, status, regulation_ref, product_category, evidence_id) VALUES ('CAS_63_75_2', 'CA_HC', 'prohibited', 'Prohibited in cosmetic products (Health Canada Hotlist)', 'Health Canada Cosmetic Ingredient Hotlist', 'cosmetic', (SELECT id FROM fact_evidence WHERE source_url = 'https://www.canada.ca/en/health-canada/services/consumer-product-safety/cosmetics/cosmetic-ingredient-hotlist-prohibited-restricted-ingredients.html' AND snapshot_date = '2026-04-18' LIMIT 1));
INSERT INTO ingredient (canonical_id, primary_name, ingredient_class, cas_number, category, is_natural) VALUES ('CAS_313_67_7', 'Aristolochic acid and its salts', 'substance', '313-67-7', 'cosmetic', 0) ON CONFLICT(canonical_id) DO NOTHING;
INSERT INTO ingredient_alias (canonical_id, alias, alias_normalized, alias_type, language_code, confidence, source) VALUES ('CAS_313_67_7', 'Aristolochic acid and its salts', 'aristolochic acid and its salts', 'synonym', 'en', 1.0, 'HC-Hotlist') ON CONFLICT(alias_normalized, alias_type, COALESCE(language_code, '')) DO NOTHING;
INSERT INTO ingredient_alias (canonical_id, alias, alias_normalized, alias_type, language_code, confidence, source) VALUES ('CAS_313_67_7', '313-67-7', '313-67-7', 'cas', NULL, 1.0, 'HC-Hotlist') ON CONFLICT(alias_normalized, alias_type, COALESCE(language_code, '')) DO NOTHING;
INSERT OR IGNORE INTO regulatory_fact (canonical_id, jurisdiction, fact_type, status, regulation_ref, product_category, evidence_id) VALUES ('CAS_313_67_7', 'CA_HC', 'prohibited', 'Prohibited in cosmetic products (Health Canada Hotlist)', 'Health Canada Cosmetic Ingredient Hotlist', 'cosmetic', (SELECT id FROM fact_evidence WHERE source_url = 'https://www.canada.ca/en/health-canada/services/consumer-product-safety/cosmetics/cosmetic-ingredient-hotlist-prohibited-restricted-ingredients.html' AND snapshot_date = '2026-04-18' LIMIT 1));
INSERT INTO ingredient (canonical_id, primary_name, ingredient_class, cas_number, category, is_natural) VALUES ('CAS_7440_38_2', 'Arsenic and its compounds', 'substance', '7440-38-2', 'cosmetic', 0) ON CONFLICT(canonical_id) DO NOTHING;
INSERT INTO ingredient_alias (canonical_id, alias, alias_normalized, alias_type, language_code, confidence, source) VALUES ('CAS_7440_38_2', 'Arsenic and its compounds', 'arsenic and its compounds', 'synonym', 'en', 1.0, 'HC-Hotlist') ON CONFLICT(alias_normalized, alias_type, COALESCE(language_code, '')) DO NOTHING;
INSERT INTO ingredient_alias (canonical_id, alias, alias_normalized, alias_type, language_code, confidence, source) VALUES ('CAS_7440_38_2', '7440-38-2', '7440-38-2', 'cas', NULL, 1.0, 'HC-Hotlist') ON CONFLICT(alias_normalized, alias_type, COALESCE(language_code, '')) DO NOTHING;
INSERT OR IGNORE INTO regulatory_fact (canonical_id, jurisdiction, fact_type, status, regulation_ref, product_category, evidence_id) VALUES ('CAS_7440_38_2', 'CA_HC', 'prohibited', 'Prohibited in cosmetic products (Health Canada Hotlist)', 'Health Canada Cosmetic Ingredient Hotlist', 'cosmetic', (SELECT id FROM fact_evidence WHERE source_url = 'https://www.canada.ca/en/health-canada/services/consumer-product-safety/cosmetics/cosmetic-ingredient-hotlist-prohibited-restricted-ingredients.html' AND snapshot_date = '2026-04-18' LIMIT 1));
INSERT INTO ingredient (canonical_id, primary_name, ingredient_class, cas_number, category, is_natural) VALUES ('NAME_atropa_belladonna_l_and_its_preparations', 'Atropa belladonna L . and its preparations', 'substance', NULL, 'cosmetic', 0) ON CONFLICT(canonical_id) DO NOTHING;
INSERT INTO ingredient_alias (canonical_id, alias, alias_normalized, alias_type, language_code, confidence, source) VALUES ('NAME_atropa_belladonna_l_and_its_preparations', 'Atropa belladonna L . and its preparations', 'atropa belladonna l . and its preparations', 'synonym', 'en', 1.0, 'HC-Hotlist') ON CONFLICT(alias_normalized, alias_type, COALESCE(language_code, '')) DO NOTHING;
INSERT OR IGNORE INTO regulatory_fact (canonical_id, jurisdiction, fact_type, status, regulation_ref, product_category, evidence_id) VALUES ('NAME_atropa_belladonna_l_and_its_preparations', 'CA_HC', 'prohibited', 'Prohibited in cosmetic products (Health Canada Hotlist)', 'Health Canada Cosmetic Ingredient Hotlist', 'cosmetic', (SELECT id FROM fact_evidence WHERE source_url = 'https://www.canada.ca/en/health-canada/services/consumer-product-safety/cosmetics/cosmetic-ingredient-hotlist-prohibited-restricted-ingredients.html' AND snapshot_date = '2026-04-18' LIMIT 1));
INSERT INTO ingredient (canonical_id, primary_name, ingredient_class, cas_number, category, is_natural) VALUES ('CAS_51_55_8', 'Atropine, its salts and derivatives', 'substance', '51-55-8', 'cosmetic', 0) ON CONFLICT(canonical_id) DO NOTHING;
INSERT INTO ingredient_alias (canonical_id, alias, alias_normalized, alias_type, language_code, confidence, source) VALUES ('CAS_51_55_8', 'Atropine, its salts and derivatives', 'atropine, its salts and derivatives', 'synonym', 'en', 1.0, 'HC-Hotlist') ON CONFLICT(alias_normalized, alias_type, COALESCE(language_code, '')) DO NOTHING;
INSERT INTO ingredient_alias (canonical_id, alias, alias_normalized, alias_type, language_code, confidence, source) VALUES ('CAS_51_55_8', '51-55-8', '51-55-8', 'cas', NULL, 1.0, 'HC-Hotlist') ON CONFLICT(alias_normalized, alias_type, COALESCE(language_code, '')) DO NOTHING;
INSERT OR IGNORE INTO regulatory_fact (canonical_id, jurisdiction, fact_type, status, regulation_ref, product_category, evidence_id) VALUES ('CAS_51_55_8', 'CA_HC', 'prohibited', 'Prohibited in cosmetic products (Health Canada Hotlist)', 'Health Canada Cosmetic Ingredient Hotlist', 'cosmetic', (SELECT id FROM fact_evidence WHERE source_url = 'https://www.canada.ca/en/health-canada/services/consumer-product-safety/cosmetics/cosmetic-ingredient-hotlist-prohibited-restricted-ingredients.html' AND snapshot_date = '2026-04-18' LIMIT 1));
INSERT INTO ingredient (canonical_id, primary_name, ingredient_class, cas_number, category, is_natural) VALUES ('CAS_115_46_8', 'Azacyclonol and its salts', 'substance', '115-46-8', 'cosmetic', 0) ON CONFLICT(canonical_id) DO NOTHING;
INSERT INTO ingredient_alias (canonical_id, alias, alias_normalized, alias_type, language_code, confidence, source) VALUES ('CAS_115_46_8', 'Azacyclonol and its salts', 'azacyclonol and its salts', 'synonym', 'en', 1.0, 'HC-Hotlist') ON CONFLICT(alias_normalized, alias_type, COALESCE(language_code, '')) DO NOTHING;
INSERT INTO ingredient_alias (canonical_id, alias, alias_normalized, alias_type, language_code, confidence, source) VALUES ('CAS_115_46_8', '115-46-8', '115-46-8', 'cas', NULL, 1.0, 'HC-Hotlist') ON CONFLICT(alias_normalized, alias_type, COALESCE(language_code, '')) DO NOTHING;
INSERT OR IGNORE INTO regulatory_fact (canonical_id, jurisdiction, fact_type, status, regulation_ref, product_category, evidence_id) VALUES ('CAS_115_46_8', 'CA_HC', 'prohibited', 'Prohibited in cosmetic products (Health Canada Hotlist)', 'Health Canada Cosmetic Ingredient Hotlist', 'cosmetic', (SELECT id FROM fact_evidence WHERE source_url = 'https://www.canada.ca/en/health-canada/services/consumer-product-safety/cosmetics/cosmetic-ingredient-hotlist-prohibited-restricted-ingredients.html' AND snapshot_date = '2026-04-18' LIMIT 1));
INSERT INTO ingredient (canonical_id, primary_name, ingredient_class, cas_number, category, is_natural) VALUES ('NAME_azamethonium_salts', 'Azamethonium salts', 'substance', NULL, 'cosmetic', 0) ON CONFLICT(canonical_id) DO NOTHING;
INSERT INTO ingredient_alias (canonical_id, alias, alias_normalized, alias_type, language_code, confidence, source) VALUES ('NAME_azamethonium_salts', 'Azamethonium salts', 'azamethonium salts', 'synonym', 'en', 1.0, 'HC-Hotlist') ON CONFLICT(alias_normalized, alias_type, COALESCE(language_code, '')) DO NOTHING;
INSERT OR IGNORE INTO regulatory_fact (canonical_id, jurisdiction, fact_type, status, regulation_ref, product_category, evidence_id) VALUES ('NAME_azamethonium_salts', 'CA_HC', 'prohibited', 'Prohibited in cosmetic products (Health Canada Hotlist)', 'Health Canada Cosmetic Ingredient Hotlist', 'cosmetic', (SELECT id FROM fact_evidence WHERE source_url = 'https://www.canada.ca/en/health-canada/services/consumer-product-safety/cosmetics/cosmetic-ingredient-hotlist-prohibited-restricted-ingredients.html' AND snapshot_date = '2026-04-18' LIMIT 1));
INSERT INTO ingredient (canonical_id, primary_name, ingredient_class, cas_number, category, is_natural) VALUES ('NAME_barbiturates', 'Barbiturates', 'substance', NULL, 'cosmetic', 0) ON CONFLICT(canonical_id) DO NOTHING;
INSERT INTO ingredient_alias (canonical_id, alias, alias_normalized, alias_type, language_code, confidence, source) VALUES ('NAME_barbiturates', 'Barbiturates', 'barbiturates', 'synonym', 'en', 1.0, 'HC-Hotlist') ON CONFLICT(alias_normalized, alias_type, COALESCE(language_code, '')) DO NOTHING;
INSERT OR IGNORE INTO regulatory_fact (canonical_id, jurisdiction, fact_type, status, regulation_ref, product_category, evidence_id) VALUES ('NAME_barbiturates', 'CA_HC', 'prohibited', 'Prohibited in cosmetic products (Health Canada Hotlist)', 'Health Canada Cosmetic Ingredient Hotlist', 'cosmetic', (SELECT id FROM fact_evidence WHERE source_url = 'https://www.canada.ca/en/health-canada/services/consumer-product-safety/cosmetics/cosmetic-ingredient-hotlist-prohibited-restricted-ingredients.html' AND snapshot_date = '2026-04-18' LIMIT 1));
INSERT INTO ingredient (canonical_id, primary_name, ingredient_class, cas_number, category, is_natural) VALUES ('CAS_569_64_2', 'Basic Green 4 (malachite green and its salts)', 'substance', '569-64-2', 'cosmetic', 0) ON CONFLICT(canonical_id) DO NOTHING;
INSERT INTO ingredient_alias (canonical_id, alias, alias_normalized, alias_type, language_code, confidence, source) VALUES ('CAS_569_64_2', 'Basic Green 4 (malachite green and its salts)', 'basic green 4 (malachite green and its salts)', 'synonym', 'en', 1.0, 'HC-Hotlist') ON CONFLICT(alias_normalized, alias_type, COALESCE(language_code, '')) DO NOTHING;
INSERT INTO ingredient_alias (canonical_id, alias, alias_normalized, alias_type, language_code, confidence, source) VALUES ('CAS_569_64_2', '569-64-2', '569-64-2', 'cas', NULL, 1.0, 'HC-Hotlist') ON CONFLICT(alias_normalized, alias_type, COALESCE(language_code, '')) DO NOTHING;
INSERT OR IGNORE INTO regulatory_fact (canonical_id, jurisdiction, fact_type, status, regulation_ref, product_category, evidence_id) VALUES ('CAS_569_64_2', 'CA_HC', 'prohibited', 'Prohibited in cosmetic products (Health Canada Hotlist)', 'Health Canada Cosmetic Ingredient Hotlist', 'cosmetic', (SELECT id FROM fact_evidence WHERE source_url = 'https://www.canada.ca/en/health-canada/services/consumer-product-safety/cosmetics/cosmetic-ingredient-hotlist-prohibited-restricted-ingredients.html' AND snapshot_date = '2026-04-18' LIMIT 1));
INSERT INTO ingredient (canonical_id, primary_name, ingredient_class, cas_number, category, is_natural) VALUES ('CAS_8004_87_3', 'Basic Violet 1', 'substance', '8004-87-3', 'cosmetic', 0) ON CONFLICT(canonical_id) DO NOTHING;
INSERT INTO ingredient_alias (canonical_id, alias, alias_normalized, alias_type, language_code, confidence, source) VALUES ('CAS_8004_87_3', 'Basic Violet 1', 'basic violet 1', 'synonym', 'en', 1.0, 'HC-Hotlist') ON CONFLICT(alias_normalized, alias_type, COALESCE(language_code, '')) DO NOTHING;
INSERT INTO ingredient_alias (canonical_id, alias, alias_normalized, alias_type, language_code, confidence, source) VALUES ('CAS_8004_87_3', '8004-87-3', '8004-87-3', 'cas', NULL, 1.0, 'HC-Hotlist') ON CONFLICT(alias_normalized, alias_type, COALESCE(language_code, '')) DO NOTHING;
INSERT OR IGNORE INTO regulatory_fact (canonical_id, jurisdiction, fact_type, status, regulation_ref, product_category, evidence_id) VALUES ('CAS_8004_87_3', 'CA_HC', 'prohibited', 'Prohibited in cosmetic products (Health Canada Hotlist)', 'Health Canada Cosmetic Ingredient Hotlist', 'cosmetic', (SELECT id FROM fact_evidence WHERE source_url = 'https://www.canada.ca/en/health-canada/services/consumer-product-safety/cosmetics/cosmetic-ingredient-hotlist-prohibited-restricted-ingredients.html' AND snapshot_date = '2026-04-18' LIMIT 1));
INSERT INTO ingredient (canonical_id, primary_name, ingredient_class, cas_number, category, is_natural) VALUES ('CAS_81_88_9', 'Basic Violet 10', 'substance', '81-88-9', 'cosmetic', 0) ON CONFLICT(canonical_id) DO NOTHING;
INSERT INTO ingredient_alias (canonical_id, alias, alias_normalized, alias_type, language_code, confidence, source) VALUES ('CAS_81_88_9', 'Basic Violet 10', 'basic violet 10', 'synonym', 'en', 1.0, 'HC-Hotlist') ON CONFLICT(alias_normalized, alias_type, COALESCE(language_code, '')) DO NOTHING;
INSERT INTO ingredient_alias (canonical_id, alias, alias_normalized, alias_type, language_code, confidence, source) VALUES ('CAS_81_88_9', '81-88-9', '81-88-9', 'cas', NULL, 1.0, 'HC-Hotlist') ON CONFLICT(alias_normalized, alias_type, COALESCE(language_code, '')) DO NOTHING;
INSERT OR IGNORE INTO regulatory_fact (canonical_id, jurisdiction, fact_type, status, regulation_ref, product_category, evidence_id) VALUES ('CAS_81_88_9', 'CA_HC', 'prohibited', 'Prohibited in cosmetic products (Health Canada Hotlist)', 'Health Canada Cosmetic Ingredient Hotlist', 'cosmetic', (SELECT id FROM fact_evidence WHERE source_url = 'https://www.canada.ca/en/health-canada/services/consumer-product-safety/cosmetics/cosmetic-ingredient-hotlist-prohibited-restricted-ingredients.html' AND snapshot_date = '2026-04-18' LIMIT 1));
INSERT INTO ingredient (canonical_id, primary_name, ingredient_class, cas_number, category, is_natural) VALUES ('CAS_548_62_9', 'Basic Violet 3', 'substance', '548-62-9', 'cosmetic', 0) ON CONFLICT(canonical_id) DO NOTHING;
INSERT INTO ingredient_alias (canonical_id, alias, alias_normalized, alias_type, language_code, confidence, source) VALUES ('CAS_548_62_9', 'Basic Violet 3', 'basic violet 3', 'synonym', 'en', 1.0, 'HC-Hotlist') ON CONFLICT(alias_normalized, alias_type, COALESCE(language_code, '')) DO NOTHING;
INSERT INTO ingredient_alias (canonical_id, alias, alias_normalized, alias_type, language_code, confidence, source) VALUES ('CAS_548_62_9', '548-62-9', '548-62-9', 'cas', NULL, 1.0, 'HC-Hotlist') ON CONFLICT(alias_normalized, alias_type, COALESCE(language_code, '')) DO NOTHING;
INSERT OR IGNORE INTO regulatory_fact (canonical_id, jurisdiction, fact_type, status, regulation_ref, product_category, evidence_id) VALUES ('CAS_548_62_9', 'CA_HC', 'prohibited', 'Prohibited in cosmetic products (Health Canada Hotlist)', 'Health Canada Cosmetic Ingredient Hotlist', 'cosmetic', (SELECT id FROM fact_evidence WHERE source_url = 'https://www.canada.ca/en/health-canada/services/consumer-product-safety/cosmetics/cosmetic-ingredient-hotlist-prohibited-restricted-ingredients.html' AND snapshot_date = '2026-04-18' LIMIT 1));
INSERT INTO ingredient (canonical_id, primary_name, ingredient_class, cas_number, category, is_natural) VALUES ('CAS_64_65_3', 'Bemegride', 'substance', '64-65-3', 'cosmetic', 0) ON CONFLICT(canonical_id) DO NOTHING;
INSERT INTO ingredient_alias (canonical_id, alias, alias_normalized, alias_type, language_code, confidence, source) VALUES ('CAS_64_65_3', 'Bemegride', 'bemegride', 'synonym', 'en', 1.0, 'HC-Hotlist') ON CONFLICT(alias_normalized, alias_type, COALESCE(language_code, '')) DO NOTHING;
INSERT INTO ingredient_alias (canonical_id, alias, alias_normalized, alias_type, language_code, confidence, source) VALUES ('CAS_64_65_3', '64-65-3', '64-65-3', 'cas', NULL, 1.0, 'HC-Hotlist') ON CONFLICT(alias_normalized, alias_type, COALESCE(language_code, '')) DO NOTHING;
INSERT OR IGNORE INTO regulatory_fact (canonical_id, jurisdiction, fact_type, status, regulation_ref, product_category, evidence_id) VALUES ('CAS_64_65_3', 'CA_HC', 'prohibited', 'Prohibited in cosmetic products (Health Canada Hotlist)', 'Health Canada Cosmetic Ingredient Hotlist', 'cosmetic', (SELECT id FROM fact_evidence WHERE source_url = 'https://www.canada.ca/en/health-canada/services/consumer-product-safety/cosmetics/cosmetic-ingredient-hotlist-prohibited-restricted-ingredients.html' AND snapshot_date = '2026-04-18' LIMIT 1));
INSERT INTO ingredient (canonical_id, primary_name, ingredient_class, cas_number, category, is_natural) VALUES ('CAS_302_40_9', 'Benactyzine', 'substance', '302-40-9', 'cosmetic', 0) ON CONFLICT(canonical_id) DO NOTHING;
INSERT INTO ingredient_alias (canonical_id, alias, alias_normalized, alias_type, language_code, confidence, source) VALUES ('CAS_302_40_9', 'Benactyzine', 'benactyzine', 'synonym', 'en', 1.0, 'HC-Hotlist') ON CONFLICT(alias_normalized, alias_type, COALESCE(language_code, '')) DO NOTHING;
INSERT INTO ingredient_alias (canonical_id, alias, alias_normalized, alias_type, language_code, confidence, source) VALUES ('CAS_302_40_9', '302-40-9', '302-40-9', 'cas', NULL, 1.0, 'HC-Hotlist') ON CONFLICT(alias_normalized, alias_type, COALESCE(language_code, '')) DO NOTHING;
INSERT OR IGNORE INTO regulatory_fact (canonical_id, jurisdiction, fact_type, status, regulation_ref, product_category, evidence_id) VALUES ('CAS_302_40_9', 'CA_HC', 'prohibited', 'Prohibited in cosmetic products (Health Canada Hotlist)', 'Health Canada Cosmetic Ingredient Hotlist', 'cosmetic', (SELECT id FROM fact_evidence WHERE source_url = 'https://www.canada.ca/en/health-canada/services/consumer-product-safety/cosmetics/cosmetic-ingredient-hotlist-prohibited-restricted-ingredients.html' AND snapshot_date = '2026-04-18' LIMIT 1));
INSERT INTO ingredient (canonical_id, primary_name, ingredient_class, cas_number, category, is_natural) VALUES ('CAS_73_48_3', 'Bendroflumethiazide and its derivatives', 'substance', '73-48-3', 'cosmetic', 0) ON CONFLICT(canonical_id) DO NOTHING;
INSERT INTO ingredient_alias (canonical_id, alias, alias_normalized, alias_type, language_code, confidence, source) VALUES ('CAS_73_48_3', 'Bendroflumethiazide and its derivatives', 'bendroflumethiazide and its derivatives', 'synonym', 'en', 1.0, 'HC-Hotlist') ON CONFLICT(alias_normalized, alias_type, COALESCE(language_code, '')) DO NOTHING;
INSERT INTO ingredient_alias (canonical_id, alias, alias_normalized, alias_type, language_code, confidence, source) VALUES ('CAS_73_48_3', '73-48-3', '73-48-3', 'cas', NULL, 1.0, 'HC-Hotlist') ON CONFLICT(alias_normalized, alias_type, COALESCE(language_code, '')) DO NOTHING;
INSERT OR IGNORE INTO regulatory_fact (canonical_id, jurisdiction, fact_type, status, regulation_ref, product_category, evidence_id) VALUES ('CAS_73_48_3', 'CA_HC', 'prohibited', 'Prohibited in cosmetic products (Health Canada Hotlist)', 'Health Canada Cosmetic Ingredient Hotlist', 'cosmetic', (SELECT id FROM fact_evidence WHERE source_url = 'https://www.canada.ca/en/health-canada/services/consumer-product-safety/cosmetics/cosmetic-ingredient-hotlist-prohibited-restricted-ingredients.html' AND snapshot_date = '2026-04-18' LIMIT 1));
INSERT INTO ingredient (canonical_id, primary_name, ingredient_class, cas_number, category, is_natural) VALUES ('CAS_86_13_5', 'Benzatropine and its salts', 'substance', '86-13-5', 'cosmetic', 0) ON CONFLICT(canonical_id) DO NOTHING;
INSERT INTO ingredient_alias (canonical_id, alias, alias_normalized, alias_type, language_code, confidence, source) VALUES ('CAS_86_13_5', 'Benzatropine and its salts', 'benzatropine and its salts', 'synonym', 'en', 1.0, 'HC-Hotlist') ON CONFLICT(alias_normalized, alias_type, COALESCE(language_code, '')) DO NOTHING;
INSERT INTO ingredient_alias (canonical_id, alias, alias_normalized, alias_type, language_code, confidence, source) VALUES ('CAS_86_13_5', '86-13-5', '86-13-5', 'cas', NULL, 1.0, 'HC-Hotlist') ON CONFLICT(alias_normalized, alias_type, COALESCE(language_code, '')) DO NOTHING;
INSERT OR IGNORE INTO regulatory_fact (canonical_id, jurisdiction, fact_type, status, regulation_ref, product_category, evidence_id) VALUES ('CAS_86_13_5', 'CA_HC', 'prohibited', 'Prohibited in cosmetic products (Health Canada Hotlist)', 'Health Canada Cosmetic Ingredient Hotlist', 'cosmetic', (SELECT id FROM fact_evidence WHERE source_url = 'https://www.canada.ca/en/health-canada/services/consumer-product-safety/cosmetics/cosmetic-ingredient-hotlist-prohibited-restricted-ingredients.html' AND snapshot_date = '2026-04-18' LIMIT 1));
INSERT INTO ingredient (canonical_id, primary_name, ingredient_class, cas_number, category, is_natural) VALUES ('NAME_benzazepines', 'Benzazepines', 'substance', NULL, 'cosmetic', 0) ON CONFLICT(canonical_id) DO NOTHING;
INSERT INTO ingredient_alias (canonical_id, alias, alias_normalized, alias_type, language_code, confidence, source) VALUES ('NAME_benzazepines', 'Benzazepines', 'benzazepines', 'synonym', 'en', 1.0, 'HC-Hotlist') ON CONFLICT(alias_normalized, alias_type, COALESCE(language_code, '')) DO NOTHING;
INSERT OR IGNORE INTO regulatory_fact (canonical_id, jurisdiction, fact_type, status, regulation_ref, product_category, evidence_id) VALUES ('NAME_benzazepines', 'CA_HC', 'prohibited', 'Prohibited in cosmetic products (Health Canada Hotlist)', 'Health Canada Cosmetic Ingredient Hotlist', 'cosmetic', (SELECT id FROM fact_evidence WHERE source_url = 'https://www.canada.ca/en/health-canada/services/consumer-product-safety/cosmetics/cosmetic-ingredient-hotlist-prohibited-restricted-ingredients.html' AND snapshot_date = '2026-04-18' LIMIT 1));
INSERT INTO ingredient (canonical_id, primary_name, ingredient_class, cas_number, category, is_natural) VALUES ('CAS_71_43_2', 'Benzene', 'substance', '71-43-2', 'cosmetic', 0) ON CONFLICT(canonical_id) DO NOTHING;
INSERT INTO ingredient_alias (canonical_id, alias, alias_normalized, alias_type, language_code, confidence, source) VALUES ('CAS_71_43_2', 'Benzene', 'benzene', 'synonym', 'en', 1.0, 'HC-Hotlist') ON CONFLICT(alias_normalized, alias_type, COALESCE(language_code, '')) DO NOTHING;
INSERT INTO ingredient_alias (canonical_id, alias, alias_normalized, alias_type, language_code, confidence, source) VALUES ('CAS_71_43_2', '71-43-2', '71-43-2', 'cas', NULL, 1.0, 'HC-Hotlist') ON CONFLICT(alias_normalized, alias_type, COALESCE(language_code, '')) DO NOTHING;
INSERT OR IGNORE INTO regulatory_fact (canonical_id, jurisdiction, fact_type, status, regulation_ref, product_category, evidence_id) VALUES ('CAS_71_43_2', 'CA_HC', 'prohibited', 'Prohibited in cosmetic products (Health Canada Hotlist)', 'Health Canada Cosmetic Ingredient Hotlist', 'cosmetic', (SELECT id FROM fact_evidence WHERE source_url = 'https://www.canada.ca/en/health-canada/services/consumer-product-safety/cosmetics/cosmetic-ingredient-hotlist-prohibited-restricted-ingredients.html' AND snapshot_date = '2026-04-18' LIMIT 1));
INSERT INTO ingredient (canonical_id, primary_name, ingredient_class, cas_number, category, is_natural) VALUES ('CAS_92_87_5', 'Benzidine', 'substance', '92-87-5', 'cosmetic', 0) ON CONFLICT(canonical_id) DO NOTHING;
INSERT INTO ingredient_alias (canonical_id, alias, alias_normalized, alias_type, language_code, confidence, source) VALUES ('CAS_92_87_5', 'Benzidine', 'benzidine', 'synonym', 'en', 1.0, 'HC-Hotlist') ON CONFLICT(alias_normalized, alias_type, COALESCE(language_code, '')) DO NOTHING;
INSERT INTO ingredient_alias (canonical_id, alias, alias_normalized, alias_type, language_code, confidence, source) VALUES ('CAS_92_87_5', '92-87-5', '92-87-5', 'cas', NULL, 1.0, 'HC-Hotlist') ON CONFLICT(alias_normalized, alias_type, COALESCE(language_code, '')) DO NOTHING;
INSERT OR IGNORE INTO regulatory_fact (canonical_id, jurisdiction, fact_type, status, regulation_ref, product_category, evidence_id) VALUES ('CAS_92_87_5', 'CA_HC', 'prohibited', 'Prohibited in cosmetic products (Health Canada Hotlist)', 'Health Canada Cosmetic Ingredient Hotlist', 'cosmetic', (SELECT id FROM fact_evidence WHERE source_url = 'https://www.canada.ca/en/health-canada/services/consumer-product-safety/cosmetics/cosmetic-ingredient-hotlist-prohibited-restricted-ingredients.html' AND snapshot_date = '2026-04-18' LIMIT 1));
INSERT INTO ingredient (canonical_id, primary_name, ingredient_class, cas_number, category, is_natural) VALUES ('CAS_1050_48_2', 'Benzilonium bromide', 'substance', '1050-48-2', 'cosmetic', 0) ON CONFLICT(canonical_id) DO NOTHING;
INSERT INTO ingredient_alias (canonical_id, alias, alias_normalized, alias_type, language_code, confidence, source) VALUES ('CAS_1050_48_2', 'Benzilonium bromide', 'benzilonium bromide', 'synonym', 'en', 1.0, 'HC-Hotlist') ON CONFLICT(alias_normalized, alias_type, COALESCE(language_code, '')) DO NOTHING;
INSERT INTO ingredient_alias (canonical_id, alias, alias_normalized, alias_type, language_code, confidence, source) VALUES ('CAS_1050_48_2', '1050-48-2', '1050-48-2', 'cas', NULL, 1.0, 'HC-Hotlist') ON CONFLICT(alias_normalized, alias_type, COALESCE(language_code, '')) DO NOTHING;
INSERT OR IGNORE INTO regulatory_fact (canonical_id, jurisdiction, fact_type, status, regulation_ref, product_category, evidence_id) VALUES ('CAS_1050_48_2', 'CA_HC', 'prohibited', 'Prohibited in cosmetic products (Health Canada Hotlist)', 'Health Canada Cosmetic Ingredient Hotlist', 'cosmetic', (SELECT id FROM fact_evidence WHERE source_url = 'https://www.canada.ca/en/health-canada/services/consumer-product-safety/cosmetics/cosmetic-ingredient-hotlist-prohibited-restricted-ingredients.html' AND snapshot_date = '2026-04-18' LIMIT 1));
INSERT INTO ingredient (canonical_id, primary_name, ingredient_class, cas_number, category, is_natural) VALUES ('CAS_615_16_7', 'Benzimidazol-2(3H)-one', 'substance', '615-16-7', 'cosmetic', 0) ON CONFLICT(canonical_id) DO NOTHING;
INSERT INTO ingredient_alias (canonical_id, alias, alias_normalized, alias_type, language_code, confidence, source) VALUES ('CAS_615_16_7', 'Benzimidazol-2(3H)-one', 'benzimidazol-2(3h)-one', 'synonym', 'en', 1.0, 'HC-Hotlist') ON CONFLICT(alias_normalized, alias_type, COALESCE(language_code, '')) DO NOTHING;
INSERT INTO ingredient_alias (canonical_id, alias, alias_normalized, alias_type, language_code, confidence, source) VALUES ('CAS_615_16_7', '615-16-7', '615-16-7', 'cas', NULL, 1.0, 'HC-Hotlist') ON CONFLICT(alias_normalized, alias_type, COALESCE(language_code, '')) DO NOTHING;
INSERT OR IGNORE INTO regulatory_fact (canonical_id, jurisdiction, fact_type, status, regulation_ref, product_category, evidence_id) VALUES ('CAS_615_16_7', 'CA_HC', 'prohibited', 'Prohibited in cosmetic products (Health Canada Hotlist)', 'Health Canada Cosmetic Ingredient Hotlist', 'cosmetic', (SELECT id FROM fact_evidence WHERE source_url = 'https://www.canada.ca/en/health-canada/services/consumer-product-safety/cosmetics/cosmetic-ingredient-hotlist-prohibited-restricted-ingredients.html' AND snapshot_date = '2026-04-18' LIMIT 1));
INSERT INTO ingredient (canonical_id, primary_name, ingredient_class, cas_number, category, is_natural) VALUES ('NAME_benzodiazepines', 'Benzodiazepines', 'substance', NULL, 'cosmetic', 0) ON CONFLICT(canonical_id) DO NOTHING;
INSERT INTO ingredient_alias (canonical_id, alias, alias_normalized, alias_type, language_code, confidence, source) VALUES ('NAME_benzodiazepines', 'Benzodiazepines', 'benzodiazepines', 'synonym', 'en', 1.0, 'HC-Hotlist') ON CONFLICT(alias_normalized, alias_type, COALESCE(language_code, '')) DO NOTHING;
INSERT OR IGNORE INTO regulatory_fact (canonical_id, jurisdiction, fact_type, status, regulation_ref, product_category, evidence_id) VALUES ('NAME_benzodiazepines', 'CA_HC', 'prohibited', 'Prohibited in cosmetic products (Health Canada Hotlist)', 'Health Canada Cosmetic Ingredient Hotlist', 'cosmetic', (SELECT id FROM fact_evidence WHERE source_url = 'https://www.canada.ca/en/health-canada/services/consumer-product-safety/cosmetics/cosmetic-ingredient-hotlist-prohibited-restricted-ingredients.html' AND snapshot_date = '2026-04-18' LIMIT 1));
INSERT INTO ingredient (canonical_id, primary_name, ingredient_class, cas_number, category, is_natural) VALUES ('CAS_100_44_7', 'Benzyl chloride', 'substance', '100-44-7', 'cosmetic', 0) ON CONFLICT(canonical_id) DO NOTHING;
INSERT INTO ingredient_alias (canonical_id, alias, alias_normalized, alias_type, language_code, confidence, source) VALUES ('CAS_100_44_7', 'Benzyl chloride', 'benzyl chloride', 'synonym', 'en', 1.0, 'HC-Hotlist') ON CONFLICT(alias_normalized, alias_type, COALESCE(language_code, '')) DO NOTHING;
INSERT INTO ingredient_alias (canonical_id, alias, alias_normalized, alias_type, language_code, confidence, source) VALUES ('CAS_100_44_7', '100-44-7', '100-44-7', 'cas', NULL, 1.0, 'HC-Hotlist') ON CONFLICT(alias_normalized, alias_type, COALESCE(language_code, '')) DO NOTHING;
INSERT OR IGNORE INTO regulatory_fact (canonical_id, jurisdiction, fact_type, status, regulation_ref, product_category, evidence_id) VALUES ('CAS_100_44_7', 'CA_HC', 'prohibited', 'Prohibited in cosmetic products (Health Canada Hotlist)', 'Health Canada Cosmetic Ingredient Hotlist', 'cosmetic', (SELECT id FROM fact_evidence WHERE source_url = 'https://www.canada.ca/en/health-canada/services/consumer-product-safety/cosmetics/cosmetic-ingredient-hotlist-prohibited-restricted-ingredients.html' AND snapshot_date = '2026-04-18' LIMIT 1));
INSERT INTO ingredient (canonical_id, primary_name, ingredient_class, cas_number, category, is_natural) VALUES ('CAS_140_29_4', 'Benzyl cyanide', 'substance', '140-29-4', 'cosmetic', 0) ON CONFLICT(canonical_id) DO NOTHING;
INSERT INTO ingredient_alias (canonical_id, alias, alias_normalized, alias_type, language_code, confidence, source) VALUES ('CAS_140_29_4', 'Benzyl cyanide', 'benzyl cyanide', 'synonym', 'en', 1.0, 'HC-Hotlist') ON CONFLICT(alias_normalized, alias_type, COALESCE(language_code, '')) DO NOTHING;
INSERT INTO ingredient_alias (canonical_id, alias, alias_normalized, alias_type, language_code, confidence, source) VALUES ('CAS_140_29_4', '140-29-4', '140-29-4', 'cas', NULL, 1.0, 'HC-Hotlist') ON CONFLICT(alias_normalized, alias_type, COALESCE(language_code, '')) DO NOTHING;
INSERT OR IGNORE INTO regulatory_fact (canonical_id, jurisdiction, fact_type, status, regulation_ref, product_category, evidence_id) VALUES ('CAS_140_29_4', 'CA_HC', 'prohibited', 'Prohibited in cosmetic products (Health Canada Hotlist)', 'Health Canada Cosmetic Ingredient Hotlist', 'cosmetic', (SELECT id FROM fact_evidence WHERE source_url = 'https://www.canada.ca/en/health-canada/services/consumer-product-safety/cosmetics/cosmetic-ingredient-hotlist-prohibited-restricted-ingredients.html' AND snapshot_date = '2026-04-18' LIMIT 1));
INSERT INTO ingredient (canonical_id, primary_name, ingredient_class, cas_number, category, is_natural) VALUES ('CAS_122_57_6', 'Benzylidene acetone', 'substance', '122-57-6', 'cosmetic', 0) ON CONFLICT(canonical_id) DO NOTHING;
INSERT INTO ingredient_alias (canonical_id, alias, alias_normalized, alias_type, language_code, confidence, source) VALUES ('CAS_122_57_6', 'Benzylidene acetone', 'benzylidene acetone', 'synonym', 'en', 1.0, 'HC-Hotlist') ON CONFLICT(alias_normalized, alias_type, COALESCE(language_code, '')) DO NOTHING;
INSERT INTO ingredient_alias (canonical_id, alias, alias_normalized, alias_type, language_code, confidence, source) VALUES ('CAS_122_57_6', '122-57-6', '122-57-6', 'cas', NULL, 1.0, 'HC-Hotlist') ON CONFLICT(alias_normalized, alias_type, COALESCE(language_code, '')) DO NOTHING;
INSERT OR IGNORE INTO regulatory_fact (canonical_id, jurisdiction, fact_type, status, regulation_ref, product_category, evidence_id) VALUES ('CAS_122_57_6', 'CA_HC', 'prohibited', 'Prohibited in cosmetic products (Health Canada Hotlist)', 'Health Canada Cosmetic Ingredient Hotlist', 'cosmetic', (SELECT id FROM fact_evidence WHERE source_url = 'https://www.canada.ca/en/health-canada/services/consumer-product-safety/cosmetics/cosmetic-ingredient-hotlist-prohibited-restricted-ingredients.html' AND snapshot_date = '2026-04-18' LIMIT 1));
INSERT INTO ingredient (canonical_id, primary_name, ingredient_class, cas_number, category, is_natural) VALUES ('CAS_7440_41_7', 'Beryllium and its compounds', 'substance', '7440-41-7', 'cosmetic', 0) ON CONFLICT(canonical_id) DO NOTHING;
INSERT INTO ingredient_alias (canonical_id, alias, alias_normalized, alias_type, language_code, confidence, source) VALUES ('CAS_7440_41_7', 'Beryllium and its compounds', 'beryllium and its compounds', 'synonym', 'en', 1.0, 'HC-Hotlist') ON CONFLICT(alias_normalized, alias_type, COALESCE(language_code, '')) DO NOTHING;
INSERT INTO ingredient_alias (canonical_id, alias, alias_normalized, alias_type, language_code, confidence, source) VALUES ('CAS_7440_41_7', '7440-41-7', '7440-41-7', 'cas', NULL, 1.0, 'HC-Hotlist') ON CONFLICT(alias_normalized, alias_type, COALESCE(language_code, '')) DO NOTHING;
INSERT OR IGNORE INTO regulatory_fact (canonical_id, jurisdiction, fact_type, status, regulation_ref, product_category, evidence_id) VALUES ('CAS_7440_41_7', 'CA_HC', 'prohibited', 'Prohibited in cosmetic products (Health Canada Hotlist)', 'Health Canada Cosmetic Ingredient Hotlist', 'cosmetic', (SELECT id FROM fact_evidence WHERE source_url = 'https://www.canada.ca/en/health-canada/services/consumer-product-safety/cosmetics/cosmetic-ingredient-hotlist-prohibited-restricted-ingredients.html' AND snapshot_date = '2026-04-18' LIMIT 1));
INSERT INTO ingredient (canonical_id, primary_name, ingredient_class, cas_number, category, is_natural) VALUES ('CAS_3818_62_0', 'Betoxycaine and its salts', 'substance', '3818-62-0', 'cosmetic', 0) ON CONFLICT(canonical_id) DO NOTHING;
INSERT INTO ingredient_alias (canonical_id, alias, alias_normalized, alias_type, language_code, confidence, source) VALUES ('CAS_3818_62_0', 'Betoxycaine and its salts', 'betoxycaine and its salts', 'synonym', 'en', 1.0, 'HC-Hotlist') ON CONFLICT(alias_normalized, alias_type, COALESCE(language_code, '')) DO NOTHING;
INSERT INTO ingredient_alias (canonical_id, alias, alias_normalized, alias_type, language_code, confidence, source) VALUES ('CAS_3818_62_0', '3818-62-0', '3818-62-0', 'cas', NULL, 1.0, 'HC-Hotlist') ON CONFLICT(alias_normalized, alias_type, COALESCE(language_code, '')) DO NOTHING;
INSERT OR IGNORE INTO regulatory_fact (canonical_id, jurisdiction, fact_type, status, regulation_ref, product_category, evidence_id) VALUES ('CAS_3818_62_0', 'CA_HC', 'prohibited', 'Prohibited in cosmetic products (Health Canada Hotlist)', 'Health Canada Cosmetic Ingredient Hotlist', 'cosmetic', (SELECT id FROM fact_evidence WHERE source_url = 'https://www.canada.ca/en/health-canada/services/consumer-product-safety/cosmetics/cosmetic-ingredient-hotlist-prohibited-restricted-ingredients.html' AND snapshot_date = '2026-04-18' LIMIT 1));
INSERT INTO ingredient (canonical_id, primary_name, ingredient_class, cas_number, category, is_natural) VALUES ('CAS_479_81_2', 'Bietamiverine', 'substance', '479-81-2', 'cosmetic', 0) ON CONFLICT(canonical_id) DO NOTHING;
INSERT INTO ingredient_alias (canonical_id, alias, alias_normalized, alias_type, language_code, confidence, source) VALUES ('CAS_479_81_2', 'Bietamiverine', 'bietamiverine', 'synonym', 'en', 1.0, 'HC-Hotlist') ON CONFLICT(alias_normalized, alias_type, COALESCE(language_code, '')) DO NOTHING;
INSERT INTO ingredient_alias (canonical_id, alias, alias_normalized, alias_type, language_code, confidence, source) VALUES ('CAS_479_81_2', '479-81-2', '479-81-2', 'cas', NULL, 1.0, 'HC-Hotlist') ON CONFLICT(alias_normalized, alias_type, COALESCE(language_code, '')) DO NOTHING;
INSERT OR IGNORE INTO regulatory_fact (canonical_id, jurisdiction, fact_type, status, regulation_ref, product_category, evidence_id) VALUES ('CAS_479_81_2', 'CA_HC', 'prohibited', 'Prohibited in cosmetic products (Health Canada Hotlist)', 'Health Canada Cosmetic Ingredient Hotlist', 'cosmetic', (SELECT id FROM fact_evidence WHERE source_url = 'https://www.canada.ca/en/health-canada/services/consumer-product-safety/cosmetics/cosmetic-ingredient-hotlist-prohibited-restricted-ingredients.html' AND snapshot_date = '2026-04-18' LIMIT 1));
INSERT INTO ingredient (canonical_id, primary_name, ingredient_class, cas_number, category, is_natural) VALUES ('CAS_3572_52_9', 'Biphenamine and its salts', 'substance', '3572-52-9', 'cosmetic', 0) ON CONFLICT(canonical_id) DO NOTHING;
INSERT INTO ingredient_alias (canonical_id, alias, alias_normalized, alias_type, language_code, confidence, source) VALUES ('CAS_3572_52_9', 'Biphenamine and its salts', 'biphenamine and its salts', 'synonym', 'en', 1.0, 'HC-Hotlist') ON CONFLICT(alias_normalized, alias_type, COALESCE(language_code, '')) DO NOTHING;
INSERT INTO ingredient_alias (canonical_id, alias, alias_normalized, alias_type, language_code, confidence, source) VALUES ('CAS_3572_52_9', '3572-52-9', '3572-52-9', 'cas', NULL, 1.0, 'HC-Hotlist') ON CONFLICT(alias_normalized, alias_type, COALESCE(language_code, '')) DO NOTHING;
INSERT OR IGNORE INTO regulatory_fact (canonical_id, jurisdiction, fact_type, status, regulation_ref, product_category, evidence_id) VALUES ('CAS_3572_52_9', 'CA_HC', 'prohibited', 'Prohibited in cosmetic products (Health Canada Hotlist)', 'Health Canada Cosmetic Ingredient Hotlist', 'cosmetic', (SELECT id FROM fact_evidence WHERE source_url = 'https://www.canada.ca/en/health-canada/services/consumer-product-safety/cosmetics/cosmetic-ingredient-hotlist-prohibited-restricted-ingredients.html' AND snapshot_date = '2026-04-18' LIMIT 1));
INSERT INTO ingredient (canonical_id, primary_name, ingredient_class, cas_number, category, is_natural) VALUES ('CAS_3696_28_4', 'Bispyrithione', 'substance', '3696-28-4', 'cosmetic', 0) ON CONFLICT(canonical_id) DO NOTHING;
INSERT INTO ingredient_alias (canonical_id, alias, alias_normalized, alias_type, language_code, confidence, source) VALUES ('CAS_3696_28_4', 'Bispyrithione', 'bispyrithione', 'synonym', 'en', 1.0, 'HC-Hotlist') ON CONFLICT(alias_normalized, alias_type, COALESCE(language_code, '')) DO NOTHING;
INSERT INTO ingredient_alias (canonical_id, alias, alias_normalized, alias_type, language_code, confidence, source) VALUES ('CAS_3696_28_4', '3696-28-4', '3696-28-4', 'cas', NULL, 1.0, 'HC-Hotlist') ON CONFLICT(alias_normalized, alias_type, COALESCE(language_code, '')) DO NOTHING;
INSERT OR IGNORE INTO regulatory_fact (canonical_id, jurisdiction, fact_type, status, regulation_ref, product_category, evidence_id) VALUES ('CAS_3696_28_4', 'CA_HC', 'prohibited', 'Prohibited in cosmetic products (Health Canada Hotlist)', 'Health Canada Cosmetic Ingredient Hotlist', 'cosmetic', (SELECT id FROM fact_evidence WHERE source_url = 'https://www.canada.ca/en/health-canada/services/consumer-product-safety/cosmetics/cosmetic-ingredient-hotlist-prohibited-restricted-ingredients.html' AND snapshot_date = '2026-04-18' LIMIT 1));
INSERT INTO ingredient (canonical_id, primary_name, ingredient_class, cas_number, category, is_natural) VALUES ('CAS_97_18_7', 'Bithionol', 'substance', '97-18-7', 'cosmetic', 0) ON CONFLICT(canonical_id) DO NOTHING;
INSERT INTO ingredient_alias (canonical_id, alias, alias_normalized, alias_type, language_code, confidence, source) VALUES ('CAS_97_18_7', 'Bithionol', 'bithionol', 'synonym', 'en', 1.0, 'HC-Hotlist') ON CONFLICT(alias_normalized, alias_type, COALESCE(language_code, '')) DO NOTHING;
INSERT INTO ingredient_alias (canonical_id, alias, alias_normalized, alias_type, language_code, confidence, source) VALUES ('CAS_97_18_7', '97-18-7', '97-18-7', 'cas', NULL, 1.0, 'HC-Hotlist') ON CONFLICT(alias_normalized, alias_type, COALESCE(language_code, '')) DO NOTHING;
INSERT OR IGNORE INTO regulatory_fact (canonical_id, jurisdiction, fact_type, status, regulation_ref, product_category, evidence_id) VALUES ('CAS_97_18_7', 'CA_HC', 'prohibited', 'Prohibited in cosmetic products (Health Canada Hotlist)', 'Health Canada Cosmetic Ingredient Hotlist', 'cosmetic', (SELECT id FROM fact_evidence WHERE source_url = 'https://www.canada.ca/en/health-canada/services/consumer-product-safety/cosmetics/cosmetic-ingredient-hotlist-prohibited-restricted-ingredients.html' AND snapshot_date = '2026-04-18' LIMIT 1));
INSERT INTO ingredient (canonical_id, primary_name, ingredient_class, cas_number, category, is_natural) VALUES ('NAME_bovine_tissues_and_ingredients_derived_from_the_skull_brain_trigeminal_ganglia_e', 'Bovine tissues and ingredients derived from the skull, brain, trigeminal ganglia, eyes, spinal cord, and dorsal root ganglia of cattle aged 30 months or older and the small intestine and tonsils of cattle of all ages. This prohibition does not apply to tallow derivatives, or to gelatin, collagen and hydrolyzed proteins prepared from bovine hides and skins', 'substance', NULL, 'cosmetic', 0) ON CONFLICT(canonical_id) DO NOTHING;
INSERT INTO ingredient_alias (canonical_id, alias, alias_normalized, alias_type, language_code, confidence, source) VALUES ('NAME_bovine_tissues_and_ingredients_derived_from_the_skull_brain_trigeminal_ganglia_e', 'Bovine tissues and ingredients derived from the skull, brain, trigeminal ganglia, eyes, spinal cord, and dorsal root ganglia of cattle aged 30 months or older and the small intestine and tonsils of cattle of all ages. This prohibition does not apply to tallow derivatives, or to gelatin, collagen and hydrolyzed proteins prepared from bovine hides and skins', 'bovine tissues and ingredients derived from the skull, brain, trigeminal ganglia, eyes, spinal cord, and dorsal root ganglia of cattle aged 30 months or older and the small intestine and tonsils of cattle of all ages. this prohibition does not apply to tallow derivatives, or to gelatin, collagen and hydrolyzed proteins prepared from bovine hides and skins', 'synonym', 'en', 1.0, 'HC-Hotlist') ON CONFLICT(alias_normalized, alias_type, COALESCE(language_code, '')) DO NOTHING;
INSERT OR IGNORE INTO regulatory_fact (canonical_id, jurisdiction, fact_type, status, regulation_ref, product_category, evidence_id) VALUES ('NAME_bovine_tissues_and_ingredients_derived_from_the_skull_brain_trigeminal_ganglia_e', 'CA_HC', 'prohibited', 'Prohibited in cosmetic products (Health Canada Hotlist)', 'Health Canada Cosmetic Ingredient Hotlist', 'cosmetic', (SELECT id FROM fact_evidence WHERE source_url = 'https://www.canada.ca/en/health-canada/services/consumer-product-safety/cosmetics/cosmetic-ingredient-hotlist-prohibited-restricted-ingredients.html' AND snapshot_date = '2026-04-18' LIMIT 1));
INSERT INTO ingredient (canonical_id, primary_name, ingredient_class, cas_number, category, is_natural) VALUES ('CAS_61_75_6', 'Bretylium tosilate', 'substance', '61-75-6', 'cosmetic', 0) ON CONFLICT(canonical_id) DO NOTHING;
INSERT INTO ingredient_alias (canonical_id, alias, alias_normalized, alias_type, language_code, confidence, source) VALUES ('CAS_61_75_6', 'Bretylium tosilate', 'bretylium tosilate', 'synonym', 'en', 1.0, 'HC-Hotlist') ON CONFLICT(alias_normalized, alias_type, COALESCE(language_code, '')) DO NOTHING;
INSERT INTO ingredient_alias (canonical_id, alias, alias_normalized, alias_type, language_code, confidence, source) VALUES ('CAS_61_75_6', '61-75-6', '61-75-6', 'cas', NULL, 1.0, 'HC-Hotlist') ON CONFLICT(alias_normalized, alias_type, COALESCE(language_code, '')) DO NOTHING;
INSERT OR IGNORE INTO regulatory_fact (canonical_id, jurisdiction, fact_type, status, regulation_ref, product_category, evidence_id) VALUES ('CAS_61_75_6', 'CA_HC', 'prohibited', 'Prohibited in cosmetic products (Health Canada Hotlist)', 'Health Canada Cosmetic Ingredient Hotlist', 'cosmetic', (SELECT id FROM fact_evidence WHERE source_url = 'https://www.canada.ca/en/health-canada/services/consumer-product-safety/cosmetics/cosmetic-ingredient-hotlist-prohibited-restricted-ingredients.html' AND snapshot_date = '2026-04-18' LIMIT 1));
INSERT INTO ingredient (canonical_id, primary_name, ingredient_class, cas_number, category, is_natural) VALUES ('CAS_7789_38_0', 'Bromates', 'substance', '7789-38-0', 'cosmetic', 0) ON CONFLICT(canonical_id) DO NOTHING;
INSERT INTO ingredient_alias (canonical_id, alias, alias_normalized, alias_type, language_code, confidence, source) VALUES ('CAS_7789_38_0', 'Bromates', 'bromates', 'synonym', 'en', 1.0, 'HC-Hotlist') ON CONFLICT(alias_normalized, alias_type, COALESCE(language_code, '')) DO NOTHING;
INSERT INTO ingredient_alias (canonical_id, alias, alias_normalized, alias_type, language_code, confidence, source) VALUES ('CAS_7789_38_0', '7789-38-0', '7789-38-0', 'cas', NULL, 1.0, 'HC-Hotlist') ON CONFLICT(alias_normalized, alias_type, COALESCE(language_code, '')) DO NOTHING;
INSERT OR IGNORE INTO regulatory_fact (canonical_id, jurisdiction, fact_type, status, regulation_ref, product_category, evidence_id) VALUES ('CAS_7789_38_0', 'CA_HC', 'prohibited', 'Prohibited in cosmetic products (Health Canada Hotlist)', 'Health Canada Cosmetic Ingredient Hotlist', 'cosmetic', (SELECT id FROM fact_evidence WHERE source_url = 'https://www.canada.ca/en/health-canada/services/consumer-product-safety/cosmetics/cosmetic-ingredient-hotlist-prohibited-restricted-ingredients.html' AND snapshot_date = '2026-04-18' LIMIT 1));
INSERT INTO ingredient (canonical_id, primary_name, ingredient_class, cas_number, category, is_natural) VALUES ('CAS_7726_95_6', 'Bromine, elemental', 'substance', '7726-95-6', 'cosmetic', 0) ON CONFLICT(canonical_id) DO NOTHING;
INSERT INTO ingredient_alias (canonical_id, alias, alias_normalized, alias_type, language_code, confidence, source) VALUES ('CAS_7726_95_6', 'Bromine, elemental', 'bromine, elemental', 'synonym', 'en', 1.0, 'HC-Hotlist') ON CONFLICT(alias_normalized, alias_type, COALESCE(language_code, '')) DO NOTHING;
INSERT INTO ingredient_alias (canonical_id, alias, alias_normalized, alias_type, language_code, confidence, source) VALUES ('CAS_7726_95_6', '7726-95-6', '7726-95-6', 'cas', NULL, 1.0, 'HC-Hotlist') ON CONFLICT(alias_normalized, alias_type, COALESCE(language_code, '')) DO NOTHING;
INSERT OR IGNORE INTO regulatory_fact (canonical_id, jurisdiction, fact_type, status, regulation_ref, product_category, evidence_id) VALUES ('CAS_7726_95_6', 'CA_HC', 'prohibited', 'Prohibited in cosmetic products (Health Canada Hotlist)', 'Health Canada Cosmetic Ingredient Hotlist', 'cosmetic', (SELECT id FROM fact_evidence WHERE source_url = 'https://www.canada.ca/en/health-canada/services/consumer-product-safety/cosmetics/cosmetic-ingredient-hotlist-prohibited-restricted-ingredients.html' AND snapshot_date = '2026-04-18' LIMIT 1));
INSERT INTO ingredient (canonical_id, primary_name, ingredient_class, cas_number, category, is_natural) VALUES ('CAS_496_67_3', 'Bromisoval', 'substance', '496-67-3', 'cosmetic', 0) ON CONFLICT(canonical_id) DO NOTHING;
INSERT INTO ingredient_alias (canonical_id, alias, alias_normalized, alias_type, language_code, confidence, source) VALUES ('CAS_496_67_3', 'Bromisoval', 'bromisoval', 'synonym', 'en', 1.0, 'HC-Hotlist') ON CONFLICT(alias_normalized, alias_type, COALESCE(language_code, '')) DO NOTHING;
INSERT INTO ingredient_alias (canonical_id, alias, alias_normalized, alias_type, language_code, confidence, source) VALUES ('CAS_496_67_3', '496-67-3', '496-67-3', 'cas', NULL, 1.0, 'HC-Hotlist') ON CONFLICT(alias_normalized, alias_type, COALESCE(language_code, '')) DO NOTHING;
INSERT OR IGNORE INTO regulatory_fact (canonical_id, jurisdiction, fact_type, status, regulation_ref, product_category, evidence_id) VALUES ('CAS_496_67_3', 'CA_HC', 'prohibited', 'Prohibited in cosmetic products (Health Canada Hotlist)', 'Health Canada Cosmetic Ingredient Hotlist', 'cosmetic', (SELECT id FROM fact_evidence WHERE source_url = 'https://www.canada.ca/en/health-canada/services/consumer-product-safety/cosmetics/cosmetic-ingredient-hotlist-prohibited-restricted-ingredients.html' AND snapshot_date = '2026-04-18' LIMIT 1));
INSERT INTO ingredient (canonical_id, primary_name, ingredient_class, cas_number, category, is_natural) VALUES ('CAS_86_22_6', 'Brompheniramine and its salts', 'substance', '86-22-6', 'cosmetic', 0) ON CONFLICT(canonical_id) DO NOTHING;
INSERT INTO ingredient_alias (canonical_id, alias, alias_normalized, alias_type, language_code, confidence, source) VALUES ('CAS_86_22_6', 'Brompheniramine and its salts', 'brompheniramine and its salts', 'synonym', 'en', 1.0, 'HC-Hotlist') ON CONFLICT(alias_normalized, alias_type, COALESCE(language_code, '')) DO NOTHING;
INSERT INTO ingredient_alias (canonical_id, alias, alias_normalized, alias_type, language_code, confidence, source) VALUES ('CAS_86_22_6', '86-22-6', '86-22-6', 'cas', NULL, 1.0, 'HC-Hotlist') ON CONFLICT(alias_normalized, alias_type, COALESCE(language_code, '')) DO NOTHING;
INSERT OR IGNORE INTO regulatory_fact (canonical_id, jurisdiction, fact_type, status, regulation_ref, product_category, evidence_id) VALUES ('CAS_86_22_6', 'CA_HC', 'prohibited', 'Prohibited in cosmetic products (Health Canada Hotlist)', 'Health Canada Cosmetic Ingredient Hotlist', 'cosmetic', (SELECT id FROM fact_evidence WHERE source_url = 'https://www.canada.ca/en/health-canada/services/consumer-product-safety/cosmetics/cosmetic-ingredient-hotlist-prohibited-restricted-ingredients.html' AND snapshot_date = '2026-04-18' LIMIT 1));
INSERT INTO ingredient (canonical_id, primary_name, ingredient_class, cas_number, category, is_natural) VALUES ('CAS_3785_21_5', 'Butanilicaine and its salts', 'substance', '3785-21-5', 'cosmetic', 0) ON CONFLICT(canonical_id) DO NOTHING;
INSERT INTO ingredient_alias (canonical_id, alias, alias_normalized, alias_type, language_code, confidence, source) VALUES ('CAS_3785_21_5', 'Butanilicaine and its salts', 'butanilicaine and its salts', 'synonym', 'en', 1.0, 'HC-Hotlist') ON CONFLICT(alias_normalized, alias_type, COALESCE(language_code, '')) DO NOTHING;
INSERT INTO ingredient_alias (canonical_id, alias, alias_normalized, alias_type, language_code, confidence, source) VALUES ('CAS_3785_21_5', '3785-21-5', '3785-21-5', 'cas', NULL, 1.0, 'HC-Hotlist') ON CONFLICT(alias_normalized, alias_type, COALESCE(language_code, '')) DO NOTHING;
INSERT OR IGNORE INTO regulatory_fact (canonical_id, jurisdiction, fact_type, status, regulation_ref, product_category, evidence_id) VALUES ('CAS_3785_21_5', 'CA_HC', 'prohibited', 'Prohibited in cosmetic products (Health Canada Hotlist)', 'Health Canada Cosmetic Ingredient Hotlist', 'cosmetic', (SELECT id FROM fact_evidence WHERE source_url = 'https://www.canada.ca/en/health-canada/services/consumer-product-safety/cosmetics/cosmetic-ingredient-hotlist-prohibited-restricted-ingredients.html' AND snapshot_date = '2026-04-18' LIMIT 1));
INSERT INTO ingredient (canonical_id, primary_name, ingredient_class, cas_number, category, is_natural) VALUES ('CAS_55837_15_5', 'Butopiprine and its salts', 'substance', '55837-15-5', 'cosmetic', 0) ON CONFLICT(canonical_id) DO NOTHING;
INSERT INTO ingredient_alias (canonical_id, alias, alias_normalized, alias_type, language_code, confidence, source) VALUES ('CAS_55837_15_5', 'Butopiprine and its salts', 'butopiprine and its salts', 'synonym', 'en', 1.0, 'HC-Hotlist') ON CONFLICT(alias_normalized, alias_type, COALESCE(language_code, '')) DO NOTHING;
INSERT INTO ingredient_alias (canonical_id, alias, alias_normalized, alias_type, language_code, confidence, source) VALUES ('CAS_55837_15_5', '55837-15-5', '55837-15-5', 'cas', NULL, 1.0, 'HC-Hotlist') ON CONFLICT(alias_normalized, alias_type, COALESCE(language_code, '')) DO NOTHING;
INSERT OR IGNORE INTO regulatory_fact (canonical_id, jurisdiction, fact_type, status, regulation_ref, product_category, evidence_id) VALUES ('CAS_55837_15_5', 'CA_HC', 'prohibited', 'Prohibited in cosmetic products (Health Canada Hotlist)', 'Health Canada Cosmetic Ingredient Hotlist', 'cosmetic', (SELECT id FROM fact_evidence WHERE source_url = 'https://www.canada.ca/en/health-canada/services/consumer-product-safety/cosmetics/cosmetic-ingredient-hotlist-prohibited-restricted-ingredients.html' AND snapshot_date = '2026-04-18' LIMIT 1));
INSERT INTO ingredient (canonical_id, primary_name, ingredient_class, cas_number, category, is_natural) VALUES ('CAS_7440_43_9', 'Cadmium and its compounds', 'substance', '7440-43-9', 'cosmetic', 0) ON CONFLICT(canonical_id) DO NOTHING;
INSERT INTO ingredient_alias (canonical_id, alias, alias_normalized, alias_type, language_code, confidence, source) VALUES ('CAS_7440_43_9', 'Cadmium and its compounds', 'cadmium and its compounds', 'synonym', 'en', 1.0, 'HC-Hotlist') ON CONFLICT(alias_normalized, alias_type, COALESCE(language_code, '')) DO NOTHING;
INSERT INTO ingredient_alias (canonical_id, alias, alias_normalized, alias_type, language_code, confidence, source) VALUES ('CAS_7440_43_9', '7440-43-9', '7440-43-9', 'cas', NULL, 1.0, 'HC-Hotlist') ON CONFLICT(alias_normalized, alias_type, COALESCE(language_code, '')) DO NOTHING;
INSERT OR IGNORE INTO regulatory_fact (canonical_id, jurisdiction, fact_type, status, regulation_ref, product_category, evidence_id) VALUES ('CAS_7440_43_9', 'CA_HC', 'prohibited', 'Prohibited in cosmetic products (Health Canada Hotlist)', 'Health Canada Cosmetic Ingredient Hotlist', 'cosmetic', (SELECT id FROM fact_evidence WHERE source_url = 'https://www.canada.ca/en/health-canada/services/consumer-product-safety/cosmetics/cosmetic-ingredient-hotlist-prohibited-restricted-ingredients.html' AND snapshot_date = '2026-04-18' LIMIT 1));
INSERT INTO ingredient (canonical_id, primary_name, ingredient_class, cas_number, category, is_natural) VALUES ('CAS_13956_29_1', 'Cannabis, as defined in subsection 2(1) of the Cannabis Act', 'substance', '13956-29-1', 'cosmetic', 0) ON CONFLICT(canonical_id) DO NOTHING;
INSERT INTO ingredient_alias (canonical_id, alias, alias_normalized, alias_type, language_code, confidence, source) VALUES ('CAS_13956_29_1', 'Cannabis, as defined in subsection 2(1) of the Cannabis Act', 'cannabis, as defined in subsection 2(1) of the cannabis act', 'synonym', 'en', 1.0, 'HC-Hotlist') ON CONFLICT(alias_normalized, alias_type, COALESCE(language_code, '')) DO NOTHING;
INSERT INTO ingredient_alias (canonical_id, alias, alias_normalized, alias_type, language_code, confidence, source) VALUES ('CAS_13956_29_1', '13956-29-1', '13956-29-1', 'cas', NULL, 1.0, 'HC-Hotlist') ON CONFLICT(alias_normalized, alias_type, COALESCE(language_code, '')) DO NOTHING;
INSERT OR IGNORE INTO regulatory_fact (canonical_id, jurisdiction, fact_type, status, regulation_ref, product_category, evidence_id) VALUES ('CAS_13956_29_1', 'CA_HC', 'prohibited', 'Prohibited in cosmetic products (Health Canada Hotlist)', 'Health Canada Cosmetic Ingredient Hotlist', 'cosmetic', (SELECT id FROM fact_evidence WHERE source_url = 'https://www.canada.ca/en/health-canada/services/consumer-product-safety/cosmetics/cosmetic-ingredient-hotlist-prohibited-restricted-ingredients.html' AND snapshot_date = '2026-04-18' LIMIT 1));
INSERT INTO ingredient (canonical_id, primary_name, ingredient_class, cas_number, category, is_natural) VALUES ('CAS_92457_17_5', 'Cantharides, Cantharidin and Cantharis vesicatoria', 'substance', '92457-17-5', 'cosmetic', 0) ON CONFLICT(canonical_id) DO NOTHING;
INSERT INTO ingredient_alias (canonical_id, alias, alias_normalized, alias_type, language_code, confidence, source) VALUES ('CAS_92457_17_5', 'Cantharides, Cantharidin and Cantharis vesicatoria', 'cantharides, cantharidin and cantharis vesicatoria', 'synonym', 'en', 1.0, 'HC-Hotlist') ON CONFLICT(alias_normalized, alias_type, COALESCE(language_code, '')) DO NOTHING;
INSERT INTO ingredient_alias (canonical_id, alias, alias_normalized, alias_type, language_code, confidence, source) VALUES ('CAS_92457_17_5', '92457-17-5', '92457-17-5', 'cas', NULL, 1.0, 'HC-Hotlist') ON CONFLICT(alias_normalized, alias_type, COALESCE(language_code, '')) DO NOTHING;
INSERT OR IGNORE INTO regulatory_fact (canonical_id, jurisdiction, fact_type, status, regulation_ref, product_category, evidence_id) VALUES ('CAS_92457_17_5', 'CA_HC', 'prohibited', 'Prohibited in cosmetic products (Health Canada Hotlist)', 'Health Canada Cosmetic Ingredient Hotlist', 'cosmetic', (SELECT id FROM fact_evidence WHERE source_url = 'https://www.canada.ca/en/health-canada/services/consumer-product-safety/cosmetics/cosmetic-ingredient-hotlist-prohibited-restricted-ingredients.html' AND snapshot_date = '2026-04-18' LIMIT 1));
INSERT INTO ingredient (canonical_id, primary_name, ingredient_class, cas_number, category, is_natural) VALUES ('CAS_133_06_2', 'Captan', 'substance', '133-06-2', 'cosmetic', 0) ON CONFLICT(canonical_id) DO NOTHING;
INSERT INTO ingredient_alias (canonical_id, alias, alias_normalized, alias_type, language_code, confidence, source) VALUES ('CAS_133_06_2', 'Captan', 'captan', 'synonym', 'en', 1.0, 'HC-Hotlist') ON CONFLICT(alias_normalized, alias_type, COALESCE(language_code, '')) DO NOTHING;
INSERT INTO ingredient_alias (canonical_id, alias, alias_normalized, alias_type, language_code, confidence, source) VALUES ('CAS_133_06_2', '133-06-2', '133-06-2', 'cas', NULL, 1.0, 'HC-Hotlist') ON CONFLICT(alias_normalized, alias_type, COALESCE(language_code, '')) DO NOTHING;
INSERT OR IGNORE INTO regulatory_fact (canonical_id, jurisdiction, fact_type, status, regulation_ref, product_category, evidence_id) VALUES ('CAS_133_06_2', 'CA_HC', 'prohibited', 'Prohibited in cosmetic products (Health Canada Hotlist)', 'Health Canada Cosmetic Ingredient Hotlist', 'cosmetic', (SELECT id FROM fact_evidence WHERE source_url = 'https://www.canada.ca/en/health-canada/services/consumer-product-safety/cosmetics/cosmetic-ingredient-hotlist-prohibited-restricted-ingredients.html' AND snapshot_date = '2026-04-18' LIMIT 1));
INSERT INTO ingredient (canonical_id, primary_name, ingredient_class, cas_number, category, is_natural) VALUES ('CAS_486_17_9', 'Captodiame', 'substance', '486-17-9', 'cosmetic', 0) ON CONFLICT(canonical_id) DO NOTHING;
INSERT INTO ingredient_alias (canonical_id, alias, alias_normalized, alias_type, language_code, confidence, source) VALUES ('CAS_486_17_9', 'Captodiame', 'captodiame', 'synonym', 'en', 1.0, 'HC-Hotlist') ON CONFLICT(alias_normalized, alias_type, COALESCE(language_code, '')) DO NOTHING;
INSERT INTO ingredient_alias (canonical_id, alias, alias_normalized, alias_type, language_code, confidence, source) VALUES ('CAS_486_17_9', '486-17-9', '486-17-9', 'cas', NULL, 1.0, 'HC-Hotlist') ON CONFLICT(alias_normalized, alias_type, COALESCE(language_code, '')) DO NOTHING;
INSERT OR IGNORE INTO regulatory_fact (canonical_id, jurisdiction, fact_type, status, regulation_ref, product_category, evidence_id) VALUES ('CAS_486_17_9', 'CA_HC', 'prohibited', 'Prohibited in cosmetic products (Health Canada Hotlist)', 'Health Canada Cosmetic Ingredient Hotlist', 'cosmetic', (SELECT id FROM fact_evidence WHERE source_url = 'https://www.canada.ca/en/health-canada/services/consumer-product-safety/cosmetics/cosmetic-ingredient-hotlist-prohibited-restricted-ingredients.html' AND snapshot_date = '2026-04-18' LIMIT 1));
INSERT INTO ingredient (canonical_id, primary_name, ingredient_class, cas_number, category, is_natural) VALUES ('CAS_77_22_5', 'Caramiphen and its salts', 'substance', '77-22-5', 'cosmetic', 0) ON CONFLICT(canonical_id) DO NOTHING;
INSERT INTO ingredient_alias (canonical_id, alias, alias_normalized, alias_type, language_code, confidence, source) VALUES ('CAS_77_22_5', 'Caramiphen and its salts', 'caramiphen and its salts', 'synonym', 'en', 1.0, 'HC-Hotlist') ON CONFLICT(alias_normalized, alias_type, COALESCE(language_code, '')) DO NOTHING;
INSERT INTO ingredient_alias (canonical_id, alias, alias_normalized, alias_type, language_code, confidence, source) VALUES ('CAS_77_22_5', '77-22-5', '77-22-5', 'cas', NULL, 1.0, 'HC-Hotlist') ON CONFLICT(alias_normalized, alias_type, COALESCE(language_code, '')) DO NOTHING;
INSERT OR IGNORE INTO regulatory_fact (canonical_id, jurisdiction, fact_type, status, regulation_ref, product_category, evidence_id) VALUES ('CAS_77_22_5', 'CA_HC', 'prohibited', 'Prohibited in cosmetic products (Health Canada Hotlist)', 'Health Canada Cosmetic Ingredient Hotlist', 'cosmetic', (SELECT id FROM fact_evidence WHERE source_url = 'https://www.canada.ca/en/health-canada/services/consumer-product-safety/cosmetics/cosmetic-ingredient-hotlist-prohibited-restricted-ingredients.html' AND snapshot_date = '2026-04-18' LIMIT 1));
INSERT INTO ingredient (canonical_id, primary_name, ingredient_class, cas_number, category, is_natural) VALUES ('CAS_86_74_8', 'Carbazole, nitroderivatives of', 'substance', '86-74-8', 'cosmetic', 0) ON CONFLICT(canonical_id) DO NOTHING;
INSERT INTO ingredient_alias (canonical_id, alias, alias_normalized, alias_type, language_code, confidence, source) VALUES ('CAS_86_74_8', 'Carbazole, nitroderivatives of', 'carbazole, nitroderivatives of', 'synonym', 'en', 1.0, 'HC-Hotlist') ON CONFLICT(alias_normalized, alias_type, COALESCE(language_code, '')) DO NOTHING;
INSERT INTO ingredient_alias (canonical_id, alias, alias_normalized, alias_type, language_code, confidence, source) VALUES ('CAS_86_74_8', '86-74-8', '86-74-8', 'cas', NULL, 1.0, 'HC-Hotlist') ON CONFLICT(alias_normalized, alias_type, COALESCE(language_code, '')) DO NOTHING;
INSERT OR IGNORE INTO regulatory_fact (canonical_id, jurisdiction, fact_type, status, regulation_ref, product_category, evidence_id) VALUES ('CAS_86_74_8', 'CA_HC', 'prohibited', 'Prohibited in cosmetic products (Health Canada Hotlist)', 'Health Canada Cosmetic Ingredient Hotlist', 'cosmetic', (SELECT id FROM fact_evidence WHERE source_url = 'https://www.canada.ca/en/health-canada/services/consumer-product-safety/cosmetics/cosmetic-ingredient-hotlist-prohibited-restricted-ingredients.html' AND snapshot_date = '2026-04-18' LIMIT 1));
INSERT INTO ingredient (canonical_id, primary_name, ingredient_class, cas_number, category, is_natural) VALUES ('CAS_75_15_0', 'Carbon disulfide', 'substance', '75-15-0', 'cosmetic', 0) ON CONFLICT(canonical_id) DO NOTHING;
INSERT INTO ingredient_alias (canonical_id, alias, alias_normalized, alias_type, language_code, confidence, source) VALUES ('CAS_75_15_0', 'Carbon disulfide', 'carbon disulfide', 'synonym', 'en', 1.0, 'HC-Hotlist') ON CONFLICT(alias_normalized, alias_type, COALESCE(language_code, '')) DO NOTHING;
INSERT INTO ingredient_alias (canonical_id, alias, alias_normalized, alias_type, language_code, confidence, source) VALUES ('CAS_75_15_0', '75-15-0', '75-15-0', 'cas', NULL, 1.0, 'HC-Hotlist') ON CONFLICT(alias_normalized, alias_type, COALESCE(language_code, '')) DO NOTHING;
INSERT OR IGNORE INTO regulatory_fact (canonical_id, jurisdiction, fact_type, status, regulation_ref, product_category, evidence_id) VALUES ('CAS_75_15_0', 'CA_HC', 'prohibited', 'Prohibited in cosmetic products (Health Canada Hotlist)', 'Health Canada Cosmetic Ingredient Hotlist', 'cosmetic', (SELECT id FROM fact_evidence WHERE source_url = 'https://www.canada.ca/en/health-canada/services/consumer-product-safety/cosmetics/cosmetic-ingredient-hotlist-prohibited-restricted-ingredients.html' AND snapshot_date = '2026-04-18' LIMIT 1));
INSERT INTO ingredient (canonical_id, primary_name, ingredient_class, cas_number, category, is_natural) VALUES ('CAS_56_23_5', 'Carbon tetrachloride', 'substance', '56-23-5', 'cosmetic', 0) ON CONFLICT(canonical_id) DO NOTHING;
INSERT INTO ingredient_alias (canonical_id, alias, alias_normalized, alias_type, language_code, confidence, source) VALUES ('CAS_56_23_5', 'Carbon tetrachloride', 'carbon tetrachloride', 'synonym', 'en', 1.0, 'HC-Hotlist') ON CONFLICT(alias_normalized, alias_type, COALESCE(language_code, '')) DO NOTHING;
INSERT INTO ingredient_alias (canonical_id, alias, alias_normalized, alias_type, language_code, confidence, source) VALUES ('CAS_56_23_5', '56-23-5', '56-23-5', 'cas', NULL, 1.0, 'HC-Hotlist') ON CONFLICT(alias_normalized, alias_type, COALESCE(language_code, '')) DO NOTHING;
INSERT OR IGNORE INTO regulatory_fact (canonical_id, jurisdiction, fact_type, status, regulation_ref, product_category, evidence_id) VALUES ('CAS_56_23_5', 'CA_HC', 'prohibited', 'Prohibited in cosmetic products (Health Canada Hotlist)', 'Health Canada Cosmetic Ingredient Hotlist', 'cosmetic', (SELECT id FROM fact_evidence WHERE source_url = 'https://www.canada.ca/en/health-canada/services/consumer-product-safety/cosmetics/cosmetic-ingredient-hotlist-prohibited-restricted-ingredients.html' AND snapshot_date = '2026-04-18' LIMIT 1));
INSERT INTO ingredient (canonical_id, primary_name, ingredient_class, cas_number, category, is_natural) VALUES ('CAS_77_65_6', 'Carbromal', 'substance', '77-65-6', 'cosmetic', 0) ON CONFLICT(canonical_id) DO NOTHING;
INSERT INTO ingredient_alias (canonical_id, alias, alias_normalized, alias_type, language_code, confidence, source) VALUES ('CAS_77_65_6', 'Carbromal', 'carbromal', 'synonym', 'en', 1.0, 'HC-Hotlist') ON CONFLICT(alias_normalized, alias_type, COALESCE(language_code, '')) DO NOTHING;
INSERT INTO ingredient_alias (canonical_id, alias, alias_normalized, alias_type, language_code, confidence, source) VALUES ('CAS_77_65_6', '77-65-6', '77-65-6', 'cas', NULL, 1.0, 'HC-Hotlist') ON CONFLICT(alias_normalized, alias_type, COALESCE(language_code, '')) DO NOTHING;
INSERT OR IGNORE INTO regulatory_fact (canonical_id, jurisdiction, fact_type, status, regulation_ref, product_category, evidence_id) VALUES ('CAS_77_65_6', 'CA_HC', 'prohibited', 'Prohibited in cosmetic products (Health Canada Hotlist)', 'Health Canada Cosmetic Ingredient Hotlist', 'cosmetic', (SELECT id FROM fact_evidence WHERE source_url = 'https://www.canada.ca/en/health-canada/services/consumer-product-safety/cosmetics/cosmetic-ingredient-hotlist-prohibited-restricted-ingredients.html' AND snapshot_date = '2026-04-18' LIMIT 1));
INSERT INTO ingredient (canonical_id, primary_name, ingredient_class, cas_number, category, is_natural) VALUES ('CAS_339_43_5', 'Carbutamide', 'substance', '339-43-5', 'cosmetic', 0) ON CONFLICT(canonical_id) DO NOTHING;
INSERT INTO ingredient_alias (canonical_id, alias, alias_normalized, alias_type, language_code, confidence, source) VALUES ('CAS_339_43_5', 'Carbutamide', 'carbutamide', 'synonym', 'en', 1.0, 'HC-Hotlist') ON CONFLICT(alias_normalized, alias_type, COALESCE(language_code, '')) DO NOTHING;
INSERT INTO ingredient_alias (canonical_id, alias, alias_normalized, alias_type, language_code, confidence, source) VALUES ('CAS_339_43_5', '339-43-5', '339-43-5', 'cas', NULL, 1.0, 'HC-Hotlist') ON CONFLICT(alias_normalized, alias_type, COALESCE(language_code, '')) DO NOTHING;
INSERT OR IGNORE INTO regulatory_fact (canonical_id, jurisdiction, fact_type, status, regulation_ref, product_category, evidence_id) VALUES ('CAS_339_43_5', 'CA_HC', 'prohibited', 'Prohibited in cosmetic products (Health Canada Hotlist)', 'Health Canada Cosmetic Ingredient Hotlist', 'cosmetic', (SELECT id FROM fact_evidence WHERE source_url = 'https://www.canada.ca/en/health-canada/services/consumer-product-safety/cosmetics/cosmetic-ingredient-hotlist-prohibited-restricted-ingredients.html' AND snapshot_date = '2026-04-18' LIMIT 1));
INSERT INTO ingredient (canonical_id, primary_name, ingredient_class, cas_number, category, is_natural) VALUES ('CAS_78_44_4', 'Carisoprodol', 'substance', '78-44-4', 'cosmetic', 0) ON CONFLICT(canonical_id) DO NOTHING;
INSERT INTO ingredient_alias (canonical_id, alias, alias_normalized, alias_type, language_code, confidence, source) VALUES ('CAS_78_44_4', 'Carisoprodol', 'carisoprodol', 'synonym', 'en', 1.0, 'HC-Hotlist') ON CONFLICT(alias_normalized, alias_type, COALESCE(language_code, '')) DO NOTHING;
INSERT INTO ingredient_alias (canonical_id, alias, alias_normalized, alias_type, language_code, confidence, source) VALUES ('CAS_78_44_4', '78-44-4', '78-44-4', 'cas', NULL, 1.0, 'HC-Hotlist') ON CONFLICT(alias_normalized, alias_type, COALESCE(language_code, '')) DO NOTHING;
INSERT OR IGNORE INTO regulatory_fact (canonical_id, jurisdiction, fact_type, status, regulation_ref, product_category, evidence_id) VALUES ('CAS_78_44_4', 'CA_HC', 'prohibited', 'Prohibited in cosmetic products (Health Canada Hotlist)', 'Health Canada Cosmetic Ingredient Hotlist', 'cosmetic', (SELECT id FROM fact_evidence WHERE source_url = 'https://www.canada.ca/en/health-canada/services/consumer-product-safety/cosmetics/cosmetic-ingredient-hotlist-prohibited-restricted-ingredients.html' AND snapshot_date = '2026-04-18' LIMIT 1));
INSERT INTO ingredient (canonical_id, primary_name, ingredient_class, cas_number, category, is_natural) VALUES ('CAS_483_17_0', 'Cephaeline and its salts', 'substance', '483-17-0', 'cosmetic', 0) ON CONFLICT(canonical_id) DO NOTHING;
INSERT INTO ingredient_alias (canonical_id, alias, alias_normalized, alias_type, language_code, confidence, source) VALUES ('CAS_483_17_0', 'Cephaeline and its salts', 'cephaeline and its salts', 'synonym', 'en', 1.0, 'HC-Hotlist') ON CONFLICT(alias_normalized, alias_type, COALESCE(language_code, '')) DO NOTHING;
INSERT INTO ingredient_alias (canonical_id, alias, alias_normalized, alias_type, language_code, confidence, source) VALUES ('CAS_483_17_0', '483-17-0', '483-17-0', 'cas', NULL, 1.0, 'HC-Hotlist') ON CONFLICT(alias_normalized, alias_type, COALESCE(language_code, '')) DO NOTHING;
INSERT OR IGNORE INTO regulatory_fact (canonical_id, jurisdiction, fact_type, status, regulation_ref, product_category, evidence_id) VALUES ('CAS_483_17_0', 'CA_HC', 'prohibited', 'Prohibited in cosmetic products (Health Canada Hotlist)', 'Health Canada Cosmetic Ingredient Hotlist', 'cosmetic', (SELECT id FROM fact_evidence WHERE source_url = 'https://www.canada.ca/en/health-canada/services/consumer-product-safety/cosmetics/cosmetic-ingredient-hotlist-prohibited-restricted-ingredients.html' AND snapshot_date = '2026-04-18' LIMIT 1));
INSERT INTO ingredient (canonical_id, primary_name, ingredient_class, cas_number, category, is_natural) VALUES ('NAME_cephaelis_ipecacuanha_brot_and_related_species_roots_powder_and_galenical_prepar', 'Cephaelis ipecacuanha Brot . and related species, roots, powder, and galenical preparations', 'substance', NULL, 'cosmetic', 0) ON CONFLICT(canonical_id) DO NOTHING;
INSERT INTO ingredient_alias (canonical_id, alias, alias_normalized, alias_type, language_code, confidence, source) VALUES ('NAME_cephaelis_ipecacuanha_brot_and_related_species_roots_powder_and_galenical_prepar', 'Cephaelis ipecacuanha Brot . and related species, roots, powder, and galenical preparations', 'cephaelis ipecacuanha brot . and related species, roots, powder, and galenical preparations', 'synonym', 'en', 1.0, 'HC-Hotlist') ON CONFLICT(alias_normalized, alias_type, COALESCE(language_code, '')) DO NOTHING;
INSERT OR IGNORE INTO regulatory_fact (canonical_id, jurisdiction, fact_type, status, regulation_ref, product_category, evidence_id) VALUES ('NAME_cephaelis_ipecacuanha_brot_and_related_species_roots_powder_and_galenical_prepar', 'CA_HC', 'prohibited', 'Prohibited in cosmetic products (Health Canada Hotlist)', 'Health Canada Cosmetic Ingredient Hotlist', 'cosmetic', (SELECT id FROM fact_evidence WHERE source_url = 'https://www.canada.ca/en/health-canada/services/consumer-product-safety/cosmetics/cosmetic-ingredient-hotlist-prohibited-restricted-ingredients.html' AND snapshot_date = '2026-04-18' LIMIT 1));
INSERT INTO ingredient (canonical_id, primary_name, ingredient_class, cas_number, category, is_natural) VALUES ('CAS_8006_99_3', 'Chenopodium ambrosioides essential oil', 'substance', '8006-99-3', 'cosmetic', 0) ON CONFLICT(canonical_id) DO NOTHING;
INSERT INTO ingredient_alias (canonical_id, alias, alias_normalized, alias_type, language_code, confidence, source) VALUES ('CAS_8006_99_3', 'Chenopodium ambrosioides essential oil', 'chenopodium ambrosioides essential oil', 'synonym', 'en', 1.0, 'HC-Hotlist') ON CONFLICT(alias_normalized, alias_type, COALESCE(language_code, '')) DO NOTHING;
INSERT INTO ingredient_alias (canonical_id, alias, alias_normalized, alias_type, language_code, confidence, source) VALUES ('CAS_8006_99_3', '8006-99-3', '8006-99-3', 'cas', NULL, 1.0, 'HC-Hotlist') ON CONFLICT(alias_normalized, alias_type, COALESCE(language_code, '')) DO NOTHING;
INSERT OR IGNORE INTO regulatory_fact (canonical_id, jurisdiction, fact_type, status, regulation_ref, product_category, evidence_id) VALUES ('CAS_8006_99_3', 'CA_HC', 'prohibited', 'Prohibited in cosmetic products (Health Canada Hotlist)', 'Health Canada Cosmetic Ingredient Hotlist', 'cosmetic', (SELECT id FROM fact_evidence WHERE source_url = 'https://www.canada.ca/en/health-canada/services/consumer-product-safety/cosmetics/cosmetic-ingredient-hotlist-prohibited-restricted-ingredients.html' AND snapshot_date = '2026-04-18' LIMIT 1));
INSERT INTO ingredient (canonical_id, primary_name, ingredient_class, cas_number, category, is_natural) VALUES ('CAS_302_17_0', 'Chloral hydrate', 'substance', '302-17-0', 'cosmetic', 0) ON CONFLICT(canonical_id) DO NOTHING;
INSERT INTO ingredient_alias (canonical_id, alias, alias_normalized, alias_type, language_code, confidence, source) VALUES ('CAS_302_17_0', 'Chloral hydrate', 'chloral hydrate', 'synonym', 'en', 1.0, 'HC-Hotlist') ON CONFLICT(alias_normalized, alias_type, COALESCE(language_code, '')) DO NOTHING;
INSERT INTO ingredient_alias (canonical_id, alias, alias_normalized, alias_type, language_code, confidence, source) VALUES ('CAS_302_17_0', '302-17-0', '302-17-0', 'cas', NULL, 1.0, 'HC-Hotlist') ON CONFLICT(alias_normalized, alias_type, COALESCE(language_code, '')) DO NOTHING;
INSERT OR IGNORE INTO regulatory_fact (canonical_id, jurisdiction, fact_type, status, regulation_ref, product_category, evidence_id) VALUES ('CAS_302_17_0', 'CA_HC', 'prohibited', 'Prohibited in cosmetic products (Health Canada Hotlist)', 'Health Canada Cosmetic Ingredient Hotlist', 'cosmetic', (SELECT id FROM fact_evidence WHERE source_url = 'https://www.canada.ca/en/health-canada/services/consumer-product-safety/cosmetics/cosmetic-ingredient-hotlist-prohibited-restricted-ingredients.html' AND snapshot_date = '2026-04-18' LIMIT 1));
INSERT INTO ingredient (canonical_id, primary_name, ingredient_class, cas_number, category, is_natural) VALUES ('CAS_127_65_1', 'Chloramine T and related compounds', 'substance', '127-65-1', 'cosmetic', 0) ON CONFLICT(canonical_id) DO NOTHING;
INSERT INTO ingredient_alias (canonical_id, alias, alias_normalized, alias_type, language_code, confidence, source) VALUES ('CAS_127_65_1', 'Chloramine T and related compounds', 'chloramine t and related compounds', 'synonym', 'en', 1.0, 'HC-Hotlist') ON CONFLICT(alias_normalized, alias_type, COALESCE(language_code, '')) DO NOTHING;
INSERT INTO ingredient_alias (canonical_id, alias, alias_normalized, alias_type, language_code, confidence, source) VALUES ('CAS_127_65_1', '127-65-1', '127-65-1', 'cas', NULL, 1.0, 'HC-Hotlist') ON CONFLICT(alias_normalized, alias_type, COALESCE(language_code, '')) DO NOTHING;
INSERT OR IGNORE INTO regulatory_fact (canonical_id, jurisdiction, fact_type, status, regulation_ref, product_category, evidence_id) VALUES ('CAS_127_65_1', 'CA_HC', 'prohibited', 'Prohibited in cosmetic products (Health Canada Hotlist)', 'Health Canada Cosmetic Ingredient Hotlist', 'cosmetic', (SELECT id FROM fact_evidence WHERE source_url = 'https://www.canada.ca/en/health-canada/services/consumer-product-safety/cosmetics/cosmetic-ingredient-hotlist-prohibited-restricted-ingredients.html' AND snapshot_date = '2026-04-18' LIMIT 1));
INSERT INTO ingredient (canonical_id, primary_name, ingredient_class, cas_number, category, is_natural) VALUES ('CAS_7782_50_5', 'Chlorine', 'substance', '7782-50-5', 'cosmetic', 0) ON CONFLICT(canonical_id) DO NOTHING;
INSERT INTO ingredient_alias (canonical_id, alias, alias_normalized, alias_type, language_code, confidence, source) VALUES ('CAS_7782_50_5', 'Chlorine', 'chlorine', 'synonym', 'en', 1.0, 'HC-Hotlist') ON CONFLICT(alias_normalized, alias_type, COALESCE(language_code, '')) DO NOTHING;
INSERT INTO ingredient_alias (canonical_id, alias, alias_normalized, alias_type, language_code, confidence, source) VALUES ('CAS_7782_50_5', '7782-50-5', '7782-50-5', 'cas', NULL, 1.0, 'HC-Hotlist') ON CONFLICT(alias_normalized, alias_type, COALESCE(language_code, '')) DO NOTHING;
INSERT OR IGNORE INTO regulatory_fact (canonical_id, jurisdiction, fact_type, status, regulation_ref, product_category, evidence_id) VALUES ('CAS_7782_50_5', 'CA_HC', 'prohibited', 'Prohibited in cosmetic products (Health Canada Hotlist)', 'Health Canada Cosmetic Ingredient Hotlist', 'cosmetic', (SELECT id FROM fact_evidence WHERE source_url = 'https://www.canada.ca/en/health-canada/services/consumer-product-safety/cosmetics/cosmetic-ingredient-hotlist-prohibited-restricted-ingredients.html' AND snapshot_date = '2026-04-18' LIMIT 1));
INSERT INTO ingredient (canonical_id, primary_name, ingredient_class, cas_number, category, is_natural) VALUES ('CAS_51_75_2', 'Chlormethine and its salts', 'substance', '51-75-2', 'cosmetic', 0) ON CONFLICT(canonical_id) DO NOTHING;
INSERT INTO ingredient_alias (canonical_id, alias, alias_normalized, alias_type, language_code, confidence, source) VALUES ('CAS_51_75_2', 'Chlormethine and its salts', 'chlormethine and its salts', 'synonym', 'en', 1.0, 'HC-Hotlist') ON CONFLICT(alias_normalized, alias_type, COALESCE(language_code, '')) DO NOTHING;
INSERT INTO ingredient_alias (canonical_id, alias, alias_normalized, alias_type, language_code, confidence, source) VALUES ('CAS_51_75_2', '51-75-2', '51-75-2', 'cas', NULL, 1.0, 'HC-Hotlist') ON CONFLICT(alias_normalized, alias_type, COALESCE(language_code, '')) DO NOTHING;
INSERT OR IGNORE INTO regulatory_fact (canonical_id, jurisdiction, fact_type, status, regulation_ref, product_category, evidence_id) VALUES ('CAS_51_75_2', 'CA_HC', 'prohibited', 'Prohibited in cosmetic products (Health Canada Hotlist)', 'Health Canada Cosmetic Ingredient Hotlist', 'cosmetic', (SELECT id FROM fact_evidence WHERE source_url = 'https://www.canada.ca/en/health-canada/services/consumer-product-safety/cosmetics/cosmetic-ingredient-hotlist-prohibited-restricted-ingredients.html' AND snapshot_date = '2026-04-18' LIMIT 1));
INSERT INTO ingredient (canonical_id, primary_name, ingredient_class, cas_number, category, is_natural) VALUES ('CAS_80_77_3', 'Chlormezanone', 'substance', '80-77-3', 'cosmetic', 0) ON CONFLICT(canonical_id) DO NOTHING;
INSERT INTO ingredient_alias (canonical_id, alias, alias_normalized, alias_type, language_code, confidence, source) VALUES ('CAS_80_77_3', 'Chlormezanone', 'chlormezanone', 'synonym', 'en', 1.0, 'HC-Hotlist') ON CONFLICT(alias_normalized, alias_type, COALESCE(language_code, '')) DO NOTHING;
INSERT INTO ingredient_alias (canonical_id, alias, alias_normalized, alias_type, language_code, confidence, source) VALUES ('CAS_80_77_3', '80-77-3', '80-77-3', 'cas', NULL, 1.0, 'HC-Hotlist') ON CONFLICT(alias_normalized, alias_type, COALESCE(language_code, '')) DO NOTHING;
INSERT OR IGNORE INTO regulatory_fact (canonical_id, jurisdiction, fact_type, status, regulation_ref, product_category, evidence_id) VALUES ('CAS_80_77_3', 'CA_HC', 'prohibited', 'Prohibited in cosmetic products (Health Canada Hotlist)', 'Health Canada Cosmetic Ingredient Hotlist', 'cosmetic', (SELECT id FROM fact_evidence WHERE source_url = 'https://www.canada.ca/en/health-canada/services/consumer-product-safety/cosmetics/cosmetic-ingredient-hotlist-prohibited-restricted-ingredients.html' AND snapshot_date = '2026-04-18' LIMIT 1));
INSERT INTO ingredient (canonical_id, primary_name, ingredient_class, cas_number, category, is_natural) VALUES ('CAS_79_07_2', 'Chloroacetamide', 'substance', '79-07-2', 'cosmetic', 0) ON CONFLICT(canonical_id) DO NOTHING;
INSERT INTO ingredient_alias (canonical_id, alias, alias_normalized, alias_type, language_code, confidence, source) VALUES ('CAS_79_07_2', 'Chloroacetamide', 'chloroacetamide', 'synonym', 'en', 1.0, 'HC-Hotlist') ON CONFLICT(alias_normalized, alias_type, COALESCE(language_code, '')) DO NOTHING;
INSERT INTO ingredient_alias (canonical_id, alias, alias_normalized, alias_type, language_code, confidence, source) VALUES ('CAS_79_07_2', '79-07-2', '79-07-2', 'cas', NULL, 1.0, 'HC-Hotlist') ON CONFLICT(alias_normalized, alias_type, COALESCE(language_code, '')) DO NOTHING;
INSERT OR IGNORE INTO regulatory_fact (canonical_id, jurisdiction, fact_type, status, regulation_ref, product_category, evidence_id) VALUES ('CAS_79_07_2', 'CA_HC', 'prohibited', 'Prohibited in cosmetic products (Health Canada Hotlist)', 'Health Canada Cosmetic Ingredient Hotlist', 'cosmetic', (SELECT id FROM fact_evidence WHERE source_url = 'https://www.canada.ca/en/health-canada/services/consumer-product-safety/cosmetics/cosmetic-ingredient-hotlist-prohibited-restricted-ingredients.html' AND snapshot_date = '2026-04-18' LIMIT 1));
INSERT INTO ingredient (canonical_id, primary_name, ingredient_class, cas_number, category, is_natural) VALUES ('CAS_75_00_3', 'Chloroethane', 'substance', '75-00-3', 'cosmetic', 0) ON CONFLICT(canonical_id) DO NOTHING;
INSERT INTO ingredient_alias (canonical_id, alias, alias_normalized, alias_type, language_code, confidence, source) VALUES ('CAS_75_00_3', 'Chloroethane', 'chloroethane', 'synonym', 'en', 1.0, 'HC-Hotlist') ON CONFLICT(alias_normalized, alias_type, COALESCE(language_code, '')) DO NOTHING;
INSERT INTO ingredient_alias (canonical_id, alias, alias_normalized, alias_type, language_code, confidence, source) VALUES ('CAS_75_00_3', '75-00-3', '75-00-3', 'cas', NULL, 1.0, 'HC-Hotlist') ON CONFLICT(alias_normalized, alias_type, COALESCE(language_code, '')) DO NOTHING;
INSERT OR IGNORE INTO regulatory_fact (canonical_id, jurisdiction, fact_type, status, regulation_ref, product_category, evidence_id) VALUES ('CAS_75_00_3', 'CA_HC', 'prohibited', 'Prohibited in cosmetic products (Health Canada Hotlist)', 'Health Canada Cosmetic Ingredient Hotlist', 'cosmetic', (SELECT id FROM fact_evidence WHERE source_url = 'https://www.canada.ca/en/health-canada/services/consumer-product-safety/cosmetics/cosmetic-ingredient-hotlist-prohibited-restricted-ingredients.html' AND snapshot_date = '2026-04-18' LIMIT 1));
INSERT INTO ingredient (canonical_id, primary_name, ingredient_class, cas_number, category, is_natural) VALUES ('CAS_67_66_3', 'Chloroform', 'substance', '67-66-3', 'cosmetic', 0) ON CONFLICT(canonical_id) DO NOTHING;
INSERT INTO ingredient_alias (canonical_id, alias, alias_normalized, alias_type, language_code, confidence, source) VALUES ('CAS_67_66_3', 'Chloroform', 'chloroform', 'synonym', 'en', 1.0, 'HC-Hotlist') ON CONFLICT(alias_normalized, alias_type, COALESCE(language_code, '')) DO NOTHING;
INSERT INTO ingredient_alias (canonical_id, alias, alias_normalized, alias_type, language_code, confidence, source) VALUES ('CAS_67_66_3', '67-66-3', '67-66-3', 'cas', NULL, 1.0, 'HC-Hotlist') ON CONFLICT(alias_normalized, alias_type, COALESCE(language_code, '')) DO NOTHING;
INSERT OR IGNORE INTO regulatory_fact (canonical_id, jurisdiction, fact_type, status, regulation_ref, product_category, evidence_id) VALUES ('CAS_67_66_3', 'CA_HC', 'prohibited', 'Prohibited in cosmetic products (Health Canada Hotlist)', 'Health Canada Cosmetic Ingredient Hotlist', 'cosmetic', (SELECT id FROM fact_evidence WHERE source_url = 'https://www.canada.ca/en/health-canada/services/consumer-product-safety/cosmetics/cosmetic-ingredient-hotlist-prohibited-restricted-ingredients.html' AND snapshot_date = '2026-04-18' LIMIT 1));
INSERT INTO ingredient (canonical_id, primary_name, ingredient_class, cas_number, category, is_natural) VALUES ('CAS_3691_35_8', 'Chlorophacinone', 'substance', '3691-35-8', 'cosmetic', 0) ON CONFLICT(canonical_id) DO NOTHING;
INSERT INTO ingredient_alias (canonical_id, alias, alias_normalized, alias_type, language_code, confidence, source) VALUES ('CAS_3691_35_8', 'Chlorophacinone', 'chlorophacinone', 'synonym', 'en', 1.0, 'HC-Hotlist') ON CONFLICT(alias_normalized, alias_type, COALESCE(language_code, '')) DO NOTHING;
INSERT INTO ingredient_alias (canonical_id, alias, alias_normalized, alias_type, language_code, confidence, source) VALUES ('CAS_3691_35_8', '3691-35-8', '3691-35-8', 'cas', NULL, 1.0, 'HC-Hotlist') ON CONFLICT(alias_normalized, alias_type, COALESCE(language_code, '')) DO NOTHING;
INSERT OR IGNORE INTO regulatory_fact (canonical_id, jurisdiction, fact_type, status, regulation_ref, product_category, evidence_id) VALUES ('CAS_3691_35_8', 'CA_HC', 'prohibited', 'Prohibited in cosmetic products (Health Canada Hotlist)', 'Health Canada Cosmetic Ingredient Hotlist', 'cosmetic', (SELECT id FROM fact_evidence WHERE source_url = 'https://www.canada.ca/en/health-canada/services/consumer-product-safety/cosmetics/cosmetic-ingredient-hotlist-prohibited-restricted-ingredients.html' AND snapshot_date = '2026-04-18' LIMIT 1));
INSERT INTO ingredient (canonical_id, primary_name, ingredient_class, cas_number, category, is_natural) VALUES ('CAS_77_38_3', 'Chlorphenoxamine', 'substance', '77-38-3', 'cosmetic', 0) ON CONFLICT(canonical_id) DO NOTHING;
INSERT INTO ingredient_alias (canonical_id, alias, alias_normalized, alias_type, language_code, confidence, source) VALUES ('CAS_77_38_3', 'Chlorphenoxamine', 'chlorphenoxamine', 'synonym', 'en', 1.0, 'HC-Hotlist') ON CONFLICT(alias_normalized, alias_type, COALESCE(language_code, '')) DO NOTHING;
INSERT INTO ingredient_alias (canonical_id, alias, alias_normalized, alias_type, language_code, confidence, source) VALUES ('CAS_77_38_3', '77-38-3', '77-38-3', 'cas', NULL, 1.0, 'HC-Hotlist') ON CONFLICT(alias_normalized, alias_type, COALESCE(language_code, '')) DO NOTHING;
INSERT OR IGNORE INTO regulatory_fact (canonical_id, jurisdiction, fact_type, status, regulation_ref, product_category, evidence_id) VALUES ('CAS_77_38_3', 'CA_HC', 'prohibited', 'Prohibited in cosmetic products (Health Canada Hotlist)', 'Health Canada Cosmetic Ingredient Hotlist', 'cosmetic', (SELECT id FROM fact_evidence WHERE source_url = 'https://www.canada.ca/en/health-canada/services/consumer-product-safety/cosmetics/cosmetic-ingredient-hotlist-prohibited-restricted-ingredients.html' AND snapshot_date = '2026-04-18' LIMIT 1));
INSERT INTO ingredient (canonical_id, primary_name, ingredient_class, cas_number, category, is_natural) VALUES ('CAS_94_20_2', 'Chlorpropamide', 'substance', '94-20-2', 'cosmetic', 0) ON CONFLICT(canonical_id) DO NOTHING;
INSERT INTO ingredient_alias (canonical_id, alias, alias_normalized, alias_type, language_code, confidence, source) VALUES ('CAS_94_20_2', 'Chlorpropamide', 'chlorpropamide', 'synonym', 'en', 1.0, 'HC-Hotlist') ON CONFLICT(alias_normalized, alias_type, COALESCE(language_code, '')) DO NOTHING;
INSERT INTO ingredient_alias (canonical_id, alias, alias_normalized, alias_type, language_code, confidence, source) VALUES ('CAS_94_20_2', '94-20-2', '94-20-2', 'cas', NULL, 1.0, 'HC-Hotlist') ON CONFLICT(alias_normalized, alias_type, COALESCE(language_code, '')) DO NOTHING;
INSERT OR IGNORE INTO regulatory_fact (canonical_id, jurisdiction, fact_type, status, regulation_ref, product_category, evidence_id) VALUES ('CAS_94_20_2', 'CA_HC', 'prohibited', 'Prohibited in cosmetic products (Health Canada Hotlist)', 'Health Canada Cosmetic Ingredient Hotlist', 'cosmetic', (SELECT id FROM fact_evidence WHERE source_url = 'https://www.canada.ca/en/health-canada/services/consumer-product-safety/cosmetics/cosmetic-ingredient-hotlist-prohibited-restricted-ingredients.html' AND snapshot_date = '2026-04-18' LIMIT 1));
INSERT INTO ingredient (canonical_id, primary_name, ingredient_class, cas_number, category, is_natural) VALUES ('CAS_113_59_7', 'Chlorprothixene and its salts', 'substance', '113-59-7', 'cosmetic', 0) ON CONFLICT(canonical_id) DO NOTHING;
INSERT INTO ingredient_alias (canonical_id, alias, alias_normalized, alias_type, language_code, confidence, source) VALUES ('CAS_113_59_7', 'Chlorprothixene and its salts', 'chlorprothixene and its salts', 'synonym', 'en', 1.0, 'HC-Hotlist') ON CONFLICT(alias_normalized, alias_type, COALESCE(language_code, '')) DO NOTHING;
INSERT INTO ingredient_alias (canonical_id, alias, alias_normalized, alias_type, language_code, confidence, source) VALUES ('CAS_113_59_7', '113-59-7', '113-59-7', 'cas', NULL, 1.0, 'HC-Hotlist') ON CONFLICT(alias_normalized, alias_type, COALESCE(language_code, '')) DO NOTHING;
INSERT OR IGNORE INTO regulatory_fact (canonical_id, jurisdiction, fact_type, status, regulation_ref, product_category, evidence_id) VALUES ('CAS_113_59_7', 'CA_HC', 'prohibited', 'Prohibited in cosmetic products (Health Canada Hotlist)', 'Health Canada Cosmetic Ingredient Hotlist', 'cosmetic', (SELECT id FROM fact_evidence WHERE source_url = 'https://www.canada.ca/en/health-canada/services/consumer-product-safety/cosmetics/cosmetic-ingredient-hotlist-prohibited-restricted-ingredients.html' AND snapshot_date = '2026-04-18' LIMIT 1));
INSERT INTO ingredient (canonical_id, primary_name, ingredient_class, cas_number, category, is_natural) VALUES ('CAS_77_36_1', 'Chlortalidone', 'substance', '77-36-1', 'cosmetic', 0) ON CONFLICT(canonical_id) DO NOTHING;
INSERT INTO ingredient_alias (canonical_id, alias, alias_normalized, alias_type, language_code, confidence, source) VALUES ('CAS_77_36_1', 'Chlortalidone', 'chlortalidone', 'synonym', 'en', 1.0, 'HC-Hotlist') ON CONFLICT(alias_normalized, alias_type, COALESCE(language_code, '')) DO NOTHING;
INSERT INTO ingredient_alias (canonical_id, alias, alias_normalized, alias_type, language_code, confidence, source) VALUES ('CAS_77_36_1', '77-36-1', '77-36-1', 'cas', NULL, 1.0, 'HC-Hotlist') ON CONFLICT(alias_normalized, alias_type, COALESCE(language_code, '')) DO NOTHING;
INSERT OR IGNORE INTO regulatory_fact (canonical_id, jurisdiction, fact_type, status, regulation_ref, product_category, evidence_id) VALUES ('CAS_77_36_1', 'CA_HC', 'prohibited', 'Prohibited in cosmetic products (Health Canada Hotlist)', 'Health Canada Cosmetic Ingredient Hotlist', 'cosmetic', (SELECT id FROM fact_evidence WHERE source_url = 'https://www.canada.ca/en/health-canada/services/consumer-product-safety/cosmetics/cosmetic-ingredient-hotlist-prohibited-restricted-ingredients.html' AND snapshot_date = '2026-04-18' LIMIT 1));
INSERT INTO ingredient (canonical_id, primary_name, ingredient_class, cas_number, category, is_natural) VALUES ('CAS_95_25_0', 'Chlorzoxazone', 'substance', '95-25-0', 'cosmetic', 0) ON CONFLICT(canonical_id) DO NOTHING;
INSERT INTO ingredient_alias (canonical_id, alias, alias_normalized, alias_type, language_code, confidence, source) VALUES ('CAS_95_25_0', 'Chlorzoxazone', 'chlorzoxazone', 'synonym', 'en', 1.0, 'HC-Hotlist') ON CONFLICT(alias_normalized, alias_type, COALESCE(language_code, '')) DO NOTHING;
INSERT INTO ingredient_alias (canonical_id, alias, alias_normalized, alias_type, language_code, confidence, source) VALUES ('CAS_95_25_0', '95-25-0', '95-25-0', 'cas', NULL, 1.0, 'HC-Hotlist') ON CONFLICT(alias_normalized, alias_type, COALESCE(language_code, '')) DO NOTHING;
INSERT OR IGNORE INTO regulatory_fact (canonical_id, jurisdiction, fact_type, status, regulation_ref, product_category, evidence_id) VALUES ('CAS_95_25_0', 'CA_HC', 'prohibited', 'Prohibited in cosmetic products (Health Canada Hotlist)', 'Health Canada Cosmetic Ingredient Hotlist', 'cosmetic', (SELECT id FROM fact_evidence WHERE source_url = 'https://www.canada.ca/en/health-canada/services/consumer-product-safety/cosmetics/cosmetic-ingredient-hotlist-prohibited-restricted-ingredients.html' AND snapshot_date = '2026-04-18' LIMIT 1));
INSERT INTO ingredient (canonical_id, primary_name, ingredient_class, cas_number, category, is_natural) VALUES ('CAS_62_49_7', 'Choline salts and their esters', 'substance', '62-49-7', 'cosmetic', 0) ON CONFLICT(canonical_id) DO NOTHING;
INSERT INTO ingredient_alias (canonical_id, alias, alias_normalized, alias_type, language_code, confidence, source) VALUES ('CAS_62_49_7', 'Choline salts and their esters', 'choline salts and their esters', 'synonym', 'en', 1.0, 'HC-Hotlist') ON CONFLICT(alias_normalized, alias_type, COALESCE(language_code, '')) DO NOTHING;
INSERT INTO ingredient_alias (canonical_id, alias, alias_normalized, alias_type, language_code, confidence, source) VALUES ('CAS_62_49_7', '62-49-7', '62-49-7', 'cas', NULL, 1.0, 'HC-Hotlist') ON CONFLICT(alias_normalized, alias_type, COALESCE(language_code, '')) DO NOTHING;
INSERT OR IGNORE INTO regulatory_fact (canonical_id, jurisdiction, fact_type, status, regulation_ref, product_category, evidence_id) VALUES ('CAS_62_49_7', 'CA_HC', 'prohibited', 'Prohibited in cosmetic products (Health Canada Hotlist)', 'Health Canada Cosmetic Ingredient Hotlist', 'cosmetic', (SELECT id FROM fact_evidence WHERE source_url = 'https://www.canada.ca/en/health-canada/services/consumer-product-safety/cosmetics/cosmetic-ingredient-hotlist-prohibited-restricted-ingredients.html' AND snapshot_date = '2026-04-18' LIMIT 1));
INSERT INTO ingredient (canonical_id, primary_name, ingredient_class, cas_number, category, is_natural) VALUES ('CAS_7738_94_5', 'Chromic acid and its salts', 'substance', '7738-94-5', 'cosmetic', 0) ON CONFLICT(canonical_id) DO NOTHING;
INSERT INTO ingredient_alias (canonical_id, alias, alias_normalized, alias_type, language_code, confidence, source) VALUES ('CAS_7738_94_5', 'Chromic acid and its salts', 'chromic acid and its salts', 'synonym', 'en', 1.0, 'HC-Hotlist') ON CONFLICT(alias_normalized, alias_type, COALESCE(language_code, '')) DO NOTHING;
INSERT INTO ingredient_alias (canonical_id, alias, alias_normalized, alias_type, language_code, confidence, source) VALUES ('CAS_7738_94_5', '7738-94-5', '7738-94-5', 'cas', NULL, 1.0, 'HC-Hotlist') ON CONFLICT(alias_normalized, alias_type, COALESCE(language_code, '')) DO NOTHING;
INSERT OR IGNORE INTO regulatory_fact (canonical_id, jurisdiction, fact_type, status, regulation_ref, product_category, evidence_id) VALUES ('CAS_7738_94_5', 'CA_HC', 'prohibited', 'Prohibited in cosmetic products (Health Canada Hotlist)', 'Health Canada Cosmetic Ingredient Hotlist', 'cosmetic', (SELECT id FROM fact_evidence WHERE source_url = 'https://www.canada.ca/en/health-canada/services/consumer-product-safety/cosmetics/cosmetic-ingredient-hotlist-prohibited-restricted-ingredients.html' AND snapshot_date = '2026-04-18' LIMIT 1));
INSERT INTO ingredient (canonical_id, primary_name, ingredient_class, cas_number, category, is_natural) VALUES ('CAS_7440_47_3', 'Chromium', 'substance', '7440-47-3', 'cosmetic', 0) ON CONFLICT(canonical_id) DO NOTHING;
INSERT INTO ingredient_alias (canonical_id, alias, alias_normalized, alias_type, language_code, confidence, source) VALUES ('CAS_7440_47_3', 'Chromium', 'chromium', 'synonym', 'en', 1.0, 'HC-Hotlist') ON CONFLICT(alias_normalized, alias_type, COALESCE(language_code, '')) DO NOTHING;
INSERT INTO ingredient_alias (canonical_id, alias, alias_normalized, alias_type, language_code, confidence, source) VALUES ('CAS_7440_47_3', '7440-47-3', '7440-47-3', 'cas', NULL, 1.0, 'HC-Hotlist') ON CONFLICT(alias_normalized, alias_type, COALESCE(language_code, '')) DO NOTHING;
INSERT OR IGNORE INTO regulatory_fact (canonical_id, jurisdiction, fact_type, status, regulation_ref, product_category, evidence_id) VALUES ('CAS_7440_47_3', 'CA_HC', 'prohibited', 'Prohibited in cosmetic products (Health Canada Hotlist)', 'Health Canada Cosmetic Ingredient Hotlist', 'cosmetic', (SELECT id FROM fact_evidence WHERE source_url = 'https://www.canada.ca/en/health-canada/services/consumer-product-safety/cosmetics/cosmetic-ingredient-hotlist-prohibited-restricted-ingredients.html' AND snapshot_date = '2026-04-18' LIMIT 1));
INSERT INTO ingredient (canonical_id, primary_name, ingredient_class, cas_number, category, is_natural) VALUES ('CAS_5909_04_6', 'Chrysoidine citrate hydrochloride', 'substance', '5909-04-6', 'cosmetic', 0) ON CONFLICT(canonical_id) DO NOTHING;
INSERT INTO ingredient_alias (canonical_id, alias, alias_normalized, alias_type, language_code, confidence, source) VALUES ('CAS_5909_04_6', 'Chrysoidine citrate hydrochloride', 'chrysoidine citrate hydrochloride', 'synonym', 'en', 1.0, 'HC-Hotlist') ON CONFLICT(alias_normalized, alias_type, COALESCE(language_code, '')) DO NOTHING;
INSERT INTO ingredient_alias (canonical_id, alias, alias_normalized, alias_type, language_code, confidence, source) VALUES ('CAS_5909_04_6', '5909-04-6', '5909-04-6', 'cas', NULL, 1.0, 'HC-Hotlist') ON CONFLICT(alias_normalized, alias_type, COALESCE(language_code, '')) DO NOTHING;
INSERT OR IGNORE INTO regulatory_fact (canonical_id, jurisdiction, fact_type, status, regulation_ref, product_category, evidence_id) VALUES ('CAS_5909_04_6', 'CA_HC', 'prohibited', 'Prohibited in cosmetic products (Health Canada Hotlist)', 'Health Canada Cosmetic Ingredient Hotlist', 'cosmetic', (SELECT id FROM fact_evidence WHERE source_url = 'https://www.canada.ca/en/health-canada/services/consumer-product-safety/cosmetics/cosmetic-ingredient-hotlist-prohibited-restricted-ingredients.html' AND snapshot_date = '2026-04-18' LIMIT 1));
INSERT INTO ingredient (canonical_id, primary_name, ingredient_class, cas_number, category, is_natural) VALUES ('CAS_2425_85_6', 'CI 12120', 'substance', '2425-85-6', 'cosmetic', 0) ON CONFLICT(canonical_id) DO NOTHING;
INSERT INTO ingredient_alias (canonical_id, alias, alias_normalized, alias_type, language_code, confidence, source) VALUES ('CAS_2425_85_6', 'CI 12120', 'ci 12120', 'synonym', 'en', 1.0, 'HC-Hotlist') ON CONFLICT(alias_normalized, alias_type, COALESCE(language_code, '')) DO NOTHING;
INSERT INTO ingredient_alias (canonical_id, alias, alias_normalized, alias_type, language_code, confidence, source) VALUES ('CAS_2425_85_6', '2425-85-6', '2425-85-6', 'cas', NULL, 1.0, 'HC-Hotlist') ON CONFLICT(alias_normalized, alias_type, COALESCE(language_code, '')) DO NOTHING;
INSERT OR IGNORE INTO regulatory_fact (canonical_id, jurisdiction, fact_type, status, regulation_ref, product_category, evidence_id) VALUES ('CAS_2425_85_6', 'CA_HC', 'prohibited', 'Prohibited in cosmetic products (Health Canada Hotlist)', 'Health Canada Cosmetic Ingredient Hotlist', 'cosmetic', (SELECT id FROM fact_evidence WHERE source_url = 'https://www.canada.ca/en/health-canada/services/consumer-product-safety/cosmetics/cosmetic-ingredient-hotlist-prohibited-restricted-ingredients.html' AND snapshot_date = '2026-04-18' LIMIT 1));
INSERT INTO ingredient (canonical_id, primary_name, ingredient_class, cas_number, category, is_natural) VALUES ('CAS_3118_97_6', 'CI 12140', 'substance', '3118-97-6', 'cosmetic', 0) ON CONFLICT(canonical_id) DO NOTHING;
INSERT INTO ingredient_alias (canonical_id, alias, alias_normalized, alias_type, language_code, confidence, source) VALUES ('CAS_3118_97_6', 'CI 12140', 'ci 12140', 'synonym', 'en', 1.0, 'HC-Hotlist') ON CONFLICT(alias_normalized, alias_type, COALESCE(language_code, '')) DO NOTHING;
INSERT INTO ingredient_alias (canonical_id, alias, alias_normalized, alias_type, language_code, confidence, source) VALUES ('CAS_3118_97_6', '3118-97-6', '3118-97-6', 'cas', NULL, 1.0, 'HC-Hotlist') ON CONFLICT(alias_normalized, alias_type, COALESCE(language_code, '')) DO NOTHING;
INSERT OR IGNORE INTO regulatory_fact (canonical_id, jurisdiction, fact_type, status, regulation_ref, product_category, evidence_id) VALUES ('CAS_3118_97_6', 'CA_HC', 'prohibited', 'Prohibited in cosmetic products (Health Canada Hotlist)', 'Health Canada Cosmetic Ingredient Hotlist', 'cosmetic', (SELECT id FROM fact_evidence WHERE source_url = 'https://www.canada.ca/en/health-canada/services/consumer-product-safety/cosmetics/cosmetic-ingredient-hotlist-prohibited-restricted-ingredients.html' AND snapshot_date = '2026-04-18' LIMIT 1));
INSERT INTO ingredient (canonical_id, primary_name, ingredient_class, cas_number, category, is_natural) VALUES ('CAS_587_98_4', 'CI 13065', 'substance', '587-98-4', 'cosmetic', 0) ON CONFLICT(canonical_id) DO NOTHING;
INSERT INTO ingredient_alias (canonical_id, alias, alias_normalized, alias_type, language_code, confidence, source) VALUES ('CAS_587_98_4', 'CI 13065', 'ci 13065', 'synonym', 'en', 1.0, 'HC-Hotlist') ON CONFLICT(alias_normalized, alias_type, COALESCE(language_code, '')) DO NOTHING;
INSERT INTO ingredient_alias (canonical_id, alias, alias_normalized, alias_type, language_code, confidence, source) VALUES ('CAS_587_98_4', '587-98-4', '587-98-4', 'cas', NULL, 1.0, 'HC-Hotlist') ON CONFLICT(alias_normalized, alias_type, COALESCE(language_code, '')) DO NOTHING;
INSERT OR IGNORE INTO regulatory_fact (canonical_id, jurisdiction, fact_type, status, regulation_ref, product_category, evidence_id) VALUES ('CAS_587_98_4', 'CA_HC', 'prohibited', 'Prohibited in cosmetic products (Health Canada Hotlist)', 'Health Canada Cosmetic Ingredient Hotlist', 'cosmetic', (SELECT id FROM fact_evidence WHERE source_url = 'https://www.canada.ca/en/health-canada/services/consumer-product-safety/cosmetics/cosmetic-ingredient-hotlist-prohibited-restricted-ingredients.html' AND snapshot_date = '2026-04-18' LIMIT 1));
INSERT INTO ingredient (canonical_id, primary_name, ingredient_class, cas_number, category, is_natural) VALUES ('CAS_1694_09_3', 'CI 42640', 'substance', '1694-09-3', 'cosmetic', 0) ON CONFLICT(canonical_id) DO NOTHING;
INSERT INTO ingredient_alias (canonical_id, alias, alias_normalized, alias_type, language_code, confidence, source) VALUES ('CAS_1694_09_3', 'CI 42640', 'ci 42640', 'synonym', 'en', 1.0, 'HC-Hotlist') ON CONFLICT(alias_normalized, alias_type, COALESCE(language_code, '')) DO NOTHING;
INSERT INTO ingredient_alias (canonical_id, alias, alias_normalized, alias_type, language_code, confidence, source) VALUES ('CAS_1694_09_3', '1694-09-3', '1694-09-3', 'cas', NULL, 1.0, 'HC-Hotlist') ON CONFLICT(alias_normalized, alias_type, COALESCE(language_code, '')) DO NOTHING;
INSERT OR IGNORE INTO regulatory_fact (canonical_id, jurisdiction, fact_type, status, regulation_ref, product_category, evidence_id) VALUES ('CAS_1694_09_3', 'CA_HC', 'prohibited', 'Prohibited in cosmetic products (Health Canada Hotlist)', 'Health Canada Cosmetic Ingredient Hotlist', 'cosmetic', (SELECT id FROM fact_evidence WHERE source_url = 'https://www.canada.ca/en/health-canada/services/consumer-product-safety/cosmetics/cosmetic-ingredient-hotlist-prohibited-restricted-ingredients.html' AND snapshot_date = '2026-04-18' LIMIT 1));
INSERT INTO ingredient (canonical_id, primary_name, ingredient_class, cas_number, category, is_natural) VALUES ('CAS_85_79_0', 'Cinchocaine and its salts', 'substance', '85-79-0', 'cosmetic', 0) ON CONFLICT(canonical_id) DO NOTHING;
INSERT INTO ingredient_alias (canonical_id, alias, alias_normalized, alias_type, language_code, confidence, source) VALUES ('CAS_85_79_0', 'Cinchocaine and its salts', 'cinchocaine and its salts', 'synonym', 'en', 1.0, 'HC-Hotlist') ON CONFLICT(alias_normalized, alias_type, COALESCE(language_code, '')) DO NOTHING;
INSERT INTO ingredient_alias (canonical_id, alias, alias_normalized, alias_type, language_code, confidence, source) VALUES ('CAS_85_79_0', '85-79-0', '85-79-0', 'cas', NULL, 1.0, 'HC-Hotlist') ON CONFLICT(alias_normalized, alias_type, COALESCE(language_code, '')) DO NOTHING;
INSERT OR IGNORE INTO regulatory_fact (canonical_id, jurisdiction, fact_type, status, regulation_ref, product_category, evidence_id) VALUES ('CAS_85_79_0', 'CA_HC', 'prohibited', 'Prohibited in cosmetic products (Health Canada Hotlist)', 'Health Canada Cosmetic Ingredient Hotlist', 'cosmetic', (SELECT id FROM fact_evidence WHERE source_url = 'https://www.canada.ca/en/health-canada/services/consumer-product-safety/cosmetics/cosmetic-ingredient-hotlist-prohibited-restricted-ingredients.html' AND snapshot_date = '2026-04-18' LIMIT 1));
INSERT INTO ingredient (canonical_id, primary_name, ingredient_class, cas_number, category, is_natural) VALUES ('CAS_132_60_5', 'Cinchophen, its salts, derivatives and salts of these derivatives', 'substance', '132-60-5', 'cosmetic', 0) ON CONFLICT(canonical_id) DO NOTHING;
INSERT INTO ingredient_alias (canonical_id, alias, alias_normalized, alias_type, language_code, confidence, source) VALUES ('CAS_132_60_5', 'Cinchophen, its salts, derivatives and salts of these derivatives', 'cinchophen, its salts, derivatives and salts of these derivatives', 'synonym', 'en', 1.0, 'HC-Hotlist') ON CONFLICT(alias_normalized, alias_type, COALESCE(language_code, '')) DO NOTHING;
INSERT INTO ingredient_alias (canonical_id, alias, alias_normalized, alias_type, language_code, confidence, source) VALUES ('CAS_132_60_5', '132-60-5', '132-60-5', 'cas', NULL, 1.0, 'HC-Hotlist') ON CONFLICT(alias_normalized, alias_type, COALESCE(language_code, '')) DO NOTHING;
INSERT OR IGNORE INTO regulatory_fact (canonical_id, jurisdiction, fact_type, status, regulation_ref, product_category, evidence_id) VALUES ('CAS_132_60_5', 'CA_HC', 'prohibited', 'Prohibited in cosmetic products (Health Canada Hotlist)', 'Health Canada Cosmetic Ingredient Hotlist', 'cosmetic', (SELECT id FROM fact_evidence WHERE source_url = 'https://www.canada.ca/en/health-canada/services/consumer-product-safety/cosmetics/cosmetic-ingredient-hotlist-prohibited-restricted-ingredients.html' AND snapshot_date = '2026-04-18' LIMIT 1));
INSERT INTO ingredient (canonical_id, primary_name, ingredient_class, cas_number, category, is_natural) VALUES ('NAME_claviceps_purpurea_tul_its_alkaloids_and_galenical_preparations', 'Claviceps purpurea Tul ., its alkaloids and galenical preparations', 'substance', NULL, 'cosmetic', 0) ON CONFLICT(canonical_id) DO NOTHING;
INSERT INTO ingredient_alias (canonical_id, alias, alias_normalized, alias_type, language_code, confidence, source) VALUES ('NAME_claviceps_purpurea_tul_its_alkaloids_and_galenical_preparations', 'Claviceps purpurea Tul ., its alkaloids and galenical preparations', 'claviceps purpurea tul ., its alkaloids and galenical preparations', 'synonym', 'en', 1.0, 'HC-Hotlist') ON CONFLICT(alias_normalized, alias_type, COALESCE(language_code, '')) DO NOTHING;
INSERT OR IGNORE INTO regulatory_fact (canonical_id, jurisdiction, fact_type, status, regulation_ref, product_category, evidence_id) VALUES ('NAME_claviceps_purpurea_tul_its_alkaloids_and_galenical_preparations', 'CA_HC', 'prohibited', 'Prohibited in cosmetic products (Health Canada Hotlist)', 'Health Canada Cosmetic Ingredient Hotlist', 'cosmetic', (SELECT id FROM fact_evidence WHERE source_url = 'https://www.canada.ca/en/health-canada/services/consumer-product-safety/cosmetics/cosmetic-ingredient-hotlist-prohibited-restricted-ingredients.html' AND snapshot_date = '2026-04-18' LIMIT 1));
INSERT INTO ingredient (canonical_id, primary_name, ingredient_class, cas_number, category, is_natural) VALUES ('CAS_54063_32_0', 'Clobetasone', 'substance', '54063-32-0', 'cosmetic', 0) ON CONFLICT(canonical_id) DO NOTHING;
INSERT INTO ingredient_alias (canonical_id, alias, alias_normalized, alias_type, language_code, confidence, source) VALUES ('CAS_54063_32_0', 'Clobetasone', 'clobetasone', 'synonym', 'en', 1.0, 'HC-Hotlist') ON CONFLICT(alias_normalized, alias_type, COALESCE(language_code, '')) DO NOTHING;
INSERT INTO ingredient_alias (canonical_id, alias, alias_normalized, alias_type, language_code, confidence, source) VALUES ('CAS_54063_32_0', '54063-32-0', '54063-32-0', 'cas', NULL, 1.0, 'HC-Hotlist') ON CONFLICT(alias_normalized, alias_type, COALESCE(language_code, '')) DO NOTHING;
INSERT OR IGNORE INTO regulatory_fact (canonical_id, jurisdiction, fact_type, status, regulation_ref, product_category, evidence_id) VALUES ('CAS_54063_32_0', 'CA_HC', 'prohibited', 'Prohibited in cosmetic products (Health Canada Hotlist)', 'Health Canada Cosmetic Ingredient Hotlist', 'cosmetic', (SELECT id FROM fact_evidence WHERE source_url = 'https://www.canada.ca/en/health-canada/services/consumer-product-safety/cosmetics/cosmetic-ingredient-hotlist-prohibited-restricted-ingredients.html' AND snapshot_date = '2026-04-18' LIMIT 1));
INSERT INTO ingredient (canonical_id, primary_name, ingredient_class, cas_number, category, is_natural) VALUES ('CAS_671_95_4', 'Clofenamide', 'substance', '671-95-4', 'cosmetic', 0) ON CONFLICT(canonical_id) DO NOTHING;
INSERT INTO ingredient_alias (canonical_id, alias, alias_normalized, alias_type, language_code, confidence, source) VALUES ('CAS_671_95_4', 'Clofenamide', 'clofenamide', 'synonym', 'en', 1.0, 'HC-Hotlist') ON CONFLICT(alias_normalized, alias_type, COALESCE(language_code, '')) DO NOTHING;
INSERT INTO ingredient_alias (canonical_id, alias, alias_normalized, alias_type, language_code, confidence, source) VALUES ('CAS_671_95_4', '671-95-4', '671-95-4', 'cas', NULL, 1.0, 'HC-Hotlist') ON CONFLICT(alias_normalized, alias_type, COALESCE(language_code, '')) DO NOTHING;
INSERT OR IGNORE INTO regulatory_fact (canonical_id, jurisdiction, fact_type, status, regulation_ref, product_category, evidence_id) VALUES ('CAS_671_95_4', 'CA_HC', 'prohibited', 'Prohibited in cosmetic products (Health Canada Hotlist)', 'Health Canada Cosmetic Ingredient Hotlist', 'cosmetic', (SELECT id FROM fact_evidence WHERE source_url = 'https://www.canada.ca/en/health-canada/services/consumer-product-safety/cosmetics/cosmetic-ingredient-hotlist-prohibited-restricted-ingredients.html' AND snapshot_date = '2026-04-18' LIMIT 1));
INSERT INTO ingredient (canonical_id, primary_name, ingredient_class, cas_number, category, is_natural) VALUES ('CAS_50_29_3', 'Clofenotane', 'substance', '50-29-3', 'cosmetic', 0) ON CONFLICT(canonical_id) DO NOTHING;
INSERT INTO ingredient_alias (canonical_id, alias, alias_normalized, alias_type, language_code, confidence, source) VALUES ('CAS_50_29_3', 'Clofenotane', 'clofenotane', 'synonym', 'en', 1.0, 'HC-Hotlist') ON CONFLICT(alias_normalized, alias_type, COALESCE(language_code, '')) DO NOTHING;
INSERT INTO ingredient_alias (canonical_id, alias, alias_normalized, alias_type, language_code, confidence, source) VALUES ('CAS_50_29_3', '50-29-3', '50-29-3', 'cas', NULL, 1.0, 'HC-Hotlist') ON CONFLICT(alias_normalized, alias_type, COALESCE(language_code, '')) DO NOTHING;
INSERT OR IGNORE INTO regulatory_fact (canonical_id, jurisdiction, fact_type, status, regulation_ref, product_category, evidence_id) VALUES ('CAS_50_29_3', 'CA_HC', 'prohibited', 'Prohibited in cosmetic products (Health Canada Hotlist)', 'Health Canada Cosmetic Ingredient Hotlist', 'cosmetic', (SELECT id FROM fact_evidence WHERE source_url = 'https://www.canada.ca/en/health-canada/services/consumer-product-safety/cosmetics/cosmetic-ingredient-hotlist-prohibited-restricted-ingredients.html' AND snapshot_date = '2026-04-18' LIMIT 1));
INSERT INTO ingredient (canonical_id, primary_name, ingredient_class, cas_number, category, is_natural) VALUES ('NAME_clostridium_botulinum', 'Clostridium botulinum', 'substance', NULL, 'cosmetic', 0) ON CONFLICT(canonical_id) DO NOTHING;
INSERT INTO ingredient_alias (canonical_id, alias, alias_normalized, alias_type, language_code, confidence, source) VALUES ('NAME_clostridium_botulinum', 'Clostridium botulinum', 'clostridium botulinum', 'synonym', 'en', 1.0, 'HC-Hotlist') ON CONFLICT(alias_normalized, alias_type, COALESCE(language_code, '')) DO NOTHING;
INSERT OR IGNORE INTO regulatory_fact (canonical_id, jurisdiction, fact_type, status, regulation_ref, product_category, evidence_id) VALUES ('NAME_clostridium_botulinum', 'CA_HC', 'prohibited', 'Prohibited in cosmetic products (Health Canada Hotlist)', 'Health Canada Cosmetic Ingredient Hotlist', 'cosmetic', (SELECT id FROM fact_evidence WHERE source_url = 'https://www.canada.ca/en/health-canada/services/consumer-product-safety/cosmetics/cosmetic-ingredient-hotlist-prohibited-restricted-ingredients.html' AND snapshot_date = '2026-04-18' LIMIT 1));
INSERT INTO ingredient (canonical_id, primary_name, ingredient_class, cas_number, category, is_natural) VALUES ('CAS_8007_45_2', 'Coal tars crude and refined', 'substance', '8007-45-2', 'cosmetic', 0) ON CONFLICT(canonical_id) DO NOTHING;
INSERT INTO ingredient_alias (canonical_id, alias, alias_normalized, alias_type, language_code, confidence, source) VALUES ('CAS_8007_45_2', 'Coal tars crude and refined', 'coal tars crude and refined', 'synonym', 'en', 1.0, 'HC-Hotlist') ON CONFLICT(alias_normalized, alias_type, COALESCE(language_code, '')) DO NOTHING;
INSERT INTO ingredient_alias (canonical_id, alias, alias_normalized, alias_type, language_code, confidence, source) VALUES ('CAS_8007_45_2', '8007-45-2', '8007-45-2', 'cas', NULL, 1.0, 'HC-Hotlist') ON CONFLICT(alias_normalized, alias_type, COALESCE(language_code, '')) DO NOTHING;
INSERT OR IGNORE INTO regulatory_fact (canonical_id, jurisdiction, fact_type, status, regulation_ref, product_category, evidence_id) VALUES ('CAS_8007_45_2', 'CA_HC', 'prohibited', 'Prohibited in cosmetic products (Health Canada Hotlist)', 'Health Canada Cosmetic Ingredient Hotlist', 'cosmetic', (SELECT id FROM fact_evidence WHERE source_url = 'https://www.canada.ca/en/health-canada/services/consumer-product-safety/cosmetics/cosmetic-ingredient-hotlist-prohibited-restricted-ingredients.html' AND snapshot_date = '2026-04-18' LIMIT 1));
INSERT INTO ingredient (canonical_id, primary_name, ingredient_class, cas_number, category, is_natural) VALUES ('NAME_cobalt_benzenesulfonate', 'Cobalt benzenesulfonate', 'substance', NULL, 'cosmetic', 0) ON CONFLICT(canonical_id) DO NOTHING;
INSERT INTO ingredient_alias (canonical_id, alias, alias_normalized, alias_type, language_code, confidence, source) VALUES ('NAME_cobalt_benzenesulfonate', 'Cobalt benzenesulfonate', 'cobalt benzenesulfonate', 'synonym', 'en', 1.0, 'HC-Hotlist') ON CONFLICT(alias_normalized, alias_type, COALESCE(language_code, '')) DO NOTHING;
INSERT OR IGNORE INTO regulatory_fact (canonical_id, jurisdiction, fact_type, status, regulation_ref, product_category, evidence_id) VALUES ('NAME_cobalt_benzenesulfonate', 'CA_HC', 'prohibited', 'Prohibited in cosmetic products (Health Canada Hotlist)', 'Health Canada Cosmetic Ingredient Hotlist', 'cosmetic', (SELECT id FROM fact_evidence WHERE source_url = 'https://www.canada.ca/en/health-canada/services/consumer-product-safety/cosmetics/cosmetic-ingredient-hotlist-prohibited-restricted-ingredients.html' AND snapshot_date = '2026-04-18' LIMIT 1));
INSERT INTO ingredient (canonical_id, primary_name, ingredient_class, cas_number, category, is_natural) VALUES ('CAS_64_86_8', 'Colchicine, its salts and derivatives', 'substance', '64-86-8', 'cosmetic', 0) ON CONFLICT(canonical_id) DO NOTHING;
INSERT INTO ingredient_alias (canonical_id, alias, alias_normalized, alias_type, language_code, confidence, source) VALUES ('CAS_64_86_8', 'Colchicine, its salts and derivatives', 'colchicine, its salts and derivatives', 'synonym', 'en', 1.0, 'HC-Hotlist') ON CONFLICT(alias_normalized, alias_type, COALESCE(language_code, '')) DO NOTHING;
INSERT INTO ingredient_alias (canonical_id, alias, alias_normalized, alias_type, language_code, confidence, source) VALUES ('CAS_64_86_8', '64-86-8', '64-86-8', 'cas', NULL, 1.0, 'HC-Hotlist') ON CONFLICT(alias_normalized, alias_type, COALESCE(language_code, '')) DO NOTHING;
INSERT OR IGNORE INTO regulatory_fact (canonical_id, jurisdiction, fact_type, status, regulation_ref, product_category, evidence_id) VALUES ('CAS_64_86_8', 'CA_HC', 'prohibited', 'Prohibited in cosmetic products (Health Canada Hotlist)', 'Health Canada Cosmetic Ingredient Hotlist', 'cosmetic', (SELECT id FROM fact_evidence WHERE source_url = 'https://www.canada.ca/en/health-canada/services/consumer-product-safety/cosmetics/cosmetic-ingredient-hotlist-prohibited-restricted-ingredients.html' AND snapshot_date = '2026-04-18' LIMIT 1));
INSERT INTO ingredient (canonical_id, primary_name, ingredient_class, cas_number, category, is_natural) VALUES ('CAS_477_29_2', 'Colchicoside and its derivatives', 'substance', '477-29-2', 'cosmetic', 0) ON CONFLICT(canonical_id) DO NOTHING;
INSERT INTO ingredient_alias (canonical_id, alias, alias_normalized, alias_type, language_code, confidence, source) VALUES ('CAS_477_29_2', 'Colchicoside and its derivatives', 'colchicoside and its derivatives', 'synonym', 'en', 1.0, 'HC-Hotlist') ON CONFLICT(alias_normalized, alias_type, COALESCE(language_code, '')) DO NOTHING;
INSERT INTO ingredient_alias (canonical_id, alias, alias_normalized, alias_type, language_code, confidence, source) VALUES ('CAS_477_29_2', '477-29-2', '477-29-2', 'cas', NULL, 1.0, 'HC-Hotlist') ON CONFLICT(alias_normalized, alias_type, COALESCE(language_code, '')) DO NOTHING;
INSERT OR IGNORE INTO regulatory_fact (canonical_id, jurisdiction, fact_type, status, regulation_ref, product_category, evidence_id) VALUES ('CAS_477_29_2', 'CA_HC', 'prohibited', 'Prohibited in cosmetic products (Health Canada Hotlist)', 'Health Canada Cosmetic Ingredient Hotlist', 'cosmetic', (SELECT id FROM fact_evidence WHERE source_url = 'https://www.canada.ca/en/health-canada/services/consumer-product-safety/cosmetics/cosmetic-ingredient-hotlist-prohibited-restricted-ingredients.html' AND snapshot_date = '2026-04-18' LIMIT 1));
INSERT INTO ingredient (canonical_id, primary_name, ingredient_class, cas_number, category, is_natural) VALUES ('NAME_colchicum_autumnale_l_and_its_galenical_preparations', 'Colchicum autumnale L . and its galenical preparations', 'substance', NULL, 'cosmetic', 0) ON CONFLICT(canonical_id) DO NOTHING;
INSERT INTO ingredient_alias (canonical_id, alias, alias_normalized, alias_type, language_code, confidence, source) VALUES ('NAME_colchicum_autumnale_l_and_its_galenical_preparations', 'Colchicum autumnale L . and its galenical preparations', 'colchicum autumnale l . and its galenical preparations', 'synonym', 'en', 1.0, 'HC-Hotlist') ON CONFLICT(alias_normalized, alias_type, COALESCE(language_code, '')) DO NOTHING;
INSERT OR IGNORE INTO regulatory_fact (canonical_id, jurisdiction, fact_type, status, regulation_ref, product_category, evidence_id) VALUES ('NAME_colchicum_autumnale_l_and_its_galenical_preparations', 'CA_HC', 'prohibited', 'Prohibited in cosmetic products (Health Canada Hotlist)', 'Health Canada Cosmetic Ingredient Hotlist', 'cosmetic', (SELECT id FROM fact_evidence WHERE source_url = 'https://www.canada.ca/en/health-canada/services/consumer-product-safety/cosmetics/cosmetic-ingredient-hotlist-prohibited-restricted-ingredients.html' AND snapshot_date = '2026-04-18' LIMIT 1));
INSERT INTO ingredient (canonical_id, primary_name, ingredient_class, cas_number, category, is_natural) VALUES ('CAS_458_35_5', 'Coniferyl alcohol except for naturally occurring in plant extracts', 'substance', '458-35-5', 'cosmetic', 0) ON CONFLICT(canonical_id) DO NOTHING;
INSERT INTO ingredient_alias (canonical_id, alias, alias_normalized, alias_type, language_code, confidence, source) VALUES ('CAS_458_35_5', 'Coniferyl alcohol except for naturally occurring in plant extracts', 'coniferyl alcohol except for naturally occurring in plant extracts', 'synonym', 'en', 1.0, 'HC-Hotlist') ON CONFLICT(alias_normalized, alias_type, COALESCE(language_code, '')) DO NOTHING;
INSERT INTO ingredient_alias (canonical_id, alias, alias_normalized, alias_type, language_code, confidence, source) VALUES ('CAS_458_35_5', '458-35-5', '458-35-5', 'cas', NULL, 1.0, 'HC-Hotlist') ON CONFLICT(alias_normalized, alias_type, COALESCE(language_code, '')) DO NOTHING;
INSERT OR IGNORE INTO regulatory_fact (canonical_id, jurisdiction, fact_type, status, regulation_ref, product_category, evidence_id) VALUES ('CAS_458_35_5', 'CA_HC', 'prohibited', 'Prohibited in cosmetic products (Health Canada Hotlist)', 'Health Canada Cosmetic Ingredient Hotlist', 'cosmetic', (SELECT id FROM fact_evidence WHERE source_url = 'https://www.canada.ca/en/health-canada/services/consumer-product-safety/cosmetics/cosmetic-ingredient-hotlist-prohibited-restricted-ingredients.html' AND snapshot_date = '2026-04-18' LIMIT 1));
INSERT INTO ingredient (canonical_id, primary_name, ingredient_class, cas_number, category, is_natural) VALUES ('CAS_458_88_8', 'Coniine', 'substance', '458-88-8', 'cosmetic', 0) ON CONFLICT(canonical_id) DO NOTHING;
INSERT INTO ingredient_alias (canonical_id, alias, alias_normalized, alias_type, language_code, confidence, source) VALUES ('CAS_458_88_8', 'Coniine', 'coniine', 'synonym', 'en', 1.0, 'HC-Hotlist') ON CONFLICT(alias_normalized, alias_type, COALESCE(language_code, '')) DO NOTHING;
INSERT INTO ingredient_alias (canonical_id, alias, alias_normalized, alias_type, language_code, confidence, source) VALUES ('CAS_458_88_8', '458-88-8', '458-88-8', 'cas', NULL, 1.0, 'HC-Hotlist') ON CONFLICT(alias_normalized, alias_type, COALESCE(language_code, '')) DO NOTHING;
INSERT OR IGNORE INTO regulatory_fact (canonical_id, jurisdiction, fact_type, status, regulation_ref, product_category, evidence_id) VALUES ('CAS_458_88_8', 'CA_HC', 'prohibited', 'Prohibited in cosmetic products (Health Canada Hotlist)', 'Health Canada Cosmetic Ingredient Hotlist', 'cosmetic', (SELECT id FROM fact_evidence WHERE source_url = 'https://www.canada.ca/en/health-canada/services/consumer-product-safety/cosmetics/cosmetic-ingredient-hotlist-prohibited-restricted-ingredients.html' AND snapshot_date = '2026-04-18' LIMIT 1));
INSERT INTO ingredient (canonical_id, primary_name, ingredient_class, cas_number, category, is_natural) VALUES ('CAS_85116_75_2', 'Conium maculatum L . fruit, powder and galenical preparations', 'substance', '85116-75-2', 'cosmetic', 0) ON CONFLICT(canonical_id) DO NOTHING;
INSERT INTO ingredient_alias (canonical_id, alias, alias_normalized, alias_type, language_code, confidence, source) VALUES ('CAS_85116_75_2', 'Conium maculatum L . fruit, powder and galenical preparations', 'conium maculatum l . fruit, powder and galenical preparations', 'synonym', 'en', 1.0, 'HC-Hotlist') ON CONFLICT(alias_normalized, alias_type, COALESCE(language_code, '')) DO NOTHING;
INSERT INTO ingredient_alias (canonical_id, alias, alias_normalized, alias_type, language_code, confidence, source) VALUES ('CAS_85116_75_2', '85116-75-2', '85116-75-2', 'cas', NULL, 1.0, 'HC-Hotlist') ON CONFLICT(alias_normalized, alias_type, COALESCE(language_code, '')) DO NOTHING;
INSERT OR IGNORE INTO regulatory_fact (canonical_id, jurisdiction, fact_type, status, regulation_ref, product_category, evidence_id) VALUES ('CAS_85116_75_2', 'CA_HC', 'prohibited', 'Prohibited in cosmetic products (Health Canada Hotlist)', 'Health Canada Cosmetic Ingredient Hotlist', 'cosmetic', (SELECT id FROM fact_evidence WHERE source_url = 'https://www.canada.ca/en/health-canada/services/consumer-product-safety/cosmetics/cosmetic-ingredient-hotlist-prohibited-restricted-ingredients.html' AND snapshot_date = '2026-04-18' LIMIT 1));
INSERT INTO ingredient (canonical_id, primary_name, ingredient_class, cas_number, category, is_natural) VALUES ('CAS_508_75_8', 'Convallatoxin', 'substance', '508-75-8', 'cosmetic', 0) ON CONFLICT(canonical_id) DO NOTHING;
INSERT INTO ingredient_alias (canonical_id, alias, alias_normalized, alias_type, language_code, confidence, source) VALUES ('CAS_508_75_8', 'Convallatoxin', 'convallatoxin', 'synonym', 'en', 1.0, 'HC-Hotlist') ON CONFLICT(alias_normalized, alias_type, COALESCE(language_code, '')) DO NOTHING;
INSERT INTO ingredient_alias (canonical_id, alias, alias_normalized, alias_type, language_code, confidence, source) VALUES ('CAS_508_75_8', '508-75-8', '508-75-8', 'cas', NULL, 1.0, 'HC-Hotlist') ON CONFLICT(alias_normalized, alias_type, COALESCE(language_code, '')) DO NOTHING;
INSERT OR IGNORE INTO regulatory_fact (canonical_id, jurisdiction, fact_type, status, regulation_ref, product_category, evidence_id) VALUES ('CAS_508_75_8', 'CA_HC', 'prohibited', 'Prohibited in cosmetic products (Health Canada Hotlist)', 'Health Canada Cosmetic Ingredient Hotlist', 'cosmetic', (SELECT id FROM fact_evidence WHERE source_url = 'https://www.canada.ca/en/health-canada/services/consumer-product-safety/cosmetics/cosmetic-ingredient-hotlist-prohibited-restricted-ingredients.html' AND snapshot_date = '2026-04-18' LIMIT 1));
INSERT INTO ingredient (canonical_id, primary_name, ingredient_class, cas_number, category, is_natural) VALUES ('CAS_4366_18_1', 'Coumetarol', 'substance', '4366-18-1', 'cosmetic', 0) ON CONFLICT(canonical_id) DO NOTHING;
INSERT INTO ingredient_alias (canonical_id, alias, alias_normalized, alias_type, language_code, confidence, source) VALUES ('CAS_4366_18_1', 'Coumetarol', 'coumetarol', 'synonym', 'en', 1.0, 'HC-Hotlist') ON CONFLICT(alias_normalized, alias_type, COALESCE(language_code, '')) DO NOTHING;
INSERT INTO ingredient_alias (canonical_id, alias, alias_normalized, alias_type, language_code, confidence, source) VALUES ('CAS_4366_18_1', '4366-18-1', '4366-18-1', 'cas', NULL, 1.0, 'HC-Hotlist') ON CONFLICT(alias_normalized, alias_type, COALESCE(language_code, '')) DO NOTHING;
INSERT OR IGNORE INTO regulatory_fact (canonical_id, jurisdiction, fact_type, status, regulation_ref, product_category, evidence_id) VALUES ('CAS_4366_18_1', 'CA_HC', 'prohibited', 'Prohibited in cosmetic products (Health Canada Hotlist)', 'Health Canada Cosmetic Ingredient Hotlist', 'cosmetic', (SELECT id FROM fact_evidence WHERE source_url = 'https://www.canada.ca/en/health-canada/services/consumer-product-safety/cosmetics/cosmetic-ingredient-hotlist-prohibited-restricted-ingredients.html' AND snapshot_date = '2026-04-18' LIMIT 1));
INSERT INTO ingredient (canonical_id, primary_name, ingredient_class, cas_number, category, is_natural) VALUES ('CAS_8021_39_4', 'Creosote', 'substance', '8021-39-4', 'cosmetic', 0) ON CONFLICT(canonical_id) DO NOTHING;
INSERT INTO ingredient_alias (canonical_id, alias, alias_normalized, alias_type, language_code, confidence, source) VALUES ('CAS_8021_39_4', 'Creosote', 'creosote', 'synonym', 'en', 1.0, 'HC-Hotlist') ON CONFLICT(alias_normalized, alias_type, COALESCE(language_code, '')) DO NOTHING;
INSERT INTO ingredient_alias (canonical_id, alias, alias_normalized, alias_type, language_code, confidence, source) VALUES ('CAS_8021_39_4', '8021-39-4', '8021-39-4', 'cas', NULL, 1.0, 'HC-Hotlist') ON CONFLICT(alias_normalized, alias_type, COALESCE(language_code, '')) DO NOTHING;
INSERT OR IGNORE INTO regulatory_fact (canonical_id, jurisdiction, fact_type, status, regulation_ref, product_category, evidence_id) VALUES ('CAS_8021_39_4', 'CA_HC', 'prohibited', 'Prohibited in cosmetic products (Health Canada Hotlist)', 'Health Canada Cosmetic Ingredient Hotlist', 'cosmetic', (SELECT id FROM fact_evidence WHERE source_url = 'https://www.canada.ca/en/health-canada/services/consumer-product-safety/cosmetics/cosmetic-ingredient-hotlist-prohibited-restricted-ingredients.html' AND snapshot_date = '2026-04-18' LIMIT 1));
INSERT INTO ingredient (canonical_id, primary_name, ingredient_class, cas_number, category, is_natural) VALUES ('CAS_535_89_7', 'Crimidine', 'substance', '535-89-7', 'cosmetic', 0) ON CONFLICT(canonical_id) DO NOTHING;
INSERT INTO ingredient_alias (canonical_id, alias, alias_normalized, alias_type, language_code, confidence, source) VALUES ('CAS_535_89_7', 'Crimidine', 'crimidine', 'synonym', 'en', 1.0, 'HC-Hotlist') ON CONFLICT(alias_normalized, alias_type, COALESCE(language_code, '')) DO NOTHING;
INSERT INTO ingredient_alias (canonical_id, alias, alias_normalized, alias_type, language_code, confidence, source) VALUES ('CAS_535_89_7', '535-89-7', '535-89-7', 'cas', NULL, 1.0, 'HC-Hotlist') ON CONFLICT(alias_normalized, alias_type, COALESCE(language_code, '')) DO NOTHING;
INSERT OR IGNORE INTO regulatory_fact (canonical_id, jurisdiction, fact_type, status, regulation_ref, product_category, evidence_id) VALUES ('CAS_535_89_7', 'CA_HC', 'prohibited', 'Prohibited in cosmetic products (Health Canada Hotlist)', 'Health Canada Cosmetic Ingredient Hotlist', 'cosmetic', (SELECT id FROM fact_evidence WHERE source_url = 'https://www.canada.ca/en/health-canada/services/consumer-product-safety/cosmetics/cosmetic-ingredient-hotlist-prohibited-restricted-ingredients.html' AND snapshot_date = '2026-04-18' LIMIT 1));
INSERT INTO ingredient (canonical_id, primary_name, ingredient_class, cas_number, category, is_natural) VALUES ('CAS_8001_28_3', 'Croton tiglium oil', 'substance', '8001-28-3', 'cosmetic', 0) ON CONFLICT(canonical_id) DO NOTHING;
INSERT INTO ingredient_alias (canonical_id, alias, alias_normalized, alias_type, language_code, confidence, source) VALUES ('CAS_8001_28_3', 'Croton tiglium oil', 'croton tiglium oil', 'synonym', 'en', 1.0, 'HC-Hotlist') ON CONFLICT(alias_normalized, alias_type, COALESCE(language_code, '')) DO NOTHING;
INSERT INTO ingredient_alias (canonical_id, alias, alias_normalized, alias_type, language_code, confidence, source) VALUES ('CAS_8001_28_3', '8001-28-3', '8001-28-3', 'cas', NULL, 1.0, 'HC-Hotlist') ON CONFLICT(alias_normalized, alias_type, COALESCE(language_code, '')) DO NOTHING;
INSERT OR IGNORE INTO regulatory_fact (canonical_id, jurisdiction, fact_type, status, regulation_ref, product_category, evidence_id) VALUES ('CAS_8001_28_3', 'CA_HC', 'prohibited', 'Prohibited in cosmetic products (Health Canada Hotlist)', 'Health Canada Cosmetic Ingredient Hotlist', 'cosmetic', (SELECT id FROM fact_evidence WHERE source_url = 'https://www.canada.ca/en/health-canada/services/consumer-product-safety/cosmetics/cosmetic-ingredient-hotlist-prohibited-restricted-ingredients.html' AND snapshot_date = '2026-04-18' LIMIT 1));
INSERT INTO ingredient (canonical_id, primary_name, ingredient_class, cas_number, category, is_natural) VALUES ('CAS_8063_06_7', 'Curare', 'substance', '8063-06-7', 'cosmetic', 0) ON CONFLICT(canonical_id) DO NOTHING;
INSERT INTO ingredient_alias (canonical_id, alias, alias_normalized, alias_type, language_code, confidence, source) VALUES ('CAS_8063_06_7', 'Curare', 'curare', 'synonym', 'en', 1.0, 'HC-Hotlist') ON CONFLICT(alias_normalized, alias_type, COALESCE(language_code, '')) DO NOTHING;
INSERT INTO ingredient_alias (canonical_id, alias, alias_normalized, alias_type, language_code, confidence, source) VALUES ('CAS_8063_06_7', '8063-06-7', '8063-06-7', 'cas', NULL, 1.0, 'HC-Hotlist') ON CONFLICT(alias_normalized, alias_type, COALESCE(language_code, '')) DO NOTHING;
INSERT OR IGNORE INTO regulatory_fact (canonical_id, jurisdiction, fact_type, status, regulation_ref, product_category, evidence_id) VALUES ('CAS_8063_06_7', 'CA_HC', 'prohibited', 'Prohibited in cosmetic products (Health Canada Hotlist)', 'Health Canada Cosmetic Ingredient Hotlist', 'cosmetic', (SELECT id FROM fact_evidence WHERE source_url = 'https://www.canada.ca/en/health-canada/services/consumer-product-safety/cosmetics/cosmetic-ingredient-hotlist-prohibited-restricted-ingredients.html' AND snapshot_date = '2026-04-18' LIMIT 1));
INSERT INTO ingredient (canonical_id, primary_name, ingredient_class, cas_number, category, is_natural) VALUES ('CAS_22260_42_0', 'Curarine', 'substance', '22260-42-0', 'cosmetic', 0) ON CONFLICT(canonical_id) DO NOTHING;
INSERT INTO ingredient_alias (canonical_id, alias, alias_normalized, alias_type, language_code, confidence, source) VALUES ('CAS_22260_42_0', 'Curarine', 'curarine', 'synonym', 'en', 1.0, 'HC-Hotlist') ON CONFLICT(alias_normalized, alias_type, COALESCE(language_code, '')) DO NOTHING;
INSERT INTO ingredient_alias (canonical_id, alias, alias_normalized, alias_type, language_code, confidence, source) VALUES ('CAS_22260_42_0', '22260-42-0', '22260-42-0', 'cas', NULL, 1.0, 'HC-Hotlist') ON CONFLICT(alias_normalized, alias_type, COALESCE(language_code, '')) DO NOTHING;
INSERT OR IGNORE INTO regulatory_fact (canonical_id, jurisdiction, fact_type, status, regulation_ref, product_category, evidence_id) VALUES ('CAS_22260_42_0', 'CA_HC', 'prohibited', 'Prohibited in cosmetic products (Health Canada Hotlist)', 'Health Canada Cosmetic Ingredient Hotlist', 'cosmetic', (SELECT id FROM fact_evidence WHERE source_url = 'https://www.canada.ca/en/health-canada/services/consumer-product-safety/cosmetics/cosmetic-ingredient-hotlist-prohibited-restricted-ingredients.html' AND snapshot_date = '2026-04-18' LIMIT 1));
INSERT INTO ingredient (canonical_id, primary_name, ingredient_class, cas_number, category, is_natural) VALUES ('NAME_curarizants_synthetic', 'Curarizants, synthetic', 'substance', NULL, 'cosmetic', 0) ON CONFLICT(canonical_id) DO NOTHING;
INSERT INTO ingredient_alias (canonical_id, alias, alias_normalized, alias_type, language_code, confidence, source) VALUES ('NAME_curarizants_synthetic', 'Curarizants, synthetic', 'curarizants, synthetic', 'synonym', 'en', 1.0, 'HC-Hotlist') ON CONFLICT(alias_normalized, alias_type, COALESCE(language_code, '')) DO NOTHING;
INSERT OR IGNORE INTO regulatory_fact (canonical_id, jurisdiction, fact_type, status, regulation_ref, product_category, evidence_id) VALUES ('NAME_curarizants_synthetic', 'CA_HC', 'prohibited', 'Prohibited in cosmetic products (Health Canada Hotlist)', 'Health Canada Cosmetic Ingredient Hotlist', 'cosmetic', (SELECT id FROM fact_evidence WHERE source_url = 'https://www.canada.ca/en/health-canada/services/consumer-product-safety/cosmetics/cosmetic-ingredient-hotlist-prohibited-restricted-ingredients.html' AND snapshot_date = '2026-04-18' LIMIT 1));
INSERT INTO ingredient (canonical_id, primary_name, ingredient_class, cas_number, category, is_natural) VALUES ('CAS_5779_54_4', 'Cyclarbamate', 'substance', '5779-54-4', 'cosmetic', 0) ON CONFLICT(canonical_id) DO NOTHING;
INSERT INTO ingredient_alias (canonical_id, alias, alias_normalized, alias_type, language_code, confidence, source) VALUES ('CAS_5779_54_4', 'Cyclarbamate', 'cyclarbamate', 'synonym', 'en', 1.0, 'HC-Hotlist') ON CONFLICT(alias_normalized, alias_type, COALESCE(language_code, '')) DO NOTHING;
INSERT INTO ingredient_alias (canonical_id, alias, alias_normalized, alias_type, language_code, confidence, source) VALUES ('CAS_5779_54_4', '5779-54-4', '5779-54-4', 'cas', NULL, 1.0, 'HC-Hotlist') ON CONFLICT(alias_normalized, alias_type, COALESCE(language_code, '')) DO NOTHING;
INSERT OR IGNORE INTO regulatory_fact (canonical_id, jurisdiction, fact_type, status, regulation_ref, product_category, evidence_id) VALUES ('CAS_5779_54_4', 'CA_HC', 'prohibited', 'Prohibited in cosmetic products (Health Canada Hotlist)', 'Health Canada Cosmetic Ingredient Hotlist', 'cosmetic', (SELECT id FROM fact_evidence WHERE source_url = 'https://www.canada.ca/en/health-canada/services/consumer-product-safety/cosmetics/cosmetic-ingredient-hotlist-prohibited-restricted-ingredients.html' AND snapshot_date = '2026-04-18' LIMIT 1));
INSERT INTO ingredient (canonical_id, primary_name, ingredient_class, cas_number, category, is_natural) VALUES ('CAS_82_92_8', 'Cyclizine and its salts', 'substance', '82-92-8', 'cosmetic', 0) ON CONFLICT(canonical_id) DO NOTHING;
INSERT INTO ingredient_alias (canonical_id, alias, alias_normalized, alias_type, language_code, confidence, source) VALUES ('CAS_82_92_8', 'Cyclizine and its salts', 'cyclizine and its salts', 'synonym', 'en', 1.0, 'HC-Hotlist') ON CONFLICT(alias_normalized, alias_type, COALESCE(language_code, '')) DO NOTHING;
INSERT INTO ingredient_alias (canonical_id, alias, alias_normalized, alias_type, language_code, confidence, source) VALUES ('CAS_82_92_8', '82-92-8', '82-92-8', 'cas', NULL, 1.0, 'HC-Hotlist') ON CONFLICT(alias_normalized, alias_type, COALESCE(language_code, '')) DO NOTHING;
INSERT OR IGNORE INTO regulatory_fact (canonical_id, jurisdiction, fact_type, status, regulation_ref, product_category, evidence_id) VALUES ('CAS_82_92_8', 'CA_HC', 'prohibited', 'Prohibited in cosmetic products (Health Canada Hotlist)', 'Health Canada Cosmetic Ingredient Hotlist', 'cosmetic', (SELECT id FROM fact_evidence WHERE source_url = 'https://www.canada.ca/en/health-canada/services/consumer-product-safety/cosmetics/cosmetic-ingredient-hotlist-prohibited-restricted-ingredients.html' AND snapshot_date = '2026-04-18' LIMIT 1));
INSERT INTO ingredient (canonical_id, primary_name, ingredient_class, cas_number, category, is_natural) VALUES ('CAS_518_20_7', 'Cyclocoumarol', 'substance', '518-20-7', 'cosmetic', 0) ON CONFLICT(canonical_id) DO NOTHING;
INSERT INTO ingredient_alias (canonical_id, alias, alias_normalized, alias_type, language_code, confidence, source) VALUES ('CAS_518_20_7', 'Cyclocoumarol', 'cyclocoumarol', 'synonym', 'en', 1.0, 'HC-Hotlist') ON CONFLICT(alias_normalized, alias_type, COALESCE(language_code, '')) DO NOTHING;
INSERT INTO ingredient_alias (canonical_id, alias, alias_normalized, alias_type, language_code, confidence, source) VALUES ('CAS_518_20_7', '518-20-7', '518-20-7', 'cas', NULL, 1.0, 'HC-Hotlist') ON CONFLICT(alias_normalized, alias_type, COALESCE(language_code, '')) DO NOTHING;
INSERT OR IGNORE INTO regulatory_fact (canonical_id, jurisdiction, fact_type, status, regulation_ref, product_category, evidence_id) VALUES ('CAS_518_20_7', 'CA_HC', 'prohibited', 'Prohibited in cosmetic products (Health Canada Hotlist)', 'Health Canada Cosmetic Ingredient Hotlist', 'cosmetic', (SELECT id FROM fact_evidence WHERE source_url = 'https://www.canada.ca/en/health-canada/services/consumer-product-safety/cosmetics/cosmetic-ingredient-hotlist-prohibited-restricted-ingredients.html' AND snapshot_date = '2026-04-18' LIMIT 1));
INSERT INTO ingredient (canonical_id, primary_name, ingredient_class, cas_number, category, is_natural) VALUES ('CAS_5591_47_9', 'Cyclomenol and its salts', 'substance', '5591-47-9', 'cosmetic', 0) ON CONFLICT(canonical_id) DO NOTHING;
INSERT INTO ingredient_alias (canonical_id, alias, alias_normalized, alias_type, language_code, confidence, source) VALUES ('CAS_5591_47_9', 'Cyclomenol and its salts', 'cyclomenol and its salts', 'synonym', 'en', 1.0, 'HC-Hotlist') ON CONFLICT(alias_normalized, alias_type, COALESCE(language_code, '')) DO NOTHING;
INSERT INTO ingredient_alias (canonical_id, alias, alias_normalized, alias_type, language_code, confidence, source) VALUES ('CAS_5591_47_9', '5591-47-9', '5591-47-9', 'cas', NULL, 1.0, 'HC-Hotlist') ON CONFLICT(alias_normalized, alias_type, COALESCE(language_code, '')) DO NOTHING;
INSERT OR IGNORE INTO regulatory_fact (canonical_id, jurisdiction, fact_type, status, regulation_ref, product_category, evidence_id) VALUES ('CAS_5591_47_9', 'CA_HC', 'prohibited', 'Prohibited in cosmetic products (Health Canada Hotlist)', 'Health Canada Cosmetic Ingredient Hotlist', 'cosmetic', (SELECT id FROM fact_evidence WHERE source_url = 'https://www.canada.ca/en/health-canada/services/consumer-product-safety/cosmetics/cosmetic-ingredient-hotlist-prohibited-restricted-ingredients.html' AND snapshot_date = '2026-04-18' LIMIT 1));
INSERT INTO ingredient (canonical_id, primary_name, ingredient_class, cas_number, category, is_natural) VALUES ('CAS_50_18_0', 'Cyclophosphamide and its salts', 'substance', '50-18-0', 'cosmetic', 0) ON CONFLICT(canonical_id) DO NOTHING;
INSERT INTO ingredient_alias (canonical_id, alias, alias_normalized, alias_type, language_code, confidence, source) VALUES ('CAS_50_18_0', 'Cyclophosphamide and its salts', 'cyclophosphamide and its salts', 'synonym', 'en', 1.0, 'HC-Hotlist') ON CONFLICT(alias_normalized, alias_type, COALESCE(language_code, '')) DO NOTHING;
INSERT INTO ingredient_alias (canonical_id, alias, alias_normalized, alias_type, language_code, confidence, source) VALUES ('CAS_50_18_0', '50-18-0', '50-18-0', 'cas', NULL, 1.0, 'HC-Hotlist') ON CONFLICT(alias_normalized, alias_type, COALESCE(language_code, '')) DO NOTHING;
INSERT OR IGNORE INTO regulatory_fact (canonical_id, jurisdiction, fact_type, status, regulation_ref, product_category, evidence_id) VALUES ('CAS_50_18_0', 'CA_HC', 'prohibited', 'Prohibited in cosmetic products (Health Canada Hotlist)', 'Health Canada Cosmetic Ingredient Hotlist', 'cosmetic', (SELECT id FROM fact_evidence WHERE source_url = 'https://www.canada.ca/en/health-canada/services/consumer-product-safety/cosmetics/cosmetic-ingredient-hotlist-prohibited-restricted-ingredients.html' AND snapshot_date = '2026-04-18' LIMIT 1));
INSERT INTO ingredient (canonical_id, primary_name, ingredient_class, cas_number, category, is_natural) VALUES ('CAS_84696_08_2', 'Datura stramonium L . and its galenical preparations', 'substance', '84696-08-2', 'cosmetic', 0) ON CONFLICT(canonical_id) DO NOTHING;
INSERT INTO ingredient_alias (canonical_id, alias, alias_normalized, alias_type, language_code, confidence, source) VALUES ('CAS_84696_08_2', 'Datura stramonium L . and its galenical preparations', 'datura stramonium l . and its galenical preparations', 'synonym', 'en', 1.0, 'HC-Hotlist') ON CONFLICT(alias_normalized, alias_type, COALESCE(language_code, '')) DO NOTHING;
INSERT INTO ingredient_alias (canonical_id, alias, alias_normalized, alias_type, language_code, confidence, source) VALUES ('CAS_84696_08_2', '84696-08-2', '84696-08-2', 'cas', NULL, 1.0, 'HC-Hotlist') ON CONFLICT(alias_normalized, alias_type, COALESCE(language_code, '')) DO NOTHING;
INSERT OR IGNORE INTO regulatory_fact (canonical_id, jurisdiction, fact_type, status, regulation_ref, product_category, evidence_id) VALUES ('CAS_84696_08_2', 'CA_HC', 'prohibited', 'Prohibited in cosmetic products (Health Canada Hotlist)', 'Health Canada Cosmetic Ingredient Hotlist', 'cosmetic', (SELECT id FROM fact_evidence WHERE source_url = 'https://www.canada.ca/en/health-canada/services/consumer-product-safety/cosmetics/cosmetic-ingredient-hotlist-prohibited-restricted-ingredients.html' AND snapshot_date = '2026-04-18' LIMIT 1));
INSERT INTO ingredient (canonical_id, primary_name, ingredient_class, cas_number, category, is_natural) VALUES ('CAS_3342_61_8', 'Deanol aceglumate', 'substance', '3342-61-8', 'cosmetic', 0) ON CONFLICT(canonical_id) DO NOTHING;
INSERT INTO ingredient_alias (canonical_id, alias, alias_normalized, alias_type, language_code, confidence, source) VALUES ('CAS_3342_61_8', 'Deanol aceglumate', 'deanol aceglumate', 'synonym', 'en', 1.0, 'HC-Hotlist') ON CONFLICT(alias_normalized, alias_type, COALESCE(language_code, '')) DO NOTHING;
INSERT INTO ingredient_alias (canonical_id, alias, alias_normalized, alias_type, language_code, confidence, source) VALUES ('CAS_3342_61_8', '3342-61-8', '3342-61-8', 'cas', NULL, 1.0, 'HC-Hotlist') ON CONFLICT(alias_normalized, alias_type, COALESCE(language_code, '')) DO NOTHING;
INSERT OR IGNORE INTO regulatory_fact (canonical_id, jurisdiction, fact_type, status, regulation_ref, product_category, evidence_id) VALUES ('CAS_3342_61_8', 'CA_HC', 'prohibited', 'Prohibited in cosmetic products (Health Canada Hotlist)', 'Health Canada Cosmetic Ingredient Hotlist', 'cosmetic', (SELECT id FROM fact_evidence WHERE source_url = 'https://www.canada.ca/en/health-canada/services/consumer-product-safety/cosmetics/cosmetic-ingredient-hotlist-prohibited-restricted-ingredients.html' AND snapshot_date = '2026-04-18' LIMIT 1));
INSERT INTO ingredient (canonical_id, primary_name, ingredient_class, cas_number, category, is_natural) VALUES ('CAS_541_22_0', 'Decamethylenebis (trimethylammonium) salts', 'substance', '541-22-0', 'cosmetic', 0) ON CONFLICT(canonical_id) DO NOTHING;
INSERT INTO ingredient_alias (canonical_id, alias, alias_normalized, alias_type, language_code, confidence, source) VALUES ('CAS_541_22_0', 'Decamethylenebis (trimethylammonium) salts', 'decamethylenebis (trimethylammonium) salts', 'synonym', 'en', 1.0, 'HC-Hotlist') ON CONFLICT(alias_normalized, alias_type, COALESCE(language_code, '')) DO NOTHING;
INSERT INTO ingredient_alias (canonical_id, alias, alias_normalized, alias_type, language_code, confidence, source) VALUES ('CAS_541_22_0', '541-22-0', '541-22-0', 'cas', NULL, 1.0, 'HC-Hotlist') ON CONFLICT(alias_normalized, alias_type, COALESCE(language_code, '')) DO NOTHING;
INSERT OR IGNORE INTO regulatory_fact (canonical_id, jurisdiction, fact_type, status, regulation_ref, product_category, evidence_id) VALUES ('CAS_541_22_0', 'CA_HC', 'prohibited', 'Prohibited in cosmetic products (Health Canada Hotlist)', 'Health Canada Cosmetic Ingredient Hotlist', 'cosmetic', (SELECT id FROM fact_evidence WHERE source_url = 'https://www.canada.ca/en/health-canada/services/consumer-product-safety/cosmetics/cosmetic-ingredient-hotlist-prohibited-restricted-ingredients.html' AND snapshot_date = '2026-04-18' LIMIT 1));
INSERT INTO ingredient (canonical_id, primary_name, ingredient_class, cas_number, category, is_natural) VALUES ('CAS_125_71_3', 'Dextromethorphan and its salts', 'substance', '125-71-3', 'cosmetic', 0) ON CONFLICT(canonical_id) DO NOTHING;
INSERT INTO ingredient_alias (canonical_id, alias, alias_normalized, alias_type, language_code, confidence, source) VALUES ('CAS_125_71_3', 'Dextromethorphan and its salts', 'dextromethorphan and its salts', 'synonym', 'en', 1.0, 'HC-Hotlist') ON CONFLICT(alias_normalized, alias_type, COALESCE(language_code, '')) DO NOTHING;
INSERT INTO ingredient_alias (canonical_id, alias, alias_normalized, alias_type, language_code, confidence, source) VALUES ('CAS_125_71_3', '125-71-3', '125-71-3', 'cas', NULL, 1.0, 'HC-Hotlist') ON CONFLICT(alias_normalized, alias_type, COALESCE(language_code, '')) DO NOTHING;
INSERT OR IGNORE INTO regulatory_fact (canonical_id, jurisdiction, fact_type, status, regulation_ref, product_category, evidence_id) VALUES ('CAS_125_71_3', 'CA_HC', 'prohibited', 'Prohibited in cosmetic products (Health Canada Hotlist)', 'Health Canada Cosmetic Ingredient Hotlist', 'cosmetic', (SELECT id FROM fact_evidence WHERE source_url = 'https://www.canada.ca/en/health-canada/services/consumer-product-safety/cosmetics/cosmetic-ingredient-hotlist-prohibited-restricted-ingredients.html' AND snapshot_date = '2026-04-18' LIMIT 1));
INSERT INTO ingredient (canonical_id, primary_name, ingredient_class, cas_number, category, is_natural) VALUES ('CAS_469_62_5', 'Dextropropoxyphene', 'substance', '469-62-5', 'cosmetic', 0) ON CONFLICT(canonical_id) DO NOTHING;
INSERT INTO ingredient_alias (canonical_id, alias, alias_normalized, alias_type, language_code, confidence, source) VALUES ('CAS_469_62_5', 'Dextropropoxyphene', 'dextropropoxyphene', 'synonym', 'en', 1.0, 'HC-Hotlist') ON CONFLICT(alias_normalized, alias_type, COALESCE(language_code, '')) DO NOTHING;
INSERT INTO ingredient_alias (canonical_id, alias, alias_normalized, alias_type, language_code, confidence, source) VALUES ('CAS_469_62_5', '469-62-5', '469-62-5', 'cas', NULL, 1.0, 'HC-Hotlist') ON CONFLICT(alias_normalized, alias_type, COALESCE(language_code, '')) DO NOTHING;
INSERT OR IGNORE INTO regulatory_fact (canonical_id, jurisdiction, fact_type, status, regulation_ref, product_category, evidence_id) VALUES ('CAS_469_62_5', 'CA_HC', 'prohibited', 'Prohibited in cosmetic products (Health Canada Hotlist)', 'Health Canada Cosmetic Ingredient Hotlist', 'cosmetic', (SELECT id FROM fact_evidence WHERE source_url = 'https://www.canada.ca/en/health-canada/services/consumer-product-safety/cosmetics/cosmetic-ingredient-hotlist-prohibited-restricted-ingredients.html' AND snapshot_date = '2026-04-18' LIMIT 1));
INSERT INTO ingredient (canonical_id, primary_name, ingredient_class, cas_number, category, is_natural) VALUES ('CAS_24556_64_7', 'Dibromosalicylanilides', 'substance', '24556-64-7', 'cosmetic', 0) ON CONFLICT(canonical_id) DO NOTHING;
INSERT INTO ingredient_alias (canonical_id, alias, alias_normalized, alias_type, language_code, confidence, source) VALUES ('CAS_24556_64_7', 'Dibromosalicylanilides', 'dibromosalicylanilides', 'synonym', 'en', 1.0, 'HC-Hotlist') ON CONFLICT(alias_normalized, alias_type, COALESCE(language_code, '')) DO NOTHING;
INSERT INTO ingredient_alias (canonical_id, alias, alias_normalized, alias_type, language_code, confidence, source) VALUES ('CAS_24556_64_7', '24556-64-7', '24556-64-7', 'cas', NULL, 1.0, 'HC-Hotlist') ON CONFLICT(alias_normalized, alias_type, COALESCE(language_code, '')) DO NOTHING;
INSERT OR IGNORE INTO regulatory_fact (canonical_id, jurisdiction, fact_type, status, regulation_ref, product_category, evidence_id) VALUES ('CAS_24556_64_7', 'CA_HC', 'prohibited', 'Prohibited in cosmetic products (Health Canada Hotlist)', 'Health Canada Cosmetic Ingredient Hotlist', 'cosmetic', (SELECT id FROM fact_evidence WHERE source_url = 'https://www.canada.ca/en/health-canada/services/consumer-product-safety/cosmetics/cosmetic-ingredient-hotlist-prohibited-restricted-ingredients.html' AND snapshot_date = '2026-04-18' LIMIT 1));
INSERT INTO ingredient (canonical_id, primary_name, ingredient_class, cas_number, category, is_natural) VALUES ('CAS_1300_21_6', 'Dichloroethanes', 'substance', '1300-21-6', 'cosmetic', 0) ON CONFLICT(canonical_id) DO NOTHING;
INSERT INTO ingredient_alias (canonical_id, alias, alias_normalized, alias_type, language_code, confidence, source) VALUES ('CAS_1300_21_6', 'Dichloroethanes', 'dichloroethanes', 'synonym', 'en', 1.0, 'HC-Hotlist') ON CONFLICT(alias_normalized, alias_type, COALESCE(language_code, '')) DO NOTHING;
INSERT INTO ingredient_alias (canonical_id, alias, alias_normalized, alias_type, language_code, confidence, source) VALUES ('CAS_1300_21_6', '1300-21-6', '1300-21-6', 'cas', NULL, 1.0, 'HC-Hotlist') ON CONFLICT(alias_normalized, alias_type, COALESCE(language_code, '')) DO NOTHING;
INSERT OR IGNORE INTO regulatory_fact (canonical_id, jurisdiction, fact_type, status, regulation_ref, product_category, evidence_id) VALUES ('CAS_1300_21_6', 'CA_HC', 'prohibited', 'Prohibited in cosmetic products (Health Canada Hotlist)', 'Health Canada Cosmetic Ingredient Hotlist', 'cosmetic', (SELECT id FROM fact_evidence WHERE source_url = 'https://www.canada.ca/en/health-canada/services/consumer-product-safety/cosmetics/cosmetic-ingredient-hotlist-prohibited-restricted-ingredients.html' AND snapshot_date = '2026-04-18' LIMIT 1));
INSERT INTO ingredient (canonical_id, primary_name, ingredient_class, cas_number, category, is_natural) VALUES ('CAS_25323_30_2', 'Dichloroethylenes', 'substance', '25323-30-2', 'cosmetic', 0) ON CONFLICT(canonical_id) DO NOTHING;
INSERT INTO ingredient_alias (canonical_id, alias, alias_normalized, alias_type, language_code, confidence, source) VALUES ('CAS_25323_30_2', 'Dichloroethylenes', 'dichloroethylenes', 'synonym', 'en', 1.0, 'HC-Hotlist') ON CONFLICT(alias_normalized, alias_type, COALESCE(language_code, '')) DO NOTHING;
INSERT INTO ingredient_alias (canonical_id, alias, alias_normalized, alias_type, language_code, confidence, source) VALUES ('CAS_25323_30_2', '25323-30-2', '25323-30-2', 'cas', NULL, 1.0, 'HC-Hotlist') ON CONFLICT(alias_normalized, alias_type, COALESCE(language_code, '')) DO NOTHING;
INSERT OR IGNORE INTO regulatory_fact (canonical_id, jurisdiction, fact_type, status, regulation_ref, product_category, evidence_id) VALUES ('CAS_25323_30_2', 'CA_HC', 'prohibited', 'Prohibited in cosmetic products (Health Canada Hotlist)', 'Health Canada Cosmetic Ingredient Hotlist', 'cosmetic', (SELECT id FROM fact_evidence WHERE source_url = 'https://www.canada.ca/en/health-canada/services/consumer-product-safety/cosmetics/cosmetic-ingredient-hotlist-prohibited-restricted-ingredients.html' AND snapshot_date = '2026-04-18' LIMIT 1));
INSERT INTO ingredient (canonical_id, primary_name, ingredient_class, cas_number, category, is_natural) VALUES ('CAS_1147_98_4', 'Dichlorosalicylanilides', 'substance', '1147-98-4', 'cosmetic', 0) ON CONFLICT(canonical_id) DO NOTHING;
INSERT INTO ingredient_alias (canonical_id, alias, alias_normalized, alias_type, language_code, confidence, source) VALUES ('CAS_1147_98_4', 'Dichlorosalicylanilides', 'dichlorosalicylanilides', 'synonym', 'en', 1.0, 'HC-Hotlist') ON CONFLICT(alias_normalized, alias_type, COALESCE(language_code, '')) DO NOTHING;
INSERT INTO ingredient_alias (canonical_id, alias, alias_normalized, alias_type, language_code, confidence, source) VALUES ('CAS_1147_98_4', '1147-98-4', '1147-98-4', 'cas', NULL, 1.0, 'HC-Hotlist') ON CONFLICT(alias_normalized, alias_type, COALESCE(language_code, '')) DO NOTHING;
INSERT OR IGNORE INTO regulatory_fact (canonical_id, jurisdiction, fact_type, status, regulation_ref, product_category, evidence_id) VALUES ('CAS_1147_98_4', 'CA_HC', 'prohibited', 'Prohibited in cosmetic products (Health Canada Hotlist)', 'Health Canada Cosmetic Ingredient Hotlist', 'cosmetic', (SELECT id FROM fact_evidence WHERE source_url = 'https://www.canada.ca/en/health-canada/services/consumer-product-safety/cosmetics/cosmetic-ingredient-hotlist-prohibited-restricted-ingredients.html' AND snapshot_date = '2026-04-18' LIMIT 1));
INSERT INTO ingredient (canonical_id, primary_name, ingredient_class, cas_number, category, is_natural) VALUES ('CAS_66_76_2', 'Dicoumarol', 'substance', '66-76-2', 'cosmetic', 0) ON CONFLICT(canonical_id) DO NOTHING;
INSERT INTO ingredient_alias (canonical_id, alias, alias_normalized, alias_type, language_code, confidence, source) VALUES ('CAS_66_76_2', 'Dicoumarol', 'dicoumarol', 'synonym', 'en', 1.0, 'HC-Hotlist') ON CONFLICT(alias_normalized, alias_type, COALESCE(language_code, '')) DO NOTHING;
INSERT INTO ingredient_alias (canonical_id, alias, alias_normalized, alias_type, language_code, confidence, source) VALUES ('CAS_66_76_2', '66-76-2', '66-76-2', 'cas', NULL, 1.0, 'HC-Hotlist') ON CONFLICT(alias_normalized, alias_type, COALESCE(language_code, '')) DO NOTHING;
INSERT OR IGNORE INTO regulatory_fact (canonical_id, jurisdiction, fact_type, status, regulation_ref, product_category, evidence_id) VALUES ('CAS_66_76_2', 'CA_HC', 'prohibited', 'Prohibited in cosmetic products (Health Canada Hotlist)', 'Health Canada Cosmetic Ingredient Hotlist', 'cosmetic', (SELECT id FROM fact_evidence WHERE source_url = 'https://www.canada.ca/en/health-canada/services/consumer-product-safety/cosmetics/cosmetic-ingredient-hotlist-prohibited-restricted-ingredients.html' AND snapshot_date = '2026-04-18' LIMIT 1));
INSERT INTO ingredient (canonical_id, primary_name, ingredient_class, cas_number, category, is_natural) VALUES ('CAS_311_45_5', 'Diethyl 4-nitrophenyl phosphate', 'substance', '311-45-5', 'cosmetic', 0) ON CONFLICT(canonical_id) DO NOTHING;
INSERT INTO ingredient_alias (canonical_id, alias, alias_normalized, alias_type, language_code, confidence, source) VALUES ('CAS_311_45_5', 'Diethyl 4-nitrophenyl phosphate', 'diethyl 4-nitrophenyl phosphate', 'synonym', 'en', 1.0, 'HC-Hotlist') ON CONFLICT(alias_normalized, alias_type, COALESCE(language_code, '')) DO NOTHING;
INSERT INTO ingredient_alias (canonical_id, alias, alias_normalized, alias_type, language_code, confidence, source) VALUES ('CAS_311_45_5', '311-45-5', '311-45-5', 'cas', NULL, 1.0, 'HC-Hotlist') ON CONFLICT(alias_normalized, alias_type, COALESCE(language_code, '')) DO NOTHING;
INSERT OR IGNORE INTO regulatory_fact (canonical_id, jurisdiction, fact_type, status, regulation_ref, product_category, evidence_id) VALUES ('CAS_311_45_5', 'CA_HC', 'prohibited', 'Prohibited in cosmetic products (Health Canada Hotlist)', 'Health Canada Cosmetic Ingredient Hotlist', 'cosmetic', (SELECT id FROM fact_evidence WHERE source_url = 'https://www.canada.ca/en/health-canada/services/consumer-product-safety/cosmetics/cosmetic-ingredient-hotlist-prohibited-restricted-ingredients.html' AND snapshot_date = '2026-04-18' LIMIT 1));
INSERT INTO ingredient (canonical_id, primary_name, ingredient_class, cas_number, category, is_natural) VALUES ('CAS_141_05_9', 'Diethyl maleate', 'substance', '141-05-9', 'cosmetic', 0) ON CONFLICT(canonical_id) DO NOTHING;
INSERT INTO ingredient_alias (canonical_id, alias, alias_normalized, alias_type, language_code, confidence, source) VALUES ('CAS_141_05_9', 'Diethyl maleate', 'diethyl maleate', 'synonym', 'en', 1.0, 'HC-Hotlist') ON CONFLICT(alias_normalized, alias_type, COALESCE(language_code, '')) DO NOTHING;
INSERT INTO ingredient_alias (canonical_id, alias, alias_normalized, alias_type, language_code, confidence, source) VALUES ('CAS_141_05_9', '141-05-9', '141-05-9', 'cas', NULL, 1.0, 'HC-Hotlist') ON CONFLICT(alias_normalized, alias_type, COALESCE(language_code, '')) DO NOTHING;
INSERT OR IGNORE INTO regulatory_fact (canonical_id, jurisdiction, fact_type, status, regulation_ref, product_category, evidence_id) VALUES ('CAS_141_05_9', 'CA_HC', 'prohibited', 'Prohibited in cosmetic products (Health Canada Hotlist)', 'Health Canada Cosmetic Ingredient Hotlist', 'cosmetic', (SELECT id FROM fact_evidence WHERE source_url = 'https://www.canada.ca/en/health-canada/services/consumer-product-safety/cosmetics/cosmetic-ingredient-hotlist-prohibited-restricted-ingredients.html' AND snapshot_date = '2026-04-18' LIMIT 1));
INSERT INTO ingredient (canonical_id, primary_name, ingredient_class, cas_number, category, is_natural) VALUES ('CAS_64_67_5', 'Diethyl sulfate', 'substance', '64-67-5', 'cosmetic', 0) ON CONFLICT(canonical_id) DO NOTHING;
INSERT INTO ingredient_alias (canonical_id, alias, alias_normalized, alias_type, language_code, confidence, source) VALUES ('CAS_64_67_5', 'Diethyl sulfate', 'diethyl sulfate', 'synonym', 'en', 1.0, 'HC-Hotlist') ON CONFLICT(alias_normalized, alias_type, COALESCE(language_code, '')) DO NOTHING;
INSERT INTO ingredient_alias (canonical_id, alias, alias_normalized, alias_type, language_code, confidence, source) VALUES ('CAS_64_67_5', '64-67-5', '64-67-5', 'cas', NULL, 1.0, 'HC-Hotlist') ON CONFLICT(alias_normalized, alias_type, COALESCE(language_code, '')) DO NOTHING;
INSERT OR IGNORE INTO regulatory_fact (canonical_id, jurisdiction, fact_type, status, regulation_ref, product_category, evidence_id) VALUES ('CAS_64_67_5', 'CA_HC', 'prohibited', 'Prohibited in cosmetic products (Health Canada Hotlist)', 'Health Canada Cosmetic Ingredient Hotlist', 'cosmetic', (SELECT id FROM fact_evidence WHERE source_url = 'https://www.canada.ca/en/health-canada/services/consumer-product-safety/cosmetics/cosmetic-ingredient-hotlist-prohibited-restricted-ingredients.html' AND snapshot_date = '2026-04-18' LIMIT 1));
INSERT INTO ingredient (canonical_id, primary_name, ingredient_class, cas_number, category, is_natural) VALUES ('CAS_134_62_3', 'Diethyl toluamide', 'substance', '134-62-3', 'cosmetic', 0) ON CONFLICT(canonical_id) DO NOTHING;
INSERT INTO ingredient_alias (canonical_id, alias, alias_normalized, alias_type, language_code, confidence, source) VALUES ('CAS_134_62_3', 'Diethyl toluamide', 'diethyl toluamide', 'synonym', 'en', 1.0, 'HC-Hotlist') ON CONFLICT(alias_normalized, alias_type, COALESCE(language_code, '')) DO NOTHING;
INSERT INTO ingredient_alias (canonical_id, alias, alias_normalized, alias_type, language_code, confidence, source) VALUES ('CAS_134_62_3', '134-62-3', '134-62-3', 'cas', NULL, 1.0, 'HC-Hotlist') ON CONFLICT(alias_normalized, alias_type, COALESCE(language_code, '')) DO NOTHING;
INSERT OR IGNORE INTO regulatory_fact (canonical_id, jurisdiction, fact_type, status, regulation_ref, product_category, evidence_id) VALUES ('CAS_134_62_3', 'CA_HC', 'prohibited', 'Prohibited in cosmetic products (Health Canada Hotlist)', 'Health Canada Cosmetic Ingredient Hotlist', 'cosmetic', (SELECT id FROM fact_evidence WHERE source_url = 'https://www.canada.ca/en/health-canada/services/consumer-product-safety/cosmetics/cosmetic-ingredient-hotlist-prohibited-restricted-ingredients.html' AND snapshot_date = '2026-04-18' LIMIT 1));
INSERT INTO ingredient (canonical_id, primary_name, ingredient_class, cas_number, category, is_natural) VALUES ('CAS_117_81_7', 'Diethylhexyl phthalate', 'substance', '117-81-7', 'cosmetic', 0) ON CONFLICT(canonical_id) DO NOTHING;
INSERT INTO ingredient_alias (canonical_id, alias, alias_normalized, alias_type, language_code, confidence, source) VALUES ('CAS_117_81_7', 'Diethylhexyl phthalate', 'diethylhexyl phthalate', 'synonym', 'en', 1.0, 'HC-Hotlist') ON CONFLICT(alias_normalized, alias_type, COALESCE(language_code, '')) DO NOTHING;
INSERT INTO ingredient_alias (canonical_id, alias, alias_normalized, alias_type, language_code, confidence, source) VALUES ('CAS_117_81_7', '117-81-7', '117-81-7', 'cas', NULL, 1.0, 'HC-Hotlist') ON CONFLICT(alias_normalized, alias_type, COALESCE(language_code, '')) DO NOTHING;
INSERT OR IGNORE INTO regulatory_fact (canonical_id, jurisdiction, fact_type, status, regulation_ref, product_category, evidence_id) VALUES ('CAS_117_81_7', 'CA_HC', 'prohibited', 'Prohibited in cosmetic products (Health Canada Hotlist)', 'Health Canada Cosmetic Ingredient Hotlist', 'cosmetic', (SELECT id FROM fact_evidence WHERE source_url = 'https://www.canada.ca/en/health-canada/services/consumer-product-safety/cosmetics/cosmetic-ingredient-hotlist-prohibited-restricted-ingredients.html' AND snapshot_date = '2026-04-18' LIMIT 1));
INSERT INTO ingredient (canonical_id, primary_name, ingredient_class, cas_number, category, is_natural) VALUES ('CAS_5617_26_5', 'Difencloxazine', 'substance', '5617-26-5', 'cosmetic', 0) ON CONFLICT(canonical_id) DO NOTHING;
INSERT INTO ingredient_alias (canonical_id, alias, alias_normalized, alias_type, language_code, confidence, source) VALUES ('CAS_5617_26_5', 'Difencloxazine', 'difencloxazine', 'synonym', 'en', 1.0, 'HC-Hotlist') ON CONFLICT(alias_normalized, alias_type, COALESCE(language_code, '')) DO NOTHING;
INSERT INTO ingredient_alias (canonical_id, alias, alias_normalized, alias_type, language_code, confidence, source) VALUES ('CAS_5617_26_5', '5617-26-5', '5617-26-5', 'cas', NULL, 1.0, 'HC-Hotlist') ON CONFLICT(alias_normalized, alias_type, COALESCE(language_code, '')) DO NOTHING;
INSERT OR IGNORE INTO regulatory_fact (canonical_id, jurisdiction, fact_type, status, regulation_ref, product_category, evidence_id) VALUES ('CAS_5617_26_5', 'CA_HC', 'prohibited', 'Prohibited in cosmetic products (Health Canada Hotlist)', 'Health Canada Cosmetic Ingredient Hotlist', 'cosmetic', (SELECT id FROM fact_evidence WHERE source_url = 'https://www.canada.ca/en/health-canada/services/consumer-product-safety/cosmetics/cosmetic-ingredient-hotlist-prohibited-restricted-ingredients.html' AND snapshot_date = '2026-04-18' LIMIT 1));
INSERT INTO ingredient (canonical_id, primary_name, ingredient_class, cas_number, category, is_natural) VALUES ('CAS_71_63_6', 'Digitaline', 'substance', '71-63-6', 'cosmetic', 0) ON CONFLICT(canonical_id) DO NOTHING;
INSERT INTO ingredient_alias (canonical_id, alias, alias_normalized, alias_type, language_code, confidence, source) VALUES ('CAS_71_63_6', 'Digitaline', 'digitaline', 'synonym', 'en', 1.0, 'HC-Hotlist') ON CONFLICT(alias_normalized, alias_type, COALESCE(language_code, '')) DO NOTHING;
INSERT INTO ingredient_alias (canonical_id, alias, alias_normalized, alias_type, language_code, confidence, source) VALUES ('CAS_71_63_6', '71-63-6', '71-63-6', 'cas', NULL, 1.0, 'HC-Hotlist') ON CONFLICT(alias_normalized, alias_type, COALESCE(language_code, '')) DO NOTHING;
INSERT OR IGNORE INTO regulatory_fact (canonical_id, jurisdiction, fact_type, status, regulation_ref, product_category, evidence_id) VALUES ('CAS_71_63_6', 'CA_HC', 'prohibited', 'Prohibited in cosmetic products (Health Canada Hotlist)', 'Health Canada Cosmetic Ingredient Hotlist', 'cosmetic', (SELECT id FROM fact_evidence WHERE source_url = 'https://www.canada.ca/en/health-canada/services/consumer-product-safety/cosmetics/cosmetic-ingredient-hotlist-prohibited-restricted-ingredients.html' AND snapshot_date = '2026-04-18' LIMIT 1));
INSERT INTO ingredient (canonical_id, primary_name, ingredient_class, cas_number, category, is_natural) VALUES ('NAME_digitalis_purpurea_l_all_heterosides_of', 'Digitalis purpurea L., all heterosides of', 'substance', NULL, 'cosmetic', 0) ON CONFLICT(canonical_id) DO NOTHING;
INSERT INTO ingredient_alias (canonical_id, alias, alias_normalized, alias_type, language_code, confidence, source) VALUES ('NAME_digitalis_purpurea_l_all_heterosides_of', 'Digitalis purpurea L., all heterosides of', 'digitalis purpurea l., all heterosides of', 'synonym', 'en', 1.0, 'HC-Hotlist') ON CONFLICT(alias_normalized, alias_type, COALESCE(language_code, '')) DO NOTHING;
INSERT OR IGNORE INTO regulatory_fact (canonical_id, jurisdiction, fact_type, status, regulation_ref, product_category, evidence_id) VALUES ('NAME_digitalis_purpurea_l_all_heterosides_of', 'CA_HC', 'prohibited', 'Prohibited in cosmetic products (Health Canada Hotlist)', 'Health Canada Cosmetic Ingredient Hotlist', 'cosmetic', (SELECT id FROM fact_evidence WHERE source_url = 'https://www.canada.ca/en/health-canada/services/consumer-product-safety/cosmetics/cosmetic-ingredient-hotlist-prohibited-restricted-ingredients.html' AND snapshot_date = '2026-04-18' LIMIT 1));
INSERT INTO ingredient (canonical_id, primary_name, ingredient_class, cas_number, category, is_natural) VALUES ('CAS_67_96_9', 'Dihydrotachysterol', 'substance', '67-96-9', 'cosmetic', 0) ON CONFLICT(canonical_id) DO NOTHING;
INSERT INTO ingredient_alias (canonical_id, alias, alias_normalized, alias_type, language_code, confidence, source) VALUES ('CAS_67_96_9', 'Dihydrotachysterol', 'dihydrotachysterol', 'synonym', 'en', 1.0, 'HC-Hotlist') ON CONFLICT(alias_normalized, alias_type, COALESCE(language_code, '')) DO NOTHING;
INSERT INTO ingredient_alias (canonical_id, alias, alias_normalized, alias_type, language_code, confidence, source) VALUES ('CAS_67_96_9', '67-96-9', '67-96-9', 'cas', NULL, 1.0, 'HC-Hotlist') ON CONFLICT(alias_normalized, alias_type, COALESCE(language_code, '')) DO NOTHING;
INSERT OR IGNORE INTO regulatory_fact (canonical_id, jurisdiction, fact_type, status, regulation_ref, product_category, evidence_id) VALUES ('CAS_67_96_9', 'CA_HC', 'prohibited', 'Prohibited in cosmetic products (Health Canada Hotlist)', 'Health Canada Cosmetic Ingredient Hotlist', 'cosmetic', (SELECT id FROM fact_evidence WHERE source_url = 'https://www.canada.ca/en/health-canada/services/consumer-product-safety/cosmetics/cosmetic-ingredient-hotlist-prohibited-restricted-ingredients.html' AND snapshot_date = '2026-04-18' LIMIT 1));
INSERT INTO ingredient (canonical_id, primary_name, ingredient_class, cas_number, category, is_natural) VALUES ('CAS_828_00_2', 'Dimethoxane', 'substance', '828-00-2', 'cosmetic', 0) ON CONFLICT(canonical_id) DO NOTHING;
INSERT INTO ingredient_alias (canonical_id, alias, alias_normalized, alias_type, language_code, confidence, source) VALUES ('CAS_828_00_2', 'Dimethoxane', 'dimethoxane', 'synonym', 'en', 1.0, 'HC-Hotlist') ON CONFLICT(alias_normalized, alias_type, COALESCE(language_code, '')) DO NOTHING;
INSERT INTO ingredient_alias (canonical_id, alias, alias_normalized, alias_type, language_code, confidence, source) VALUES ('CAS_828_00_2', '828-00-2', '828-00-2', 'cas', NULL, 1.0, 'HC-Hotlist') ON CONFLICT(alias_normalized, alias_type, COALESCE(language_code, '')) DO NOTHING;
INSERT OR IGNORE INTO regulatory_fact (canonical_id, jurisdiction, fact_type, status, regulation_ref, product_category, evidence_id) VALUES ('CAS_828_00_2', 'CA_HC', 'prohibited', 'Prohibited in cosmetic products (Health Canada Hotlist)', 'Health Canada Cosmetic Ingredient Hotlist', 'cosmetic', (SELECT id FROM fact_evidence WHERE source_url = 'https://www.canada.ca/en/health-canada/services/consumer-product-safety/cosmetics/cosmetic-ingredient-hotlist-prohibited-restricted-ingredients.html' AND snapshot_date = '2026-04-18' LIMIT 1));
INSERT INTO ingredient (canonical_id, primary_name, ingredient_class, cas_number, category, is_natural) VALUES ('CAS_617_54_9', 'Dimethyl citraconate', 'substance', '617-54-9', 'cosmetic', 0) ON CONFLICT(canonical_id) DO NOTHING;
INSERT INTO ingredient_alias (canonical_id, alias, alias_normalized, alias_type, language_code, confidence, source) VALUES ('CAS_617_54_9', 'Dimethyl citraconate', 'dimethyl citraconate', 'synonym', 'en', 1.0, 'HC-Hotlist') ON CONFLICT(alias_normalized, alias_type, COALESCE(language_code, '')) DO NOTHING;
INSERT INTO ingredient_alias (canonical_id, alias, alias_normalized, alias_type, language_code, confidence, source) VALUES ('CAS_617_54_9', '617-54-9', '617-54-9', 'cas', NULL, 1.0, 'HC-Hotlist') ON CONFLICT(alias_normalized, alias_type, COALESCE(language_code, '')) DO NOTHING;
INSERT OR IGNORE INTO regulatory_fact (canonical_id, jurisdiction, fact_type, status, regulation_ref, product_category, evidence_id) VALUES ('CAS_617_54_9', 'CA_HC', 'prohibited', 'Prohibited in cosmetic products (Health Canada Hotlist)', 'Health Canada Cosmetic Ingredient Hotlist', 'cosmetic', (SELECT id FROM fact_evidence WHERE source_url = 'https://www.canada.ca/en/health-canada/services/consumer-product-safety/cosmetics/cosmetic-ingredient-hotlist-prohibited-restricted-ingredients.html' AND snapshot_date = '2026-04-18' LIMIT 1));
INSERT INTO ingredient (canonical_id, primary_name, ingredient_class, cas_number, category, is_natural) VALUES ('CAS_77_78_1', 'Dimethyl sulfate', 'substance', '77-78-1', 'cosmetic', 0) ON CONFLICT(canonical_id) DO NOTHING;
INSERT INTO ingredient_alias (canonical_id, alias, alias_normalized, alias_type, language_code, confidence, source) VALUES ('CAS_77_78_1', 'Dimethyl sulfate', 'dimethyl sulfate', 'synonym', 'en', 1.0, 'HC-Hotlist') ON CONFLICT(alias_normalized, alias_type, COALESCE(language_code, '')) DO NOTHING;
INSERT INTO ingredient_alias (canonical_id, alias, alias_normalized, alias_type, language_code, confidence, source) VALUES ('CAS_77_78_1', '77-78-1', '77-78-1', 'cas', NULL, 1.0, 'HC-Hotlist') ON CONFLICT(alias_normalized, alias_type, COALESCE(language_code, '')) DO NOTHING;
INSERT OR IGNORE INTO regulatory_fact (canonical_id, jurisdiction, fact_type, status, regulation_ref, product_category, evidence_id) VALUES ('CAS_77_78_1', 'CA_HC', 'prohibited', 'Prohibited in cosmetic products (Health Canada Hotlist)', 'Health Canada Cosmetic Ingredient Hotlist', 'cosmetic', (SELECT id FROM fact_evidence WHERE source_url = 'https://www.canada.ca/en/health-canada/services/consumer-product-safety/cosmetics/cosmetic-ingredient-hotlist-prohibited-restricted-ingredients.html' AND snapshot_date = '2026-04-18' LIMIT 1));
INSERT INTO ingredient (canonical_id, primary_name, ingredient_class, cas_number, category, is_natural) VALUES ('CAS_67_68_5', 'Dimethyl sulfoxide', 'substance', '67-68-5', 'cosmetic', 0) ON CONFLICT(canonical_id) DO NOTHING;
INSERT INTO ingredient_alias (canonical_id, alias, alias_normalized, alias_type, language_code, confidence, source) VALUES ('CAS_67_68_5', 'Dimethyl sulfoxide', 'dimethyl sulfoxide', 'synonym', 'en', 1.0, 'HC-Hotlist') ON CONFLICT(alias_normalized, alias_type, COALESCE(language_code, '')) DO NOTHING;
INSERT INTO ingredient_alias (canonical_id, alias, alias_normalized, alias_type, language_code, confidence, source) VALUES ('CAS_67_68_5', '67-68-5', '67-68-5', 'cas', NULL, 1.0, 'HC-Hotlist') ON CONFLICT(alias_normalized, alias_type, COALESCE(language_code, '')) DO NOTHING;
INSERT OR IGNORE INTO regulatory_fact (canonical_id, jurisdiction, fact_type, status, regulation_ref, product_category, evidence_id) VALUES ('CAS_67_68_5', 'CA_HC', 'prohibited', 'Prohibited in cosmetic products (Health Canada Hotlist)', 'Health Canada Cosmetic Ingredient Hotlist', 'cosmetic', (SELECT id FROM fact_evidence WHERE source_url = 'https://www.canada.ca/en/health-canada/services/consumer-product-safety/cosmetics/cosmetic-ingredient-hotlist-prohibited-restricted-ingredients.html' AND snapshot_date = '2026-04-18' LIMIT 1));
INSERT INTO ingredient (canonical_id, primary_name, ingredient_class, cas_number, category, is_natural) VALUES ('CAS_124_40_3', 'Dimethylamine', 'substance', '124-40-3', 'cosmetic', 0) ON CONFLICT(canonical_id) DO NOTHING;
INSERT INTO ingredient_alias (canonical_id, alias, alias_normalized, alias_type, language_code, confidence, source) VALUES ('CAS_124_40_3', 'Dimethylamine', 'dimethylamine', 'synonym', 'en', 1.0, 'HC-Hotlist') ON CONFLICT(alias_normalized, alias_type, COALESCE(language_code, '')) DO NOTHING;
INSERT INTO ingredient_alias (canonical_id, alias, alias_normalized, alias_type, language_code, confidence, source) VALUES ('CAS_124_40_3', '124-40-3', '124-40-3', 'cas', NULL, 1.0, 'HC-Hotlist') ON CONFLICT(alias_normalized, alias_type, COALESCE(language_code, '')) DO NOTHING;
INSERT OR IGNORE INTO regulatory_fact (canonical_id, jurisdiction, fact_type, status, regulation_ref, product_category, evidence_id) VALUES ('CAS_124_40_3', 'CA_HC', 'prohibited', 'Prohibited in cosmetic products (Health Canada Hotlist)', 'Health Canada Cosmetic Ingredient Hotlist', 'cosmetic', (SELECT id FROM fact_evidence WHERE source_url = 'https://www.canada.ca/en/health-canada/services/consumer-product-safety/cosmetics/cosmetic-ingredient-hotlist-prohibited-restricted-ingredients.html' AND snapshot_date = '2026-04-18' LIMIT 1));
INSERT INTO ingredient (canonical_id, primary_name, ingredient_class, cas_number, category, is_natural) VALUES ('CAS_68_12_2', 'Dimethylformamide', 'substance', '68-12-2', 'cosmetic', 0) ON CONFLICT(canonical_id) DO NOTHING;
INSERT INTO ingredient_alias (canonical_id, alias, alias_normalized, alias_type, language_code, confidence, source) VALUES ('CAS_68_12_2', 'Dimethylformamide', 'dimethylformamide', 'synonym', 'en', 1.0, 'HC-Hotlist') ON CONFLICT(alias_normalized, alias_type, COALESCE(language_code, '')) DO NOTHING;
INSERT INTO ingredient_alias (canonical_id, alias, alias_normalized, alias_type, language_code, confidence, source) VALUES ('CAS_68_12_2', '68-12-2', '68-12-2', 'cas', NULL, 1.0, 'HC-Hotlist') ON CONFLICT(alias_normalized, alias_type, COALESCE(language_code, '')) DO NOTHING;
INSERT OR IGNORE INTO regulatory_fact (canonical_id, jurisdiction, fact_type, status, regulation_ref, product_category, evidence_id) VALUES ('CAS_68_12_2', 'CA_HC', 'prohibited', 'Prohibited in cosmetic products (Health Canada Hotlist)', 'Health Canada Cosmetic Ingredient Hotlist', 'cosmetic', (SELECT id FROM fact_evidence WHERE source_url = 'https://www.canada.ca/en/health-canada/services/consumer-product-safety/cosmetics/cosmetic-ingredient-hotlist-prohibited-restricted-ingredients.html' AND snapshot_date = '2026-04-18' LIMIT 1));
INSERT INTO ingredient (canonical_id, primary_name, ingredient_class, cas_number, category, is_natural) VALUES ('CAS_60_46_8', 'Dimevamide and its salts', 'substance', '60-46-8', 'cosmetic', 0) ON CONFLICT(canonical_id) DO NOTHING;
INSERT INTO ingredient_alias (canonical_id, alias, alias_normalized, alias_type, language_code, confidence, source) VALUES ('CAS_60_46_8', 'Dimevamide and its salts', 'dimevamide and its salts', 'synonym', 'en', 1.0, 'HC-Hotlist') ON CONFLICT(alias_normalized, alias_type, COALESCE(language_code, '')) DO NOTHING;
INSERT INTO ingredient_alias (canonical_id, alias, alias_normalized, alias_type, language_code, confidence, source) VALUES ('CAS_60_46_8', '60-46-8', '60-46-8', 'cas', NULL, 1.0, 'HC-Hotlist') ON CONFLICT(alias_normalized, alias_type, COALESCE(language_code, '')) DO NOTHING;
INSERT OR IGNORE INTO regulatory_fact (canonical_id, jurisdiction, fact_type, status, regulation_ref, product_category, evidence_id) VALUES ('CAS_60_46_8', 'CA_HC', 'prohibited', 'Prohibited in cosmetic products (Health Canada Hotlist)', 'Health Canada Cosmetic Ingredient Hotlist', 'cosmetic', (SELECT id FROM fact_evidence WHERE source_url = 'https://www.canada.ca/en/health-canada/services/consumer-product-safety/cosmetics/cosmetic-ingredient-hotlist-prohibited-restricted-ingredients.html' AND snapshot_date = '2026-04-18' LIMIT 1));
INSERT INTO ingredient (canonical_id, primary_name, ingredient_class, cas_number, category, is_natural) VALUES ('CAS_25550_58_7', 'Dinitrophenol isomers', 'substance', '25550-58-7', 'cosmetic', 0) ON CONFLICT(canonical_id) DO NOTHING;
INSERT INTO ingredient_alias (canonical_id, alias, alias_normalized, alias_type, language_code, confidence, source) VALUES ('CAS_25550_58_7', 'Dinitrophenol isomers', 'dinitrophenol isomers', 'synonym', 'en', 1.0, 'HC-Hotlist') ON CONFLICT(alias_normalized, alias_type, COALESCE(language_code, '')) DO NOTHING;
INSERT INTO ingredient_alias (canonical_id, alias, alias_normalized, alias_type, language_code, confidence, source) VALUES ('CAS_25550_58_7', '25550-58-7', '25550-58-7', 'cas', NULL, 1.0, 'HC-Hotlist') ON CONFLICT(alias_normalized, alias_type, COALESCE(language_code, '')) DO NOTHING;
INSERT OR IGNORE INTO regulatory_fact (canonical_id, jurisdiction, fact_type, status, regulation_ref, product_category, evidence_id) VALUES ('CAS_25550_58_7', 'CA_HC', 'prohibited', 'Prohibited in cosmetic products (Health Canada Hotlist)', 'Health Canada Cosmetic Ingredient Hotlist', 'cosmetic', (SELECT id FROM fact_evidence WHERE source_url = 'https://www.canada.ca/en/health-canada/services/consumer-product-safety/cosmetics/cosmetic-ingredient-hotlist-prohibited-restricted-ingredients.html' AND snapshot_date = '2026-04-18' LIMIT 1));
INSERT INTO ingredient (canonical_id, primary_name, ingredient_class, cas_number, category, is_natural) VALUES ('CAS_123_91_1', 'Dioxane', 'substance', '123-91-1', 'cosmetic', 0) ON CONFLICT(canonical_id) DO NOTHING;
INSERT INTO ingredient_alias (canonical_id, alias, alias_normalized, alias_type, language_code, confidence, source) VALUES ('CAS_123_91_1', 'Dioxane', 'dioxane', 'synonym', 'en', 1.0, 'HC-Hotlist') ON CONFLICT(alias_normalized, alias_type, COALESCE(language_code, '')) DO NOTHING;
INSERT INTO ingredient_alias (canonical_id, alias, alias_normalized, alias_type, language_code, confidence, source) VALUES ('CAS_123_91_1', '123-91-1', '123-91-1', 'cas', NULL, 1.0, 'HC-Hotlist') ON CONFLICT(alias_normalized, alias_type, COALESCE(language_code, '')) DO NOTHING;
INSERT OR IGNORE INTO regulatory_fact (canonical_id, jurisdiction, fact_type, status, regulation_ref, product_category, evidence_id) VALUES ('CAS_123_91_1', 'CA_HC', 'prohibited', 'Prohibited in cosmetic products (Health Canada Hotlist)', 'Health Canada Cosmetic Ingredient Hotlist', 'cosmetic', (SELECT id FROM fact_evidence WHERE source_url = 'https://www.canada.ca/en/health-canada/services/consumer-product-safety/cosmetics/cosmetic-ingredient-hotlist-prohibited-restricted-ingredients.html' AND snapshot_date = '2026-04-18' LIMIT 1));
INSERT INTO ingredient (canonical_id, primary_name, ingredient_class, cas_number, category, is_natural) VALUES ('CAS_497_75_6', 'Dioxethedrin and its salts', 'substance', '497-75-6', 'cosmetic', 0) ON CONFLICT(canonical_id) DO NOTHING;
INSERT INTO ingredient_alias (canonical_id, alias, alias_normalized, alias_type, language_code, confidence, source) VALUES ('CAS_497_75_6', 'Dioxethedrin and its salts', 'dioxethedrin and its salts', 'synonym', 'en', 1.0, 'HC-Hotlist') ON CONFLICT(alias_normalized, alias_type, COALESCE(language_code, '')) DO NOTHING;
INSERT INTO ingredient_alias (canonical_id, alias, alias_normalized, alias_type, language_code, confidence, source) VALUES ('CAS_497_75_6', '497-75-6', '497-75-6', 'cas', NULL, 1.0, 'HC-Hotlist') ON CONFLICT(alias_normalized, alias_type, COALESCE(language_code, '')) DO NOTHING;
INSERT OR IGNORE INTO regulatory_fact (canonical_id, jurisdiction, fact_type, status, regulation_ref, product_category, evidence_id) VALUES ('CAS_497_75_6', 'CA_HC', 'prohibited', 'Prohibited in cosmetic products (Health Canada Hotlist)', 'Health Canada Cosmetic Ingredient Hotlist', 'cosmetic', (SELECT id FROM fact_evidence WHERE source_url = 'https://www.canada.ca/en/health-canada/services/consumer-product-safety/cosmetics/cosmetic-ingredient-hotlist-prohibited-restricted-ingredients.html' AND snapshot_date = '2026-04-18' LIMIT 1));
INSERT INTO ingredient (canonical_id, primary_name, ingredient_class, cas_number, category, is_natural) VALUES ('CAS_58_73_1', 'Diphenhydramine and its salts', 'substance', '58-73-1', 'cosmetic', 0) ON CONFLICT(canonical_id) DO NOTHING;
INSERT INTO ingredient_alias (canonical_id, alias, alias_normalized, alias_type, language_code, confidence, source) VALUES ('CAS_58_73_1', 'Diphenhydramine and its salts', 'diphenhydramine and its salts', 'synonym', 'en', 1.0, 'HC-Hotlist') ON CONFLICT(alias_normalized, alias_type, COALESCE(language_code, '')) DO NOTHING;
INSERT INTO ingredient_alias (canonical_id, alias, alias_normalized, alias_type, language_code, confidence, source) VALUES ('CAS_58_73_1', '58-73-1', '58-73-1', 'cas', NULL, 1.0, 'HC-Hotlist') ON CONFLICT(alias_normalized, alias_type, COALESCE(language_code, '')) DO NOTHING;
INSERT OR IGNORE INTO regulatory_fact (canonical_id, jurisdiction, fact_type, status, regulation_ref, product_category, evidence_id) VALUES ('CAS_58_73_1', 'CA_HC', 'prohibited', 'Prohibited in cosmetic products (Health Canada Hotlist)', 'Health Canada Cosmetic Ingredient Hotlist', 'cosmetic', (SELECT id FROM fact_evidence WHERE source_url = 'https://www.canada.ca/en/health-canada/services/consumer-product-safety/cosmetics/cosmetic-ingredient-hotlist-prohibited-restricted-ingredients.html' AND snapshot_date = '2026-04-18' LIMIT 1));
INSERT INTO ingredient (canonical_id, primary_name, ingredient_class, cas_number, category, is_natural) VALUES ('CAS_3810_80_8', 'Diphenoxylate hydrochloride', 'substance', '3810-80-8', 'cosmetic', 0) ON CONFLICT(canonical_id) DO NOTHING;
INSERT INTO ingredient_alias (canonical_id, alias, alias_normalized, alias_type, language_code, confidence, source) VALUES ('CAS_3810_80_8', 'Diphenoxylate hydrochloride', 'diphenoxylate hydrochloride', 'synonym', 'en', 1.0, 'HC-Hotlist') ON CONFLICT(alias_normalized, alias_type, COALESCE(language_code, '')) DO NOTHING;
INSERT INTO ingredient_alias (canonical_id, alias, alias_normalized, alias_type, language_code, confidence, source) VALUES ('CAS_3810_80_8', '3810-80-8', '3810-80-8', 'cas', NULL, 1.0, 'HC-Hotlist') ON CONFLICT(alias_normalized, alias_type, COALESCE(language_code, '')) DO NOTHING;
INSERT OR IGNORE INTO regulatory_fact (canonical_id, jurisdiction, fact_type, status, regulation_ref, product_category, evidence_id) VALUES ('CAS_3810_80_8', 'CA_HC', 'prohibited', 'Prohibited in cosmetic products (Health Canada Hotlist)', 'Health Canada Cosmetic Ingredient Hotlist', 'cosmetic', (SELECT id FROM fact_evidence WHERE source_url = 'https://www.canada.ca/en/health-canada/services/consumer-product-safety/cosmetics/cosmetic-ingredient-hotlist-prohibited-restricted-ingredients.html' AND snapshot_date = '2026-04-18' LIMIT 1));
INSERT INTO ingredient (canonical_id, primary_name, ingredient_class, cas_number, category, is_natural) VALUES ('CAS_122_39_4', 'Diphenylamine', 'substance', '122-39-4', 'cosmetic', 0) ON CONFLICT(canonical_id) DO NOTHING;
INSERT INTO ingredient_alias (canonical_id, alias, alias_normalized, alias_type, language_code, confidence, source) VALUES ('CAS_122_39_4', 'Diphenylamine', 'diphenylamine', 'synonym', 'en', 1.0, 'HC-Hotlist') ON CONFLICT(alias_normalized, alias_type, COALESCE(language_code, '')) DO NOTHING;
INSERT INTO ingredient_alias (canonical_id, alias, alias_normalized, alias_type, language_code, confidence, source) VALUES ('CAS_122_39_4', '122-39-4', '122-39-4', 'cas', NULL, 1.0, 'HC-Hotlist') ON CONFLICT(alias_normalized, alias_type, COALESCE(language_code, '')) DO NOTHING;
INSERT OR IGNORE INTO regulatory_fact (canonical_id, jurisdiction, fact_type, status, regulation_ref, product_category, evidence_id) VALUES ('CAS_122_39_4', 'CA_HC', 'prohibited', 'Prohibited in cosmetic products (Health Canada Hotlist)', 'Health Canada Cosmetic Ingredient Hotlist', 'cosmetic', (SELECT id FROM fact_evidence WHERE source_url = 'https://www.canada.ca/en/health-canada/services/consumer-product-safety/cosmetics/cosmetic-ingredient-hotlist-prohibited-restricted-ingredients.html' AND snapshot_date = '2026-04-18' LIMIT 1));
INSERT INTO ingredient (canonical_id, primary_name, ingredient_class, cas_number, category, is_natural) VALUES ('CAS_147_20_6', 'Diphenylpyraline and its salts', 'substance', '147-20-6', 'cosmetic', 0) ON CONFLICT(canonical_id) DO NOTHING;
INSERT INTO ingredient_alias (canonical_id, alias, alias_normalized, alias_type, language_code, confidence, source) VALUES ('CAS_147_20_6', 'Diphenylpyraline and its salts', 'diphenylpyraline and its salts', 'synonym', 'en', 1.0, 'HC-Hotlist') ON CONFLICT(alias_normalized, alias_type, COALESCE(language_code, '')) DO NOTHING;
INSERT INTO ingredient_alias (canonical_id, alias, alias_normalized, alias_type, language_code, confidence, source) VALUES ('CAS_147_20_6', '147-20-6', '147-20-6', 'cas', NULL, 1.0, 'HC-Hotlist') ON CONFLICT(alias_normalized, alias_type, COALESCE(language_code, '')) DO NOTHING;
INSERT OR IGNORE INTO regulatory_fact (canonical_id, jurisdiction, fact_type, status, regulation_ref, product_category, evidence_id) VALUES ('CAS_147_20_6', 'CA_HC', 'prohibited', 'Prohibited in cosmetic products (Health Canada Hotlist)', 'Health Canada Cosmetic Ingredient Hotlist', 'cosmetic', (SELECT id FROM fact_evidence WHERE source_url = 'https://www.canada.ca/en/health-canada/services/consumer-product-safety/cosmetics/cosmetic-ingredient-hotlist-prohibited-restricted-ingredients.html' AND snapshot_date = '2026-04-18' LIMIT 1));
INSERT INTO ingredient (canonical_id, primary_name, ingredient_class, cas_number, category, is_natural) VALUES ('CAS_469_21_6', 'Doxylamine and its salts', 'substance', '469-21-6', 'cosmetic', 0) ON CONFLICT(canonical_id) DO NOTHING;
INSERT INTO ingredient_alias (canonical_id, alias, alias_normalized, alias_type, language_code, confidence, source) VALUES ('CAS_469_21_6', 'Doxylamine and its salts', 'doxylamine and its salts', 'synonym', 'en', 1.0, 'HC-Hotlist') ON CONFLICT(alias_normalized, alias_type, COALESCE(language_code, '')) DO NOTHING;
INSERT INTO ingredient_alias (canonical_id, alias, alias_normalized, alias_type, language_code, confidence, source) VALUES ('CAS_469_21_6', '469-21-6', '469-21-6', 'cas', NULL, 1.0, 'HC-Hotlist') ON CONFLICT(alias_normalized, alias_type, COALESCE(language_code, '')) DO NOTHING;
INSERT OR IGNORE INTO regulatory_fact (canonical_id, jurisdiction, fact_type, status, regulation_ref, product_category, evidence_id) VALUES ('CAS_469_21_6', 'CA_HC', 'prohibited', 'Prohibited in cosmetic products (Health Canada Hotlist)', 'Health Canada Cosmetic Ingredient Hotlist', 'cosmetic', (SELECT id FROM fact_evidence WHERE source_url = 'https://www.canada.ca/en/health-canada/services/consumer-product-safety/cosmetics/cosmetic-ingredient-hotlist-prohibited-restricted-ingredients.html' AND snapshot_date = '2026-04-18' LIMIT 1));
INSERT INTO ingredient (canonical_id, primary_name, ingredient_class, cas_number, category, is_natural) VALUES ('CAS_483_18_1', 'Emetine, its salts and derivatives', 'substance', '483-18-1', 'cosmetic', 0) ON CONFLICT(canonical_id) DO NOTHING;
INSERT INTO ingredient_alias (canonical_id, alias, alias_normalized, alias_type, language_code, confidence, source) VALUES ('CAS_483_18_1', 'Emetine, its salts and derivatives', 'emetine, its salts and derivatives', 'synonym', 'en', 1.0, 'HC-Hotlist') ON CONFLICT(alias_normalized, alias_type, COALESCE(language_code, '')) DO NOTHING;
INSERT INTO ingredient_alias (canonical_id, alias, alias_normalized, alias_type, language_code, confidence, source) VALUES ('CAS_483_18_1', '483-18-1', '483-18-1', 'cas', NULL, 1.0, 'HC-Hotlist') ON CONFLICT(alias_normalized, alias_type, COALESCE(language_code, '')) DO NOTHING;
INSERT OR IGNORE INTO regulatory_fact (canonical_id, jurisdiction, fact_type, status, regulation_ref, product_category, evidence_id) VALUES ('CAS_483_18_1', 'CA_HC', 'prohibited', 'Prohibited in cosmetic products (Health Canada Hotlist)', 'Health Canada Cosmetic Ingredient Hotlist', 'cosmetic', (SELECT id FROM fact_evidence WHERE source_url = 'https://www.canada.ca/en/health-canada/services/consumer-product-safety/cosmetics/cosmetic-ingredient-hotlist-prohibited-restricted-ingredients.html' AND snapshot_date = '2026-04-18' LIMIT 1));
INSERT INTO ingredient (canonical_id, primary_name, ingredient_class, cas_number, category, is_natural) VALUES ('CAS_72_20_8', 'Endrin', 'substance', '72-20-8', 'cosmetic', 0) ON CONFLICT(canonical_id) DO NOTHING;
INSERT INTO ingredient_alias (canonical_id, alias, alias_normalized, alias_type, language_code, confidence, source) VALUES ('CAS_72_20_8', 'Endrin', 'endrin', 'synonym', 'en', 1.0, 'HC-Hotlist') ON CONFLICT(alias_normalized, alias_type, COALESCE(language_code, '')) DO NOTHING;
INSERT INTO ingredient_alias (canonical_id, alias, alias_normalized, alias_type, language_code, confidence, source) VALUES ('CAS_72_20_8', '72-20-8', '72-20-8', 'cas', NULL, 1.0, 'HC-Hotlist') ON CONFLICT(alias_normalized, alias_type, COALESCE(language_code, '')) DO NOTHING;
INSERT OR IGNORE INTO regulatory_fact (canonical_id, jurisdiction, fact_type, status, regulation_ref, product_category, evidence_id) VALUES ('CAS_72_20_8', 'CA_HC', 'prohibited', 'Prohibited in cosmetic products (Health Canada Hotlist)', 'Health Canada Cosmetic Ingredient Hotlist', 'cosmetic', (SELECT id FROM fact_evidence WHERE source_url = 'https://www.canada.ca/en/health-canada/services/consumer-product-safety/cosmetics/cosmetic-ingredient-hotlist-prohibited-restricted-ingredients.html' AND snapshot_date = '2026-04-18' LIMIT 1));
INSERT INTO ingredient (canonical_id, primary_name, ingredient_class, cas_number, category, is_natural) VALUES ('CAS_299_42_3', 'Ephedrine and its salts', 'substance', '299-42-3', 'cosmetic', 0) ON CONFLICT(canonical_id) DO NOTHING;
INSERT INTO ingredient_alias (canonical_id, alias, alias_normalized, alias_type, language_code, confidence, source) VALUES ('CAS_299_42_3', 'Ephedrine and its salts', 'ephedrine and its salts', 'synonym', 'en', 1.0, 'HC-Hotlist') ON CONFLICT(alias_normalized, alias_type, COALESCE(language_code, '')) DO NOTHING;
INSERT INTO ingredient_alias (canonical_id, alias, alias_normalized, alias_type, language_code, confidence, source) VALUES ('CAS_299_42_3', '299-42-3', '299-42-3', 'cas', NULL, 1.0, 'HC-Hotlist') ON CONFLICT(alias_normalized, alias_type, COALESCE(language_code, '')) DO NOTHING;
INSERT OR IGNORE INTO regulatory_fact (canonical_id, jurisdiction, fact_type, status, regulation_ref, product_category, evidence_id) VALUES ('CAS_299_42_3', 'CA_HC', 'prohibited', 'Prohibited in cosmetic products (Health Canada Hotlist)', 'Health Canada Cosmetic Ingredient Hotlist', 'cosmetic', (SELECT id FROM fact_evidence WHERE source_url = 'https://www.canada.ca/en/health-canada/services/consumer-product-safety/cosmetics/cosmetic-ingredient-hotlist-prohibited-restricted-ingredients.html' AND snapshot_date = '2026-04-18' LIMIT 1));
INSERT INTO ingredient (canonical_id, primary_name, ingredient_class, cas_number, category, is_natural) VALUES ('CAS_106_89_8', 'Epichlorohydrin', 'substance', '106-89-8', 'cosmetic', 0) ON CONFLICT(canonical_id) DO NOTHING;
INSERT INTO ingredient_alias (canonical_id, alias, alias_normalized, alias_type, language_code, confidence, source) VALUES ('CAS_106_89_8', 'Epichlorohydrin', 'epichlorohydrin', 'synonym', 'en', 1.0, 'HC-Hotlist') ON CONFLICT(alias_normalized, alias_type, COALESCE(language_code, '')) DO NOTHING;
INSERT INTO ingredient_alias (canonical_id, alias, alias_normalized, alias_type, language_code, confidence, source) VALUES ('CAS_106_89_8', '106-89-8', '106-89-8', 'cas', NULL, 1.0, 'HC-Hotlist') ON CONFLICT(alias_normalized, alias_type, COALESCE(language_code, '')) DO NOTHING;
INSERT OR IGNORE INTO regulatory_fact (canonical_id, jurisdiction, fact_type, status, regulation_ref, product_category, evidence_id) VALUES ('CAS_106_89_8', 'CA_HC', 'prohibited', 'Prohibited in cosmetic products (Health Canada Hotlist)', 'Health Canada Cosmetic Ingredient Hotlist', 'cosmetic', (SELECT id FROM fact_evidence WHERE source_url = 'https://www.canada.ca/en/health-canada/services/consumer-product-safety/cosmetics/cosmetic-ingredient-hotlist-prohibited-restricted-ingredients.html' AND snapshot_date = '2026-04-18' LIMIT 1));
INSERT INTO ingredient (canonical_id, primary_name, ingredient_class, cas_number, category, is_natural) VALUES ('CAS_51_43_4', 'Epinephrine', 'substance', '51-43-4', 'cosmetic', 0) ON CONFLICT(canonical_id) DO NOTHING;
INSERT INTO ingredient_alias (canonical_id, alias, alias_normalized, alias_type, language_code, confidence, source) VALUES ('CAS_51_43_4', 'Epinephrine', 'epinephrine', 'synonym', 'en', 1.0, 'HC-Hotlist') ON CONFLICT(alias_normalized, alias_type, COALESCE(language_code, '')) DO NOTHING;
INSERT INTO ingredient_alias (canonical_id, alias, alias_normalized, alias_type, language_code, confidence, source) VALUES ('CAS_51_43_4', '51-43-4', '51-43-4', 'cas', NULL, 1.0, 'HC-Hotlist') ON CONFLICT(alias_normalized, alias_type, COALESCE(language_code, '')) DO NOTHING;
INSERT OR IGNORE INTO regulatory_fact (canonical_id, jurisdiction, fact_type, status, regulation_ref, product_category, evidence_id) VALUES ('CAS_51_43_4', 'CA_HC', 'prohibited', 'Prohibited in cosmetic products (Health Canada Hotlist)', 'Health Canada Cosmetic Ingredient Hotlist', 'cosmetic', (SELECT id FROM fact_evidence WHERE source_url = 'https://www.canada.ca/en/health-canada/services/consumer-product-safety/cosmetics/cosmetic-ingredient-hotlist-prohibited-restricted-ingredients.html' AND snapshot_date = '2026-04-18' LIMIT 1));
INSERT INTO ingredient (canonical_id, primary_name, ingredient_class, cas_number, category, is_natural) VALUES ('CAS_57_47_6', 'Eserine and its salts', 'substance', '57-47-6', 'cosmetic', 0) ON CONFLICT(canonical_id) DO NOTHING;
INSERT INTO ingredient_alias (canonical_id, alias, alias_normalized, alias_type, language_code, confidence, source) VALUES ('CAS_57_47_6', 'Eserine and its salts', 'eserine and its salts', 'synonym', 'en', 1.0, 'HC-Hotlist') ON CONFLICT(alias_normalized, alias_type, COALESCE(language_code, '')) DO NOTHING;
INSERT INTO ingredient_alias (canonical_id, alias, alias_normalized, alias_type, language_code, confidence, source) VALUES ('CAS_57_47_6', '57-47-6', '57-47-6', 'cas', NULL, 1.0, 'HC-Hotlist') ON CONFLICT(alias_normalized, alias_type, COALESCE(language_code, '')) DO NOTHING;
INSERT OR IGNORE INTO regulatory_fact (canonical_id, jurisdiction, fact_type, status, regulation_ref, product_category, evidence_id) VALUES ('CAS_57_47_6', 'CA_HC', 'prohibited', 'Prohibited in cosmetic products (Health Canada Hotlist)', 'Health Canada Cosmetic Ingredient Hotlist', 'cosmetic', (SELECT id FROM fact_evidence WHERE source_url = 'https://www.canada.ca/en/health-canada/services/consumer-product-safety/cosmetics/cosmetic-ingredient-hotlist-prohibited-restricted-ingredients.html' AND snapshot_date = '2026-04-18' LIMIT 1));
INSERT INTO ingredient (canonical_id, primary_name, ingredient_class, cas_number, category, is_natural) VALUES ('CAS_50_28_2', 'Estradiol', 'substance', '50-28-2', 'cosmetic', 0) ON CONFLICT(canonical_id) DO NOTHING;
INSERT INTO ingredient_alias (canonical_id, alias, alias_normalized, alias_type, language_code, confidence, source) VALUES ('CAS_50_28_2', 'Estradiol', 'estradiol', 'synonym', 'en', 1.0, 'HC-Hotlist') ON CONFLICT(alias_normalized, alias_type, COALESCE(language_code, '')) DO NOTHING;
INSERT INTO ingredient_alias (canonical_id, alias, alias_normalized, alias_type, language_code, confidence, source) VALUES ('CAS_50_28_2', '50-28-2', '50-28-2', 'cas', NULL, 1.0, 'HC-Hotlist') ON CONFLICT(alias_normalized, alias_type, COALESCE(language_code, '')) DO NOTHING;
INSERT OR IGNORE INTO regulatory_fact (canonical_id, jurisdiction, fact_type, status, regulation_ref, product_category, evidence_id) VALUES ('CAS_50_28_2', 'CA_HC', 'prohibited', 'Prohibited in cosmetic products (Health Canada Hotlist)', 'Health Canada Cosmetic Ingredient Hotlist', 'cosmetic', (SELECT id FROM fact_evidence WHERE source_url = 'https://www.canada.ca/en/health-canada/services/consumer-product-safety/cosmetics/cosmetic-ingredient-hotlist-prohibited-restricted-ingredients.html' AND snapshot_date = '2026-04-18' LIMIT 1));
INSERT INTO ingredient (canonical_id, primary_name, ingredient_class, cas_number, category, is_natural) VALUES ('NAME_estrogens', 'Estrogens', 'substance', NULL, 'cosmetic', 0) ON CONFLICT(canonical_id) DO NOTHING;
INSERT INTO ingredient_alias (canonical_id, alias, alias_normalized, alias_type, language_code, confidence, source) VALUES ('NAME_estrogens', 'Estrogens', 'estrogens', 'synonym', 'en', 1.0, 'HC-Hotlist') ON CONFLICT(alias_normalized, alias_type, COALESCE(language_code, '')) DO NOTHING;
INSERT OR IGNORE INTO regulatory_fact (canonical_id, jurisdiction, fact_type, status, regulation_ref, product_category, evidence_id) VALUES ('NAME_estrogens', 'CA_HC', 'prohibited', 'Prohibited in cosmetic products (Health Canada Hotlist)', 'Health Canada Cosmetic Ingredient Hotlist', 'cosmetic', (SELECT id FROM fact_evidence WHERE source_url = 'https://www.canada.ca/en/health-canada/services/consumer-product-safety/cosmetics/cosmetic-ingredient-hotlist-prohibited-restricted-ingredients.html' AND snapshot_date = '2026-04-18' LIMIT 1));
INSERT INTO ingredient (canonical_id, primary_name, ingredient_class, cas_number, category, is_natural) VALUES ('CAS_53_16_7', 'Estrone', 'substance', '53-16-7', 'cosmetic', 0) ON CONFLICT(canonical_id) DO NOTHING;
INSERT INTO ingredient_alias (canonical_id, alias, alias_normalized, alias_type, language_code, confidence, source) VALUES ('CAS_53_16_7', 'Estrone', 'estrone', 'synonym', 'en', 1.0, 'HC-Hotlist') ON CONFLICT(alias_normalized, alias_type, COALESCE(language_code, '')) DO NOTHING;
INSERT INTO ingredient_alias (canonical_id, alias, alias_normalized, alias_type, language_code, confidence, source) VALUES ('CAS_53_16_7', '53-16-7', '53-16-7', 'cas', NULL, 1.0, 'HC-Hotlist') ON CONFLICT(alias_normalized, alias_type, COALESCE(language_code, '')) DO NOTHING;
INSERT OR IGNORE INTO regulatory_fact (canonical_id, jurisdiction, fact_type, status, regulation_ref, product_category, evidence_id) VALUES ('CAS_53_16_7', 'CA_HC', 'prohibited', 'Prohibited in cosmetic products (Health Canada Hotlist)', 'Health Canada Cosmetic Ingredient Hotlist', 'cosmetic', (SELECT id FROM fact_evidence WHERE source_url = 'https://www.canada.ca/en/health-canada/services/consumer-product-safety/cosmetics/cosmetic-ingredient-hotlist-prohibited-restricted-ingredients.html' AND snapshot_date = '2026-04-18' LIMIT 1));
INSERT INTO ingredient (canonical_id, primary_name, ingredient_class, cas_number, category, is_natural) VALUES ('CAS_57_63_6', 'Ethinylestradiol', 'substance', '57-63-6', 'cosmetic', 0) ON CONFLICT(canonical_id) DO NOTHING;
INSERT INTO ingredient_alias (canonical_id, alias, alias_normalized, alias_type, language_code, confidence, source) VALUES ('CAS_57_63_6', 'Ethinylestradiol', 'ethinylestradiol', 'synonym', 'en', 1.0, 'HC-Hotlist') ON CONFLICT(alias_normalized, alias_type, COALESCE(language_code, '')) DO NOTHING;
INSERT INTO ingredient_alias (canonical_id, alias, alias_normalized, alias_type, language_code, confidence, source) VALUES ('CAS_57_63_6', '57-63-6', '57-63-6', 'cas', NULL, 1.0, 'HC-Hotlist') ON CONFLICT(alias_normalized, alias_type, COALESCE(language_code, '')) DO NOTHING;
INSERT OR IGNORE INTO regulatory_fact (canonical_id, jurisdiction, fact_type, status, regulation_ref, product_category, evidence_id) VALUES ('CAS_57_63_6', 'CA_HC', 'prohibited', 'Prohibited in cosmetic products (Health Canada Hotlist)', 'Health Canada Cosmetic Ingredient Hotlist', 'cosmetic', (SELECT id FROM fact_evidence WHERE source_url = 'https://www.canada.ca/en/health-canada/services/consumer-product-safety/cosmetics/cosmetic-ingredient-hotlist-prohibited-restricted-ingredients.html' AND snapshot_date = '2026-04-18' LIMIT 1));
INSERT INTO ingredient (canonical_id, primary_name, ingredient_class, cas_number, category, is_natural) VALUES ('CAS_536_33_4', 'Ethionamide', 'substance', '536-33-4', 'cosmetic', 0) ON CONFLICT(canonical_id) DO NOTHING;
INSERT INTO ingredient_alias (canonical_id, alias, alias_normalized, alias_type, language_code, confidence, source) VALUES ('CAS_536_33_4', 'Ethionamide', 'ethionamide', 'synonym', 'en', 1.0, 'HC-Hotlist') ON CONFLICT(alias_normalized, alias_type, COALESCE(language_code, '')) DO NOTHING;
INSERT INTO ingredient_alias (canonical_id, alias, alias_normalized, alias_type, language_code, confidence, source) VALUES ('CAS_536_33_4', '536-33-4', '536-33-4', 'cas', NULL, 1.0, 'HC-Hotlist') ON CONFLICT(alias_normalized, alias_type, COALESCE(language_code, '')) DO NOTHING;
INSERT OR IGNORE INTO regulatory_fact (canonical_id, jurisdiction, fact_type, status, regulation_ref, product_category, evidence_id) VALUES ('CAS_536_33_4', 'CA_HC', 'prohibited', 'Prohibited in cosmetic products (Health Canada Hotlist)', 'Health Canada Cosmetic Ingredient Hotlist', 'cosmetic', (SELECT id FROM fact_evidence WHERE source_url = 'https://www.canada.ca/en/health-canada/services/consumer-product-safety/cosmetics/cosmetic-ingredient-hotlist-prohibited-restricted-ingredients.html' AND snapshot_date = '2026-04-18' LIMIT 1));
INSERT INTO ingredient (canonical_id, primary_name, ingredient_class, cas_number, category, is_natural) VALUES ('CAS_77_15_6', 'Ethoheptazine and its salts', 'substance', '77-15-6', 'cosmetic', 0) ON CONFLICT(canonical_id) DO NOTHING;
INSERT INTO ingredient_alias (canonical_id, alias, alias_normalized, alias_type, language_code, confidence, source) VALUES ('CAS_77_15_6', 'Ethoheptazine and its salts', 'ethoheptazine and its salts', 'synonym', 'en', 1.0, 'HC-Hotlist') ON CONFLICT(alias_normalized, alias_type, COALESCE(language_code, '')) DO NOTHING;
INSERT INTO ingredient_alias (canonical_id, alias, alias_normalized, alias_type, language_code, confidence, source) VALUES ('CAS_77_15_6', '77-15-6', '77-15-6', 'cas', NULL, 1.0, 'HC-Hotlist') ON CONFLICT(alias_normalized, alias_type, COALESCE(language_code, '')) DO NOTHING;
INSERT OR IGNORE INTO regulatory_fact (canonical_id, jurisdiction, fact_type, status, regulation_ref, product_category, evidence_id) VALUES ('CAS_77_15_6', 'CA_HC', 'prohibited', 'Prohibited in cosmetic products (Health Canada Hotlist)', 'Health Canada Cosmetic Ingredient Hotlist', 'cosmetic', (SELECT id FROM fact_evidence WHERE source_url = 'https://www.canada.ca/en/health-canada/services/consumer-product-safety/cosmetics/cosmetic-ingredient-hotlist-prohibited-restricted-ingredients.html' AND snapshot_date = '2026-04-18' LIMIT 1));
INSERT INTO ingredient (canonical_id, primary_name, ingredient_class, cas_number, category, is_natural) VALUES ('CAS_110_80_5', 'Ethoxyethanol', 'substance', '110-80-5', 'cosmetic', 0) ON CONFLICT(canonical_id) DO NOTHING;
INSERT INTO ingredient_alias (canonical_id, alias, alias_normalized, alias_type, language_code, confidence, source) VALUES ('CAS_110_80_5', 'Ethoxyethanol', 'ethoxyethanol', 'synonym', 'en', 1.0, 'HC-Hotlist') ON CONFLICT(alias_normalized, alias_type, COALESCE(language_code, '')) DO NOTHING;
INSERT INTO ingredient_alias (canonical_id, alias, alias_normalized, alias_type, language_code, confidence, source) VALUES ('CAS_110_80_5', '110-80-5', '110-80-5', 'cas', NULL, 1.0, 'HC-Hotlist') ON CONFLICT(alias_normalized, alias_type, COALESCE(language_code, '')) DO NOTHING;
INSERT OR IGNORE INTO regulatory_fact (canonical_id, jurisdiction, fact_type, status, regulation_ref, product_category, evidence_id) VALUES ('CAS_110_80_5', 'CA_HC', 'prohibited', 'Prohibited in cosmetic products (Health Canada Hotlist)', 'Health Canada Cosmetic Ingredient Hotlist', 'cosmetic', (SELECT id FROM fact_evidence WHERE source_url = 'https://www.canada.ca/en/health-canada/services/consumer-product-safety/cosmetics/cosmetic-ingredient-hotlist-prohibited-restricted-ingredients.html' AND snapshot_date = '2026-04-18' LIMIT 1));
INSERT INTO ingredient (canonical_id, primary_name, ingredient_class, cas_number, category, is_natural) VALUES ('CAS_111_15_9', 'Ethoxyethanol acetate', 'substance', '111-15-9', 'cosmetic', 0) ON CONFLICT(canonical_id) DO NOTHING;
INSERT INTO ingredient_alias (canonical_id, alias, alias_normalized, alias_type, language_code, confidence, source) VALUES ('CAS_111_15_9', 'Ethoxyethanol acetate', 'ethoxyethanol acetate', 'synonym', 'en', 1.0, 'HC-Hotlist') ON CONFLICT(alias_normalized, alias_type, COALESCE(language_code, '')) DO NOTHING;
INSERT INTO ingredient_alias (canonical_id, alias, alias_normalized, alias_type, language_code, confidence, source) VALUES ('CAS_111_15_9', '111-15-9', '111-15-9', 'cas', NULL, 1.0, 'HC-Hotlist') ON CONFLICT(alias_normalized, alias_type, COALESCE(language_code, '')) DO NOTHING;
INSERT OR IGNORE INTO regulatory_fact (canonical_id, jurisdiction, fact_type, status, regulation_ref, product_category, evidence_id) VALUES ('CAS_111_15_9', 'CA_HC', 'prohibited', 'Prohibited in cosmetic products (Health Canada Hotlist)', 'Health Canada Cosmetic Ingredient Hotlist', 'cosmetic', (SELECT id FROM fact_evidence WHERE source_url = 'https://www.canada.ca/en/health-canada/services/consumer-product-safety/cosmetics/cosmetic-ingredient-hotlist-prohibited-restricted-ingredients.html' AND snapshot_date = '2026-04-18' LIMIT 1));
INSERT INTO ingredient (canonical_id, primary_name, ingredient_class, cas_number, category, is_natural) VALUES ('CAS_548_00_5', 'Ethyl biscoumacetate and salts of the acid', 'substance', '548-00-5', 'cosmetic', 0) ON CONFLICT(canonical_id) DO NOTHING;
INSERT INTO ingredient_alias (canonical_id, alias, alias_normalized, alias_type, language_code, confidence, source) VALUES ('CAS_548_00_5', 'Ethyl biscoumacetate and salts of the acid', 'ethyl biscoumacetate and salts of the acid', 'synonym', 'en', 1.0, 'HC-Hotlist') ON CONFLICT(alias_normalized, alias_type, COALESCE(language_code, '')) DO NOTHING;
INSERT INTO ingredient_alias (canonical_id, alias, alias_normalized, alias_type, language_code, confidence, source) VALUES ('CAS_548_00_5', '548-00-5', '548-00-5', 'cas', NULL, 1.0, 'HC-Hotlist') ON CONFLICT(alias_normalized, alias_type, COALESCE(language_code, '')) DO NOTHING;
INSERT OR IGNORE INTO regulatory_fact (canonical_id, jurisdiction, fact_type, status, regulation_ref, product_category, evidence_id) VALUES ('CAS_548_00_5', 'CA_HC', 'prohibited', 'Prohibited in cosmetic products (Health Canada Hotlist)', 'Health Canada Cosmetic Ingredient Hotlist', 'cosmetic', (SELECT id FROM fact_evidence WHERE source_url = 'https://www.canada.ca/en/health-canada/services/consumer-product-safety/cosmetics/cosmetic-ingredient-hotlist-prohibited-restricted-ingredients.html' AND snapshot_date = '2026-04-18' LIMIT 1));
INSERT INTO ingredient (canonical_id, primary_name, ingredient_class, cas_number, category, is_natural) VALUES ('CAS_94_09_7', 'Ethyl PABA', 'substance', '94-09-7', 'cosmetic', 0) ON CONFLICT(canonical_id) DO NOTHING;
INSERT INTO ingredient_alias (canonical_id, alias, alias_normalized, alias_type, language_code, confidence, source) VALUES ('CAS_94_09_7', 'Ethyl PABA', 'ethyl paba', 'synonym', 'en', 1.0, 'HC-Hotlist') ON CONFLICT(alias_normalized, alias_type, COALESCE(language_code, '')) DO NOTHING;
INSERT INTO ingredient_alias (canonical_id, alias, alias_normalized, alias_type, language_code, confidence, source) VALUES ('CAS_94_09_7', '94-09-7', '94-09-7', 'cas', NULL, 1.0, 'HC-Hotlist') ON CONFLICT(alias_normalized, alias_type, COALESCE(language_code, '')) DO NOTHING;
INSERT OR IGNORE INTO regulatory_fact (canonical_id, jurisdiction, fact_type, status, regulation_ref, product_category, evidence_id) VALUES ('CAS_94_09_7', 'CA_HC', 'prohibited', 'Prohibited in cosmetic products (Health Canada Hotlist)', 'Health Canada Cosmetic Ingredient Hotlist', 'cosmetic', (SELECT id FROM fact_evidence WHERE source_url = 'https://www.canada.ca/en/health-canada/services/consumer-product-safety/cosmetics/cosmetic-ingredient-hotlist-prohibited-restricted-ingredients.html' AND snapshot_date = '2026-04-18' LIMIT 1));
INSERT INTO ingredient (canonical_id, primary_name, ingredient_class, cas_number, category, is_natural) VALUES ('CAS_75_21_8', 'Ethylene oxide', 'substance', '75-21-8', 'cosmetic', 0) ON CONFLICT(canonical_id) DO NOTHING;
INSERT INTO ingredient_alias (canonical_id, alias, alias_normalized, alias_type, language_code, confidence, source) VALUES ('CAS_75_21_8', 'Ethylene oxide', 'ethylene oxide', 'synonym', 'en', 1.0, 'HC-Hotlist') ON CONFLICT(alias_normalized, alias_type, COALESCE(language_code, '')) DO NOTHING;
INSERT INTO ingredient_alias (canonical_id, alias, alias_normalized, alias_type, language_code, confidence, source) VALUES ('CAS_75_21_8', '75-21-8', '75-21-8', 'cas', NULL, 1.0, 'HC-Hotlist') ON CONFLICT(alias_normalized, alias_type, COALESCE(language_code, '')) DO NOTHING;
INSERT OR IGNORE INTO regulatory_fact (canonical_id, jurisdiction, fact_type, status, regulation_ref, product_category, evidence_id) VALUES ('CAS_75_21_8', 'CA_HC', 'prohibited', 'Prohibited in cosmetic products (Health Canada Hotlist)', 'Health Canada Cosmetic Ingredient Hotlist', 'cosmetic', (SELECT id FROM fact_evidence WHERE source_url = 'https://www.canada.ca/en/health-canada/services/consumer-product-safety/cosmetics/cosmetic-ingredient-hotlist-prohibited-restricted-ingredients.html' AND snapshot_date = '2026-04-18' LIMIT 1));
INSERT INTO ingredient (canonical_id, primary_name, ingredient_class, cas_number, category, is_natural) VALUES ('CAS_107_15_3', 'Ethylenediamine', 'substance', '107-15-3', 'cosmetic', 0) ON CONFLICT(canonical_id) DO NOTHING;
INSERT INTO ingredient_alias (canonical_id, alias, alias_normalized, alias_type, language_code, confidence, source) VALUES ('CAS_107_15_3', 'Ethylenediamine', 'ethylenediamine', 'synonym', 'en', 1.0, 'HC-Hotlist') ON CONFLICT(alias_normalized, alias_type, COALESCE(language_code, '')) DO NOTHING;
INSERT INTO ingredient_alias (canonical_id, alias, alias_normalized, alias_type, language_code, confidence, source) VALUES ('CAS_107_15_3', '107-15-3', '107-15-3', 'cas', NULL, 1.0, 'HC-Hotlist') ON CONFLICT(alias_normalized, alias_type, COALESCE(language_code, '')) DO NOTHING;
INSERT OR IGNORE INTO regulatory_fact (canonical_id, jurisdiction, fact_type, status, regulation_ref, product_category, evidence_id) VALUES ('CAS_107_15_3', 'CA_HC', 'prohibited', 'Prohibited in cosmetic products (Health Canada Hotlist)', 'Health Canada Cosmetic Ingredient Hotlist', 'cosmetic', (SELECT id FROM fact_evidence WHERE source_url = 'https://www.canada.ca/en/health-canada/services/consumer-product-safety/cosmetics/cosmetic-ingredient-hotlist-prohibited-restricted-ingredients.html' AND snapshot_date = '2026-04-18' LIMIT 1));
INSERT INTO ingredient (canonical_id, primary_name, ingredient_class, cas_number, category, is_natural) VALUES ('CAS_90_49_3', 'Ethylphenacemide', 'substance', '90-49-3', 'cosmetic', 0) ON CONFLICT(canonical_id) DO NOTHING;
INSERT INTO ingredient_alias (canonical_id, alias, alias_normalized, alias_type, language_code, confidence, source) VALUES ('CAS_90_49_3', 'Ethylphenacemide', 'ethylphenacemide', 'synonym', 'en', 1.0, 'HC-Hotlist') ON CONFLICT(alias_normalized, alias_type, COALESCE(language_code, '')) DO NOTHING;
INSERT INTO ingredient_alias (canonical_id, alias, alias_normalized, alias_type, language_code, confidence, source) VALUES ('CAS_90_49_3', '90-49-3', '90-49-3', 'cas', NULL, 1.0, 'HC-Hotlist') ON CONFLICT(alias_normalized, alias_type, COALESCE(language_code, '')) DO NOTHING;
INSERT OR IGNORE INTO regulatory_fact (canonical_id, jurisdiction, fact_type, status, regulation_ref, product_category, evidence_id) VALUES ('CAS_90_49_3', 'CA_HC', 'prohibited', 'Prohibited in cosmetic products (Health Canada Hotlist)', 'Health Canada Cosmetic Ingredient Hotlist', 'cosmetic', (SELECT id FROM fact_evidence WHERE source_url = 'https://www.canada.ca/en/health-canada/services/consumer-product-safety/cosmetics/cosmetic-ingredient-hotlist-prohibited-restricted-ingredients.html' AND snapshot_date = '2026-04-18' LIMIT 1));
INSERT INTO ingredient (canonical_id, primary_name, ingredient_class, cas_number, category, is_natural) VALUES ('CAS_1008_65_7', 'Fenadiazole', 'substance', '1008-65-7', 'cosmetic', 0) ON CONFLICT(canonical_id) DO NOTHING;
INSERT INTO ingredient_alias (canonical_id, alias, alias_normalized, alias_type, language_code, confidence, source) VALUES ('CAS_1008_65_7', 'Fenadiazole', 'fenadiazole', 'synonym', 'en', 1.0, 'HC-Hotlist') ON CONFLICT(alias_normalized, alias_type, COALESCE(language_code, '')) DO NOTHING;
INSERT INTO ingredient_alias (canonical_id, alias, alias_normalized, alias_type, language_code, confidence, source) VALUES ('CAS_1008_65_7', '1008-65-7', '1008-65-7', 'cas', NULL, 1.0, 'HC-Hotlist') ON CONFLICT(alias_normalized, alias_type, COALESCE(language_code, '')) DO NOTHING;
INSERT OR IGNORE INTO regulatory_fact (canonical_id, jurisdiction, fact_type, status, regulation_ref, product_category, evidence_id) VALUES ('CAS_1008_65_7', 'CA_HC', 'prohibited', 'Prohibited in cosmetic products (Health Canada Hotlist)', 'Health Canada Cosmetic Ingredient Hotlist', 'cosmetic', (SELECT id FROM fact_evidence WHERE source_url = 'https://www.canada.ca/en/health-canada/services/consumer-product-safety/cosmetics/cosmetic-ingredient-hotlist-prohibited-restricted-ingredients.html' AND snapshot_date = '2026-04-18' LIMIT 1));
INSERT INTO ingredient (canonical_id, primary_name, ingredient_class, cas_number, category, is_natural) VALUES ('CAS_15302_16_6', 'Fenozolone', 'substance', '15302-16-6', 'cosmetic', 0) ON CONFLICT(canonical_id) DO NOTHING;
INSERT INTO ingredient_alias (canonical_id, alias, alias_normalized, alias_type, language_code, confidence, source) VALUES ('CAS_15302_16_6', 'Fenozolone', 'fenozolone', 'synonym', 'en', 1.0, 'HC-Hotlist') ON CONFLICT(alias_normalized, alias_type, COALESCE(language_code, '')) DO NOTHING;
INSERT INTO ingredient_alias (canonical_id, alias, alias_normalized, alias_type, language_code, confidence, source) VALUES ('CAS_15302_16_6', '15302-16-6', '15302-16-6', 'cas', NULL, 1.0, 'HC-Hotlist') ON CONFLICT(alias_normalized, alias_type, COALESCE(language_code, '')) DO NOTHING;
INSERT OR IGNORE INTO regulatory_fact (canonical_id, jurisdiction, fact_type, status, regulation_ref, product_category, evidence_id) VALUES ('CAS_15302_16_6', 'CA_HC', 'prohibited', 'Prohibited in cosmetic products (Health Canada Hotlist)', 'Health Canada Cosmetic Ingredient Hotlist', 'cosmetic', (SELECT id FROM fact_evidence WHERE source_url = 'https://www.canada.ca/en/health-canada/services/consumer-product-safety/cosmetics/cosmetic-ingredient-hotlist-prohibited-restricted-ingredients.html' AND snapshot_date = '2026-04-18' LIMIT 1));
INSERT INTO ingredient (canonical_id, primary_name, ingredient_class, cas_number, category, is_natural) VALUES ('CAS_553_69_5', 'Fenyramidol', 'substance', '553-69-5', 'cosmetic', 0) ON CONFLICT(canonical_id) DO NOTHING;
INSERT INTO ingredient_alias (canonical_id, alias, alias_normalized, alias_type, language_code, confidence, source) VALUES ('CAS_553_69_5', 'Fenyramidol', 'fenyramidol', 'synonym', 'en', 1.0, 'HC-Hotlist') ON CONFLICT(alias_normalized, alias_type, COALESCE(language_code, '')) DO NOTHING;
INSERT INTO ingredient_alias (canonical_id, alias, alias_normalized, alias_type, language_code, confidence, source) VALUES ('CAS_553_69_5', '553-69-5', '553-69-5', 'cas', NULL, 1.0, 'HC-Hotlist') ON CONFLICT(alias_normalized, alias_type, COALESCE(language_code, '')) DO NOTHING;
INSERT OR IGNORE INTO regulatory_fact (canonical_id, jurisdiction, fact_type, status, regulation_ref, product_category, evidence_id) VALUES ('CAS_553_69_5', 'CA_HC', 'prohibited', 'Prohibited in cosmetic products (Health Canada Hotlist)', 'Health Canada Cosmetic Ingredient Hotlist', 'cosmetic', (SELECT id FROM fact_evidence WHERE source_url = 'https://www.canada.ca/en/health-canada/services/consumer-product-safety/cosmetics/cosmetic-ingredient-hotlist-prohibited-restricted-ingredients.html' AND snapshot_date = '2026-04-18' LIMIT 1));
INSERT INTO ingredient (canonical_id, primary_name, ingredient_class, cas_number, category, is_natural) VALUES ('CAS_68916_52_9', 'Ficus carica leaf absolute', 'substance', '68916-52-9', 'cosmetic', 0) ON CONFLICT(canonical_id) DO NOTHING;
INSERT INTO ingredient_alias (canonical_id, alias, alias_normalized, alias_type, language_code, confidence, source) VALUES ('CAS_68916_52_9', 'Ficus carica leaf absolute', 'ficus carica leaf absolute', 'synonym', 'en', 1.0, 'HC-Hotlist') ON CONFLICT(alias_normalized, alias_type, COALESCE(language_code, '')) DO NOTHING;
INSERT INTO ingredient_alias (canonical_id, alias, alias_normalized, alias_type, language_code, confidence, source) VALUES ('CAS_68916_52_9', '68916-52-9', '68916-52-9', 'cas', NULL, 1.0, 'HC-Hotlist') ON CONFLICT(alias_normalized, alias_type, COALESCE(language_code, '')) DO NOTHING;
INSERT OR IGNORE INTO regulatory_fact (canonical_id, jurisdiction, fact_type, status, regulation_ref, product_category, evidence_id) VALUES ('CAS_68916_52_9', 'CA_HC', 'prohibited', 'Prohibited in cosmetic products (Health Canada Hotlist)', 'Health Canada Cosmetic Ingredient Hotlist', 'cosmetic', (SELECT id FROM fact_evidence WHERE source_url = 'https://www.canada.ca/en/health-canada/services/consumer-product-safety/cosmetics/cosmetic-ingredient-hotlist-prohibited-restricted-ingredients.html' AND snapshot_date = '2026-04-18' LIMIT 1));
INSERT INTO ingredient (canonical_id, primary_name, ingredient_class, cas_number, category, is_natural) VALUES ('CAS_1480_19_9', 'Fluanisone', 'substance', '1480-19-9', 'cosmetic', 0) ON CONFLICT(canonical_id) DO NOTHING;
INSERT INTO ingredient_alias (canonical_id, alias, alias_normalized, alias_type, language_code, confidence, source) VALUES ('CAS_1480_19_9', 'Fluanisone', 'fluanisone', 'synonym', 'en', 1.0, 'HC-Hotlist') ON CONFLICT(alias_normalized, alias_type, COALESCE(language_code, '')) DO NOTHING;
INSERT INTO ingredient_alias (canonical_id, alias, alias_normalized, alias_type, language_code, confidence, source) VALUES ('CAS_1480_19_9', '1480-19-9', '1480-19-9', 'cas', NULL, 1.0, 'HC-Hotlist') ON CONFLICT(alias_normalized, alias_type, COALESCE(language_code, '')) DO NOTHING;
INSERT OR IGNORE INTO regulatory_fact (canonical_id, jurisdiction, fact_type, status, regulation_ref, product_category, evidence_id) VALUES ('CAS_1480_19_9', 'CA_HC', 'prohibited', 'Prohibited in cosmetic products (Health Canada Hotlist)', 'Health Canada Cosmetic Ingredient Hotlist', 'cosmetic', (SELECT id FROM fact_evidence WHERE source_url = 'https://www.canada.ca/en/health-canada/services/consumer-product-safety/cosmetics/cosmetic-ingredient-hotlist-prohibited-restricted-ingredients.html' AND snapshot_date = '2026-04-18' LIMIT 1));
INSERT INTO ingredient (canonical_id, primary_name, ingredient_class, cas_number, category, is_natural) VALUES ('CAS_2924_67_6', 'Fluoresone', 'substance', '2924-67-6', 'cosmetic', 0) ON CONFLICT(canonical_id) DO NOTHING;
INSERT INTO ingredient_alias (canonical_id, alias, alias_normalized, alias_type, language_code, confidence, source) VALUES ('CAS_2924_67_6', 'Fluoresone', 'fluoresone', 'synonym', 'en', 1.0, 'HC-Hotlist') ON CONFLICT(alias_normalized, alias_type, COALESCE(language_code, '')) DO NOTHING;
INSERT INTO ingredient_alias (canonical_id, alias, alias_normalized, alias_type, language_code, confidence, source) VALUES ('CAS_2924_67_6', '2924-67-6', '2924-67-6', 'cas', NULL, 1.0, 'HC-Hotlist') ON CONFLICT(alias_normalized, alias_type, COALESCE(language_code, '')) DO NOTHING;
INSERT OR IGNORE INTO regulatory_fact (canonical_id, jurisdiction, fact_type, status, regulation_ref, product_category, evidence_id) VALUES ('CAS_2924_67_6', 'CA_HC', 'prohibited', 'Prohibited in cosmetic products (Health Canada Hotlist)', 'Health Canada Cosmetic Ingredient Hotlist', 'cosmetic', (SELECT id FROM fact_evidence WHERE source_url = 'https://www.canada.ca/en/health-canada/services/consumer-product-safety/cosmetics/cosmetic-ingredient-hotlist-prohibited-restricted-ingredients.html' AND snapshot_date = '2026-04-18' LIMIT 1));
INSERT INTO ingredient (canonical_id, primary_name, ingredient_class, cas_number, category, is_natural) VALUES ('CAS_51_21_8', 'Fluorouracil', 'substance', '51-21-8', 'cosmetic', 0) ON CONFLICT(canonical_id) DO NOTHING;
INSERT INTO ingredient_alias (canonical_id, alias, alias_normalized, alias_type, language_code, confidence, source) VALUES ('CAS_51_21_8', 'Fluorouracil', 'fluorouracil', 'synonym', 'en', 1.0, 'HC-Hotlist') ON CONFLICT(alias_normalized, alias_type, COALESCE(language_code, '')) DO NOTHING;
INSERT INTO ingredient_alias (canonical_id, alias, alias_normalized, alias_type, language_code, confidence, source) VALUES ('CAS_51_21_8', '51-21-8', '51-21-8', 'cas', NULL, 1.0, 'HC-Hotlist') ON CONFLICT(alias_normalized, alias_type, COALESCE(language_code, '')) DO NOTHING;
INSERT OR IGNORE INTO regulatory_fact (canonical_id, jurisdiction, fact_type, status, regulation_ref, product_category, evidence_id) VALUES ('CAS_51_21_8', 'CA_HC', 'prohibited', 'Prohibited in cosmetic products (Health Canada Hotlist)', 'Health Canada Cosmetic Ingredient Hotlist', 'cosmetic', (SELECT id FROM fact_evidence WHERE source_url = 'https://www.canada.ca/en/health-canada/services/consumer-product-safety/cosmetics/cosmetic-ingredient-hotlist-prohibited-restricted-ingredients.html' AND snapshot_date = '2026-04-18' LIMIT 1));
INSERT INTO ingredient (canonical_id, primary_name, ingredient_class, cas_number, category, is_natural) VALUES ('CAS_67_45_8', 'Furazolidone', 'substance', '67-45-8', 'cosmetic', 0) ON CONFLICT(canonical_id) DO NOTHING;
INSERT INTO ingredient_alias (canonical_id, alias, alias_normalized, alias_type, language_code, confidence, source) VALUES ('CAS_67_45_8', 'Furazolidone', 'furazolidone', 'synonym', 'en', 1.0, 'HC-Hotlist') ON CONFLICT(alias_normalized, alias_type, COALESCE(language_code, '')) DO NOTHING;
INSERT INTO ingredient_alias (canonical_id, alias, alias_normalized, alias_type, language_code, confidence, source) VALUES ('CAS_67_45_8', '67-45-8', '67-45-8', 'cas', NULL, 1.0, 'HC-Hotlist') ON CONFLICT(alias_normalized, alias_type, COALESCE(language_code, '')) DO NOTHING;
INSERT OR IGNORE INTO regulatory_fact (canonical_id, jurisdiction, fact_type, status, regulation_ref, product_category, evidence_id) VALUES ('CAS_67_45_8', 'CA_HC', 'prohibited', 'Prohibited in cosmetic products (Health Canada Hotlist)', 'Health Canada Cosmetic Ingredient Hotlist', 'cosmetic', (SELECT id FROM fact_evidence WHERE source_url = 'https://www.canada.ca/en/health-canada/services/consumer-product-safety/cosmetics/cosmetic-ingredient-hotlist-prohibited-restricted-ingredients.html' AND snapshot_date = '2026-04-18' LIMIT 1));
INSERT INTO ingredient (canonical_id, primary_name, ingredient_class, cas_number, category, is_natural) VALUES ('NAME_furfuryltrimethyl_ammonium_salts', 'Furfuryltrimethyl ammonium salts', 'substance', NULL, 'cosmetic', 0) ON CONFLICT(canonical_id) DO NOTHING;
INSERT INTO ingredient_alias (canonical_id, alias, alias_normalized, alias_type, language_code, confidence, source) VALUES ('NAME_furfuryltrimethyl_ammonium_salts', 'Furfuryltrimethyl ammonium salts', 'furfuryltrimethyl ammonium salts', 'synonym', 'en', 1.0, 'HC-Hotlist') ON CONFLICT(alias_normalized, alias_type, COALESCE(language_code, '')) DO NOTHING;
INSERT OR IGNORE INTO regulatory_fact (canonical_id, jurisdiction, fact_type, status, regulation_ref, product_category, evidence_id) VALUES ('NAME_furfuryltrimethyl_ammonium_salts', 'CA_HC', 'prohibited', 'Prohibited in cosmetic products (Health Canada Hotlist)', 'Health Canada Cosmetic Ingredient Hotlist', 'cosmetic', (SELECT id FROM fact_evidence WHERE source_url = 'https://www.canada.ca/en/health-canada/services/consumer-product-safety/cosmetics/cosmetic-ingredient-hotlist-prohibited-restricted-ingredients.html' AND snapshot_date = '2026-04-18' LIMIT 1));
INSERT INTO ingredient (canonical_id, primary_name, ingredient_class, cas_number, category, is_natural) VALUES ('CAS_357_70_0', 'Galantamine', 'substance', '357-70-0', 'cosmetic', 0) ON CONFLICT(canonical_id) DO NOTHING;
INSERT INTO ingredient_alias (canonical_id, alias, alias_normalized, alias_type, language_code, confidence, source) VALUES ('CAS_357_70_0', 'Galantamine', 'galantamine', 'synonym', 'en', 1.0, 'HC-Hotlist') ON CONFLICT(alias_normalized, alias_type, COALESCE(language_code, '')) DO NOTHING;
INSERT INTO ingredient_alias (canonical_id, alias, alias_normalized, alias_type, language_code, confidence, source) VALUES ('CAS_357_70_0', '357-70-0', '357-70-0', 'cas', NULL, 1.0, 'HC-Hotlist') ON CONFLICT(alias_normalized, alias_type, COALESCE(language_code, '')) DO NOTHING;
INSERT OR IGNORE INTO regulatory_fact (canonical_id, jurisdiction, fact_type, status, regulation_ref, product_category, evidence_id) VALUES ('CAS_357_70_0', 'CA_HC', 'prohibited', 'Prohibited in cosmetic products (Health Canada Hotlist)', 'Health Canada Cosmetic Ingredient Hotlist', 'cosmetic', (SELECT id FROM fact_evidence WHERE source_url = 'https://www.canada.ca/en/health-canada/services/consumer-product-safety/cosmetics/cosmetic-ingredient-hotlist-prohibited-restricted-ingredients.html' AND snapshot_date = '2026-04-18' LIMIT 1));
INSERT INTO ingredient (canonical_id, primary_name, ingredient_class, cas_number, category, is_natural) VALUES ('CAS_65_29_2', 'Gallamine triethiodide', 'substance', '65-29-2', 'cosmetic', 0) ON CONFLICT(canonical_id) DO NOTHING;
INSERT INTO ingredient_alias (canonical_id, alias, alias_normalized, alias_type, language_code, confidence, source) VALUES ('CAS_65_29_2', 'Gallamine triethiodide', 'gallamine triethiodide', 'synonym', 'en', 1.0, 'HC-Hotlist') ON CONFLICT(alias_normalized, alias_type, COALESCE(language_code, '')) DO NOTHING;
INSERT INTO ingredient_alias (canonical_id, alias, alias_normalized, alias_type, language_code, confidence, source) VALUES ('CAS_65_29_2', '65-29-2', '65-29-2', 'cas', NULL, 1.0, 'HC-Hotlist') ON CONFLICT(alias_normalized, alias_type, COALESCE(language_code, '')) DO NOTHING;
INSERT OR IGNORE INTO regulatory_fact (canonical_id, jurisdiction, fact_type, status, regulation_ref, product_category, evidence_id) VALUES ('CAS_65_29_2', 'CA_HC', 'prohibited', 'Prohibited in cosmetic products (Health Canada Hotlist)', 'Health Canada Cosmetic Ingredient Hotlist', 'cosmetic', (SELECT id FROM fact_evidence WHERE source_url = 'https://www.canada.ca/en/health-canada/services/consumer-product-safety/cosmetics/cosmetic-ingredient-hotlist-prohibited-restricted-ingredients.html' AND snapshot_date = '2026-04-18' LIMIT 1));
INSERT INTO ingredient (canonical_id, primary_name, ingredient_class, cas_number, category, is_natural) VALUES ('CAS_1524_88_5', 'Glucocorticoids', 'substance', '1524-88-5', 'cosmetic', 0) ON CONFLICT(canonical_id) DO NOTHING;
INSERT INTO ingredient_alias (canonical_id, alias, alias_normalized, alias_type, language_code, confidence, source) VALUES ('CAS_1524_88_5', 'Glucocorticoids', 'glucocorticoids', 'synonym', 'en', 1.0, 'HC-Hotlist') ON CONFLICT(alias_normalized, alias_type, COALESCE(language_code, '')) DO NOTHING;
INSERT INTO ingredient_alias (canonical_id, alias, alias_normalized, alias_type, language_code, confidence, source) VALUES ('CAS_1524_88_5', '1524-88-5', '1524-88-5', 'cas', NULL, 1.0, 'HC-Hotlist') ON CONFLICT(alias_normalized, alias_type, COALESCE(language_code, '')) DO NOTHING;
INSERT OR IGNORE INTO regulatory_fact (canonical_id, jurisdiction, fact_type, status, regulation_ref, product_category, evidence_id) VALUES ('CAS_1524_88_5', 'CA_HC', 'prohibited', 'Prohibited in cosmetic products (Health Canada Hotlist)', 'Health Canada Cosmetic Ingredient Hotlist', 'cosmetic', (SELECT id FROM fact_evidence WHERE source_url = 'https://www.canada.ca/en/health-canada/services/consumer-product-safety/cosmetics/cosmetic-ingredient-hotlist-prohibited-restricted-ingredients.html' AND snapshot_date = '2026-04-18' LIMIT 1));
INSERT INTO ingredient (canonical_id, primary_name, ingredient_class, cas_number, category, is_natural) VALUES ('CAS_1121_89_7', 'Glutarimide and its salts', 'substance', '1121-89-7', 'cosmetic', 0) ON CONFLICT(canonical_id) DO NOTHING;
INSERT INTO ingredient_alias (canonical_id, alias, alias_normalized, alias_type, language_code, confidence, source) VALUES ('CAS_1121_89_7', 'Glutarimide and its salts', 'glutarimide and its salts', 'synonym', 'en', 1.0, 'HC-Hotlist') ON CONFLICT(alias_normalized, alias_type, COALESCE(language_code, '')) DO NOTHING;
INSERT INTO ingredient_alias (canonical_id, alias, alias_normalized, alias_type, language_code, confidence, source) VALUES ('CAS_1121_89_7', '1121-89-7', '1121-89-7', 'cas', NULL, 1.0, 'HC-Hotlist') ON CONFLICT(alias_normalized, alias_type, COALESCE(language_code, '')) DO NOTHING;
INSERT OR IGNORE INTO regulatory_fact (canonical_id, jurisdiction, fact_type, status, regulation_ref, product_category, evidence_id) VALUES ('CAS_1121_89_7', 'CA_HC', 'prohibited', 'Prohibited in cosmetic products (Health Canada Hotlist)', 'Health Canada Cosmetic Ingredient Hotlist', 'cosmetic', (SELECT id FROM fact_evidence WHERE source_url = 'https://www.canada.ca/en/health-canada/services/consumer-product-safety/cosmetics/cosmetic-ingredient-hotlist-prohibited-restricted-ingredients.html' AND snapshot_date = '2026-04-18' LIMIT 1));
INSERT INTO ingredient (canonical_id, primary_name, ingredient_class, cas_number, category, is_natural) VALUES ('CAS_77_21_4', 'Glutethimide and its salts', 'substance', '77-21-4', 'cosmetic', 0) ON CONFLICT(canonical_id) DO NOTHING;
INSERT INTO ingredient_alias (canonical_id, alias, alias_normalized, alias_type, language_code, confidence, source) VALUES ('CAS_77_21_4', 'Glutethimide and its salts', 'glutethimide and its salts', 'synonym', 'en', 1.0, 'HC-Hotlist') ON CONFLICT(alias_normalized, alias_type, COALESCE(language_code, '')) DO NOTHING;
INSERT INTO ingredient_alias (canonical_id, alias, alias_normalized, alias_type, language_code, confidence, source) VALUES ('CAS_77_21_4', '77-21-4', '77-21-4', 'cas', NULL, 1.0, 'HC-Hotlist') ON CONFLICT(alias_normalized, alias_type, COALESCE(language_code, '')) DO NOTHING;
INSERT OR IGNORE INTO regulatory_fact (canonical_id, jurisdiction, fact_type, status, regulation_ref, product_category, evidence_id) VALUES ('CAS_77_21_4', 'CA_HC', 'prohibited', 'Prohibited in cosmetic products (Health Canada Hotlist)', 'Health Canada Cosmetic Ingredient Hotlist', 'cosmetic', (SELECT id FROM fact_evidence WHERE source_url = 'https://www.canada.ca/en/health-canada/services/consumer-product-safety/cosmetics/cosmetic-ingredient-hotlist-prohibited-restricted-ingredients.html' AND snapshot_date = '2026-04-18' LIMIT 1));
INSERT INTO ingredient (canonical_id, primary_name, ingredient_class, cas_number, category, is_natural) VALUES ('CAS_664_95_9', 'Glycyclamide', 'substance', '664-95-9', 'cosmetic', 0) ON CONFLICT(canonical_id) DO NOTHING;
INSERT INTO ingredient_alias (canonical_id, alias, alias_normalized, alias_type, language_code, confidence, source) VALUES ('CAS_664_95_9', 'Glycyclamide', 'glycyclamide', 'synonym', 'en', 1.0, 'HC-Hotlist') ON CONFLICT(alias_normalized, alias_type, COALESCE(language_code, '')) DO NOTHING;
INSERT INTO ingredient_alias (canonical_id, alias, alias_normalized, alias_type, language_code, confidence, source) VALUES ('CAS_664_95_9', '664-95-9', '664-95-9', 'cas', NULL, 1.0, 'HC-Hotlist') ON CONFLICT(alias_normalized, alias_type, COALESCE(language_code, '')) DO NOTHING;
INSERT OR IGNORE INTO regulatory_fact (canonical_id, jurisdiction, fact_type, status, regulation_ref, product_category, evidence_id) VALUES ('CAS_664_95_9', 'CA_HC', 'prohibited', 'Prohibited in cosmetic products (Health Canada Hotlist)', 'Health Canada Cosmetic Ingredient Hotlist', 'cosmetic', (SELECT id FROM fact_evidence WHERE source_url = 'https://www.canada.ca/en/health-canada/services/consumer-product-safety/cosmetics/cosmetic-ingredient-hotlist-prohibited-restricted-ingredients.html' AND snapshot_date = '2026-04-18' LIMIT 1));
INSERT INTO ingredient (canonical_id, primary_name, ingredient_class, cas_number, category, is_natural) VALUES ('CAS_16903_35_8', 'Gold salts', 'substance', '16903-35-8', 'cosmetic', 0) ON CONFLICT(canonical_id) DO NOTHING;
INSERT INTO ingredient_alias (canonical_id, alias, alias_normalized, alias_type, language_code, confidence, source) VALUES ('CAS_16903_35_8', 'Gold salts', 'gold salts', 'synonym', 'en', 1.0, 'HC-Hotlist') ON CONFLICT(alias_normalized, alias_type, COALESCE(language_code, '')) DO NOTHING;
INSERT INTO ingredient_alias (canonical_id, alias, alias_normalized, alias_type, language_code, confidence, source) VALUES ('CAS_16903_35_8', '16903-35-8', '16903-35-8', 'cas', NULL, 1.0, 'HC-Hotlist') ON CONFLICT(alias_normalized, alias_type, COALESCE(language_code, '')) DO NOTHING;
INSERT OR IGNORE INTO regulatory_fact (canonical_id, jurisdiction, fact_type, status, regulation_ref, product_category, evidence_id) VALUES ('CAS_16903_35_8', 'CA_HC', 'prohibited', 'Prohibited in cosmetic products (Health Canada Hotlist)', 'Health Canada Cosmetic Ingredient Hotlist', 'cosmetic', (SELECT id FROM fact_evidence WHERE source_url = 'https://www.canada.ca/en/health-canada/services/consumer-product-safety/cosmetics/cosmetic-ingredient-hotlist-prohibited-restricted-ingredients.html' AND snapshot_date = '2026-04-18' LIMIT 1));
INSERT INTO ingredient (canonical_id, primary_name, ingredient_class, cas_number, category, is_natural) VALUES ('CAS_93_14_1', 'Guaifenesin', 'substance', '93-14-1', 'cosmetic', 0) ON CONFLICT(canonical_id) DO NOTHING;
INSERT INTO ingredient_alias (canonical_id, alias, alias_normalized, alias_type, language_code, confidence, source) VALUES ('CAS_93_14_1', 'Guaifenesin', 'guaifenesin', 'synonym', 'en', 1.0, 'HC-Hotlist') ON CONFLICT(alias_normalized, alias_type, COALESCE(language_code, '')) DO NOTHING;
INSERT INTO ingredient_alias (canonical_id, alias, alias_normalized, alias_type, language_code, confidence, source) VALUES ('CAS_93_14_1', '93-14-1', '93-14-1', 'cas', NULL, 1.0, 'HC-Hotlist') ON CONFLICT(alias_normalized, alias_type, COALESCE(language_code, '')) DO NOTHING;
INSERT OR IGNORE INTO regulatory_fact (canonical_id, jurisdiction, fact_type, status, regulation_ref, product_category, evidence_id) VALUES ('CAS_93_14_1', 'CA_HC', 'prohibited', 'Prohibited in cosmetic products (Health Canada Hotlist)', 'Health Canada Cosmetic Ingredient Hotlist', 'cosmetic', (SELECT id FROM fact_evidence WHERE source_url = 'https://www.canada.ca/en/health-canada/services/consumer-product-safety/cosmetics/cosmetic-ingredient-hotlist-prohibited-restricted-ingredients.html' AND snapshot_date = '2026-04-18' LIMIT 1));
INSERT INTO ingredient (canonical_id, primary_name, ingredient_class, cas_number, category, is_natural) VALUES ('CAS_55_65_2', 'Guanethidine and its salts', 'substance', '55-65-2', 'cosmetic', 0) ON CONFLICT(canonical_id) DO NOTHING;
INSERT INTO ingredient_alias (canonical_id, alias, alias_normalized, alias_type, language_code, confidence, source) VALUES ('CAS_55_65_2', 'Guanethidine and its salts', 'guanethidine and its salts', 'synonym', 'en', 1.0, 'HC-Hotlist') ON CONFLICT(alias_normalized, alias_type, COALESCE(language_code, '')) DO NOTHING;
INSERT INTO ingredient_alias (canonical_id, alias, alias_normalized, alias_type, language_code, confidence, source) VALUES ('CAS_55_65_2', '55-65-2', '55-65-2', 'cas', NULL, 1.0, 'HC-Hotlist') ON CONFLICT(alias_normalized, alias_type, COALESCE(language_code, '')) DO NOTHING;
INSERT OR IGNORE INTO regulatory_fact (canonical_id, jurisdiction, fact_type, status, regulation_ref, product_category, evidence_id) VALUES ('CAS_55_65_2', 'CA_HC', 'prohibited', 'Prohibited in cosmetic products (Health Canada Hotlist)', 'Health Canada Cosmetic Ingredient Hotlist', 'cosmetic', (SELECT id FROM fact_evidence WHERE source_url = 'https://www.canada.ca/en/health-canada/services/consumer-product-safety/cosmetics/cosmetic-ingredient-hotlist-prohibited-restricted-ingredients.html' AND snapshot_date = '2026-04-18' LIMIT 1));
INSERT INTO ingredient (canonical_id, primary_name, ingredient_class, cas_number, category, is_natural) VALUES ('CAS_52_86_8', 'Haloperidol', 'substance', '52-86-8', 'cosmetic', 0) ON CONFLICT(canonical_id) DO NOTHING;
INSERT INTO ingredient_alias (canonical_id, alias, alias_normalized, alias_type, language_code, confidence, source) VALUES ('CAS_52_86_8', 'Haloperidol', 'haloperidol', 'synonym', 'en', 1.0, 'HC-Hotlist') ON CONFLICT(alias_normalized, alias_type, COALESCE(language_code, '')) DO NOTHING;
INSERT INTO ingredient_alias (canonical_id, alias, alias_normalized, alias_type, language_code, confidence, source) VALUES ('CAS_52_86_8', '52-86-8', '52-86-8', 'cas', NULL, 1.0, 'HC-Hotlist') ON CONFLICT(alias_normalized, alias_type, COALESCE(language_code, '')) DO NOTHING;
INSERT OR IGNORE INTO regulatory_fact (canonical_id, jurisdiction, fact_type, status, regulation_ref, product_category, evidence_id) VALUES ('CAS_52_86_8', 'CA_HC', 'prohibited', 'Prohibited in cosmetic products (Health Canada Hotlist)', 'Health Canada Cosmetic Ingredient Hotlist', 'cosmetic', (SELECT id FROM fact_evidence WHERE source_url = 'https://www.canada.ca/en/health-canada/services/consumer-product-safety/cosmetics/cosmetic-ingredient-hotlist-prohibited-restricted-ingredients.html' AND snapshot_date = '2026-04-18' LIMIT 1));
INSERT INTO ingredient (canonical_id, primary_name, ingredient_class, cas_number, category, is_natural) VALUES ('CAS_158571_57_4', 'HC Blue No. 4', 'substance', '158571-57-4', 'cosmetic', 0) ON CONFLICT(canonical_id) DO NOTHING;
INSERT INTO ingredient_alias (canonical_id, alias, alias_normalized, alias_type, language_code, confidence, source) VALUES ('CAS_158571_57_4', 'HC Blue No. 4', 'hc blue no. 4', 'synonym', 'en', 1.0, 'HC-Hotlist') ON CONFLICT(alias_normalized, alias_type, COALESCE(language_code, '')) DO NOTHING;
INSERT INTO ingredient_alias (canonical_id, alias, alias_normalized, alias_type, language_code, confidence, source) VALUES ('CAS_158571_57_4', '158571-57-4', '158571-57-4', 'cas', NULL, 1.0, 'HC-Hotlist') ON CONFLICT(alias_normalized, alias_type, COALESCE(language_code, '')) DO NOTHING;
INSERT OR IGNORE INTO regulatory_fact (canonical_id, jurisdiction, fact_type, status, regulation_ref, product_category, evidence_id) VALUES ('CAS_158571_57_4', 'CA_HC', 'prohibited', 'Prohibited in cosmetic products (Health Canada Hotlist)', 'Health Canada Cosmetic Ingredient Hotlist', 'cosmetic', (SELECT id FROM fact_evidence WHERE source_url = 'https://www.canada.ca/en/health-canada/services/consumer-product-safety/cosmetics/cosmetic-ingredient-hotlist-prohibited-restricted-ingredients.html' AND snapshot_date = '2026-04-18' LIMIT 1));
INSERT INTO ingredient (canonical_id, primary_name, ingredient_class, cas_number, category, is_natural) VALUES ('CAS_68478_64_8', 'HC Blue No. 5', 'substance', '68478-64-8', 'cosmetic', 0) ON CONFLICT(canonical_id) DO NOTHING;
INSERT INTO ingredient_alias (canonical_id, alias, alias_normalized, alias_type, language_code, confidence, source) VALUES ('CAS_68478_64_8', 'HC Blue No. 5', 'hc blue no. 5', 'synonym', 'en', 1.0, 'HC-Hotlist') ON CONFLICT(alias_normalized, alias_type, COALESCE(language_code, '')) DO NOTHING;
INSERT INTO ingredient_alias (canonical_id, alias, alias_normalized, alias_type, language_code, confidence, source) VALUES ('CAS_68478_64_8', '68478-64-8', '68478-64-8', 'cas', NULL, 1.0, 'HC-Hotlist') ON CONFLICT(alias_normalized, alias_type, COALESCE(language_code, '')) DO NOTHING;
INSERT OR IGNORE INTO regulatory_fact (canonical_id, jurisdiction, fact_type, status, regulation_ref, product_category, evidence_id) VALUES ('CAS_68478_64_8', 'CA_HC', 'prohibited', 'Prohibited in cosmetic products (Health Canada Hotlist)', 'Health Canada Cosmetic Ingredient Hotlist', 'cosmetic', (SELECT id FROM fact_evidence WHERE source_url = 'https://www.canada.ca/en/health-canada/services/consumer-product-safety/cosmetics/cosmetic-ingredient-hotlist-prohibited-restricted-ingredients.html' AND snapshot_date = '2026-04-18' LIMIT 1));
INSERT INTO ingredient (canonical_id, primary_name, ingredient_class, cas_number, category, is_natural) VALUES ('CAS_67_72_1', 'Hexachloroethane', 'substance', '67-72-1', 'cosmetic', 0) ON CONFLICT(canonical_id) DO NOTHING;
INSERT INTO ingredient_alias (canonical_id, alias, alias_normalized, alias_type, language_code, confidence, source) VALUES ('CAS_67_72_1', 'Hexachloroethane', 'hexachloroethane', 'synonym', 'en', 1.0, 'HC-Hotlist') ON CONFLICT(alias_normalized, alias_type, COALESCE(language_code, '')) DO NOTHING;
INSERT INTO ingredient_alias (canonical_id, alias, alias_normalized, alias_type, language_code, confidence, source) VALUES ('CAS_67_72_1', '67-72-1', '67-72-1', 'cas', NULL, 1.0, 'HC-Hotlist') ON CONFLICT(alias_normalized, alias_type, COALESCE(language_code, '')) DO NOTHING;
INSERT OR IGNORE INTO regulatory_fact (canonical_id, jurisdiction, fact_type, status, regulation_ref, product_category, evidence_id) VALUES ('CAS_67_72_1', 'CA_HC', 'prohibited', 'Prohibited in cosmetic products (Health Canada Hotlist)', 'Health Canada Cosmetic Ingredient Hotlist', 'cosmetic', (SELECT id FROM fact_evidence WHERE source_url = 'https://www.canada.ca/en/health-canada/services/consumer-product-safety/cosmetics/cosmetic-ingredient-hotlist-prohibited-restricted-ingredients.html' AND snapshot_date = '2026-04-18' LIMIT 1));
INSERT INTO ingredient (canonical_id, primary_name, ingredient_class, cas_number, category, is_natural) VALUES ('CAS_70_30_4', 'Hexachlorophene', 'substance', '70-30-4', 'cosmetic', 0) ON CONFLICT(canonical_id) DO NOTHING;
INSERT INTO ingredient_alias (canonical_id, alias, alias_normalized, alias_type, language_code, confidence, source) VALUES ('CAS_70_30_4', 'Hexachlorophene', 'hexachlorophene', 'synonym', 'en', 1.0, 'HC-Hotlist') ON CONFLICT(alias_normalized, alias_type, COALESCE(language_code, '')) DO NOTHING;
INSERT INTO ingredient_alias (canonical_id, alias, alias_normalized, alias_type, language_code, confidence, source) VALUES ('CAS_70_30_4', '70-30-4', '70-30-4', 'cas', NULL, 1.0, 'HC-Hotlist') ON CONFLICT(alias_normalized, alias_type, COALESCE(language_code, '')) DO NOTHING;
INSERT OR IGNORE INTO regulatory_fact (canonical_id, jurisdiction, fact_type, status, regulation_ref, product_category, evidence_id) VALUES ('CAS_70_30_4', 'CA_HC', 'prohibited', 'Prohibited in cosmetic products (Health Canada Hotlist)', 'Health Canada Cosmetic Ingredient Hotlist', 'cosmetic', (SELECT id FROM fact_evidence WHERE source_url = 'https://www.canada.ca/en/health-canada/services/consumer-product-safety/cosmetics/cosmetic-ingredient-hotlist-prohibited-restricted-ingredients.html' AND snapshot_date = '2026-04-18' LIMIT 1));
INSERT INTO ingredient (canonical_id, primary_name, ingredient_class, cas_number, category, is_natural) VALUES ('CAS_757_58_4', 'Hexaethyl tetraphosphate', 'substance', '757-58-4', 'cosmetic', 0) ON CONFLICT(canonical_id) DO NOTHING;
INSERT INTO ingredient_alias (canonical_id, alias, alias_normalized, alias_type, language_code, confidence, source) VALUES ('CAS_757_58_4', 'Hexaethyl tetraphosphate', 'hexaethyl tetraphosphate', 'synonym', 'en', 1.0, 'HC-Hotlist') ON CONFLICT(alias_normalized, alias_type, COALESCE(language_code, '')) DO NOTHING;
INSERT INTO ingredient_alias (canonical_id, alias, alias_normalized, alias_type, language_code, confidence, source) VALUES ('CAS_757_58_4', '757-58-4', '757-58-4', 'cas', NULL, 1.0, 'HC-Hotlist') ON CONFLICT(alias_normalized, alias_type, COALESCE(language_code, '')) DO NOTHING;
INSERT OR IGNORE INTO regulatory_fact (canonical_id, jurisdiction, fact_type, status, regulation_ref, product_category, evidence_id) VALUES ('CAS_757_58_4', 'CA_HC', 'prohibited', 'Prohibited in cosmetic products (Health Canada Hotlist)', 'Health Canada Cosmetic Ingredient Hotlist', 'cosmetic', (SELECT id FROM fact_evidence WHERE source_url = 'https://www.canada.ca/en/health-canada/services/consumer-product-safety/cosmetics/cosmetic-ingredient-hotlist-prohibited-restricted-ingredients.html' AND snapshot_date = '2026-04-18' LIMIT 1));
INSERT INTO ingredient (canonical_id, primary_name, ingredient_class, cas_number, category, is_natural) VALUES ('NAME_hexamethonium_salts', 'Hexamethonium salts', 'substance', NULL, 'cosmetic', 0) ON CONFLICT(canonical_id) DO NOTHING;
INSERT INTO ingredient_alias (canonical_id, alias, alias_normalized, alias_type, language_code, confidence, source) VALUES ('NAME_hexamethonium_salts', 'Hexamethonium salts', 'hexamethonium salts', 'synonym', 'en', 1.0, 'HC-Hotlist') ON CONFLICT(alias_normalized, alias_type, COALESCE(language_code, '')) DO NOTHING;
INSERT OR IGNORE INTO regulatory_fact (canonical_id, jurisdiction, fact_type, status, regulation_ref, product_category, evidence_id) VALUES ('NAME_hexamethonium_salts', 'CA_HC', 'prohibited', 'Prohibited in cosmetic products (Health Canada Hotlist)', 'Health Canada Cosmetic Ingredient Hotlist', 'cosmetic', (SELECT id FROM fact_evidence WHERE source_url = 'https://www.canada.ca/en/health-canada/services/consumer-product-safety/cosmetics/cosmetic-ingredient-hotlist-prohibited-restricted-ingredients.html' AND snapshot_date = '2026-04-18' LIMIT 1));
INSERT INTO ingredient (canonical_id, primary_name, ingredient_class, cas_number, category, is_natural) VALUES ('CAS_358_52_1', 'Hexapropymate', 'substance', '358-52-1', 'cosmetic', 0) ON CONFLICT(canonical_id) DO NOTHING;
INSERT INTO ingredient_alias (canonical_id, alias, alias_normalized, alias_type, language_code, confidence, source) VALUES ('CAS_358_52_1', 'Hexapropymate', 'hexapropymate', 'synonym', 'en', 1.0, 'HC-Hotlist') ON CONFLICT(alias_normalized, alias_type, COALESCE(language_code, '')) DO NOTHING;
INSERT INTO ingredient_alias (canonical_id, alias, alias_normalized, alias_type, language_code, confidence, source) VALUES ('CAS_358_52_1', '358-52-1', '358-52-1', 'cas', NULL, 1.0, 'HC-Hotlist') ON CONFLICT(alias_normalized, alias_type, COALESCE(language_code, '')) DO NOTHING;
INSERT OR IGNORE INTO regulatory_fact (canonical_id, jurisdiction, fact_type, status, regulation_ref, product_category, evidence_id) VALUES ('CAS_358_52_1', 'CA_HC', 'prohibited', 'Prohibited in cosmetic products (Health Canada Hotlist)', 'Health Canada Cosmetic Ingredient Hotlist', 'cosmetic', (SELECT id FROM fact_evidence WHERE source_url = 'https://www.canada.ca/en/health-canada/services/consumer-product-safety/cosmetics/cosmetic-ingredient-hotlist-prohibited-restricted-ingredients.html' AND snapshot_date = '2026-04-18' LIMIT 1));
INSERT INTO ingredient (canonical_id, primary_name, ingredient_class, cas_number, category, is_natural) VALUES ('CAS_118_08_1', 'Hydrastine and its salts', 'substance', '118-08-1', 'cosmetic', 0) ON CONFLICT(canonical_id) DO NOTHING;
INSERT INTO ingredient_alias (canonical_id, alias, alias_normalized, alias_type, language_code, confidence, source) VALUES ('CAS_118_08_1', 'Hydrastine and its salts', 'hydrastine and its salts', 'synonym', 'en', 1.0, 'HC-Hotlist') ON CONFLICT(alias_normalized, alias_type, COALESCE(language_code, '')) DO NOTHING;
INSERT INTO ingredient_alias (canonical_id, alias, alias_normalized, alias_type, language_code, confidence, source) VALUES ('CAS_118_08_1', '118-08-1', '118-08-1', 'cas', NULL, 1.0, 'HC-Hotlist') ON CONFLICT(alias_normalized, alias_type, COALESCE(language_code, '')) DO NOTHING;
INSERT OR IGNORE INTO regulatory_fact (canonical_id, jurisdiction, fact_type, status, regulation_ref, product_category, evidence_id) VALUES ('CAS_118_08_1', 'CA_HC', 'prohibited', 'Prohibited in cosmetic products (Health Canada Hotlist)', 'Health Canada Cosmetic Ingredient Hotlist', 'cosmetic', (SELECT id FROM fact_evidence WHERE source_url = 'https://www.canada.ca/en/health-canada/services/consumer-product-safety/cosmetics/cosmetic-ingredient-hotlist-prohibited-restricted-ingredients.html' AND snapshot_date = '2026-04-18' LIMIT 1));
INSERT INTO ingredient (canonical_id, primary_name, ingredient_class, cas_number, category, is_natural) VALUES ('CAS_6592_85_4', 'Hydrastinine and its salts', 'substance', '6592-85-4', 'cosmetic', 0) ON CONFLICT(canonical_id) DO NOTHING;
INSERT INTO ingredient_alias (canonical_id, alias, alias_normalized, alias_type, language_code, confidence, source) VALUES ('CAS_6592_85_4', 'Hydrastinine and its salts', 'hydrastinine and its salts', 'synonym', 'en', 1.0, 'HC-Hotlist') ON CONFLICT(alias_normalized, alias_type, COALESCE(language_code, '')) DO NOTHING;
INSERT INTO ingredient_alias (canonical_id, alias, alias_normalized, alias_type, language_code, confidence, source) VALUES ('CAS_6592_85_4', '6592-85-4', '6592-85-4', 'cas', NULL, 1.0, 'HC-Hotlist') ON CONFLICT(alias_normalized, alias_type, COALESCE(language_code, '')) DO NOTHING;
INSERT OR IGNORE INTO regulatory_fact (canonical_id, jurisdiction, fact_type, status, regulation_ref, product_category, evidence_id) VALUES ('CAS_6592_85_4', 'CA_HC', 'prohibited', 'Prohibited in cosmetic products (Health Canada Hotlist)', 'Health Canada Cosmetic Ingredient Hotlist', 'cosmetic', (SELECT id FROM fact_evidence WHERE source_url = 'https://www.canada.ca/en/health-canada/services/consumer-product-safety/cosmetics/cosmetic-ingredient-hotlist-prohibited-restricted-ingredients.html' AND snapshot_date = '2026-04-18' LIMIT 1));
INSERT INTO ingredient (canonical_id, primary_name, ingredient_class, cas_number, category, is_natural) VALUES ('CAS_54_85_3', 'Hydrazides and their salts', 'substance', '54-85-3', 'cosmetic', 0) ON CONFLICT(canonical_id) DO NOTHING;
INSERT INTO ingredient_alias (canonical_id, alias, alias_normalized, alias_type, language_code, confidence, source) VALUES ('CAS_54_85_3', 'Hydrazides and their salts', 'hydrazides and their salts', 'synonym', 'en', 1.0, 'HC-Hotlist') ON CONFLICT(alias_normalized, alias_type, COALESCE(language_code, '')) DO NOTHING;
INSERT INTO ingredient_alias (canonical_id, alias, alias_normalized, alias_type, language_code, confidence, source) VALUES ('CAS_54_85_3', '54-85-3', '54-85-3', 'cas', NULL, 1.0, 'HC-Hotlist') ON CONFLICT(alias_normalized, alias_type, COALESCE(language_code, '')) DO NOTHING;
INSERT OR IGNORE INTO regulatory_fact (canonical_id, jurisdiction, fact_type, status, regulation_ref, product_category, evidence_id) VALUES ('CAS_54_85_3', 'CA_HC', 'prohibited', 'Prohibited in cosmetic products (Health Canada Hotlist)', 'Health Canada Cosmetic Ingredient Hotlist', 'cosmetic', (SELECT id FROM fact_evidence WHERE source_url = 'https://www.canada.ca/en/health-canada/services/consumer-product-safety/cosmetics/cosmetic-ingredient-hotlist-prohibited-restricted-ingredients.html' AND snapshot_date = '2026-04-18' LIMIT 1));
INSERT INTO ingredient (canonical_id, primary_name, ingredient_class, cas_number, category, is_natural) VALUES ('CAS_302_01_2', 'Hydrazine, its derivatives and their salts', 'substance', '302-01-2', 'cosmetic', 0) ON CONFLICT(canonical_id) DO NOTHING;
INSERT INTO ingredient_alias (canonical_id, alias, alias_normalized, alias_type, language_code, confidence, source) VALUES ('CAS_302_01_2', 'Hydrazine, its derivatives and their salts', 'hydrazine, its derivatives and their salts', 'synonym', 'en', 1.0, 'HC-Hotlist') ON CONFLICT(alias_normalized, alias_type, COALESCE(language_code, '')) DO NOTHING;
INSERT INTO ingredient_alias (canonical_id, alias, alias_normalized, alias_type, language_code, confidence, source) VALUES ('CAS_302_01_2', '302-01-2', '302-01-2', 'cas', NULL, 1.0, 'HC-Hotlist') ON CONFLICT(alias_normalized, alias_type, COALESCE(language_code, '')) DO NOTHING;
INSERT OR IGNORE INTO regulatory_fact (canonical_id, jurisdiction, fact_type, status, regulation_ref, product_category, evidence_id) VALUES ('CAS_302_01_2', 'CA_HC', 'prohibited', 'Prohibited in cosmetic products (Health Canada Hotlist)', 'Health Canada Cosmetic Ingredient Hotlist', 'cosmetic', (SELECT id FROM fact_evidence WHERE source_url = 'https://www.canada.ca/en/health-canada/services/consumer-product-safety/cosmetics/cosmetic-ingredient-hotlist-prohibited-restricted-ingredients.html' AND snapshot_date = '2026-04-18' LIMIT 1));
INSERT INTO ingredient (canonical_id, primary_name, ingredient_class, cas_number, category, is_natural) VALUES ('CAS_13393_93_6', 'Hydroabietyl alcohol', 'substance', '13393-93-6', 'cosmetic', 0) ON CONFLICT(canonical_id) DO NOTHING;
INSERT INTO ingredient_alias (canonical_id, alias, alias_normalized, alias_type, language_code, confidence, source) VALUES ('CAS_13393_93_6', 'Hydroabietyl alcohol', 'hydroabietyl alcohol', 'synonym', 'en', 1.0, 'HC-Hotlist') ON CONFLICT(alias_normalized, alias_type, COALESCE(language_code, '')) DO NOTHING;
INSERT INTO ingredient_alias (canonical_id, alias, alias_normalized, alias_type, language_code, confidence, source) VALUES ('CAS_13393_93_6', '13393-93-6', '13393-93-6', 'cas', NULL, 1.0, 'HC-Hotlist') ON CONFLICT(alias_normalized, alias_type, COALESCE(language_code, '')) DO NOTHING;
INSERT OR IGNORE INTO regulatory_fact (canonical_id, jurisdiction, fact_type, status, regulation_ref, product_category, evidence_id) VALUES ('CAS_13393_93_6', 'CA_HC', 'prohibited', 'Prohibited in cosmetic products (Health Canada Hotlist)', 'Health Canada Cosmetic Ingredient Hotlist', 'cosmetic', (SELECT id FROM fact_evidence WHERE source_url = 'https://www.canada.ca/en/health-canada/services/consumer-product-safety/cosmetics/cosmetic-ingredient-hotlist-prohibited-restricted-ingredients.html' AND snapshot_date = '2026-04-18' LIMIT 1));
INSERT INTO ingredient (canonical_id, primary_name, ingredient_class, cas_number, category, is_natural) VALUES ('CAS_7664_39_3', 'Hydrofluoric acid, its normal salts, its complexes and hydrofluorides', 'substance', '7664-39-3', 'cosmetic', 0) ON CONFLICT(canonical_id) DO NOTHING;
INSERT INTO ingredient_alias (canonical_id, alias, alias_normalized, alias_type, language_code, confidence, source) VALUES ('CAS_7664_39_3', 'Hydrofluoric acid, its normal salts, its complexes and hydrofluorides', 'hydrofluoric acid, its normal salts, its complexes and hydrofluorides', 'synonym', 'en', 1.0, 'HC-Hotlist') ON CONFLICT(alias_normalized, alias_type, COALESCE(language_code, '')) DO NOTHING;
INSERT INTO ingredient_alias (canonical_id, alias, alias_normalized, alias_type, language_code, confidence, source) VALUES ('CAS_7664_39_3', '7664-39-3', '7664-39-3', 'cas', NULL, 1.0, 'HC-Hotlist') ON CONFLICT(alias_normalized, alias_type, COALESCE(language_code, '')) DO NOTHING;
INSERT OR IGNORE INTO regulatory_fact (canonical_id, jurisdiction, fact_type, status, regulation_ref, product_category, evidence_id) VALUES ('CAS_7664_39_3', 'CA_HC', 'prohibited', 'Prohibited in cosmetic products (Health Canada Hotlist)', 'Health Canada Cosmetic Ingredient Hotlist', 'cosmetic', (SELECT id FROM fact_evidence WHERE source_url = 'https://www.canada.ca/en/health-canada/services/consumer-product-safety/cosmetics/cosmetic-ingredient-hotlist-prohibited-restricted-ingredients.html' AND snapshot_date = '2026-04-18' LIMIT 1));
INSERT INTO ingredient (canonical_id, primary_name, ingredient_class, cas_number, category, is_natural) VALUES ('CAS_74_90_8', 'Hydrogen cyanide and its salts', 'substance', '74-90-8', 'cosmetic', 0) ON CONFLICT(canonical_id) DO NOTHING;
INSERT INTO ingredient_alias (canonical_id, alias, alias_normalized, alias_type, language_code, confidence, source) VALUES ('CAS_74_90_8', 'Hydrogen cyanide and its salts', 'hydrogen cyanide and its salts', 'synonym', 'en', 1.0, 'HC-Hotlist') ON CONFLICT(alias_normalized, alias_type, COALESCE(language_code, '')) DO NOTHING;
INSERT INTO ingredient_alias (canonical_id, alias, alias_normalized, alias_type, language_code, confidence, source) VALUES ('CAS_74_90_8', '74-90-8', '74-90-8', 'cas', NULL, 1.0, 'HC-Hotlist') ON CONFLICT(alias_normalized, alias_type, COALESCE(language_code, '')) DO NOTHING;
INSERT OR IGNORE INTO regulatory_fact (canonical_id, jurisdiction, fact_type, status, regulation_ref, product_category, evidence_id) VALUES ('CAS_74_90_8', 'CA_HC', 'prohibited', 'Prohibited in cosmetic products (Health Canada Hotlist)', 'Health Canada Cosmetic Ingredient Hotlist', 'cosmetic', (SELECT id FROM fact_evidence WHERE source_url = 'https://www.canada.ca/en/health-canada/services/consumer-product-safety/cosmetics/cosmetic-ingredient-hotlist-prohibited-restricted-ingredients.html' AND snapshot_date = '2026-04-18' LIMIT 1));
INSERT INTO ingredient (canonical_id, primary_name, ingredient_class, cas_number, category, is_natural) VALUES ('CAS_68_88_2', 'Hydroxyzine', 'substance', '68-88-2', 'cosmetic', 0) ON CONFLICT(canonical_id) DO NOTHING;
INSERT INTO ingredient_alias (canonical_id, alias, alias_normalized, alias_type, language_code, confidence, source) VALUES ('CAS_68_88_2', 'Hydroxyzine', 'hydroxyzine', 'synonym', 'en', 1.0, 'HC-Hotlist') ON CONFLICT(alias_normalized, alias_type, COALESCE(language_code, '')) DO NOTHING;
INSERT INTO ingredient_alias (canonical_id, alias, alias_normalized, alias_type, language_code, confidence, source) VALUES ('CAS_68_88_2', '68-88-2', '68-88-2', 'cas', NULL, 1.0, 'HC-Hotlist') ON CONFLICT(alias_normalized, alias_type, COALESCE(language_code, '')) DO NOTHING;
INSERT OR IGNORE INTO regulatory_fact (canonical_id, jurisdiction, fact_type, status, regulation_ref, product_category, evidence_id) VALUES ('CAS_68_88_2', 'CA_HC', 'prohibited', 'Prohibited in cosmetic products (Health Canada Hotlist)', 'Health Canada Cosmetic Ingredient Hotlist', 'cosmetic', (SELECT id FROM fact_evidence WHERE source_url = 'https://www.canada.ca/en/health-canada/services/consumer-product-safety/cosmetics/cosmetic-ingredient-hotlist-prohibited-restricted-ingredients.html' AND snapshot_date = '2026-04-18' LIMIT 1));
INSERT INTO ingredient (canonical_id, primary_name, ingredient_class, cas_number, category, is_natural) VALUES ('CAS_51_34_3', 'Hyoscine, its salts and derivatives', 'substance', '51-34-3', 'cosmetic', 0) ON CONFLICT(canonical_id) DO NOTHING;
INSERT INTO ingredient_alias (canonical_id, alias, alias_normalized, alias_type, language_code, confidence, source) VALUES ('CAS_51_34_3', 'Hyoscine, its salts and derivatives', 'hyoscine, its salts and derivatives', 'synonym', 'en', 1.0, 'HC-Hotlist') ON CONFLICT(alias_normalized, alias_type, COALESCE(language_code, '')) DO NOTHING;
INSERT INTO ingredient_alias (canonical_id, alias, alias_normalized, alias_type, language_code, confidence, source) VALUES ('CAS_51_34_3', '51-34-3', '51-34-3', 'cas', NULL, 1.0, 'HC-Hotlist') ON CONFLICT(alias_normalized, alias_type, COALESCE(language_code, '')) DO NOTHING;
INSERT OR IGNORE INTO regulatory_fact (canonical_id, jurisdiction, fact_type, status, regulation_ref, product_category, evidence_id) VALUES ('CAS_51_34_3', 'CA_HC', 'prohibited', 'Prohibited in cosmetic products (Health Canada Hotlist)', 'Health Canada Cosmetic Ingredient Hotlist', 'cosmetic', (SELECT id FROM fact_evidence WHERE source_url = 'https://www.canada.ca/en/health-canada/services/consumer-product-safety/cosmetics/cosmetic-ingredient-hotlist-prohibited-restricted-ingredients.html' AND snapshot_date = '2026-04-18' LIMIT 1));
INSERT INTO ingredient (canonical_id, primary_name, ingredient_class, cas_number, category, is_natural) VALUES ('CAS_101_31_5', 'Hyoscyamine its salts and derivatives', 'substance', '101-31-5', 'cosmetic', 0) ON CONFLICT(canonical_id) DO NOTHING;
INSERT INTO ingredient_alias (canonical_id, alias, alias_normalized, alias_type, language_code, confidence, source) VALUES ('CAS_101_31_5', 'Hyoscyamine its salts and derivatives', 'hyoscyamine its salts and derivatives', 'synonym', 'en', 1.0, 'HC-Hotlist') ON CONFLICT(alias_normalized, alias_type, COALESCE(language_code, '')) DO NOTHING;
INSERT INTO ingredient_alias (canonical_id, alias, alias_normalized, alias_type, language_code, confidence, source) VALUES ('CAS_101_31_5', '101-31-5', '101-31-5', 'cas', NULL, 1.0, 'HC-Hotlist') ON CONFLICT(alias_normalized, alias_type, COALESCE(language_code, '')) DO NOTHING;
INSERT OR IGNORE INTO regulatory_fact (canonical_id, jurisdiction, fact_type, status, regulation_ref, product_category, evidence_id) VALUES ('CAS_101_31_5', 'CA_HC', 'prohibited', 'Prohibited in cosmetic products (Health Canada Hotlist)', 'Health Canada Cosmetic Ingredient Hotlist', 'cosmetic', (SELECT id FROM fact_evidence WHERE source_url = 'https://www.canada.ca/en/health-canada/services/consumer-product-safety/cosmetics/cosmetic-ingredient-hotlist-prohibited-restricted-ingredients.html' AND snapshot_date = '2026-04-18' LIMIT 1));
INSERT INTO ingredient (canonical_id, primary_name, ingredient_class, cas_number, category, is_natural) VALUES ('NAME_hyoscyamus_niger_l_leaves_seeds_powder_and_galenical_preparations', 'Hyoscyamus niger L . leaves, seeds, powder, and galenical preparations', 'substance', NULL, 'cosmetic', 0) ON CONFLICT(canonical_id) DO NOTHING;
INSERT INTO ingredient_alias (canonical_id, alias, alias_normalized, alias_type, language_code, confidence, source) VALUES ('NAME_hyoscyamus_niger_l_leaves_seeds_powder_and_galenical_preparations', 'Hyoscyamus niger L . leaves, seeds, powder, and galenical preparations', 'hyoscyamus niger l . leaves, seeds, powder, and galenical preparations', 'synonym', 'en', 1.0, 'HC-Hotlist') ON CONFLICT(alias_normalized, alias_type, COALESCE(language_code, '')) DO NOTHING;
INSERT OR IGNORE INTO regulatory_fact (canonical_id, jurisdiction, fact_type, status, regulation_ref, product_category, evidence_id) VALUES ('NAME_hyoscyamus_niger_l_leaves_seeds_powder_and_galenical_preparations', 'CA_HC', 'prohibited', 'Prohibited in cosmetic products (Health Canada Hotlist)', 'Health Canada Cosmetic Ingredient Hotlist', 'cosmetic', (SELECT id FROM fact_evidence WHERE source_url = 'https://www.canada.ca/en/health-canada/services/consumer-product-safety/cosmetics/cosmetic-ingredient-hotlist-prohibited-restricted-ingredients.html' AND snapshot_date = '2026-04-18' LIMIT 1));
INSERT INTO ingredient (canonical_id, primary_name, ingredient_class, cas_number, category, is_natural) VALUES ('CAS_482_44_0', 'Imperatorin', 'substance', '482-44-0', 'cosmetic', 0) ON CONFLICT(canonical_id) DO NOTHING;
INSERT INTO ingredient_alias (canonical_id, alias, alias_normalized, alias_type, language_code, confidence, source) VALUES ('CAS_482_44_0', 'Imperatorin', 'imperatorin', 'synonym', 'en', 1.0, 'HC-Hotlist') ON CONFLICT(alias_normalized, alias_type, COALESCE(language_code, '')) DO NOTHING;
INSERT INTO ingredient_alias (canonical_id, alias, alias_normalized, alias_type, language_code, confidence, source) VALUES ('CAS_482_44_0', '482-44-0', '482-44-0', 'cas', NULL, 1.0, 'HC-Hotlist') ON CONFLICT(alias_normalized, alias_type, COALESCE(language_code, '')) DO NOTHING;
INSERT OR IGNORE INTO regulatory_fact (canonical_id, jurisdiction, fact_type, status, regulation_ref, product_category, evidence_id) VALUES ('CAS_482_44_0', 'CA_HC', 'prohibited', 'Prohibited in cosmetic products (Health Canada Hotlist)', 'Health Canada Cosmetic Ingredient Hotlist', 'cosmetic', (SELECT id FROM fact_evidence WHERE source_url = 'https://www.canada.ca/en/health-canada/services/consumer-product-safety/cosmetics/cosmetic-ingredient-hotlist-prohibited-restricted-ingredients.html' AND snapshot_date = '2026-04-18' LIMIT 1));
INSERT INTO ingredient (canonical_id, primary_name, ingredient_class, cas_number, category, is_natural) VALUES ('CAS_436_40_8', 'Inproquone', 'substance', '436-40-8', 'cosmetic', 0) ON CONFLICT(canonical_id) DO NOTHING;
INSERT INTO ingredient_alias (canonical_id, alias, alias_normalized, alias_type, language_code, confidence, source) VALUES ('CAS_436_40_8', 'Inproquone', 'inproquone', 'synonym', 'en', 1.0, 'HC-Hotlist') ON CONFLICT(alias_normalized, alias_type, COALESCE(language_code, '')) DO NOTHING;
INSERT INTO ingredient_alias (canonical_id, alias, alias_normalized, alias_type, language_code, confidence, source) VALUES ('CAS_436_40_8', '436-40-8', '436-40-8', 'cas', NULL, 1.0, 'HC-Hotlist') ON CONFLICT(alias_normalized, alias_type, COALESCE(language_code, '')) DO NOTHING;
INSERT OR IGNORE INTO regulatory_fact (canonical_id, jurisdiction, fact_type, status, regulation_ref, product_category, evidence_id) VALUES ('CAS_436_40_8', 'CA_HC', 'prohibited', 'Prohibited in cosmetic products (Health Canada Hotlist)', 'Health Canada Cosmetic Ingredient Hotlist', 'cosmetic', (SELECT id FROM fact_evidence WHERE source_url = 'https://www.canada.ca/en/health-canada/services/consumer-product-safety/cosmetics/cosmetic-ingredient-hotlist-prohibited-restricted-ingredients.html' AND snapshot_date = '2026-04-18' LIMIT 1));
INSERT INTO ingredient (canonical_id, primary_name, ingredient_class, cas_number, category, is_natural) VALUES ('CAS_97676_35_2', 'Inula helenium oil', 'substance', '97676-35-2', 'cosmetic', 0) ON CONFLICT(canonical_id) DO NOTHING;
INSERT INTO ingredient_alias (canonical_id, alias, alias_normalized, alias_type, language_code, confidence, source) VALUES ('CAS_97676_35_2', 'Inula helenium oil', 'inula helenium oil', 'synonym', 'en', 1.0, 'HC-Hotlist') ON CONFLICT(alias_normalized, alias_type, COALESCE(language_code, '')) DO NOTHING;
INSERT INTO ingredient_alias (canonical_id, alias, alias_normalized, alias_type, language_code, confidence, source) VALUES ('CAS_97676_35_2', '97676-35-2', '97676-35-2', 'cas', NULL, 1.0, 'HC-Hotlist') ON CONFLICT(alias_normalized, alias_type, COALESCE(language_code, '')) DO NOTHING;
INSERT OR IGNORE INTO regulatory_fact (canonical_id, jurisdiction, fact_type, status, regulation_ref, product_category, evidence_id) VALUES ('CAS_97676_35_2', 'CA_HC', 'prohibited', 'Prohibited in cosmetic products (Health Canada Hotlist)', 'Health Canada Cosmetic Ingredient Hotlist', 'cosmetic', (SELECT id FROM fact_evidence WHERE source_url = 'https://www.canada.ca/en/health-canada/services/consumer-product-safety/cosmetics/cosmetic-ingredient-hotlist-prohibited-restricted-ingredients.html' AND snapshot_date = '2026-04-18' LIMIT 1));
INSERT INTO ingredient (canonical_id, primary_name, ingredient_class, cas_number, category, is_natural) VALUES ('CAS_7553_56_2', 'Iodine', 'substance', '7553-56-2', 'cosmetic', 0) ON CONFLICT(canonical_id) DO NOTHING;
INSERT INTO ingredient_alias (canonical_id, alias, alias_normalized, alias_type, language_code, confidence, source) VALUES ('CAS_7553_56_2', 'Iodine', 'iodine', 'synonym', 'en', 1.0, 'HC-Hotlist') ON CONFLICT(alias_normalized, alias_type, COALESCE(language_code, '')) DO NOTHING;
INSERT INTO ingredient_alias (canonical_id, alias, alias_normalized, alias_type, language_code, confidence, source) VALUES ('CAS_7553_56_2', '7553-56-2', '7553-56-2', 'cas', NULL, 1.0, 'HC-Hotlist') ON CONFLICT(alias_normalized, alias_type, COALESCE(language_code, '')) DO NOTHING;
INSERT OR IGNORE INTO regulatory_fact (canonical_id, jurisdiction, fact_type, status, regulation_ref, product_category, evidence_id) VALUES ('CAS_7553_56_2', 'CA_HC', 'prohibited', 'Prohibited in cosmetic products (Health Canada Hotlist)', 'Health Canada Cosmetic Ingredient Hotlist', 'cosmetic', (SELECT id FROM fact_evidence WHERE source_url = 'https://www.canada.ca/en/health-canada/services/consumer-product-safety/cosmetics/cosmetic-ingredient-hotlist-prohibited-restricted-ingredients.html' AND snapshot_date = '2026-04-18' LIMIT 1));
INSERT INTO ingredient (canonical_id, primary_name, ingredient_class, cas_number, category, is_natural) VALUES ('CAS_59_63_2', 'Isocarboxazide', 'substance', '59-63-2', 'cosmetic', 0) ON CONFLICT(canonical_id) DO NOTHING;
INSERT INTO ingredient_alias (canonical_id, alias, alias_normalized, alias_type, language_code, confidence, source) VALUES ('CAS_59_63_2', 'Isocarboxazide', 'isocarboxazide', 'synonym', 'en', 1.0, 'HC-Hotlist') ON CONFLICT(alias_normalized, alias_type, COALESCE(language_code, '')) DO NOTHING;
INSERT INTO ingredient_alias (canonical_id, alias, alias_normalized, alias_type, language_code, confidence, source) VALUES ('CAS_59_63_2', '59-63-2', '59-63-2', 'cas', NULL, 1.0, 'HC-Hotlist') ON CONFLICT(alias_normalized, alias_type, COALESCE(language_code, '')) DO NOTHING;
INSERT OR IGNORE INTO regulatory_fact (canonical_id, jurisdiction, fact_type, status, regulation_ref, product_category, evidence_id) VALUES ('CAS_59_63_2', 'CA_HC', 'prohibited', 'Prohibited in cosmetic products (Health Canada Hotlist)', 'Health Canada Cosmetic Ingredient Hotlist', 'cosmetic', (SELECT id FROM fact_evidence WHERE source_url = 'https://www.canada.ca/en/health-canada/services/consumer-product-safety/cosmetics/cosmetic-ingredient-hotlist-prohibited-restricted-ingredients.html' AND snapshot_date = '2026-04-18' LIMIT 1));
INSERT INTO ingredient (canonical_id, primary_name, ingredient_class, cas_number, category, is_natural) VALUES ('CAS_465_73_6', 'Isodrin', 'substance', '465-73-6', 'cosmetic', 0) ON CONFLICT(canonical_id) DO NOTHING;
INSERT INTO ingredient_alias (canonical_id, alias, alias_normalized, alias_type, language_code, confidence, source) VALUES ('CAS_465_73_6', 'Isodrin', 'isodrin', 'synonym', 'en', 1.0, 'HC-Hotlist') ON CONFLICT(alias_normalized, alias_type, COALESCE(language_code, '')) DO NOTHING;
INSERT INTO ingredient_alias (canonical_id, alias, alias_normalized, alias_type, language_code, confidence, source) VALUES ('CAS_465_73_6', '465-73-6', '465-73-6', 'cas', NULL, 1.0, 'HC-Hotlist') ON CONFLICT(alias_normalized, alias_type, COALESCE(language_code, '')) DO NOTHING;
INSERT OR IGNORE INTO regulatory_fact (canonical_id, jurisdiction, fact_type, status, regulation_ref, product_category, evidence_id) VALUES ('CAS_465_73_6', 'CA_HC', 'prohibited', 'Prohibited in cosmetic products (Health Canada Hotlist)', 'Health Canada Cosmetic Ingredient Hotlist', 'cosmetic', (SELECT id FROM fact_evidence WHERE source_url = 'https://www.canada.ca/en/health-canada/services/consumer-product-safety/cosmetics/cosmetic-ingredient-hotlist-prohibited-restricted-ingredients.html' AND snapshot_date = '2026-04-18' LIMIT 1));
INSERT INTO ingredient (canonical_id, primary_name, ingredient_class, cas_number, category, is_natural) VALUES ('CAS_503_01_5', 'Isometheptene and its salts', 'substance', '503-01-5', 'cosmetic', 0) ON CONFLICT(canonical_id) DO NOTHING;
INSERT INTO ingredient_alias (canonical_id, alias, alias_normalized, alias_type, language_code, confidence, source) VALUES ('CAS_503_01_5', 'Isometheptene and its salts', 'isometheptene and its salts', 'synonym', 'en', 1.0, 'HC-Hotlist') ON CONFLICT(alias_normalized, alias_type, COALESCE(language_code, '')) DO NOTHING;
INSERT INTO ingredient_alias (canonical_id, alias, alias_normalized, alias_type, language_code, confidence, source) VALUES ('CAS_503_01_5', '503-01-5', '503-01-5', 'cas', NULL, 1.0, 'HC-Hotlist') ON CONFLICT(alias_normalized, alias_type, COALESCE(language_code, '')) DO NOTHING;
INSERT OR IGNORE INTO regulatory_fact (canonical_id, jurisdiction, fact_type, status, regulation_ref, product_category, evidence_id) VALUES ('CAS_503_01_5', 'CA_HC', 'prohibited', 'Prohibited in cosmetic products (Health Canada Hotlist)', 'Health Canada Cosmetic Ingredient Hotlist', 'cosmetic', (SELECT id FROM fact_evidence WHERE source_url = 'https://www.canada.ca/en/health-canada/services/consumer-product-safety/cosmetics/cosmetic-ingredient-hotlist-prohibited-restricted-ingredients.html' AND snapshot_date = '2026-04-18' LIMIT 1));
INSERT INTO ingredient (canonical_id, primary_name, ingredient_class, cas_number, category, is_natural) VALUES ('CAS_78_59_1', 'Isophorone', 'substance', '78-59-1', 'cosmetic', 0) ON CONFLICT(canonical_id) DO NOTHING;
INSERT INTO ingredient_alias (canonical_id, alias, alias_normalized, alias_type, language_code, confidence, source) VALUES ('CAS_78_59_1', 'Isophorone', 'isophorone', 'synonym', 'en', 1.0, 'HC-Hotlist') ON CONFLICT(alias_normalized, alias_type, COALESCE(language_code, '')) DO NOTHING;
INSERT INTO ingredient_alias (canonical_id, alias, alias_normalized, alias_type, language_code, confidence, source) VALUES ('CAS_78_59_1', '78-59-1', '78-59-1', 'cas', NULL, 1.0, 'HC-Hotlist') ON CONFLICT(alias_normalized, alias_type, COALESCE(language_code, '')) DO NOTHING;
INSERT OR IGNORE INTO regulatory_fact (canonical_id, jurisdiction, fact_type, status, regulation_ref, product_category, evidence_id) VALUES ('CAS_78_59_1', 'CA_HC', 'prohibited', 'Prohibited in cosmetic products (Health Canada Hotlist)', 'Health Canada Cosmetic Ingredient Hotlist', 'cosmetic', (SELECT id FROM fact_evidence WHERE source_url = 'https://www.canada.ca/en/health-canada/services/consumer-product-safety/cosmetics/cosmetic-ingredient-hotlist-prohibited-restricted-ingredients.html' AND snapshot_date = '2026-04-18' LIMIT 1));
INSERT INTO ingredient (canonical_id, primary_name, ingredient_class, cas_number, category, is_natural) VALUES ('CAS_7683_59_2', 'Isoprenaline', 'substance', '7683-59-2', 'cosmetic', 0) ON CONFLICT(canonical_id) DO NOTHING;
INSERT INTO ingredient_alias (canonical_id, alias, alias_normalized, alias_type, language_code, confidence, source) VALUES ('CAS_7683_59_2', 'Isoprenaline', 'isoprenaline', 'synonym', 'en', 1.0, 'HC-Hotlist') ON CONFLICT(alias_normalized, alias_type, COALESCE(language_code, '')) DO NOTHING;
INSERT INTO ingredient_alias (canonical_id, alias, alias_normalized, alias_type, language_code, confidence, source) VALUES ('CAS_7683_59_2', '7683-59-2', '7683-59-2', 'cas', NULL, 1.0, 'HC-Hotlist') ON CONFLICT(alias_normalized, alias_type, COALESCE(language_code, '')) DO NOTHING;
INSERT OR IGNORE INTO regulatory_fact (canonical_id, jurisdiction, fact_type, status, regulation_ref, product_category, evidence_id) VALUES ('CAS_7683_59_2', 'CA_HC', 'prohibited', 'Prohibited in cosmetic products (Health Canada Hotlist)', 'Health Canada Cosmetic Ingredient Hotlist', 'cosmetic', (SELECT id FROM fact_evidence WHERE source_url = 'https://www.canada.ca/en/health-canada/services/consumer-product-safety/cosmetics/cosmetic-ingredient-hotlist-prohibited-restricted-ingredients.html' AND snapshot_date = '2026-04-18' LIMIT 1));
INSERT INTO ingredient (canonical_id, primary_name, ingredient_class, cas_number, category, is_natural) VALUES ('CAS_78_79_5', 'Isoprene monomer', 'substance', '78-79-5', 'cosmetic', 0) ON CONFLICT(canonical_id) DO NOTHING;
INSERT INTO ingredient_alias (canonical_id, alias, alias_normalized, alias_type, language_code, confidence, source) VALUES ('CAS_78_79_5', 'Isoprene monomer', 'isoprene monomer', 'synonym', 'en', 1.0, 'HC-Hotlist') ON CONFLICT(alias_normalized, alias_type, COALESCE(language_code, '')) DO NOTHING;
INSERT INTO ingredient_alias (canonical_id, alias, alias_normalized, alias_type, language_code, confidence, source) VALUES ('CAS_78_79_5', '78-79-5', '78-79-5', 'cas', NULL, 1.0, 'HC-Hotlist') ON CONFLICT(alias_normalized, alias_type, COALESCE(language_code, '')) DO NOTHING;
INSERT OR IGNORE INTO regulatory_fact (canonical_id, jurisdiction, fact_type, status, regulation_ref, product_category, evidence_id) VALUES ('CAS_78_79_5', 'CA_HC', 'prohibited', 'Prohibited in cosmetic products (Health Canada Hotlist)', 'Health Canada Cosmetic Ingredient Hotlist', 'cosmetic', (SELECT id FROM fact_evidence WHERE source_url = 'https://www.canada.ca/en/health-canada/services/consumer-product-safety/cosmetics/cosmetic-ingredient-hotlist-prohibited-restricted-ingredients.html' AND snapshot_date = '2026-04-18' LIMIT 1));
INSERT INTO ingredient (canonical_id, primary_name, ingredient_class, cas_number, category, is_natural) VALUES ('NAME_isopropamide_salts', 'Isopropamide salts', 'substance', NULL, 'cosmetic', 0) ON CONFLICT(canonical_id) DO NOTHING;
INSERT INTO ingredient_alias (canonical_id, alias, alias_normalized, alias_type, language_code, confidence, source) VALUES ('NAME_isopropamide_salts', 'Isopropamide salts', 'isopropamide salts', 'synonym', 'en', 1.0, 'HC-Hotlist') ON CONFLICT(alias_normalized, alias_type, COALESCE(language_code, '')) DO NOTHING;
INSERT OR IGNORE INTO regulatory_fact (canonical_id, jurisdiction, fact_type, status, regulation_ref, product_category, evidence_id) VALUES ('NAME_isopropamide_salts', 'CA_HC', 'prohibited', 'Prohibited in cosmetic products (Health Canada Hotlist)', 'Health Canada Cosmetic Ingredient Hotlist', 'cosmetic', (SELECT id FROM fact_evidence WHERE source_url = 'https://www.canada.ca/en/health-canada/services/consumer-product-safety/cosmetics/cosmetic-ingredient-hotlist-prohibited-restricted-ingredients.html' AND snapshot_date = '2026-04-18' LIMIT 1));
INSERT INTO ingredient (canonical_id, primary_name, ingredient_class, cas_number, category, is_natural) VALUES ('CAS_87_33_2', 'Isosorbide dinitrate', 'substance', '87-33-2', 'cosmetic', 0) ON CONFLICT(canonical_id) DO NOTHING;
INSERT INTO ingredient_alias (canonical_id, alias, alias_normalized, alias_type, language_code, confidence, source) VALUES ('CAS_87_33_2', 'Isosorbide dinitrate', 'isosorbide dinitrate', 'synonym', 'en', 1.0, 'HC-Hotlist') ON CONFLICT(alias_normalized, alias_type, COALESCE(language_code, '')) DO NOTHING;
INSERT INTO ingredient_alias (canonical_id, alias, alias_normalized, alias_type, language_code, confidence, source) VALUES ('CAS_87_33_2', '87-33-2', '87-33-2', 'cas', NULL, 1.0, 'HC-Hotlist') ON CONFLICT(alias_normalized, alias_type, COALESCE(language_code, '')) DO NOTHING;
INSERT OR IGNORE INTO regulatory_fact (canonical_id, jurisdiction, fact_type, status, regulation_ref, product_category, evidence_id) VALUES ('CAS_87_33_2', 'CA_HC', 'prohibited', 'Prohibited in cosmetic products (Health Canada Hotlist)', 'Health Canada Cosmetic Ingredient Hotlist', 'cosmetic', (SELECT id FROM fact_evidence WHERE source_url = 'https://www.canada.ca/en/health-canada/services/consumer-product-safety/cosmetics/cosmetic-ingredient-hotlist-prohibited-restricted-ingredients.html' AND snapshot_date = '2026-04-18' LIMIT 1));
INSERT INTO ingredient (canonical_id, primary_name, ingredient_class, cas_number, category, is_natural) VALUES ('CAS_68916_94_9', 'Juniperus sabina L . leaves, essential oil and galenical preparations', 'substance', '68916-94-9', 'cosmetic', 0) ON CONFLICT(canonical_id) DO NOTHING;
INSERT INTO ingredient_alias (canonical_id, alias, alias_normalized, alias_type, language_code, confidence, source) VALUES ('CAS_68916_94_9', 'Juniperus sabina L . leaves, essential oil and galenical preparations', 'juniperus sabina l . leaves, essential oil and galenical preparations', 'synonym', 'en', 1.0, 'HC-Hotlist') ON CONFLICT(alias_normalized, alias_type, COALESCE(language_code, '')) DO NOTHING;
INSERT INTO ingredient_alias (canonical_id, alias, alias_normalized, alias_type, language_code, confidence, source) VALUES ('CAS_68916_94_9', '68916-94-9', '68916-94-9', 'cas', NULL, 1.0, 'HC-Hotlist') ON CONFLICT(alias_normalized, alias_type, COALESCE(language_code, '')) DO NOTHING;
INSERT OR IGNORE INTO regulatory_fact (canonical_id, jurisdiction, fact_type, status, regulation_ref, product_category, evidence_id) VALUES ('CAS_68916_94_9', 'CA_HC', 'prohibited', 'Prohibited in cosmetic products (Health Canada Hotlist)', 'Health Canada Cosmetic Ingredient Hotlist', 'cosmetic', (SELECT id FROM fact_evidence WHERE source_url = 'https://www.canada.ca/en/health-canada/services/consumer-product-safety/cosmetics/cosmetic-ingredient-hotlist-prohibited-restricted-ingredients.html' AND snapshot_date = '2026-04-18' LIMIT 1));
INSERT INTO ingredient (canonical_id, primary_name, ingredient_class, cas_number, category, is_natural) VALUES ('CAS_8007_48_5', 'Laurus nobilis L ., oil from the seeds of', 'substance', '8007-48-5', 'cosmetic', 0) ON CONFLICT(canonical_id) DO NOTHING;
INSERT INTO ingredient_alias (canonical_id, alias, alias_normalized, alias_type, language_code, confidence, source) VALUES ('CAS_8007_48_5', 'Laurus nobilis L ., oil from the seeds of', 'laurus nobilis l ., oil from the seeds of', 'synonym', 'en', 1.0, 'HC-Hotlist') ON CONFLICT(alias_normalized, alias_type, COALESCE(language_code, '')) DO NOTHING;
INSERT INTO ingredient_alias (canonical_id, alias, alias_normalized, alias_type, language_code, confidence, source) VALUES ('CAS_8007_48_5', '8007-48-5', '8007-48-5', 'cas', NULL, 1.0, 'HC-Hotlist') ON CONFLICT(alias_normalized, alias_type, COALESCE(language_code, '')) DO NOTHING;
INSERT OR IGNORE INTO regulatory_fact (canonical_id, jurisdiction, fact_type, status, regulation_ref, product_category, evidence_id) VALUES ('CAS_8007_48_5', 'CA_HC', 'prohibited', 'Prohibited in cosmetic products (Health Canada Hotlist)', 'Health Canada Cosmetic Ingredient Hotlist', 'cosmetic', (SELECT id FROM fact_evidence WHERE source_url = 'https://www.canada.ca/en/health-canada/services/consumer-product-safety/cosmetics/cosmetic-ingredient-hotlist-prohibited-restricted-ingredients.html' AND snapshot_date = '2026-04-18' LIMIT 1));
INSERT INTO ingredient (canonical_id, primary_name, ingredient_class, cas_number, category, is_natural) VALUES ('CAS_301_04_2', 'Lead acetate', 'substance', '301-04-2', 'cosmetic', 0) ON CONFLICT(canonical_id) DO NOTHING;
INSERT INTO ingredient_alias (canonical_id, alias, alias_normalized, alias_type, language_code, confidence, source) VALUES ('CAS_301_04_2', 'Lead acetate', 'lead acetate', 'synonym', 'en', 1.0, 'HC-Hotlist') ON CONFLICT(alias_normalized, alias_type, COALESCE(language_code, '')) DO NOTHING;
INSERT INTO ingredient_alias (canonical_id, alias, alias_normalized, alias_type, language_code, confidence, source) VALUES ('CAS_301_04_2', '301-04-2', '301-04-2', 'cas', NULL, 1.0, 'HC-Hotlist') ON CONFLICT(alias_normalized, alias_type, COALESCE(language_code, '')) DO NOTHING;
INSERT OR IGNORE INTO regulatory_fact (canonical_id, jurisdiction, fact_type, status, regulation_ref, product_category, evidence_id) VALUES ('CAS_301_04_2', 'CA_HC', 'prohibited', 'Prohibited in cosmetic products (Health Canada Hotlist)', 'Health Canada Cosmetic Ingredient Hotlist', 'cosmetic', (SELECT id FROM fact_evidence WHERE source_url = 'https://www.canada.ca/en/health-canada/services/consumer-product-safety/cosmetics/cosmetic-ingredient-hotlist-prohibited-restricted-ingredients.html' AND snapshot_date = '2026-04-18' LIMIT 1));
INSERT INTO ingredient (canonical_id, primary_name, ingredient_class, cas_number, category, is_natural) VALUES ('CAS_7439_92_1', 'Lead and its compounds', 'substance', '7439-92-1', 'cosmetic', 0) ON CONFLICT(canonical_id) DO NOTHING;
INSERT INTO ingredient_alias (canonical_id, alias, alias_normalized, alias_type, language_code, confidence, source) VALUES ('CAS_7439_92_1', 'Lead and its compounds', 'lead and its compounds', 'synonym', 'en', 1.0, 'HC-Hotlist') ON CONFLICT(alias_normalized, alias_type, COALESCE(language_code, '')) DO NOTHING;
INSERT INTO ingredient_alias (canonical_id, alias, alias_normalized, alias_type, language_code, confidence, source) VALUES ('CAS_7439_92_1', '7439-92-1', '7439-92-1', 'cas', NULL, 1.0, 'HC-Hotlist') ON CONFLICT(alias_normalized, alias_type, COALESCE(language_code, '')) DO NOTHING;
INSERT OR IGNORE INTO regulatory_fact (canonical_id, jurisdiction, fact_type, status, regulation_ref, product_category, evidence_id) VALUES ('CAS_7439_92_1', 'CA_HC', 'prohibited', 'Prohibited in cosmetic products (Health Canada Hotlist)', 'Health Canada Cosmetic Ingredient Hotlist', 'cosmetic', (SELECT id FROM fact_evidence WHERE source_url = 'https://www.canada.ca/en/health-canada/services/consumer-product-safety/cosmetics/cosmetic-ingredient-hotlist-prohibited-restricted-ingredients.html' AND snapshot_date = '2026-04-18' LIMIT 1));
INSERT INTO ingredient (canonical_id, primary_name, ingredient_class, cas_number, category, is_natural) VALUES ('CAS_24558_01_8', 'Levophacetoperane and its salts', 'substance', '24558-01-8', 'cosmetic', 0) ON CONFLICT(canonical_id) DO NOTHING;
INSERT INTO ingredient_alias (canonical_id, alias, alias_normalized, alias_type, language_code, confidence, source) VALUES ('CAS_24558_01_8', 'Levophacetoperane and its salts', 'levophacetoperane and its salts', 'synonym', 'en', 1.0, 'HC-Hotlist') ON CONFLICT(alias_normalized, alias_type, COALESCE(language_code, '')) DO NOTHING;
INSERT INTO ingredient_alias (canonical_id, alias, alias_normalized, alias_type, language_code, confidence, source) VALUES ('CAS_24558_01_8', '24558-01-8', '24558-01-8', 'cas', NULL, 1.0, 'HC-Hotlist') ON CONFLICT(alias_normalized, alias_type, COALESCE(language_code, '')) DO NOTHING;
INSERT OR IGNORE INTO regulatory_fact (canonical_id, jurisdiction, fact_type, status, regulation_ref, product_category, evidence_id) VALUES ('CAS_24558_01_8', 'CA_HC', 'prohibited', 'Prohibited in cosmetic products (Health Canada Hotlist)', 'Health Canada Cosmetic Ingredient Hotlist', 'cosmetic', (SELECT id FROM fact_evidence WHERE source_url = 'https://www.canada.ca/en/health-canada/services/consumer-product-safety/cosmetics/cosmetic-ingredient-hotlist-prohibited-restricted-ingredients.html' AND snapshot_date = '2026-04-18' LIMIT 1));
INSERT INTO ingredient (canonical_id, primary_name, ingredient_class, cas_number, category, is_natural) VALUES ('CAS_137_58_6', 'Lidocaine', 'substance', '137-58-6', 'cosmetic', 0) ON CONFLICT(canonical_id) DO NOTHING;
INSERT INTO ingredient_alias (canonical_id, alias, alias_normalized, alias_type, language_code, confidence, source) VALUES ('CAS_137_58_6', 'Lidocaine', 'lidocaine', 'synonym', 'en', 1.0, 'HC-Hotlist') ON CONFLICT(alias_normalized, alias_type, COALESCE(language_code, '')) DO NOTHING;
INSERT INTO ingredient_alias (canonical_id, alias, alias_normalized, alias_type, language_code, confidence, source) VALUES ('CAS_137_58_6', '137-58-6', '137-58-6', 'cas', NULL, 1.0, 'HC-Hotlist') ON CONFLICT(alias_normalized, alias_type, COALESCE(language_code, '')) DO NOTHING;
INSERT OR IGNORE INTO regulatory_fact (canonical_id, jurisdiction, fact_type, status, regulation_ref, product_category, evidence_id) VALUES ('CAS_137_58_6', 'CA_HC', 'prohibited', 'Prohibited in cosmetic products (Health Canada Hotlist)', 'Health Canada Cosmetic Ingredient Hotlist', 'cosmetic', (SELECT id FROM fact_evidence WHERE source_url = 'https://www.canada.ca/en/health-canada/services/consumer-product-safety/cosmetics/cosmetic-ingredient-hotlist-prohibited-restricted-ingredients.html' AND snapshot_date = '2026-04-18' LIMIT 1));
INSERT INTO ingredient (canonical_id, primary_name, ingredient_class, cas_number, category, is_natural) VALUES ('CAS_58_89_9', 'Lindane', 'substance', '58-89-9', 'cosmetic', 0) ON CONFLICT(canonical_id) DO NOTHING;
INSERT INTO ingredient_alias (canonical_id, alias, alias_normalized, alias_type, language_code, confidence, source) VALUES ('CAS_58_89_9', 'Lindane', 'lindane', 'synonym', 'en', 1.0, 'HC-Hotlist') ON CONFLICT(alias_normalized, alias_type, COALESCE(language_code, '')) DO NOTHING;
INSERT INTO ingredient_alias (canonical_id, alias, alias_normalized, alias_type, language_code, confidence, source) VALUES ('CAS_58_89_9', '58-89-9', '58-89-9', 'cas', NULL, 1.0, 'HC-Hotlist') ON CONFLICT(alias_normalized, alias_type, COALESCE(language_code, '')) DO NOTHING;
INSERT OR IGNORE INTO regulatory_fact (canonical_id, jurisdiction, fact_type, status, regulation_ref, product_category, evidence_id) VALUES ('CAS_58_89_9', 'CA_HC', 'prohibited', 'Prohibited in cosmetic products (Health Canada Hotlist)', 'Health Canada Cosmetic Ingredient Hotlist', 'cosmetic', (SELECT id FROM fact_evidence WHERE source_url = 'https://www.canada.ca/en/health-canada/services/consumer-product-safety/cosmetics/cosmetic-ingredient-hotlist-prohibited-restricted-ingredients.html' AND snapshot_date = '2026-04-18' LIMIT 1));
INSERT INTO ingredient (canonical_id, primary_name, ingredient_class, cas_number, category, is_natural) VALUES ('NAME_lobelia_inflata_l_and_its_galenical_preparations', 'Lobelia inflata L . and its galenical preparations', 'substance', NULL, 'cosmetic', 0) ON CONFLICT(canonical_id) DO NOTHING;
INSERT INTO ingredient_alias (canonical_id, alias, alias_normalized, alias_type, language_code, confidence, source) VALUES ('NAME_lobelia_inflata_l_and_its_galenical_preparations', 'Lobelia inflata L . and its galenical preparations', 'lobelia inflata l . and its galenical preparations', 'synonym', 'en', 1.0, 'HC-Hotlist') ON CONFLICT(alias_normalized, alias_type, COALESCE(language_code, '')) DO NOTHING;
INSERT OR IGNORE INTO regulatory_fact (canonical_id, jurisdiction, fact_type, status, regulation_ref, product_category, evidence_id) VALUES ('NAME_lobelia_inflata_l_and_its_galenical_preparations', 'CA_HC', 'prohibited', 'Prohibited in cosmetic products (Health Canada Hotlist)', 'Health Canada Cosmetic Ingredient Hotlist', 'cosmetic', (SELECT id FROM fact_evidence WHERE source_url = 'https://www.canada.ca/en/health-canada/services/consumer-product-safety/cosmetics/cosmetic-ingredient-hotlist-prohibited-restricted-ingredients.html' AND snapshot_date = '2026-04-18' LIMIT 1));
INSERT INTO ingredient (canonical_id, primary_name, ingredient_class, cas_number, category, is_natural) VALUES ('CAS_90_69_7', 'Lobeline and its salts', 'substance', '90-69-7', 'cosmetic', 0) ON CONFLICT(canonical_id) DO NOTHING;
INSERT INTO ingredient_alias (canonical_id, alias, alias_normalized, alias_type, language_code, confidence, source) VALUES ('CAS_90_69_7', 'Lobeline and its salts', 'lobeline and its salts', 'synonym', 'en', 1.0, 'HC-Hotlist') ON CONFLICT(alias_normalized, alias_type, COALESCE(language_code, '')) DO NOTHING;
INSERT INTO ingredient_alias (canonical_id, alias, alias_normalized, alias_type, language_code, confidence, source) VALUES ('CAS_90_69_7', '90-69-7', '90-69-7', 'cas', NULL, 1.0, 'HC-Hotlist') ON CONFLICT(alias_normalized, alias_type, COALESCE(language_code, '')) DO NOTHING;
INSERT OR IGNORE INTO regulatory_fact (canonical_id, jurisdiction, fact_type, status, regulation_ref, product_category, evidence_id) VALUES ('CAS_90_69_7', 'CA_HC', 'prohibited', 'Prohibited in cosmetic products (Health Canada Hotlist)', 'Health Canada Cosmetic Ingredient Hotlist', 'cosmetic', (SELECT id FROM fact_evidence WHERE source_url = 'https://www.canada.ca/en/health-canada/services/consumer-product-safety/cosmetics/cosmetic-ingredient-hotlist-prohibited-restricted-ingredients.html' AND snapshot_date = '2026-04-18' LIMIT 1));
INSERT INTO ingredient (canonical_id, primary_name, ingredient_class, cas_number, category, is_natural) VALUES ('CAS_50_37_3', 'Lysergide and its salts', 'substance', '50-37-3', 'cosmetic', 0) ON CONFLICT(canonical_id) DO NOTHING;
INSERT INTO ingredient_alias (canonical_id, alias, alias_normalized, alias_type, language_code, confidence, source) VALUES ('CAS_50_37_3', 'Lysergide and its salts', 'lysergide and its salts', 'synonym', 'en', 1.0, 'HC-Hotlist') ON CONFLICT(alias_normalized, alias_type, COALESCE(language_code, '')) DO NOTHING;
INSERT INTO ingredient_alias (canonical_id, alias, alias_normalized, alias_type, language_code, confidence, source) VALUES ('CAS_50_37_3', '50-37-3', '50-37-3', 'cas', NULL, 1.0, 'HC-Hotlist') ON CONFLICT(alias_normalized, alias_type, COALESCE(language_code, '')) DO NOTHING;
INSERT OR IGNORE INTO regulatory_fact (canonical_id, jurisdiction, fact_type, status, regulation_ref, product_category, evidence_id) VALUES ('CAS_50_37_3', 'CA_HC', 'prohibited', 'Prohibited in cosmetic products (Health Canada Hotlist)', 'Health Canada Cosmetic Ingredient Hotlist', 'cosmetic', (SELECT id FROM fact_evidence WHERE source_url = 'https://www.canada.ca/en/health-canada/services/consumer-product-safety/cosmetics/cosmetic-ingredient-hotlist-prohibited-restricted-ingredients.html' AND snapshot_date = '2026-04-18' LIMIT 1));
INSERT INTO ingredient (canonical_id, primary_name, ingredient_class, cas_number, category, is_natural) VALUES ('CAS_109_77_3', 'Malononitrile', 'substance', '109-77-3', 'cosmetic', 0) ON CONFLICT(canonical_id) DO NOTHING;
INSERT INTO ingredient_alias (canonical_id, alias, alias_normalized, alias_type, language_code, confidence, source) VALUES ('CAS_109_77_3', 'Malononitrile', 'malononitrile', 'synonym', 'en', 1.0, 'HC-Hotlist') ON CONFLICT(alias_normalized, alias_type, COALESCE(language_code, '')) DO NOTHING;
INSERT INTO ingredient_alias (canonical_id, alias, alias_normalized, alias_type, language_code, confidence, source) VALUES ('CAS_109_77_3', '109-77-3', '109-77-3', 'cas', NULL, 1.0, 'HC-Hotlist') ON CONFLICT(alias_normalized, alias_type, COALESCE(language_code, '')) DO NOTHING;
INSERT OR IGNORE INTO regulatory_fact (canonical_id, jurisdiction, fact_type, status, regulation_ref, product_category, evidence_id) VALUES ('CAS_109_77_3', 'CA_HC', 'prohibited', 'Prohibited in cosmetic products (Health Canada Hotlist)', 'Health Canada Cosmetic Ingredient Hotlist', 'cosmetic', (SELECT id FROM fact_evidence WHERE source_url = 'https://www.canada.ca/en/health-canada/services/consumer-product-safety/cosmetics/cosmetic-ingredient-hotlist-prohibited-restricted-ingredients.html' AND snapshot_date = '2026-04-18' LIMIT 1));
INSERT INTO ingredient (canonical_id, primary_name, ingredient_class, cas_number, category, is_natural) VALUES ('CAS_576_68_1', 'Mannomustine and its salts', 'substance', '576-68-1', 'cosmetic', 0) ON CONFLICT(canonical_id) DO NOTHING;
INSERT INTO ingredient_alias (canonical_id, alias, alias_normalized, alias_type, language_code, confidence, source) VALUES ('CAS_576_68_1', 'Mannomustine and its salts', 'mannomustine and its salts', 'synonym', 'en', 1.0, 'HC-Hotlist') ON CONFLICT(alias_normalized, alias_type, COALESCE(language_code, '')) DO NOTHING;
INSERT INTO ingredient_alias (canonical_id, alias, alias_normalized, alias_type, language_code, confidence, source) VALUES ('CAS_576_68_1', '576-68-1', '576-68-1', 'cas', NULL, 1.0, 'HC-Hotlist') ON CONFLICT(alias_normalized, alias_type, COALESCE(language_code, '')) DO NOTHING;
INSERT OR IGNORE INTO regulatory_fact (canonical_id, jurisdiction, fact_type, status, regulation_ref, product_category, evidence_id) VALUES ('CAS_576_68_1', 'CA_HC', 'prohibited', 'Prohibited in cosmetic products (Health Canada Hotlist)', 'Health Canada Cosmetic Ingredient Hotlist', 'cosmetic', (SELECT id FROM fact_evidence WHERE source_url = 'https://www.canada.ca/en/health-canada/services/consumer-product-safety/cosmetics/cosmetic-ingredient-hotlist-prohibited-restricted-ingredients.html' AND snapshot_date = '2026-04-18' LIMIT 1));
INSERT INTO ingredient (canonical_id, primary_name, ingredient_class, cas_number, category, is_natural) VALUES ('CAS_60_40_2', 'Mecamylamine', 'substance', '60-40-2', 'cosmetic', 0) ON CONFLICT(canonical_id) DO NOTHING;
INSERT INTO ingredient_alias (canonical_id, alias, alias_normalized, alias_type, language_code, confidence, source) VALUES ('CAS_60_40_2', 'Mecamylamine', 'mecamylamine', 'synonym', 'en', 1.0, 'HC-Hotlist') ON CONFLICT(alias_normalized, alias_type, COALESCE(language_code, '')) DO NOTHING;
INSERT INTO ingredient_alias (canonical_id, alias, alias_normalized, alias_type, language_code, confidence, source) VALUES ('CAS_60_40_2', '60-40-2', '60-40-2', 'cas', NULL, 1.0, 'HC-Hotlist') ON CONFLICT(alias_normalized, alias_type, COALESCE(language_code, '')) DO NOTHING;
INSERT OR IGNORE INTO regulatory_fact (canonical_id, jurisdiction, fact_type, status, regulation_ref, product_category, evidence_id) VALUES ('CAS_60_40_2', 'CA_HC', 'prohibited', 'Prohibited in cosmetic products (Health Canada Hotlist)', 'Health Canada Cosmetic Ingredient Hotlist', 'cosmetic', (SELECT id FROM fact_evidence WHERE source_url = 'https://www.canada.ca/en/health-canada/services/consumer-product-safety/cosmetics/cosmetic-ingredient-hotlist-prohibited-restricted-ingredients.html' AND snapshot_date = '2026-04-18' LIMIT 1));
INSERT INTO ingredient (canonical_id, primary_name, ingredient_class, cas_number, category, is_natural) VALUES ('CAS_1243_33_0', 'Mefeclorazine and its salts', 'substance', '1243-33-0', 'cosmetic', 0) ON CONFLICT(canonical_id) DO NOTHING;
INSERT INTO ingredient_alias (canonical_id, alias, alias_normalized, alias_type, language_code, confidence, source) VALUES ('CAS_1243_33_0', 'Mefeclorazine and its salts', 'mefeclorazine and its salts', 'synonym', 'en', 1.0, 'HC-Hotlist') ON CONFLICT(alias_normalized, alias_type, COALESCE(language_code, '')) DO NOTHING;
INSERT INTO ingredient_alias (canonical_id, alias, alias_normalized, alias_type, language_code, confidence, source) VALUES ('CAS_1243_33_0', '1243-33-0', '1243-33-0', 'cas', NULL, 1.0, 'HC-Hotlist') ON CONFLICT(alias_normalized, alias_type, COALESCE(language_code, '')) DO NOTHING;
INSERT OR IGNORE INTO regulatory_fact (canonical_id, jurisdiction, fact_type, status, regulation_ref, product_category, evidence_id) VALUES ('CAS_1243_33_0', 'CA_HC', 'prohibited', 'Prohibited in cosmetic products (Health Canada Hotlist)', 'Health Canada Cosmetic Ingredient Hotlist', 'cosmetic', (SELECT id FROM fact_evidence WHERE source_url = 'https://www.canada.ca/en/health-canada/services/consumer-product-safety/cosmetics/cosmetic-ingredient-hotlist-prohibited-restricted-ingredients.html' AND snapshot_date = '2026-04-18' LIMIT 1));
INSERT INTO ingredient (canonical_id, primary_name, ingredient_class, cas_number, category, is_natural) VALUES ('CAS_59_47_2', 'Mephenesin and its esters', 'substance', '59-47-2', 'cosmetic', 0) ON CONFLICT(canonical_id) DO NOTHING;
INSERT INTO ingredient_alias (canonical_id, alias, alias_normalized, alias_type, language_code, confidence, source) VALUES ('CAS_59_47_2', 'Mephenesin and its esters', 'mephenesin and its esters', 'synonym', 'en', 1.0, 'HC-Hotlist') ON CONFLICT(alias_normalized, alias_type, COALESCE(language_code, '')) DO NOTHING;
INSERT INTO ingredient_alias (canonical_id, alias, alias_normalized, alias_type, language_code, confidence, source) VALUES ('CAS_59_47_2', '59-47-2', '59-47-2', 'cas', NULL, 1.0, 'HC-Hotlist') ON CONFLICT(alias_normalized, alias_type, COALESCE(language_code, '')) DO NOTHING;
INSERT OR IGNORE INTO regulatory_fact (canonical_id, jurisdiction, fact_type, status, regulation_ref, product_category, evidence_id) VALUES ('CAS_59_47_2', 'CA_HC', 'prohibited', 'Prohibited in cosmetic products (Health Canada Hotlist)', 'Health Canada Cosmetic Ingredient Hotlist', 'cosmetic', (SELECT id FROM fact_evidence WHERE source_url = 'https://www.canada.ca/en/health-canada/services/consumer-product-safety/cosmetics/cosmetic-ingredient-hotlist-prohibited-restricted-ingredients.html' AND snapshot_date = '2026-04-18' LIMIT 1));
INSERT INTO ingredient (canonical_id, primary_name, ingredient_class, cas_number, category, is_natural) VALUES ('CAS_57_53_4', 'Meprobamate', 'substance', '57-53-4', 'cosmetic', 0) ON CONFLICT(canonical_id) DO NOTHING;
INSERT INTO ingredient_alias (canonical_id, alias, alias_normalized, alias_type, language_code, confidence, source) VALUES ('CAS_57_53_4', 'Meprobamate', 'meprobamate', 'synonym', 'en', 1.0, 'HC-Hotlist') ON CONFLICT(alias_normalized, alias_type, COALESCE(language_code, '')) DO NOTHING;
INSERT INTO ingredient_alias (canonical_id, alias, alias_normalized, alias_type, language_code, confidence, source) VALUES ('CAS_57_53_4', '57-53-4', '57-53-4', 'cas', NULL, 1.0, 'HC-Hotlist') ON CONFLICT(alias_normalized, alias_type, COALESCE(language_code, '')) DO NOTHING;
INSERT OR IGNORE INTO regulatory_fact (canonical_id, jurisdiction, fact_type, status, regulation_ref, product_category, evidence_id) VALUES ('CAS_57_53_4', 'CA_HC', 'prohibited', 'Prohibited in cosmetic products (Health Canada Hotlist)', 'Health Canada Cosmetic Ingredient Hotlist', 'cosmetic', (SELECT id FROM fact_evidence WHERE source_url = 'https://www.canada.ca/en/health-canada/services/consumer-product-safety/cosmetics/cosmetic-ingredient-hotlist-prohibited-restricted-ingredients.html' AND snapshot_date = '2026-04-18' LIMIT 1));
INSERT INTO ingredient (canonical_id, primary_name, ingredient_class, cas_number, category, is_natural) VALUES ('CAS_7439_97_6', 'Mercury and its compounds', 'substance', '7439-97-6', 'cosmetic', 0) ON CONFLICT(canonical_id) DO NOTHING;
INSERT INTO ingredient_alias (canonical_id, alias, alias_normalized, alias_type, language_code, confidence, source) VALUES ('CAS_7439_97_6', 'Mercury and its compounds', 'mercury and its compounds', 'synonym', 'en', 1.0, 'HC-Hotlist') ON CONFLICT(alias_normalized, alias_type, COALESCE(language_code, '')) DO NOTHING;
INSERT INTO ingredient_alias (canonical_id, alias, alias_normalized, alias_type, language_code, confidence, source) VALUES ('CAS_7439_97_6', '7439-97-6', '7439-97-6', 'cas', NULL, 1.0, 'HC-Hotlist') ON CONFLICT(alias_normalized, alias_type, COALESCE(language_code, '')) DO NOTHING;
INSERT OR IGNORE INTO regulatory_fact (canonical_id, jurisdiction, fact_type, status, regulation_ref, product_category, evidence_id) VALUES ('CAS_7439_97_6', 'CA_HC', 'prohibited', 'Prohibited in cosmetic products (Health Canada Hotlist)', 'Health Canada Cosmetic Ingredient Hotlist', 'cosmetic', (SELECT id FROM fact_evidence WHERE source_url = 'https://www.canada.ca/en/health-canada/services/consumer-product-safety/cosmetics/cosmetic-ingredient-hotlist-prohibited-restricted-ingredients.html' AND snapshot_date = '2026-04-18' LIMIT 1));
INSERT INTO ingredient (canonical_id, primary_name, ingredient_class, cas_number, category, is_natural) VALUES ('CAS_54_04_6', 'Mescaline and its salts', 'substance', '54-04-6', 'cosmetic', 0) ON CONFLICT(canonical_id) DO NOTHING;
INSERT INTO ingredient_alias (canonical_id, alias, alias_normalized, alias_type, language_code, confidence, source) VALUES ('CAS_54_04_6', 'Mescaline and its salts', 'mescaline and its salts', 'synonym', 'en', 1.0, 'HC-Hotlist') ON CONFLICT(alias_normalized, alias_type, COALESCE(language_code, '')) DO NOTHING;
INSERT INTO ingredient_alias (canonical_id, alias, alias_normalized, alias_type, language_code, confidence, source) VALUES ('CAS_54_04_6', '54-04-6', '54-04-6', 'cas', NULL, 1.0, 'HC-Hotlist') ON CONFLICT(alias_normalized, alias_type, COALESCE(language_code, '')) DO NOTHING;
INSERT OR IGNORE INTO regulatory_fact (canonical_id, jurisdiction, fact_type, status, regulation_ref, product_category, evidence_id) VALUES ('CAS_54_04_6', 'CA_HC', 'prohibited', 'Prohibited in cosmetic products (Health Canada Hotlist)', 'Health Canada Cosmetic Ingredient Hotlist', 'cosmetic', (SELECT id FROM fact_evidence WHERE source_url = 'https://www.canada.ca/en/health-canada/services/consumer-product-safety/cosmetics/cosmetic-ingredient-hotlist-prohibited-restricted-ingredients.html' AND snapshot_date = '2026-04-18' LIMIT 1));
INSERT INTO ingredient (canonical_id, primary_name, ingredient_class, cas_number, category, is_natural) VALUES ('CAS_9002_91_9', 'Metaldehyde', 'substance', '9002-91-9', 'cosmetic', 0) ON CONFLICT(canonical_id) DO NOTHING;
INSERT INTO ingredient_alias (canonical_id, alias, alias_normalized, alias_type, language_code, confidence, source) VALUES ('CAS_9002_91_9', 'Metaldehyde', 'metaldehyde', 'synonym', 'en', 1.0, 'HC-Hotlist') ON CONFLICT(alias_normalized, alias_type, COALESCE(language_code, '')) DO NOTHING;
INSERT INTO ingredient_alias (canonical_id, alias, alias_normalized, alias_type, language_code, confidence, source) VALUES ('CAS_9002_91_9', '9002-91-9', '9002-91-9', 'cas', NULL, 1.0, 'HC-Hotlist') ON CONFLICT(alias_normalized, alias_type, COALESCE(language_code, '')) DO NOTHING;
INSERT OR IGNORE INTO regulatory_fact (canonical_id, jurisdiction, fact_type, status, regulation_ref, product_category, evidence_id) VALUES ('CAS_9002_91_9', 'CA_HC', 'prohibited', 'Prohibited in cosmetic products (Health Canada Hotlist)', 'Health Canada Cosmetic Ingredient Hotlist', 'cosmetic', (SELECT id FROM fact_evidence WHERE source_url = 'https://www.canada.ca/en/health-canada/services/consumer-product-safety/cosmetics/cosmetic-ingredient-hotlist-prohibited-restricted-ingredients.html' AND snapshot_date = '2026-04-18' LIMIT 1));
INSERT INTO ingredient (canonical_id, primary_name, ingredient_class, cas_number, category, is_natural) VALUES ('CAS_15351_09_4', 'Metamfepramone and its salts', 'substance', '15351-09-4', 'cosmetic', 0) ON CONFLICT(canonical_id) DO NOTHING;
INSERT INTO ingredient_alias (canonical_id, alias, alias_normalized, alias_type, language_code, confidence, source) VALUES ('CAS_15351_09_4', 'Metamfepramone and its salts', 'metamfepramone and its salts', 'synonym', 'en', 1.0, 'HC-Hotlist') ON CONFLICT(alias_normalized, alias_type, COALESCE(language_code, '')) DO NOTHING;
INSERT INTO ingredient_alias (canonical_id, alias, alias_normalized, alias_type, language_code, confidence, source) VALUES ('CAS_15351_09_4', '15351-09-4', '15351-09-4', 'cas', NULL, 1.0, 'HC-Hotlist') ON CONFLICT(alias_normalized, alias_type, COALESCE(language_code, '')) DO NOTHING;
INSERT OR IGNORE INTO regulatory_fact (canonical_id, jurisdiction, fact_type, status, regulation_ref, product_category, evidence_id) VALUES ('CAS_15351_09_4', 'CA_HC', 'prohibited', 'Prohibited in cosmetic products (Health Canada Hotlist)', 'Health Canada Cosmetic Ingredient Hotlist', 'cosmetic', (SELECT id FROM fact_evidence WHERE source_url = 'https://www.canada.ca/en/health-canada/services/consumer-product-safety/cosmetics/cosmetic-ingredient-hotlist-prohibited-restricted-ingredients.html' AND snapshot_date = '2026-04-18' LIMIT 1));
INSERT INTO ingredient (canonical_id, primary_name, ingredient_class, cas_number, category, is_natural) VALUES ('CAS_509_84_2', 'Metethoheptazine and its salts', 'substance', '509-84-2', 'cosmetic', 0) ON CONFLICT(canonical_id) DO NOTHING;
INSERT INTO ingredient_alias (canonical_id, alias, alias_normalized, alias_type, language_code, confidence, source) VALUES ('CAS_509_84_2', 'Metethoheptazine and its salts', 'metethoheptazine and its salts', 'synonym', 'en', 1.0, 'HC-Hotlist') ON CONFLICT(alias_normalized, alias_type, COALESCE(language_code, '')) DO NOTHING;
INSERT INTO ingredient_alias (canonical_id, alias, alias_normalized, alias_type, language_code, confidence, source) VALUES ('CAS_509_84_2', '509-84-2', '509-84-2', 'cas', NULL, 1.0, 'HC-Hotlist') ON CONFLICT(alias_normalized, alias_type, COALESCE(language_code, '')) DO NOTHING;
INSERT OR IGNORE INTO regulatory_fact (canonical_id, jurisdiction, fact_type, status, regulation_ref, product_category, evidence_id) VALUES ('CAS_509_84_2', 'CA_HC', 'prohibited', 'Prohibited in cosmetic products (Health Canada Hotlist)', 'Health Canada Cosmetic Ingredient Hotlist', 'cosmetic', (SELECT id FROM fact_evidence WHERE source_url = 'https://www.canada.ca/en/health-canada/services/consumer-product-safety/cosmetics/cosmetic-ingredient-hotlist-prohibited-restricted-ingredients.html' AND snapshot_date = '2026-04-18' LIMIT 1));
INSERT INTO ingredient (canonical_id, primary_name, ingredient_class, cas_number, category, is_natural) VALUES ('CAS_657_24_9', 'Metformin and its salts', 'substance', '657-24-9', 'cosmetic', 0) ON CONFLICT(canonical_id) DO NOTHING;
INSERT INTO ingredient_alias (canonical_id, alias, alias_normalized, alias_type, language_code, confidence, source) VALUES ('CAS_657_24_9', 'Metformin and its salts', 'metformin and its salts', 'synonym', 'en', 1.0, 'HC-Hotlist') ON CONFLICT(alias_normalized, alias_type, COALESCE(language_code, '')) DO NOTHING;
INSERT INTO ingredient_alias (canonical_id, alias, alias_normalized, alias_type, language_code, confidence, source) VALUES ('CAS_657_24_9', '657-24-9', '657-24-9', 'cas', NULL, 1.0, 'HC-Hotlist') ON CONFLICT(alias_normalized, alias_type, COALESCE(language_code, '')) DO NOTHING;
INSERT OR IGNORE INTO regulatory_fact (canonical_id, jurisdiction, fact_type, status, regulation_ref, product_category, evidence_id) VALUES ('CAS_657_24_9', 'CA_HC', 'prohibited', 'Prohibited in cosmetic products (Health Canada Hotlist)', 'Health Canada Cosmetic Ingredient Hotlist', 'cosmetic', (SELECT id FROM fact_evidence WHERE source_url = 'https://www.canada.ca/en/health-canada/services/consumer-product-safety/cosmetics/cosmetic-ingredient-hotlist-prohibited-restricted-ingredients.html' AND snapshot_date = '2026-04-18' LIMIT 1));
INSERT INTO ingredient (canonical_id, primary_name, ingredient_class, cas_number, category, is_natural) VALUES ('CAS_91_80_5', 'Methapyrilene and its salts', 'substance', '91-80-5', 'cosmetic', 0) ON CONFLICT(canonical_id) DO NOTHING;
INSERT INTO ingredient_alias (canonical_id, alias, alias_normalized, alias_type, language_code, confidence, source) VALUES ('CAS_91_80_5', 'Methapyrilene and its salts', 'methapyrilene and its salts', 'synonym', 'en', 1.0, 'HC-Hotlist') ON CONFLICT(alias_normalized, alias_type, COALESCE(language_code, '')) DO NOTHING;
INSERT INTO ingredient_alias (canonical_id, alias, alias_normalized, alias_type, language_code, confidence, source) VALUES ('CAS_91_80_5', '91-80-5', '91-80-5', 'cas', NULL, 1.0, 'HC-Hotlist') ON CONFLICT(alias_normalized, alias_type, COALESCE(language_code, '')) DO NOTHING;
INSERT OR IGNORE INTO regulatory_fact (canonical_id, jurisdiction, fact_type, status, regulation_ref, product_category, evidence_id) VALUES ('CAS_91_80_5', 'CA_HC', 'prohibited', 'Prohibited in cosmetic products (Health Canada Hotlist)', 'Health Canada Cosmetic Ingredient Hotlist', 'cosmetic', (SELECT id FROM fact_evidence WHERE source_url = 'https://www.canada.ca/en/health-canada/services/consumer-product-safety/cosmetics/cosmetic-ingredient-hotlist-prohibited-restricted-ingredients.html' AND snapshot_date = '2026-04-18' LIMIT 1));
INSERT INTO ingredient (canonical_id, primary_name, ingredient_class, cas_number, category, is_natural) VALUES ('CAS_469_78_3', 'Metheptazine and its salts', 'substance', '469-78-3', 'cosmetic', 0) ON CONFLICT(canonical_id) DO NOTHING;
INSERT INTO ingredient_alias (canonical_id, alias, alias_normalized, alias_type, language_code, confidence, source) VALUES ('CAS_469_78_3', 'Metheptazine and its salts', 'metheptazine and its salts', 'synonym', 'en', 1.0, 'HC-Hotlist') ON CONFLICT(alias_normalized, alias_type, COALESCE(language_code, '')) DO NOTHING;
INSERT INTO ingredient_alias (canonical_id, alias, alias_normalized, alias_type, language_code, confidence, source) VALUES ('CAS_469_78_3', '469-78-3', '469-78-3', 'cas', NULL, 1.0, 'HC-Hotlist') ON CONFLICT(alias_normalized, alias_type, COALESCE(language_code, '')) DO NOTHING;
INSERT OR IGNORE INTO regulatory_fact (canonical_id, jurisdiction, fact_type, status, regulation_ref, product_category, evidence_id) VALUES ('CAS_469_78_3', 'CA_HC', 'prohibited', 'Prohibited in cosmetic products (Health Canada Hotlist)', 'Health Canada Cosmetic Ingredient Hotlist', 'cosmetic', (SELECT id FROM fact_evidence WHERE source_url = 'https://www.canada.ca/en/health-canada/services/consumer-product-safety/cosmetics/cosmetic-ingredient-hotlist-prohibited-restricted-ingredients.html' AND snapshot_date = '2026-04-18' LIMIT 1));
INSERT INTO ingredient (canonical_id, primary_name, ingredient_class, cas_number, category, is_natural) VALUES ('CAS_532_03_6', 'Methocarbamol', 'substance', '532-03-6', 'cosmetic', 0) ON CONFLICT(canonical_id) DO NOTHING;
INSERT INTO ingredient_alias (canonical_id, alias, alias_normalized, alias_type, language_code, confidence, source) VALUES ('CAS_532_03_6', 'Methocarbamol', 'methocarbamol', 'synonym', 'en', 1.0, 'HC-Hotlist') ON CONFLICT(alias_normalized, alias_type, COALESCE(language_code, '')) DO NOTHING;
INSERT INTO ingredient_alias (canonical_id, alias, alias_normalized, alias_type, language_code, confidence, source) VALUES ('CAS_532_03_6', '532-03-6', '532-03-6', 'cas', NULL, 1.0, 'HC-Hotlist') ON CONFLICT(alias_normalized, alias_type, COALESCE(language_code, '')) DO NOTHING;
INSERT OR IGNORE INTO regulatory_fact (canonical_id, jurisdiction, fact_type, status, regulation_ref, product_category, evidence_id) VALUES ('CAS_532_03_6', 'CA_HC', 'prohibited', 'Prohibited in cosmetic products (Health Canada Hotlist)', 'Health Canada Cosmetic Ingredient Hotlist', 'cosmetic', (SELECT id FROM fact_evidence WHERE source_url = 'https://www.canada.ca/en/health-canada/services/consumer-product-safety/cosmetics/cosmetic-ingredient-hotlist-prohibited-restricted-ingredients.html' AND snapshot_date = '2026-04-18' LIMIT 1));
INSERT INTO ingredient (canonical_id, primary_name, ingredient_class, cas_number, category, is_natural) VALUES ('CAS_59_05_2', 'Methotrexate', 'substance', '59-05-2', 'cosmetic', 0) ON CONFLICT(canonical_id) DO NOTHING;
INSERT INTO ingredient_alias (canonical_id, alias, alias_normalized, alias_type, language_code, confidence, source) VALUES ('CAS_59_05_2', 'Methotrexate', 'methotrexate', 'synonym', 'en', 1.0, 'HC-Hotlist') ON CONFLICT(alias_normalized, alias_type, COALESCE(language_code, '')) DO NOTHING;
INSERT INTO ingredient_alias (canonical_id, alias, alias_normalized, alias_type, language_code, confidence, source) VALUES ('CAS_59_05_2', '59-05-2', '59-05-2', 'cas', NULL, 1.0, 'HC-Hotlist') ON CONFLICT(alias_normalized, alias_type, COALESCE(language_code, '')) DO NOTHING;
INSERT OR IGNORE INTO regulatory_fact (canonical_id, jurisdiction, fact_type, status, regulation_ref, product_category, evidence_id) VALUES ('CAS_59_05_2', 'CA_HC', 'prohibited', 'Prohibited in cosmetic products (Health Canada Hotlist)', 'Health Canada Cosmetic Ingredient Hotlist', 'cosmetic', (SELECT id FROM fact_evidence WHERE source_url = 'https://www.canada.ca/en/health-canada/services/consumer-product-safety/cosmetics/cosmetic-ingredient-hotlist-prohibited-restricted-ingredients.html' AND snapshot_date = '2026-04-18' LIMIT 1));
INSERT INTO ingredient (canonical_id, primary_name, ingredient_class, cas_number, category, is_natural) VALUES ('CAS_111_77_3', 'Methoxydiglycol', 'substance', '111-77-3', 'cosmetic', 0) ON CONFLICT(canonical_id) DO NOTHING;
INSERT INTO ingredient_alias (canonical_id, alias, alias_normalized, alias_type, language_code, confidence, source) VALUES ('CAS_111_77_3', 'Methoxydiglycol', 'methoxydiglycol', 'synonym', 'en', 1.0, 'HC-Hotlist') ON CONFLICT(alias_normalized, alias_type, COALESCE(language_code, '')) DO NOTHING;
INSERT INTO ingredient_alias (canonical_id, alias, alias_normalized, alias_type, language_code, confidence, source) VALUES ('CAS_111_77_3', '111-77-3', '111-77-3', 'cas', NULL, 1.0, 'HC-Hotlist') ON CONFLICT(alias_normalized, alias_type, COALESCE(language_code, '')) DO NOTHING;
INSERT OR IGNORE INTO regulatory_fact (canonical_id, jurisdiction, fact_type, status, regulation_ref, product_category, evidence_id) VALUES ('CAS_111_77_3', 'CA_HC', 'prohibited', 'Prohibited in cosmetic products (Health Canada Hotlist)', 'Health Canada Cosmetic Ingredient Hotlist', 'cosmetic', (SELECT id FROM fact_evidence WHERE source_url = 'https://www.canada.ca/en/health-canada/services/consumer-product-safety/cosmetics/cosmetic-ingredient-hotlist-prohibited-restricted-ingredients.html' AND snapshot_date = '2026-04-18' LIMIT 1));
INSERT INTO ingredient (canonical_id, primary_name, ingredient_class, cas_number, category, is_natural) VALUES ('CAS_109_86_4', 'Methoxyethanol', 'substance', '109-86-4', 'cosmetic', 0) ON CONFLICT(canonical_id) DO NOTHING;
INSERT INTO ingredient_alias (canonical_id, alias, alias_normalized, alias_type, language_code, confidence, source) VALUES ('CAS_109_86_4', 'Methoxyethanol', 'methoxyethanol', 'synonym', 'en', 1.0, 'HC-Hotlist') ON CONFLICT(alias_normalized, alias_type, COALESCE(language_code, '')) DO NOTHING;
INSERT INTO ingredient_alias (canonical_id, alias, alias_normalized, alias_type, language_code, confidence, source) VALUES ('CAS_109_86_4', '109-86-4', '109-86-4', 'cas', NULL, 1.0, 'HC-Hotlist') ON CONFLICT(alias_normalized, alias_type, COALESCE(language_code, '')) DO NOTHING;
INSERT OR IGNORE INTO regulatory_fact (canonical_id, jurisdiction, fact_type, status, regulation_ref, product_category, evidence_id) VALUES ('CAS_109_86_4', 'CA_HC', 'prohibited', 'Prohibited in cosmetic products (Health Canada Hotlist)', 'Health Canada Cosmetic Ingredient Hotlist', 'cosmetic', (SELECT id FROM fact_evidence WHERE source_url = 'https://www.canada.ca/en/health-canada/services/consumer-product-safety/cosmetics/cosmetic-ingredient-hotlist-prohibited-restricted-ingredients.html' AND snapshot_date = '2026-04-18' LIMIT 1));
INSERT INTO ingredient (canonical_id, primary_name, ingredient_class, cas_number, category, is_natural) VALUES ('CAS_110_49_6', 'Methoxyethanol acetate', 'substance', '110-49-6', 'cosmetic', 0) ON CONFLICT(canonical_id) DO NOTHING;
INSERT INTO ingredient_alias (canonical_id, alias, alias_normalized, alias_type, language_code, confidence, source) VALUES ('CAS_110_49_6', 'Methoxyethanol acetate', 'methoxyethanol acetate', 'synonym', 'en', 1.0, 'HC-Hotlist') ON CONFLICT(alias_normalized, alias_type, COALESCE(language_code, '')) DO NOTHING;
INSERT INTO ingredient_alias (canonical_id, alias, alias_normalized, alias_type, language_code, confidence, source) VALUES ('CAS_110_49_6', '110-49-6', '110-49-6', 'cas', NULL, 1.0, 'HC-Hotlist') ON CONFLICT(alias_normalized, alias_type, COALESCE(language_code, '')) DO NOTHING;
INSERT OR IGNORE INTO regulatory_fact (canonical_id, jurisdiction, fact_type, status, regulation_ref, product_category, evidence_id) VALUES ('CAS_110_49_6', 'CA_HC', 'prohibited', 'Prohibited in cosmetic products (Health Canada Hotlist)', 'Health Canada Cosmetic Ingredient Hotlist', 'cosmetic', (SELECT id FROM fact_evidence WHERE source_url = 'https://www.canada.ca/en/health-canada/services/consumer-product-safety/cosmetics/cosmetic-ingredient-hotlist-prohibited-restricted-ingredients.html' AND snapshot_date = '2026-04-18' LIMIT 1));
INSERT INTO ingredient (canonical_id, primary_name, ingredient_class, cas_number, category, is_natural) VALUES ('CAS_80_62_6', 'Methyl methacrylate monomer', 'substance', '80-62-6', 'cosmetic', 0) ON CONFLICT(canonical_id) DO NOTHING;
INSERT INTO ingredient_alias (canonical_id, alias, alias_normalized, alias_type, language_code, confidence, source) VALUES ('CAS_80_62_6', 'Methyl methacrylate monomer', 'methyl methacrylate monomer', 'synonym', 'en', 1.0, 'HC-Hotlist') ON CONFLICT(alias_normalized, alias_type, COALESCE(language_code, '')) DO NOTHING;
INSERT INTO ingredient_alias (canonical_id, alias, alias_normalized, alias_type, language_code, confidence, source) VALUES ('CAS_80_62_6', '80-62-6', '80-62-6', 'cas', NULL, 1.0, 'HC-Hotlist') ON CONFLICT(alias_normalized, alias_type, COALESCE(language_code, '')) DO NOTHING;
INSERT OR IGNORE INTO regulatory_fact (canonical_id, jurisdiction, fact_type, status, regulation_ref, product_category, evidence_id) VALUES ('CAS_80_62_6', 'CA_HC', 'prohibited', 'Prohibited in cosmetic products (Health Canada Hotlist)', 'Health Canada Cosmetic Ingredient Hotlist', 'cosmetic', (SELECT id FROM fact_evidence WHERE source_url = 'https://www.canada.ca/en/health-canada/services/consumer-product-safety/cosmetics/cosmetic-ingredient-hotlist-prohibited-restricted-ingredients.html' AND snapshot_date = '2026-04-18' LIMIT 1));
INSERT INTO ingredient (canonical_id, primary_name, ingredient_class, cas_number, category, is_natural) VALUES ('CAS_75_56_9', 'Methyloxirane monomer', 'substance', '75-56-9', 'cosmetic', 0) ON CONFLICT(canonical_id) DO NOTHING;
INSERT INTO ingredient_alias (canonical_id, alias, alias_normalized, alias_type, language_code, confidence, source) VALUES ('CAS_75_56_9', 'Methyloxirane monomer', 'methyloxirane monomer', 'synonym', 'en', 1.0, 'HC-Hotlist') ON CONFLICT(alias_normalized, alias_type, COALESCE(language_code, '')) DO NOTHING;
INSERT INTO ingredient_alias (canonical_id, alias, alias_normalized, alias_type, language_code, confidence, source) VALUES ('CAS_75_56_9', '75-56-9', '75-56-9', 'cas', NULL, 1.0, 'HC-Hotlist') ON CONFLICT(alias_normalized, alias_type, COALESCE(language_code, '')) DO NOTHING;
INSERT OR IGNORE INTO regulatory_fact (canonical_id, jurisdiction, fact_type, status, regulation_ref, product_category, evidence_id) VALUES ('CAS_75_56_9', 'CA_HC', 'prohibited', 'Prohibited in cosmetic products (Health Canada Hotlist)', 'Health Canada Cosmetic Ingredient Hotlist', 'cosmetic', (SELECT id FROM fact_evidence WHERE source_url = 'https://www.canada.ca/en/health-canada/services/consumer-product-safety/cosmetics/cosmetic-ingredient-hotlist-prohibited-restricted-ingredients.html' AND snapshot_date = '2026-04-18' LIMIT 1));
INSERT INTO ingredient (canonical_id, primary_name, ingredient_class, cas_number, category, is_natural) VALUES ('CAS_113_45_1', 'Methylphenidate and its salts', 'substance', '113-45-1', 'cosmetic', 0) ON CONFLICT(canonical_id) DO NOTHING;
INSERT INTO ingredient_alias (canonical_id, alias, alias_normalized, alias_type, language_code, confidence, source) VALUES ('CAS_113_45_1', 'Methylphenidate and its salts', 'methylphenidate and its salts', 'synonym', 'en', 1.0, 'HC-Hotlist') ON CONFLICT(alias_normalized, alias_type, COALESCE(language_code, '')) DO NOTHING;
INSERT INTO ingredient_alias (canonical_id, alias, alias_normalized, alias_type, language_code, confidence, source) VALUES ('CAS_113_45_1', '113-45-1', '113-45-1', 'cas', NULL, 1.0, 'HC-Hotlist') ON CONFLICT(alias_normalized, alias_type, COALESCE(language_code, '')) DO NOTHING;
INSERT OR IGNORE INTO regulatory_fact (canonical_id, jurisdiction, fact_type, status, regulation_ref, product_category, evidence_id) VALUES ('CAS_113_45_1', 'CA_HC', 'prohibited', 'Prohibited in cosmetic products (Health Canada Hotlist)', 'Health Canada Cosmetic Ingredient Hotlist', 'cosmetic', (SELECT id FROM fact_evidence WHERE source_url = 'https://www.canada.ca/en/health-canada/services/consumer-product-safety/cosmetics/cosmetic-ingredient-hotlist-prohibited-restricted-ingredients.html' AND snapshot_date = '2026-04-18' LIMIT 1));
INSERT INTO ingredient (canonical_id, primary_name, ingredient_class, cas_number, category, is_natural) VALUES ('CAS_623_43_8', 'Methyl-trans-2-butenoate', 'substance', '623-43-8', 'cosmetic', 0) ON CONFLICT(canonical_id) DO NOTHING;
INSERT INTO ingredient_alias (canonical_id, alias, alias_normalized, alias_type, language_code, confidence, source) VALUES ('CAS_623_43_8', 'Methyl-trans-2-butenoate', 'methyl-trans-2-butenoate', 'synonym', 'en', 1.0, 'HC-Hotlist') ON CONFLICT(alias_normalized, alias_type, COALESCE(language_code, '')) DO NOTHING;
INSERT INTO ingredient_alias (canonical_id, alias, alias_normalized, alias_type, language_code, confidence, source) VALUES ('CAS_623_43_8', '623-43-8', '623-43-8', 'cas', NULL, 1.0, 'HC-Hotlist') ON CONFLICT(alias_normalized, alias_type, COALESCE(language_code, '')) DO NOTHING;
INSERT OR IGNORE INTO regulatory_fact (canonical_id, jurisdiction, fact_type, status, regulation_ref, product_category, evidence_id) VALUES ('CAS_623_43_8', 'CA_HC', 'prohibited', 'Prohibited in cosmetic products (Health Canada Hotlist)', 'Health Canada Cosmetic Ingredient Hotlist', 'cosmetic', (SELECT id FROM fact_evidence WHERE source_url = 'https://www.canada.ca/en/health-canada/services/consumer-product-safety/cosmetics/cosmetic-ingredient-hotlist-prohibited-restricted-ingredients.html' AND snapshot_date = '2026-04-18' LIMIT 1));
INSERT INTO ingredient (canonical_id, primary_name, ingredient_class, cas_number, category, is_natural) VALUES ('CAS_125_64_4', 'Methyprylon and its salts', 'substance', '125-64-4', 'cosmetic', 0) ON CONFLICT(canonical_id) DO NOTHING;
INSERT INTO ingredient_alias (canonical_id, alias, alias_normalized, alias_type, language_code, confidence, source) VALUES ('CAS_125_64_4', 'Methyprylon and its salts', 'methyprylon and its salts', 'synonym', 'en', 1.0, 'HC-Hotlist') ON CONFLICT(alias_normalized, alias_type, COALESCE(language_code, '')) DO NOTHING;
INSERT INTO ingredient_alias (canonical_id, alias, alias_normalized, alias_type, language_code, confidence, source) VALUES ('CAS_125_64_4', '125-64-4', '125-64-4', 'cas', NULL, 1.0, 'HC-Hotlist') ON CONFLICT(alias_normalized, alias_type, COALESCE(language_code, '')) DO NOTHING;
INSERT OR IGNORE INTO regulatory_fact (canonical_id, jurisdiction, fact_type, status, regulation_ref, product_category, evidence_id) VALUES ('CAS_125_64_4', 'CA_HC', 'prohibited', 'Prohibited in cosmetic products (Health Canada Hotlist)', 'Health Canada Cosmetic Ingredient Hotlist', 'cosmetic', (SELECT id FROM fact_evidence WHERE source_url = 'https://www.canada.ca/en/health-canada/services/consumer-product-safety/cosmetics/cosmetic-ingredient-hotlist-prohibited-restricted-ingredients.html' AND snapshot_date = '2026-04-18' LIMIT 1));
INSERT INTO ingredient (canonical_id, primary_name, ingredient_class, cas_number, category, is_natural) VALUES ('CAS_54_36_4', 'Metyrapone', 'substance', '54-36-4', 'cosmetic', 0) ON CONFLICT(canonical_id) DO NOTHING;
INSERT INTO ingredient_alias (canonical_id, alias, alias_normalized, alias_type, language_code, confidence, source) VALUES ('CAS_54_36_4', 'Metyrapone', 'metyrapone', 'synonym', 'en', 1.0, 'HC-Hotlist') ON CONFLICT(alias_normalized, alias_type, COALESCE(language_code, '')) DO NOTHING;
INSERT INTO ingredient_alias (canonical_id, alias, alias_normalized, alias_type, language_code, confidence, source) VALUES ('CAS_54_36_4', '54-36-4', '54-36-4', 'cas', NULL, 1.0, 'HC-Hotlist') ON CONFLICT(alias_normalized, alias_type, COALESCE(language_code, '')) DO NOTHING;
INSERT OR IGNORE INTO regulatory_fact (canonical_id, jurisdiction, fact_type, status, regulation_ref, product_category, evidence_id) VALUES ('CAS_54_36_4', 'CA_HC', 'prohibited', 'Prohibited in cosmetic products (Health Canada Hotlist)', 'Health Canada Cosmetic Ingredient Hotlist', 'cosmetic', (SELECT id FROM fact_evidence WHERE source_url = 'https://www.canada.ca/en/health-canada/services/consumer-product-safety/cosmetics/cosmetic-ingredient-hotlist-prohibited-restricted-ingredients.html' AND snapshot_date = '2026-04-18' LIMIT 1));
INSERT INTO ingredient (canonical_id, primary_name, ingredient_class, cas_number, category, is_natural) VALUES ('CAS_38304_91_5', 'Minoxidil, its salts and derivatives', 'substance', '38304-91-5', 'cosmetic', 0) ON CONFLICT(canonical_id) DO NOTHING;
INSERT INTO ingredient_alias (canonical_id, alias, alias_normalized, alias_type, language_code, confidence, source) VALUES ('CAS_38304_91_5', 'Minoxidil, its salts and derivatives', 'minoxidil, its salts and derivatives', 'synonym', 'en', 1.0, 'HC-Hotlist') ON CONFLICT(alias_normalized, alias_type, COALESCE(language_code, '')) DO NOTHING;
INSERT INTO ingredient_alias (canonical_id, alias, alias_normalized, alias_type, language_code, confidence, source) VALUES ('CAS_38304_91_5', '38304-91-5', '38304-91-5', 'cas', NULL, 1.0, 'HC-Hotlist') ON CONFLICT(alias_normalized, alias_type, COALESCE(language_code, '')) DO NOTHING;
INSERT OR IGNORE INTO regulatory_fact (canonical_id, jurisdiction, fact_type, status, regulation_ref, product_category, evidence_id) VALUES ('CAS_38304_91_5', 'CA_HC', 'prohibited', 'Prohibited in cosmetic products (Health Canada Hotlist)', 'Health Canada Cosmetic Ingredient Hotlist', 'cosmetic', (SELECT id FROM fact_evidence WHERE source_url = 'https://www.canada.ca/en/health-canada/services/consumer-product-safety/cosmetics/cosmetic-ingredient-hotlist-prohibited-restricted-ingredients.html' AND snapshot_date = '2026-04-18' LIMIT 1));
INSERT INTO ingredient (canonical_id, primary_name, ingredient_class, cas_number, category, is_natural) VALUES ('CAS_2210_63_1', 'Mofebutazone', 'substance', '2210-63-1', 'cosmetic', 0) ON CONFLICT(canonical_id) DO NOTHING;
INSERT INTO ingredient_alias (canonical_id, alias, alias_normalized, alias_type, language_code, confidence, source) VALUES ('CAS_2210_63_1', 'Mofebutazone', 'mofebutazone', 'synonym', 'en', 1.0, 'HC-Hotlist') ON CONFLICT(alias_normalized, alias_type, COALESCE(language_code, '')) DO NOTHING;
INSERT INTO ingredient_alias (canonical_id, alias, alias_normalized, alias_type, language_code, confidence, source) VALUES ('CAS_2210_63_1', '2210-63-1', '2210-63-1', 'cas', NULL, 1.0, 'HC-Hotlist') ON CONFLICT(alias_normalized, alias_type, COALESCE(language_code, '')) DO NOTHING;
INSERT OR IGNORE INTO regulatory_fact (canonical_id, jurisdiction, fact_type, status, regulation_ref, product_category, evidence_id) VALUES ('CAS_2210_63_1', 'CA_HC', 'prohibited', 'Prohibited in cosmetic products (Health Canada Hotlist)', 'Health Canada Cosmetic Ingredient Hotlist', 'cosmetic', (SELECT id FROM fact_evidence WHERE source_url = 'https://www.canada.ca/en/health-canada/services/consumer-product-safety/cosmetics/cosmetic-ingredient-hotlist-prohibited-restricted-ingredients.html' AND snapshot_date = '2026-04-18' LIMIT 1));
INSERT INTO ingredient (canonical_id, primary_name, ingredient_class, cas_number, category, is_natural) VALUES ('CAS_110_91_8', 'Morpholine and its salts', 'substance', '110-91-8', 'cosmetic', 0) ON CONFLICT(canonical_id) DO NOTHING;
INSERT INTO ingredient_alias (canonical_id, alias, alias_normalized, alias_type, language_code, confidence, source) VALUES ('CAS_110_91_8', 'Morpholine and its salts', 'morpholine and its salts', 'synonym', 'en', 1.0, 'HC-Hotlist') ON CONFLICT(alias_normalized, alias_type, COALESCE(language_code, '')) DO NOTHING;
INSERT INTO ingredient_alias (canonical_id, alias, alias_normalized, alias_type, language_code, confidence, source) VALUES ('CAS_110_91_8', '110-91-8', '110-91-8', 'cas', NULL, 1.0, 'HC-Hotlist') ON CONFLICT(alias_normalized, alias_type, COALESCE(language_code, '')) DO NOTHING;
INSERT OR IGNORE INTO regulatory_fact (canonical_id, jurisdiction, fact_type, status, regulation_ref, product_category, evidence_id) VALUES ('CAS_110_91_8', 'CA_HC', 'prohibited', 'Prohibited in cosmetic products (Health Canada Hotlist)', 'Health Canada Cosmetic Ingredient Hotlist', 'cosmetic', (SELECT id FROM fact_evidence WHERE source_url = 'https://www.canada.ca/en/health-canada/services/consumer-product-safety/cosmetics/cosmetic-ingredient-hotlist-prohibited-restricted-ingredients.html' AND snapshot_date = '2026-04-18' LIMIT 1));
INSERT INTO ingredient (canonical_id, primary_name, ingredient_class, cas_number, category, is_natural) VALUES ('CAS_83_66_9', 'Musk ambrette', 'substance', '83-66-9', 'cosmetic', 0) ON CONFLICT(canonical_id) DO NOTHING;
INSERT INTO ingredient_alias (canonical_id, alias, alias_normalized, alias_type, language_code, confidence, source) VALUES ('CAS_83_66_9', 'Musk ambrette', 'musk ambrette', 'synonym', 'en', 1.0, 'HC-Hotlist') ON CONFLICT(alias_normalized, alias_type, COALESCE(language_code, '')) DO NOTHING;
INSERT INTO ingredient_alias (canonical_id, alias, alias_normalized, alias_type, language_code, confidence, source) VALUES ('CAS_83_66_9', '83-66-9', '83-66-9', 'cas', NULL, 1.0, 'HC-Hotlist') ON CONFLICT(alias_normalized, alias_type, COALESCE(language_code, '')) DO NOTHING;
INSERT OR IGNORE INTO regulatory_fact (canonical_id, jurisdiction, fact_type, status, regulation_ref, product_category, evidence_id) VALUES ('CAS_83_66_9', 'CA_HC', 'prohibited', 'Prohibited in cosmetic products (Health Canada Hotlist)', 'Health Canada Cosmetic Ingredient Hotlist', 'cosmetic', (SELECT id FROM fact_evidence WHERE source_url = 'https://www.canada.ca/en/health-canada/services/consumer-product-safety/cosmetics/cosmetic-ingredient-hotlist-prohibited-restricted-ingredients.html' AND snapshot_date = '2026-04-18' LIMIT 1));
INSERT INTO ingredient (canonical_id, primary_name, ingredient_class, cas_number, category, is_natural) VALUES ('CAS_145_39_1', 'Musk tibetene', 'substance', '145-39-1', 'cosmetic', 0) ON CONFLICT(canonical_id) DO NOTHING;
INSERT INTO ingredient_alias (canonical_id, alias, alias_normalized, alias_type, language_code, confidence, source) VALUES ('CAS_145_39_1', 'Musk tibetene', 'musk tibetene', 'synonym', 'en', 1.0, 'HC-Hotlist') ON CONFLICT(alias_normalized, alias_type, COALESCE(language_code, '')) DO NOTHING;
INSERT INTO ingredient_alias (canonical_id, alias, alias_normalized, alias_type, language_code, confidence, source) VALUES ('CAS_145_39_1', '145-39-1', '145-39-1', 'cas', NULL, 1.0, 'HC-Hotlist') ON CONFLICT(alias_normalized, alias_type, COALESCE(language_code, '')) DO NOTHING;
INSERT OR IGNORE INTO regulatory_fact (canonical_id, jurisdiction, fact_type, status, regulation_ref, product_category, evidence_id) VALUES ('CAS_145_39_1', 'CA_HC', 'prohibited', 'Prohibited in cosmetic products (Health Canada Hotlist)', 'Health Canada Cosmetic Ingredient Hotlist', 'cosmetic', (SELECT id FROM fact_evidence WHERE source_url = 'https://www.canada.ca/en/health-canada/services/consumer-product-safety/cosmetics/cosmetic-ingredient-hotlist-prohibited-restricted-ingredients.html' AND snapshot_date = '2026-04-18' LIMIT 1));
INSERT INTO ingredient (canonical_id, primary_name, ingredient_class, cas_number, category, is_natural) VALUES ('CAS_126_85_2', 'N,N-bis(2-Chloroethyl)methylamine N-oxide and its salts', 'substance', '126-85-2', 'cosmetic', 0) ON CONFLICT(canonical_id) DO NOTHING;
INSERT INTO ingredient_alias (canonical_id, alias, alias_normalized, alias_type, language_code, confidence, source) VALUES ('CAS_126_85_2', 'N,N-bis(2-Chloroethyl)methylamine N-oxide and its salts', 'n,n-bis(2-chloroethyl)methylamine n-oxide and its salts', 'synonym', 'en', 1.0, 'HC-Hotlist') ON CONFLICT(alias_normalized, alias_type, COALESCE(language_code, '')) DO NOTHING;
INSERT INTO ingredient_alias (canonical_id, alias, alias_normalized, alias_type, language_code, confidence, source) VALUES ('CAS_126_85_2', '126-85-2', '126-85-2', 'cas', NULL, 1.0, 'HC-Hotlist') ON CONFLICT(alias_normalized, alias_type, COALESCE(language_code, '')) DO NOTHING;
INSERT OR IGNORE INTO regulatory_fact (canonical_id, jurisdiction, fact_type, status, regulation_ref, product_category, evidence_id) VALUES ('CAS_126_85_2', 'CA_HC', 'prohibited', 'Prohibited in cosmetic products (Health Canada Hotlist)', 'Health Canada Cosmetic Ingredient Hotlist', 'cosmetic', (SELECT id FROM fact_evidence WHERE source_url = 'https://www.canada.ca/en/health-canada/services/consumer-product-safety/cosmetics/cosmetic-ingredient-hotlist-prohibited-restricted-ingredients.html' AND snapshot_date = '2026-04-18' LIMIT 1));
INSERT INTO ingredient (canonical_id, primary_name, ingredient_class, cas_number, category, is_natural) VALUES ('CAS_35783_57_4', 'N-5-Chlorobenzoxazol-2-ylacetamide and its salts', 'substance', '35783-57-4', 'cosmetic', 0) ON CONFLICT(canonical_id) DO NOTHING;
INSERT INTO ingredient_alias (canonical_id, alias, alias_normalized, alias_type, language_code, confidence, source) VALUES ('CAS_35783_57_4', 'N-5-Chlorobenzoxazol-2-ylacetamide and its salts', 'n-5-chlorobenzoxazol-2-ylacetamide and its salts', 'synonym', 'en', 1.0, 'HC-Hotlist') ON CONFLICT(alias_normalized, alias_type, COALESCE(language_code, '')) DO NOTHING;
INSERT INTO ingredient_alias (canonical_id, alias, alias_normalized, alias_type, language_code, confidence, source) VALUES ('CAS_35783_57_4', '35783-57-4', '35783-57-4', 'cas', NULL, 1.0, 'HC-Hotlist') ON CONFLICT(alias_normalized, alias_type, COALESCE(language_code, '')) DO NOTHING;
INSERT OR IGNORE INTO regulatory_fact (canonical_id, jurisdiction, fact_type, status, regulation_ref, product_category, evidence_id) VALUES ('CAS_35783_57_4', 'CA_HC', 'prohibited', 'Prohibited in cosmetic products (Health Canada Hotlist)', 'Health Canada Cosmetic Ingredient Hotlist', 'cosmetic', (SELECT id FROM fact_evidence WHERE source_url = 'https://www.canada.ca/en/health-canada/services/consumer-product-safety/cosmetics/cosmetic-ingredient-hotlist-prohibited-restricted-ingredients.html' AND snapshot_date = '2026-04-18' LIMIT 1));
INSERT INTO ingredient (canonical_id, primary_name, ingredient_class, cas_number, category, is_natural) VALUES ('CAS_62_67_9', 'Nalorphine, its salts and ethers', 'substance', '62-67-9', 'cosmetic', 0) ON CONFLICT(canonical_id) DO NOTHING;
INSERT INTO ingredient_alias (canonical_id, alias, alias_normalized, alias_type, language_code, confidence, source) VALUES ('CAS_62_67_9', 'Nalorphine, its salts and ethers', 'nalorphine, its salts and ethers', 'synonym', 'en', 1.0, 'HC-Hotlist') ON CONFLICT(alias_normalized, alias_type, COALESCE(language_code, '')) DO NOTHING;
INSERT INTO ingredient_alias (canonical_id, alias, alias_normalized, alias_type, language_code, confidence, source) VALUES ('CAS_62_67_9', '62-67-9', '62-67-9', 'cas', NULL, 1.0, 'HC-Hotlist') ON CONFLICT(alias_normalized, alias_type, COALESCE(language_code, '')) DO NOTHING;
INSERT OR IGNORE INTO regulatory_fact (canonical_id, jurisdiction, fact_type, status, regulation_ref, product_category, evidence_id) VALUES ('CAS_62_67_9', 'CA_HC', 'prohibited', 'Prohibited in cosmetic products (Health Canada Hotlist)', 'Health Canada Cosmetic Ingredient Hotlist', 'cosmetic', (SELECT id FROM fact_evidence WHERE source_url = 'https://www.canada.ca/en/health-canada/services/consumer-product-safety/cosmetics/cosmetic-ingredient-hotlist-prohibited-restricted-ingredients.html' AND snapshot_date = '2026-04-18' LIMIT 1));
INSERT INTO ingredient (canonical_id, primary_name, ingredient_class, cas_number, category, is_natural) VALUES ('CAS_835_31_4', 'Naphazoline and its salts', 'substance', '835-31-4', 'cosmetic', 0) ON CONFLICT(canonical_id) DO NOTHING;
INSERT INTO ingredient_alias (canonical_id, alias, alias_normalized, alias_type, language_code, confidence, source) VALUES ('CAS_835_31_4', 'Naphazoline and its salts', 'naphazoline and its salts', 'synonym', 'en', 1.0, 'HC-Hotlist') ON CONFLICT(alias_normalized, alias_type, COALESCE(language_code, '')) DO NOTHING;
INSERT INTO ingredient_alias (canonical_id, alias, alias_normalized, alias_type, language_code, confidence, source) VALUES ('CAS_835_31_4', '835-31-4', '835-31-4', 'cas', NULL, 1.0, 'HC-Hotlist') ON CONFLICT(alias_normalized, alias_type, COALESCE(language_code, '')) DO NOTHING;
INSERT OR IGNORE INTO regulatory_fact (canonical_id, jurisdiction, fact_type, status, regulation_ref, product_category, evidence_id) VALUES ('CAS_835_31_4', 'CA_HC', 'prohibited', 'Prohibited in cosmetic products (Health Canada Hotlist)', 'Health Canada Cosmetic Ingredient Hotlist', 'cosmetic', (SELECT id FROM fact_evidence WHERE source_url = 'https://www.canada.ca/en/health-canada/services/consumer-product-safety/cosmetics/cosmetic-ingredient-hotlist-prohibited-restricted-ingredients.html' AND snapshot_date = '2026-04-18' LIMIT 1));
INSERT INTO ingredient (canonical_id, primary_name, ingredient_class, cas_number, category, is_natural) VALUES ('CAS_91_20_3', 'Naphthalene', 'substance', '91-20-3', 'cosmetic', 0) ON CONFLICT(canonical_id) DO NOTHING;
INSERT INTO ingredient_alias (canonical_id, alias, alias_normalized, alias_type, language_code, confidence, source) VALUES ('CAS_91_20_3', 'Naphthalene', 'naphthalene', 'synonym', 'en', 1.0, 'HC-Hotlist') ON CONFLICT(alias_normalized, alias_type, COALESCE(language_code, '')) DO NOTHING;
INSERT INTO ingredient_alias (canonical_id, alias, alias_normalized, alias_type, language_code, confidence, source) VALUES ('CAS_91_20_3', '91-20-3', '91-20-3', 'cas', NULL, 1.0, 'HC-Hotlist') ON CONFLICT(alias_normalized, alias_type, COALESCE(language_code, '')) DO NOTHING;
INSERT OR IGNORE INTO regulatory_fact (canonical_id, jurisdiction, fact_type, status, regulation_ref, product_category, evidence_id) VALUES ('CAS_91_20_3', 'CA_HC', 'prohibited', 'Prohibited in cosmetic products (Health Canada Hotlist)', 'Health Canada Cosmetic Ingredient Hotlist', 'cosmetic', (SELECT id FROM fact_evidence WHERE source_url = 'https://www.canada.ca/en/health-canada/services/consumer-product-safety/cosmetics/cosmetic-ingredient-hotlist-prohibited-restricted-ingredients.html' AND snapshot_date = '2026-04-18' LIMIT 1));
INSERT INTO ingredient (canonical_id, primary_name, ingredient_class, cas_number, category, is_natural) VALUES ('NAME_narcotics_natural_and_synthetic', 'Narcotics, natural and synthetic', 'substance', NULL, 'cosmetic', 0) ON CONFLICT(canonical_id) DO NOTHING;
INSERT INTO ingredient_alias (canonical_id, alias, alias_normalized, alias_type, language_code, confidence, source) VALUES ('NAME_narcotics_natural_and_synthetic', 'Narcotics, natural and synthetic', 'narcotics, natural and synthetic', 'synonym', 'en', 1.0, 'HC-Hotlist') ON CONFLICT(alias_normalized, alias_type, COALESCE(language_code, '')) DO NOTHING;
INSERT OR IGNORE INTO regulatory_fact (canonical_id, jurisdiction, fact_type, status, regulation_ref, product_category, evidence_id) VALUES ('NAME_narcotics_natural_and_synthetic', 'CA_HC', 'prohibited', 'Prohibited in cosmetic products (Health Canada Hotlist)', 'Health Canada Cosmetic Ingredient Hotlist', 'cosmetic', (SELECT id FROM fact_evidence WHERE source_url = 'https://www.canada.ca/en/health-canada/services/consumer-product-safety/cosmetics/cosmetic-ingredient-hotlist-prohibited-restricted-ingredients.html' AND snapshot_date = '2026-04-18' LIMIT 1));
INSERT INTO ingredient (canonical_id, primary_name, ingredient_class, cas_number, category, is_natural) VALUES ('CAS_7440_00_8', 'Neodymium and its salts', 'substance', '7440-00-8', 'cosmetic', 0) ON CONFLICT(canonical_id) DO NOTHING;
INSERT INTO ingredient_alias (canonical_id, alias, alias_normalized, alias_type, language_code, confidence, source) VALUES ('CAS_7440_00_8', 'Neodymium and its salts', 'neodymium and its salts', 'synonym', 'en', 1.0, 'HC-Hotlist') ON CONFLICT(alias_normalized, alias_type, COALESCE(language_code, '')) DO NOTHING;
INSERT INTO ingredient_alias (canonical_id, alias, alias_normalized, alias_type, language_code, confidence, source) VALUES ('CAS_7440_00_8', '7440-00-8', '7440-00-8', 'cas', NULL, 1.0, 'HC-Hotlist') ON CONFLICT(alias_normalized, alias_type, COALESCE(language_code, '')) DO NOTHING;
INSERT OR IGNORE INTO regulatory_fact (canonical_id, jurisdiction, fact_type, status, regulation_ref, product_category, evidence_id) VALUES ('CAS_7440_00_8', 'CA_HC', 'prohibited', 'Prohibited in cosmetic products (Health Canada Hotlist)', 'Health Canada Cosmetic Ingredient Hotlist', 'cosmetic', (SELECT id FROM fact_evidence WHERE source_url = 'https://www.canada.ca/en/health-canada/services/consumer-product-safety/cosmetics/cosmetic-ingredient-hotlist-prohibited-restricted-ingredients.html' AND snapshot_date = '2026-04-18' LIMIT 1));
INSERT INTO ingredient (canonical_id, primary_name, ingredient_class, cas_number, category, is_natural) VALUES ('CAS_59_99_4', 'Neostigmine and its salts', 'substance', '59-99-4', 'cosmetic', 0) ON CONFLICT(canonical_id) DO NOTHING;
INSERT INTO ingredient_alias (canonical_id, alias, alias_normalized, alias_type, language_code, confidence, source) VALUES ('CAS_59_99_4', 'Neostigmine and its salts', 'neostigmine and its salts', 'synonym', 'en', 1.0, 'HC-Hotlist') ON CONFLICT(alias_normalized, alias_type, COALESCE(language_code, '')) DO NOTHING;
INSERT INTO ingredient_alias (canonical_id, alias, alias_normalized, alias_type, language_code, confidence, source) VALUES ('CAS_59_99_4', '59-99-4', '59-99-4', 'cas', NULL, 1.0, 'HC-Hotlist') ON CONFLICT(alias_normalized, alias_type, COALESCE(language_code, '')) DO NOTHING;
INSERT OR IGNORE INTO regulatory_fact (canonical_id, jurisdiction, fact_type, status, regulation_ref, product_category, evidence_id) VALUES ('CAS_59_99_4', 'CA_HC', 'prohibited', 'Prohibited in cosmetic products (Health Canada Hotlist)', 'Health Canada Cosmetic Ingredient Hotlist', 'cosmetic', (SELECT id FROM fact_evidence WHERE source_url = 'https://www.canada.ca/en/health-canada/services/consumer-product-safety/cosmetics/cosmetic-ingredient-hotlist-prohibited-restricted-ingredients.html' AND snapshot_date = '2026-04-18' LIMIT 1));
INSERT INTO ingredient (canonical_id, primary_name, ingredient_class, cas_number, category, is_natural) VALUES ('CAS_465_16_7', 'Nerium oleander , its extracts and its glycosides', 'substance', '465-16-7', 'cosmetic', 0) ON CONFLICT(canonical_id) DO NOTHING;
INSERT INTO ingredient_alias (canonical_id, alias, alias_normalized, alias_type, language_code, confidence, source) VALUES ('CAS_465_16_7', 'Nerium oleander , its extracts and its glycosides', 'nerium oleander , its extracts and its glycosides', 'synonym', 'en', 1.0, 'HC-Hotlist') ON CONFLICT(alias_normalized, alias_type, COALESCE(language_code, '')) DO NOTHING;
INSERT INTO ingredient_alias (canonical_id, alias, alias_normalized, alias_type, language_code, confidence, source) VALUES ('CAS_465_16_7', '465-16-7', '465-16-7', 'cas', NULL, 1.0, 'HC-Hotlist') ON CONFLICT(alias_normalized, alias_type, COALESCE(language_code, '')) DO NOTHING;
INSERT OR IGNORE INTO regulatory_fact (canonical_id, jurisdiction, fact_type, status, regulation_ref, product_category, evidence_id) VALUES ('CAS_465_16_7', 'CA_HC', 'prohibited', 'Prohibited in cosmetic products (Health Canada Hotlist)', 'Health Canada Cosmetic Ingredient Hotlist', 'cosmetic', (SELECT id FROM fact_evidence WHERE source_url = 'https://www.canada.ca/en/health-canada/services/consumer-product-safety/cosmetics/cosmetic-ingredient-hotlist-prohibited-restricted-ingredients.html' AND snapshot_date = '2026-04-18' LIMIT 1));
INSERT INTO ingredient (canonical_id, primary_name, ingredient_class, cas_number, category, is_natural) VALUES ('CAS_54_11_5', 'Nicotine and its salts', 'substance', '54-11-5', 'cosmetic', 0) ON CONFLICT(canonical_id) DO NOTHING;
INSERT INTO ingredient_alias (canonical_id, alias, alias_normalized, alias_type, language_code, confidence, source) VALUES ('CAS_54_11_5', 'Nicotine and its salts', 'nicotine and its salts', 'synonym', 'en', 1.0, 'HC-Hotlist') ON CONFLICT(alias_normalized, alias_type, COALESCE(language_code, '')) DO NOTHING;
INSERT INTO ingredient_alias (canonical_id, alias, alias_normalized, alias_type, language_code, confidence, source) VALUES ('CAS_54_11_5', '54-11-5', '54-11-5', 'cas', NULL, 1.0, 'HC-Hotlist') ON CONFLICT(alias_normalized, alias_type, COALESCE(language_code, '')) DO NOTHING;
INSERT OR IGNORE INTO regulatory_fact (canonical_id, jurisdiction, fact_type, status, regulation_ref, product_category, evidence_id) VALUES ('CAS_54_11_5', 'CA_HC', 'prohibited', 'Prohibited in cosmetic products (Health Canada Hotlist)', 'Health Canada Cosmetic Ingredient Hotlist', 'cosmetic', (SELECT id FROM fact_evidence WHERE source_url = 'https://www.canada.ca/en/health-canada/services/consumer-product-safety/cosmetics/cosmetic-ingredient-hotlist-prohibited-restricted-ingredients.html' AND snapshot_date = '2026-04-18' LIMIT 1));
INSERT INTO ingredient (canonical_id, primary_name, ingredient_class, cas_number, category, is_natural) VALUES ('NAME_nitrites_amyl', 'Nitrites, amyl', 'substance', NULL, 'cosmetic', 0) ON CONFLICT(canonical_id) DO NOTHING;
INSERT INTO ingredient_alias (canonical_id, alias, alias_normalized, alias_type, language_code, confidence, source) VALUES ('NAME_nitrites_amyl', 'Nitrites, amyl', 'nitrites, amyl', 'synonym', 'en', 1.0, 'HC-Hotlist') ON CONFLICT(alias_normalized, alias_type, COALESCE(language_code, '')) DO NOTHING;
INSERT OR IGNORE INTO regulatory_fact (canonical_id, jurisdiction, fact_type, status, regulation_ref, product_category, evidence_id) VALUES ('NAME_nitrites_amyl', 'CA_HC', 'prohibited', 'Prohibited in cosmetic products (Health Canada Hotlist)', 'Health Canada Cosmetic Ingredient Hotlist', 'cosmetic', (SELECT id FROM fact_evidence WHERE source_url = 'https://www.canada.ca/en/health-canada/services/consumer-product-safety/cosmetics/cosmetic-ingredient-hotlist-prohibited-restricted-ingredients.html' AND snapshot_date = '2026-04-18' LIMIT 1));
INSERT INTO ingredient (canonical_id, primary_name, ingredient_class, cas_number, category, is_natural) VALUES ('CAS_14797_65_0', 'Nitrites, inorganic, except sodium nitrite', 'substance', '14797-65-0', 'cosmetic', 0) ON CONFLICT(canonical_id) DO NOTHING;
INSERT INTO ingredient_alias (canonical_id, alias, alias_normalized, alias_type, language_code, confidence, source) VALUES ('CAS_14797_65_0', 'Nitrites, inorganic, except sodium nitrite', 'nitrites, inorganic, except sodium nitrite', 'synonym', 'en', 1.0, 'HC-Hotlist') ON CONFLICT(alias_normalized, alias_type, COALESCE(language_code, '')) DO NOTHING;
INSERT INTO ingredient_alias (canonical_id, alias, alias_normalized, alias_type, language_code, confidence, source) VALUES ('CAS_14797_65_0', '14797-65-0', '14797-65-0', 'cas', NULL, 1.0, 'HC-Hotlist') ON CONFLICT(alias_normalized, alias_type, COALESCE(language_code, '')) DO NOTHING;
INSERT OR IGNORE INTO regulatory_fact (canonical_id, jurisdiction, fact_type, status, regulation_ref, product_category, evidence_id) VALUES ('CAS_14797_65_0', 'CA_HC', 'prohibited', 'Prohibited in cosmetic products (Health Canada Hotlist)', 'Health Canada Cosmetic Ingredient Hotlist', 'cosmetic', (SELECT id FROM fact_evidence WHERE source_url = 'https://www.canada.ca/en/health-canada/services/consumer-product-safety/cosmetics/cosmetic-ingredient-hotlist-prohibited-restricted-ingredients.html' AND snapshot_date = '2026-04-18' LIMIT 1));
INSERT INTO ingredient (canonical_id, primary_name, ingredient_class, cas_number, category, is_natural) VALUES ('CAS_98_95_3', 'Nitrobenzene', 'substance', '98-95-3', 'cosmetic', 0) ON CONFLICT(canonical_id) DO NOTHING;
INSERT INTO ingredient_alias (canonical_id, alias, alias_normalized, alias_type, language_code, confidence, source) VALUES ('CAS_98_95_3', 'Nitrobenzene', 'nitrobenzene', 'synonym', 'en', 1.0, 'HC-Hotlist') ON CONFLICT(alias_normalized, alias_type, COALESCE(language_code, '')) DO NOTHING;
INSERT INTO ingredient_alias (canonical_id, alias, alias_normalized, alias_type, language_code, confidence, source) VALUES ('CAS_98_95_3', '98-95-3', '98-95-3', 'cas', NULL, 1.0, 'HC-Hotlist') ON CONFLICT(alias_normalized, alias_type, COALESCE(language_code, '')) DO NOTHING;
INSERT OR IGNORE INTO regulatory_fact (canonical_id, jurisdiction, fact_type, status, regulation_ref, product_category, evidence_id) VALUES ('CAS_98_95_3', 'CA_HC', 'prohibited', 'Prohibited in cosmetic products (Health Canada Hotlist)', 'Health Canada Cosmetic Ingredient Hotlist', 'cosmetic', (SELECT id FROM fact_evidence WHERE source_url = 'https://www.canada.ca/en/health-canada/services/consumer-product-safety/cosmetics/cosmetic-ingredient-hotlist-prohibited-restricted-ingredients.html' AND snapshot_date = '2026-04-18' LIMIT 1));
INSERT INTO ingredient (canonical_id, primary_name, ingredient_class, cas_number, category, is_natural) VALUES ('CAS_12167_20_3', 'Nitrocresols and their alkali metal salts', 'substance', '12167-20-3', 'cosmetic', 0) ON CONFLICT(canonical_id) DO NOTHING;
INSERT INTO ingredient_alias (canonical_id, alias, alias_normalized, alias_type, language_code, confidence, source) VALUES ('CAS_12167_20_3', 'Nitrocresols and their alkali metal salts', 'nitrocresols and their alkali metal salts', 'synonym', 'en', 1.0, 'HC-Hotlist') ON CONFLICT(alias_normalized, alias_type, COALESCE(language_code, '')) DO NOTHING;
INSERT INTO ingredient_alias (canonical_id, alias, alias_normalized, alias_type, language_code, confidence, source) VALUES ('CAS_12167_20_3', '12167-20-3', '12167-20-3', 'cas', NULL, 1.0, 'HC-Hotlist') ON CONFLICT(alias_normalized, alias_type, COALESCE(language_code, '')) DO NOTHING;
INSERT OR IGNORE INTO regulatory_fact (canonical_id, jurisdiction, fact_type, status, regulation_ref, product_category, evidence_id) VALUES ('CAS_12167_20_3', 'CA_HC', 'prohibited', 'Prohibited in cosmetic products (Health Canada Hotlist)', 'Health Canada Cosmetic Ingredient Hotlist', 'cosmetic', (SELECT id FROM fact_evidence WHERE source_url = 'https://www.canada.ca/en/health-canada/services/consumer-product-safety/cosmetics/cosmetic-ingredient-hotlist-prohibited-restricted-ingredients.html' AND snapshot_date = '2026-04-18' LIMIT 1));
INSERT INTO ingredient (canonical_id, primary_name, ingredient_class, cas_number, category, is_natural) VALUES ('CAS_67_20_9', 'Nitrofurantoin', 'substance', '67-20-9', 'cosmetic', 0) ON CONFLICT(canonical_id) DO NOTHING;
INSERT INTO ingredient_alias (canonical_id, alias, alias_normalized, alias_type, language_code, confidence, source) VALUES ('CAS_67_20_9', 'Nitrofurantoin', 'nitrofurantoin', 'synonym', 'en', 1.0, 'HC-Hotlist') ON CONFLICT(alias_normalized, alias_type, COALESCE(language_code, '')) DO NOTHING;
INSERT INTO ingredient_alias (canonical_id, alias, alias_normalized, alias_type, language_code, confidence, source) VALUES ('CAS_67_20_9', '67-20-9', '67-20-9', 'cas', NULL, 1.0, 'HC-Hotlist') ON CONFLICT(alias_normalized, alias_type, COALESCE(language_code, '')) DO NOTHING;
INSERT OR IGNORE INTO regulatory_fact (canonical_id, jurisdiction, fact_type, status, regulation_ref, product_category, evidence_id) VALUES ('CAS_67_20_9', 'CA_HC', 'prohibited', 'Prohibited in cosmetic products (Health Canada Hotlist)', 'Health Canada Cosmetic Ingredient Hotlist', 'cosmetic', (SELECT id FROM fact_evidence WHERE source_url = 'https://www.canada.ca/en/health-canada/services/consumer-product-safety/cosmetics/cosmetic-ingredient-hotlist-prohibited-restricted-ingredients.html' AND snapshot_date = '2026-04-18' LIMIT 1));
INSERT INTO ingredient (canonical_id, primary_name, ingredient_class, cas_number, category, is_natural) VALUES ('CAS_55_63_0', 'Nitroglycerin', 'substance', '55-63-0', 'cosmetic', 0) ON CONFLICT(canonical_id) DO NOTHING;
INSERT INTO ingredient_alias (canonical_id, alias, alias_normalized, alias_type, language_code, confidence, source) VALUES ('CAS_55_63_0', 'Nitroglycerin', 'nitroglycerin', 'synonym', 'en', 1.0, 'HC-Hotlist') ON CONFLICT(alias_normalized, alias_type, COALESCE(language_code, '')) DO NOTHING;
INSERT INTO ingredient_alias (canonical_id, alias, alias_normalized, alias_type, language_code, confidence, source) VALUES ('CAS_55_63_0', '55-63-0', '55-63-0', 'cas', NULL, 1.0, 'HC-Hotlist') ON CONFLICT(alias_normalized, alias_type, COALESCE(language_code, '')) DO NOTHING;
INSERT OR IGNORE INTO regulatory_fact (canonical_id, jurisdiction, fact_type, status, regulation_ref, product_category, evidence_id) VALUES ('CAS_55_63_0', 'CA_HC', 'prohibited', 'Prohibited in cosmetic products (Health Canada Hotlist)', 'Health Canada Cosmetic Ingredient Hotlist', 'cosmetic', (SELECT id FROM fact_evidence WHERE source_url = 'https://www.canada.ca/en/health-canada/services/consumer-product-safety/cosmetics/cosmetic-ingredient-hotlist-prohibited-restricted-ingredients.html' AND snapshot_date = '2026-04-18' LIMIT 1));
INSERT INTO ingredient (canonical_id, primary_name, ingredient_class, cas_number, category, is_natural) VALUES ('CAS_64091_91_4', 'Nitrosamines', 'substance', '64091-91-4', 'cosmetic', 0) ON CONFLICT(canonical_id) DO NOTHING;
INSERT INTO ingredient_alias (canonical_id, alias, alias_normalized, alias_type, language_code, confidence, source) VALUES ('CAS_64091_91_4', 'Nitrosamines', 'nitrosamines', 'synonym', 'en', 1.0, 'HC-Hotlist') ON CONFLICT(alias_normalized, alias_type, COALESCE(language_code, '')) DO NOTHING;
INSERT INTO ingredient_alias (canonical_id, alias, alias_normalized, alias_type, language_code, confidence, source) VALUES ('CAS_64091_91_4', '64091-91-4', '64091-91-4', 'cas', NULL, 1.0, 'HC-Hotlist') ON CONFLICT(alias_normalized, alias_type, COALESCE(language_code, '')) DO NOTHING;
INSERT OR IGNORE INTO regulatory_fact (canonical_id, jurisdiction, fact_type, status, regulation_ref, product_category, evidence_id) VALUES ('CAS_64091_91_4', 'CA_HC', 'prohibited', 'Prohibited in cosmetic products (Health Canada Hotlist)', 'Health Canada Cosmetic Ingredient Hotlist', 'cosmetic', (SELECT id FROM fact_evidence WHERE source_url = 'https://www.canada.ca/en/health-canada/services/consumer-product-safety/cosmetics/cosmetic-ingredient-hotlist-prohibited-restricted-ingredients.html' AND snapshot_date = '2026-04-18' LIMIT 1));
INSERT INTO ingredient (canonical_id, primary_name, ingredient_class, cas_number, category, is_natural) VALUES ('NAME_nitrostilbenes_their_homologues_and_their_derivatives', 'Nitrostilbenes, their homologues and their derivatives', 'substance', NULL, 'cosmetic', 0) ON CONFLICT(canonical_id) DO NOTHING;
INSERT INTO ingredient_alias (canonical_id, alias, alias_normalized, alias_type, language_code, confidence, source) VALUES ('NAME_nitrostilbenes_their_homologues_and_their_derivatives', 'Nitrostilbenes, their homologues and their derivatives', 'nitrostilbenes, their homologues and their derivatives', 'synonym', 'en', 1.0, 'HC-Hotlist') ON CONFLICT(alias_normalized, alias_type, COALESCE(language_code, '')) DO NOTHING;
INSERT OR IGNORE INTO regulatory_fact (canonical_id, jurisdiction, fact_type, status, regulation_ref, product_category, evidence_id) VALUES ('NAME_nitrostilbenes_their_homologues_and_their_derivatives', 'CA_HC', 'prohibited', 'Prohibited in cosmetic products (Health Canada Hotlist)', 'Health Canada Cosmetic Ingredient Hotlist', 'cosmetic', (SELECT id FROM fact_evidence WHERE source_url = 'https://www.canada.ca/en/health-canada/services/consumer-product-safety/cosmetics/cosmetic-ingredient-hotlist-prohibited-restricted-ingredients.html' AND snapshot_date = '2026-04-18' LIMIT 1));
INSERT INTO ingredient (canonical_id, primary_name, ingredient_class, cas_number, category, is_natural) VALUES ('CAS_4008_48_4', 'Nitroxoline and its salts', 'substance', '4008-48-4', 'cosmetic', 0) ON CONFLICT(canonical_id) DO NOTHING;
INSERT INTO ingredient_alias (canonical_id, alias, alias_normalized, alias_type, language_code, confidence, source) VALUES ('CAS_4008_48_4', 'Nitroxoline and its salts', 'nitroxoline and its salts', 'synonym', 'en', 1.0, 'HC-Hotlist') ON CONFLICT(alias_normalized, alias_type, COALESCE(language_code, '')) DO NOTHING;
INSERT INTO ingredient_alias (canonical_id, alias, alias_normalized, alias_type, language_code, confidence, source) VALUES ('CAS_4008_48_4', '4008-48-4', '4008-48-4', 'cas', NULL, 1.0, 'HC-Hotlist') ON CONFLICT(alias_normalized, alias_type, COALESCE(language_code, '')) DO NOTHING;
INSERT OR IGNORE INTO regulatory_fact (canonical_id, jurisdiction, fact_type, status, regulation_ref, product_category, evidence_id) VALUES ('CAS_4008_48_4', 'CA_HC', 'prohibited', 'Prohibited in cosmetic products (Health Canada Hotlist)', 'Health Canada Cosmetic Ingredient Hotlist', 'cosmetic', (SELECT id FROM fact_evidence WHERE source_url = 'https://www.canada.ca/en/health-canada/services/consumer-product-safety/cosmetics/cosmetic-ingredient-hotlist-prohibited-restricted-ingredients.html' AND snapshot_date = '2026-04-18' LIMIT 1));
INSERT INTO ingredient (canonical_id, primary_name, ingredient_class, cas_number, category, is_natural) VALUES ('CAS_51_41_2', 'Noradrenaline and its salts', 'substance', '51-41-2', 'cosmetic', 0) ON CONFLICT(canonical_id) DO NOTHING;
INSERT INTO ingredient_alias (canonical_id, alias, alias_normalized, alias_type, language_code, confidence, source) VALUES ('CAS_51_41_2', 'Noradrenaline and its salts', 'noradrenaline and its salts', 'synonym', 'en', 1.0, 'HC-Hotlist') ON CONFLICT(alias_normalized, alias_type, COALESCE(language_code, '')) DO NOTHING;
INSERT INTO ingredient_alias (canonical_id, alias, alias_normalized, alias_type, language_code, confidence, source) VALUES ('CAS_51_41_2', '51-41-2', '51-41-2', 'cas', NULL, 1.0, 'HC-Hotlist') ON CONFLICT(alias_normalized, alias_type, COALESCE(language_code, '')) DO NOTHING;
INSERT OR IGNORE INTO regulatory_fact (canonical_id, jurisdiction, fact_type, status, regulation_ref, product_category, evidence_id) VALUES ('CAS_51_41_2', 'CA_HC', 'prohibited', 'Prohibited in cosmetic products (Health Canada Hotlist)', 'Health Canada Cosmetic Ingredient Hotlist', 'cosmetic', (SELECT id FROM fact_evidence WHERE source_url = 'https://www.canada.ca/en/health-canada/services/consumer-product-safety/cosmetics/cosmetic-ingredient-hotlist-prohibited-restricted-ingredients.html' AND snapshot_date = '2026-04-18' LIMIT 1));
INSERT INTO ingredient (canonical_id, primary_name, ingredient_class, cas_number, category, is_natural) VALUES ('CAS_128_62_1', 'Noscapine and its salts', 'substance', '128-62-1', 'cosmetic', 0) ON CONFLICT(canonical_id) DO NOTHING;
INSERT INTO ingredient_alias (canonical_id, alias, alias_normalized, alias_type, language_code, confidence, source) VALUES ('CAS_128_62_1', 'Noscapine and its salts', 'noscapine and its salts', 'synonym', 'en', 1.0, 'HC-Hotlist') ON CONFLICT(alias_normalized, alias_type, COALESCE(language_code, '')) DO NOTHING;
INSERT INTO ingredient_alias (canonical_id, alias, alias_normalized, alias_type, language_code, confidence, source) VALUES ('CAS_128_62_1', '128-62-1', '128-62-1', 'cas', NULL, 1.0, 'HC-Hotlist') ON CONFLICT(alias_normalized, alias_type, COALESCE(language_code, '')) DO NOTHING;
INSERT OR IGNORE INTO regulatory_fact (canonical_id, jurisdiction, fact_type, status, regulation_ref, product_category, evidence_id) VALUES ('CAS_128_62_1', 'CA_HC', 'prohibited', 'Prohibited in cosmetic products (Health Canada Hotlist)', 'Health Canada Cosmetic Ingredient Hotlist', 'cosmetic', (SELECT id FROM fact_evidence WHERE source_url = 'https://www.canada.ca/en/health-canada/services/consumer-product-safety/cosmetics/cosmetic-ingredient-hotlist-prohibited-restricted-ingredients.html' AND snapshot_date = '2026-04-18' LIMIT 1));
INSERT INTO ingredient (canonical_id, primary_name, ingredient_class, cas_number, category, is_natural) VALUES ('CAS_2748_74_5', 'O , O ''-Diacetyl-N-allyl-N-normorphine', 'substance', '2748-74-5', 'cosmetic', 0) ON CONFLICT(canonical_id) DO NOTHING;
INSERT INTO ingredient_alias (canonical_id, alias, alias_normalized, alias_type, language_code, confidence, source) VALUES ('CAS_2748_74_5', 'O , O ''-Diacetyl-N-allyl-N-normorphine', 'o , o ''-diacetyl-n-allyl-n-normorphine', 'synonym', 'en', 1.0, 'HC-Hotlist') ON CONFLICT(alias_normalized, alias_type, COALESCE(language_code, '')) DO NOTHING;
INSERT INTO ingredient_alias (canonical_id, alias, alias_normalized, alias_type, language_code, confidence, source) VALUES ('CAS_2748_74_5', '2748-74-5', '2748-74-5', 'cas', NULL, 1.0, 'HC-Hotlist') ON CONFLICT(alias_normalized, alias_type, COALESCE(language_code, '')) DO NOTHING;
INSERT OR IGNORE INTO regulatory_fact (canonical_id, jurisdiction, fact_type, status, regulation_ref, product_category, evidence_id) VALUES ('CAS_2748_74_5', 'CA_HC', 'prohibited', 'Prohibited in cosmetic products (Health Canada Hotlist)', 'Health Canada Cosmetic Ingredient Hotlist', 'cosmetic', (SELECT id FROM fact_evidence WHERE source_url = 'https://www.canada.ca/en/health-canada/services/consumer-product-safety/cosmetics/cosmetic-ingredient-hotlist-prohibited-restricted-ingredients.html' AND snapshot_date = '2026-04-18' LIMIT 1));
INSERT INTO ingredient (canonical_id, primary_name, ingredient_class, cas_number, category, is_natural) VALUES ('CAS_140_93_2', 'O -Alkyldithiocarbonic acids, salts of', 'substance', '140-93-2', 'cosmetic', 0) ON CONFLICT(canonical_id) DO NOTHING;
INSERT INTO ingredient_alias (canonical_id, alias, alias_normalized, alias_type, language_code, confidence, source) VALUES ('CAS_140_93_2', 'O -Alkyldithiocarbonic acids, salts of', 'o -alkyldithiocarbonic acids, salts of', 'synonym', 'en', 1.0, 'HC-Hotlist') ON CONFLICT(alias_normalized, alias_type, COALESCE(language_code, '')) DO NOTHING;
INSERT INTO ingredient_alias (canonical_id, alias, alias_normalized, alias_type, language_code, confidence, source) VALUES ('CAS_140_93_2', '140-93-2', '140-93-2', 'cas', NULL, 1.0, 'HC-Hotlist') ON CONFLICT(alias_normalized, alias_type, COALESCE(language_code, '')) DO NOTHING;
INSERT OR IGNORE INTO regulatory_fact (canonical_id, jurisdiction, fact_type, status, regulation_ref, product_category, evidence_id) VALUES ('CAS_140_93_2', 'CA_HC', 'prohibited', 'Prohibited in cosmetic products (Health Canada Hotlist)', 'Health Canada Cosmetic Ingredient Hotlist', 'cosmetic', (SELECT id FROM fact_evidence WHERE source_url = 'https://www.canada.ca/en/health-canada/services/consumer-product-safety/cosmetics/cosmetic-ingredient-hotlist-prohibited-restricted-ingredients.html' AND snapshot_date = '2026-04-18' LIMIT 1));
INSERT INTO ingredient (canonical_id, primary_name, ingredient_class, cas_number, category, is_natural) VALUES ('CAS_4684_87_1', 'Octamoxin and its salts', 'substance', '4684-87-1', 'cosmetic', 0) ON CONFLICT(canonical_id) DO NOTHING;
INSERT INTO ingredient_alias (canonical_id, alias, alias_normalized, alias_type, language_code, confidence, source) VALUES ('CAS_4684_87_1', 'Octamoxin and its salts', 'octamoxin and its salts', 'synonym', 'en', 1.0, 'HC-Hotlist') ON CONFLICT(alias_normalized, alias_type, COALESCE(language_code, '')) DO NOTHING;
INSERT INTO ingredient_alias (canonical_id, alias, alias_normalized, alias_type, language_code, confidence, source) VALUES ('CAS_4684_87_1', '4684-87-1', '4684-87-1', 'cas', NULL, 1.0, 'HC-Hotlist') ON CONFLICT(alias_normalized, alias_type, COALESCE(language_code, '')) DO NOTHING;
INSERT OR IGNORE INTO regulatory_fact (canonical_id, jurisdiction, fact_type, status, regulation_ref, product_category, evidence_id) VALUES ('CAS_4684_87_1', 'CA_HC', 'prohibited', 'Prohibited in cosmetic products (Health Canada Hotlist)', 'Health Canada Cosmetic Ingredient Hotlist', 'cosmetic', (SELECT id FROM fact_evidence WHERE source_url = 'https://www.canada.ca/en/health-canada/services/consumer-product-safety/cosmetics/cosmetic-ingredient-hotlist-prohibited-restricted-ingredients.html' AND snapshot_date = '2026-04-18' LIMIT 1));
INSERT INTO ingredient (canonical_id, primary_name, ingredient_class, cas_number, category, is_natural) VALUES ('CAS_502_59_0', 'Octamylamine and its salts', 'substance', '502-59-0', 'cosmetic', 0) ON CONFLICT(canonical_id) DO NOTHING;
INSERT INTO ingredient_alias (canonical_id, alias, alias_normalized, alias_type, language_code, confidence, source) VALUES ('CAS_502_59_0', 'Octamylamine and its salts', 'octamylamine and its salts', 'synonym', 'en', 1.0, 'HC-Hotlist') ON CONFLICT(alias_normalized, alias_type, COALESCE(language_code, '')) DO NOTHING;
INSERT INTO ingredient_alias (canonical_id, alias, alias_normalized, alias_type, language_code, confidence, source) VALUES ('CAS_502_59_0', '502-59-0', '502-59-0', 'cas', NULL, 1.0, 'HC-Hotlist') ON CONFLICT(alias_normalized, alias_type, COALESCE(language_code, '')) DO NOTHING;
INSERT OR IGNORE INTO regulatory_fact (canonical_id, jurisdiction, fact_type, status, regulation_ref, product_category, evidence_id) VALUES ('CAS_502_59_0', 'CA_HC', 'prohibited', 'Prohibited in cosmetic products (Health Canada Hotlist)', 'Health Canada Cosmetic Ingredient Hotlist', 'cosmetic', (SELECT id FROM fact_evidence WHERE source_url = 'https://www.canada.ca/en/health-canada/services/consumer-product-safety/cosmetics/cosmetic-ingredient-hotlist-prohibited-restricted-ingredients.html' AND snapshot_date = '2026-04-18' LIMIT 1));
INSERT INTO ingredient (canonical_id, primary_name, ingredient_class, cas_number, category, is_natural) VALUES ('CAS_543_82_8', 'Octodrine and its salts', 'substance', '543-82-8', 'cosmetic', 0) ON CONFLICT(canonical_id) DO NOTHING;
INSERT INTO ingredient_alias (canonical_id, alias, alias_normalized, alias_type, language_code, confidence, source) VALUES ('CAS_543_82_8', 'Octodrine and its salts', 'octodrine and its salts', 'synonym', 'en', 1.0, 'HC-Hotlist') ON CONFLICT(alias_normalized, alias_type, COALESCE(language_code, '')) DO NOTHING;
INSERT INTO ingredient_alias (canonical_id, alias, alias_normalized, alias_type, language_code, confidence, source) VALUES ('CAS_543_82_8', '543-82-8', '543-82-8', 'cas', NULL, 1.0, 'HC-Hotlist') ON CONFLICT(alias_normalized, alias_type, COALESCE(language_code, '')) DO NOTHING;
INSERT OR IGNORE INTO regulatory_fact (canonical_id, jurisdiction, fact_type, status, regulation_ref, product_category, evidence_id) VALUES ('CAS_543_82_8', 'CA_HC', 'prohibited', 'Prohibited in cosmetic products (Health Canada Hotlist)', 'Health Canada Cosmetic Ingredient Hotlist', 'cosmetic', (SELECT id FROM fact_evidence WHERE source_url = 'https://www.canada.ca/en/health-canada/services/consumer-product-safety/cosmetics/cosmetic-ingredient-hotlist-prohibited-restricted-ingredients.html' AND snapshot_date = '2026-04-18' LIMIT 1));
INSERT INTO ingredient (canonical_id, primary_name, ingredient_class, cas_number, category, is_natural) VALUES ('CAS_95_54_5', 'o -Phenylenediamine and its salts', 'substance', '95-54-5', 'cosmetic', 0) ON CONFLICT(canonical_id) DO NOTHING;
INSERT INTO ingredient_alias (canonical_id, alias, alias_normalized, alias_type, language_code, confidence, source) VALUES ('CAS_95_54_5', 'o -Phenylenediamine and its salts', 'o -phenylenediamine and its salts', 'synonym', 'en', 1.0, 'HC-Hotlist') ON CONFLICT(alias_normalized, alias_type, COALESCE(language_code, '')) DO NOTHING;
INSERT INTO ingredient_alias (canonical_id, alias, alias_normalized, alias_type, language_code, confidence, source) VALUES ('CAS_95_54_5', '95-54-5', '95-54-5', 'cas', NULL, 1.0, 'HC-Hotlist') ON CONFLICT(alias_normalized, alias_type, COALESCE(language_code, '')) DO NOTHING;
INSERT OR IGNORE INTO regulatory_fact (canonical_id, jurisdiction, fact_type, status, regulation_ref, product_category, evidence_id) VALUES ('CAS_95_54_5', 'CA_HC', 'prohibited', 'Prohibited in cosmetic products (Health Canada Hotlist)', 'Health Canada Cosmetic Ingredient Hotlist', 'cosmetic', (SELECT id FROM fact_evidence WHERE source_url = 'https://www.canada.ca/en/health-canada/services/consumer-product-safety/cosmetics/cosmetic-ingredient-hotlist-prohibited-restricted-ingredients.html' AND snapshot_date = '2026-04-18' LIMIT 1));
INSERT INTO ingredient (canonical_id, primary_name, ingredient_class, cas_number, category, is_natural) VALUES ('CAS_126_93_2', 'Oxanamide and its derivatives', 'substance', '126-93-2', 'cosmetic', 0) ON CONFLICT(canonical_id) DO NOTHING;
INSERT INTO ingredient_alias (canonical_id, alias, alias_normalized, alias_type, language_code, confidence, source) VALUES ('CAS_126_93_2', 'Oxanamide and its derivatives', 'oxanamide and its derivatives', 'synonym', 'en', 1.0, 'HC-Hotlist') ON CONFLICT(alias_normalized, alias_type, COALESCE(language_code, '')) DO NOTHING;
INSERT INTO ingredient_alias (canonical_id, alias, alias_normalized, alias_type, language_code, confidence, source) VALUES ('CAS_126_93_2', '126-93-2', '126-93-2', 'cas', NULL, 1.0, 'HC-Hotlist') ON CONFLICT(alias_normalized, alias_type, COALESCE(language_code, '')) DO NOTHING;
INSERT OR IGNORE INTO regulatory_fact (canonical_id, jurisdiction, fact_type, status, regulation_ref, product_category, evidence_id) VALUES ('CAS_126_93_2', 'CA_HC', 'prohibited', 'Prohibited in cosmetic products (Health Canada Hotlist)', 'Health Canada Cosmetic Ingredient Hotlist', 'cosmetic', (SELECT id FROM fact_evidence WHERE source_url = 'https://www.canada.ca/en/health-canada/services/consumer-product-safety/cosmetics/cosmetic-ingredient-hotlist-prohibited-restricted-ingredients.html' AND snapshot_date = '2026-04-18' LIMIT 1));
INSERT INTO ingredient (canonical_id, primary_name, ingredient_class, cas_number, category, is_natural) VALUES ('CAS_546_32_7', 'Oxpheneridine and its salts', 'substance', '546-32-7', 'cosmetic', 0) ON CONFLICT(canonical_id) DO NOTHING;
INSERT INTO ingredient_alias (canonical_id, alias, alias_normalized, alias_type, language_code, confidence, source) VALUES ('CAS_546_32_7', 'Oxpheneridine and its salts', 'oxpheneridine and its salts', 'synonym', 'en', 1.0, 'HC-Hotlist') ON CONFLICT(alias_normalized, alias_type, COALESCE(language_code, '')) DO NOTHING;
INSERT INTO ingredient_alias (canonical_id, alias, alias_normalized, alias_type, language_code, confidence, source) VALUES ('CAS_546_32_7', '546-32-7', '546-32-7', 'cas', NULL, 1.0, 'HC-Hotlist') ON CONFLICT(alias_normalized, alias_type, COALESCE(language_code, '')) DO NOTHING;
INSERT OR IGNORE INTO regulatory_fact (canonical_id, jurisdiction, fact_type, status, regulation_ref, product_category, evidence_id) VALUES ('CAS_546_32_7', 'CA_HC', 'prohibited', 'Prohibited in cosmetic products (Health Canada Hotlist)', 'Health Canada Cosmetic Ingredient Hotlist', 'cosmetic', (SELECT id FROM fact_evidence WHERE source_url = 'https://www.canada.ca/en/health-canada/services/consumer-product-safety/cosmetics/cosmetic-ingredient-hotlist-prohibited-restricted-ingredients.html' AND snapshot_date = '2026-04-18' LIMIT 1));
INSERT INTO ingredient (canonical_id, primary_name, ingredient_class, cas_number, category, is_natural) VALUES ('CAS_106_44_5', 'p-Cresol and mixtures thereof', 'substance', '106-44-5', 'cosmetic', 0) ON CONFLICT(canonical_id) DO NOTHING;
INSERT INTO ingredient_alias (canonical_id, alias, alias_normalized, alias_type, language_code, confidence, source) VALUES ('CAS_106_44_5', 'p-Cresol and mixtures thereof', 'p-cresol and mixtures thereof', 'synonym', 'en', 1.0, 'HC-Hotlist') ON CONFLICT(alias_normalized, alias_type, COALESCE(language_code, '')) DO NOTHING;
INSERT INTO ingredient_alias (canonical_id, alias, alias_normalized, alias_type, language_code, confidence, source) VALUES ('CAS_106_44_5', '106-44-5', '106-44-5', 'cas', NULL, 1.0, 'HC-Hotlist') ON CONFLICT(alias_normalized, alias_type, COALESCE(language_code, '')) DO NOTHING;
INSERT OR IGNORE INTO regulatory_fact (canonical_id, jurisdiction, fact_type, status, regulation_ref, product_category, evidence_id) VALUES ('CAS_106_44_5', 'CA_HC', 'prohibited', 'Prohibited in cosmetic products (Health Canada Hotlist)', 'Health Canada Cosmetic Ingredient Hotlist', 'cosmetic', (SELECT id FROM fact_evidence WHERE source_url = 'https://www.canada.ca/en/health-canada/services/consumer-product-safety/cosmetics/cosmetic-ingredient-hotlist-prohibited-restricted-ingredients.html' AND snapshot_date = '2026-04-18' LIMIT 1));
INSERT INTO ingredient (canonical_id, primary_name, ingredient_class, cas_number, category, is_natural) VALUES ('NAME_paba_esters_of_with_a_free_amino_group', 'PABA, esters of; with a free amino group', 'substance', NULL, 'cosmetic', 0) ON CONFLICT(canonical_id) DO NOTHING;
INSERT INTO ingredient_alias (canonical_id, alias, alias_normalized, alias_type, language_code, confidence, source) VALUES ('NAME_paba_esters_of_with_a_free_amino_group', 'PABA, esters of; with a free amino group', 'paba, esters of; with a free amino group', 'synonym', 'en', 1.0, 'HC-Hotlist') ON CONFLICT(alias_normalized, alias_type, COALESCE(language_code, '')) DO NOTHING;
INSERT OR IGNORE INTO regulatory_fact (canonical_id, jurisdiction, fact_type, status, regulation_ref, product_category, evidence_id) VALUES ('NAME_paba_esters_of_with_a_free_amino_group', 'CA_HC', 'prohibited', 'Prohibited in cosmetic products (Health Canada Hotlist)', 'Health Canada Cosmetic Ingredient Hotlist', 'cosmetic', (SELECT id FROM fact_evidence WHERE source_url = 'https://www.canada.ca/en/health-canada/services/consumer-product-safety/cosmetics/cosmetic-ingredient-hotlist-prohibited-restricted-ingredients.html' AND snapshot_date = '2026-04-18' LIMIT 1));
INSERT INTO ingredient (canonical_id, primary_name, ingredient_class, cas_number, category, is_natural) VALUES ('CAS_53_33_8', 'Paramethasone', 'substance', '53-33-8', 'cosmetic', 0) ON CONFLICT(canonical_id) DO NOTHING;
INSERT INTO ingredient_alias (canonical_id, alias, alias_normalized, alias_type, language_code, confidence, source) VALUES ('CAS_53_33_8', 'Paramethasone', 'paramethasone', 'synonym', 'en', 1.0, 'HC-Hotlist') ON CONFLICT(alias_normalized, alias_type, COALESCE(language_code, '')) DO NOTHING;
INSERT INTO ingredient_alias (canonical_id, alias, alias_normalized, alias_type, language_code, confidence, source) VALUES ('CAS_53_33_8', '53-33-8', '53-33-8', 'cas', NULL, 1.0, 'HC-Hotlist') ON CONFLICT(alias_normalized, alias_type, COALESCE(language_code, '')) DO NOTHING;
INSERT OR IGNORE INTO regulatory_fact (canonical_id, jurisdiction, fact_type, status, regulation_ref, product_category, evidence_id) VALUES ('CAS_53_33_8', 'CA_HC', 'prohibited', 'Prohibited in cosmetic products (Health Canada Hotlist)', 'Health Canada Cosmetic Ingredient Hotlist', 'cosmetic', (SELECT id FROM fact_evidence WHERE source_url = 'https://www.canada.ca/en/health-canada/services/consumer-product-safety/cosmetics/cosmetic-ingredient-hotlist-prohibited-restricted-ingredients.html' AND snapshot_date = '2026-04-18' LIMIT 1));
INSERT INTO ingredient (canonical_id, primary_name, ingredient_class, cas_number, category, is_natural) VALUES ('CAS_56_38_2', 'Parathion', 'substance', '56-38-2', 'cosmetic', 0) ON CONFLICT(canonical_id) DO NOTHING;
INSERT INTO ingredient_alias (canonical_id, alias, alias_normalized, alias_type, language_code, confidence, source) VALUES ('CAS_56_38_2', 'Parathion', 'parathion', 'synonym', 'en', 1.0, 'HC-Hotlist') ON CONFLICT(alias_normalized, alias_type, COALESCE(language_code, '')) DO NOTHING;
INSERT INTO ingredient_alias (canonical_id, alias, alias_normalized, alias_type, language_code, confidence, source) VALUES ('CAS_56_38_2', '56-38-2', '56-38-2', 'cas', NULL, 1.0, 'HC-Hotlist') ON CONFLICT(alias_normalized, alias_type, COALESCE(language_code, '')) DO NOTHING;
INSERT OR IGNORE INTO regulatory_fact (canonical_id, jurisdiction, fact_type, status, regulation_ref, product_category, evidence_id) VALUES ('CAS_56_38_2', 'CA_HC', 'prohibited', 'Prohibited in cosmetic products (Health Canada Hotlist)', 'Health Canada Cosmetic Ingredient Hotlist', 'cosmetic', (SELECT id FROM fact_evidence WHERE source_url = 'https://www.canada.ca/en/health-canada/services/consumer-product-safety/cosmetics/cosmetic-ingredient-hotlist-prohibited-restricted-ingredients.html' AND snapshot_date = '2026-04-18' LIMIT 1));
INSERT INTO ingredient (canonical_id, primary_name, ingredient_class, cas_number, category, is_natural) VALUES ('CAS_94_23_5', 'Parethoxycaine and its salts', 'substance', '94-23-5', 'cosmetic', 0) ON CONFLICT(canonical_id) DO NOTHING;
INSERT INTO ingredient_alias (canonical_id, alias, alias_normalized, alias_type, language_code, confidence, source) VALUES ('CAS_94_23_5', 'Parethoxycaine and its salts', 'parethoxycaine and its salts', 'synonym', 'en', 1.0, 'HC-Hotlist') ON CONFLICT(alias_normalized, alias_type, COALESCE(language_code, '')) DO NOTHING;
INSERT INTO ingredient_alias (canonical_id, alias, alias_normalized, alias_type, language_code, confidence, source) VALUES ('CAS_94_23_5', '94-23-5', '94-23-5', 'cas', NULL, 1.0, 'HC-Hotlist') ON CONFLICT(alias_normalized, alias_type, COALESCE(language_code, '')) DO NOTHING;
INSERT OR IGNORE INTO regulatory_fact (canonical_id, jurisdiction, fact_type, status, regulation_ref, product_category, evidence_id) VALUES ('CAS_94_23_5', 'CA_HC', 'prohibited', 'Prohibited in cosmetic products (Health Canada Hotlist)', 'Health Canada Cosmetic Ingredient Hotlist', 'cosmetic', (SELECT id FROM fact_evidence WHERE source_url = 'https://www.canada.ca/en/health-canada/services/consumer-product-safety/cosmetics/cosmetic-ingredient-hotlist-prohibited-restricted-ingredients.html' AND snapshot_date = '2026-04-18' LIMIT 1));
INSERT INTO ingredient (canonical_id, primary_name, ingredient_class, cas_number, category, is_natural) VALUES ('CAS_2858_66_4', 'Pelletierine and its salts', 'substance', '2858-66-4', 'cosmetic', 0) ON CONFLICT(canonical_id) DO NOTHING;
INSERT INTO ingredient_alias (canonical_id, alias, alias_normalized, alias_type, language_code, confidence, source) VALUES ('CAS_2858_66_4', 'Pelletierine and its salts', 'pelletierine and its salts', 'synonym', 'en', 1.0, 'HC-Hotlist') ON CONFLICT(alias_normalized, alias_type, COALESCE(language_code, '')) DO NOTHING;
INSERT INTO ingredient_alias (canonical_id, alias, alias_normalized, alias_type, language_code, confidence, source) VALUES ('CAS_2858_66_4', '2858-66-4', '2858-66-4', 'cas', NULL, 1.0, 'HC-Hotlist') ON CONFLICT(alias_normalized, alias_type, COALESCE(language_code, '')) DO NOTHING;
INSERT OR IGNORE INTO regulatory_fact (canonical_id, jurisdiction, fact_type, status, regulation_ref, product_category, evidence_id) VALUES ('CAS_2858_66_4', 'CA_HC', 'prohibited', 'Prohibited in cosmetic products (Health Canada Hotlist)', 'Health Canada Cosmetic Ingredient Hotlist', 'cosmetic', (SELECT id FROM fact_evidence WHERE source_url = 'https://www.canada.ca/en/health-canada/services/consumer-product-safety/cosmetics/cosmetic-ingredient-hotlist-prohibited-restricted-ingredients.html' AND snapshot_date = '2026-04-18' LIMIT 1));
INSERT INTO ingredient (canonical_id, primary_name, ingredient_class, cas_number, category, is_natural) VALUES ('CAS_2152_34_3', 'Pemoline and its salts', 'substance', '2152-34-3', 'cosmetic', 0) ON CONFLICT(canonical_id) DO NOTHING;
INSERT INTO ingredient_alias (canonical_id, alias, alias_normalized, alias_type, language_code, confidence, source) VALUES ('CAS_2152_34_3', 'Pemoline and its salts', 'pemoline and its salts', 'synonym', 'en', 1.0, 'HC-Hotlist') ON CONFLICT(alias_normalized, alias_type, COALESCE(language_code, '')) DO NOTHING;
INSERT INTO ingredient_alias (canonical_id, alias, alias_normalized, alias_type, language_code, confidence, source) VALUES ('CAS_2152_34_3', '2152-34-3', '2152-34-3', 'cas', NULL, 1.0, 'HC-Hotlist') ON CONFLICT(alias_normalized, alias_type, COALESCE(language_code, '')) DO NOTHING;
INSERT OR IGNORE INTO regulatory_fact (canonical_id, jurisdiction, fact_type, status, regulation_ref, product_category, evidence_id) VALUES ('CAS_2152_34_3', 'CA_HC', 'prohibited', 'Prohibited in cosmetic products (Health Canada Hotlist)', 'Health Canada Cosmetic Ingredient Hotlist', 'cosmetic', (SELECT id FROM fact_evidence WHERE source_url = 'https://www.canada.ca/en/health-canada/services/consumer-product-safety/cosmetics/cosmetic-ingredient-hotlist-prohibited-restricted-ingredients.html' AND snapshot_date = '2026-04-18' LIMIT 1));
INSERT INTO ingredient (canonical_id, primary_name, ingredient_class, cas_number, category, is_natural) VALUES ('CAS_76_01_7', 'Pentachloroethane', 'substance', '76-01-7', 'cosmetic', 0) ON CONFLICT(canonical_id) DO NOTHING;
INSERT INTO ingredient_alias (canonical_id, alias, alias_normalized, alias_type, language_code, confidence, source) VALUES ('CAS_76_01_7', 'Pentachloroethane', 'pentachloroethane', 'synonym', 'en', 1.0, 'HC-Hotlist') ON CONFLICT(alias_normalized, alias_type, COALESCE(language_code, '')) DO NOTHING;
INSERT INTO ingredient_alias (canonical_id, alias, alias_normalized, alias_type, language_code, confidence, source) VALUES ('CAS_76_01_7', '76-01-7', '76-01-7', 'cas', NULL, 1.0, 'HC-Hotlist') ON CONFLICT(alias_normalized, alias_type, COALESCE(language_code, '')) DO NOTHING;
INSERT OR IGNORE INTO regulatory_fact (canonical_id, jurisdiction, fact_type, status, regulation_ref, product_category, evidence_id) VALUES ('CAS_76_01_7', 'CA_HC', 'prohibited', 'Prohibited in cosmetic products (Health Canada Hotlist)', 'Health Canada Cosmetic Ingredient Hotlist', 'cosmetic', (SELECT id FROM fact_evidence WHERE source_url = 'https://www.canada.ca/en/health-canada/services/consumer-product-safety/cosmetics/cosmetic-ingredient-hotlist-prohibited-restricted-ingredients.html' AND snapshot_date = '2026-04-18' LIMIT 1));
INSERT INTO ingredient (canonical_id, primary_name, ingredient_class, cas_number, category, is_natural) VALUES ('CAS_78_11_5', 'Pentaerythrityl tetranitrate', 'substance', '78-11-5', 'cosmetic', 0) ON CONFLICT(canonical_id) DO NOTHING;
INSERT INTO ingredient_alias (canonical_id, alias, alias_normalized, alias_type, language_code, confidence, source) VALUES ('CAS_78_11_5', 'Pentaerythrityl tetranitrate', 'pentaerythrityl tetranitrate', 'synonym', 'en', 1.0, 'HC-Hotlist') ON CONFLICT(alias_normalized, alias_type, COALESCE(language_code, '')) DO NOTHING;
INSERT INTO ingredient_alias (canonical_id, alias, alias_normalized, alias_type, language_code, confidence, source) VALUES ('CAS_78_11_5', '78-11-5', '78-11-5', 'cas', NULL, 1.0, 'HC-Hotlist') ON CONFLICT(alias_normalized, alias_type, COALESCE(language_code, '')) DO NOTHING;
INSERT OR IGNORE INTO regulatory_fact (canonical_id, jurisdiction, fact_type, status, regulation_ref, product_category, evidence_id) VALUES ('CAS_78_11_5', 'CA_HC', 'prohibited', 'Prohibited in cosmetic products (Health Canada Hotlist)', 'Health Canada Cosmetic Ingredient Hotlist', 'cosmetic', (SELECT id FROM fact_evidence WHERE source_url = 'https://www.canada.ca/en/health-canada/services/consumer-product-safety/cosmetics/cosmetic-ingredient-hotlist-prohibited-restricted-ingredients.html' AND snapshot_date = '2026-04-18' LIMIT 1));
INSERT INTO ingredient (canonical_id, primary_name, ingredient_class, cas_number, category, is_natural) VALUES ('NAME_pentamethonium_salts', 'Pentamethonium salts', 'substance', NULL, 'cosmetic', 0) ON CONFLICT(canonical_id) DO NOTHING;
INSERT INTO ingredient_alias (canonical_id, alias, alias_normalized, alias_type, language_code, confidence, source) VALUES ('NAME_pentamethonium_salts', 'Pentamethonium salts', 'pentamethonium salts', 'synonym', 'en', 1.0, 'HC-Hotlist') ON CONFLICT(alias_normalized, alias_type, COALESCE(language_code, '')) DO NOTHING;
INSERT OR IGNORE INTO regulatory_fact (canonical_id, jurisdiction, fact_type, status, regulation_ref, product_category, evidence_id) VALUES ('NAME_pentamethonium_salts', 'CA_HC', 'prohibited', 'Prohibited in cosmetic products (Health Canada Hotlist)', 'Health Canada Cosmetic Ingredient Hotlist', 'cosmetic', (SELECT id FROM fact_evidence WHERE source_url = 'https://www.canada.ca/en/health-canada/services/consumer-product-safety/cosmetics/cosmetic-ingredient-hotlist-prohibited-restricted-ingredients.html' AND snapshot_date = '2026-04-18' LIMIT 1));
INSERT INTO ingredient (canonical_id, primary_name, ingredient_class, cas_number, category, is_natural) VALUES ('CAS_14779_78_3', 'Pentyl dimethyl PABA, mixed isomers', 'substance', '14779-78-3', 'cosmetic', 0) ON CONFLICT(canonical_id) DO NOTHING;
INSERT INTO ingredient_alias (canonical_id, alias, alias_normalized, alias_type, language_code, confidence, source) VALUES ('CAS_14779_78_3', 'Pentyl dimethyl PABA, mixed isomers', 'pentyl dimethyl paba, mixed isomers', 'synonym', 'en', 1.0, 'HC-Hotlist') ON CONFLICT(alias_normalized, alias_type, COALESCE(language_code, '')) DO NOTHING;
INSERT INTO ingredient_alias (canonical_id, alias, alias_normalized, alias_type, language_code, confidence, source) VALUES ('CAS_14779_78_3', '14779-78-3', '14779-78-3', 'cas', NULL, 1.0, 'HC-Hotlist') ON CONFLICT(alias_normalized, alias_type, COALESCE(language_code, '')) DO NOTHING;
INSERT OR IGNORE INTO regulatory_fact (canonical_id, jurisdiction, fact_type, status, regulation_ref, product_category, evidence_id) VALUES ('CAS_14779_78_3', 'CA_HC', 'prohibited', 'Prohibited in cosmetic products (Health Canada Hotlist)', 'Health Canada Cosmetic Ingredient Hotlist', 'cosmetic', (SELECT id FROM fact_evidence WHERE source_url = 'https://www.canada.ca/en/health-canada/services/consumer-product-safety/cosmetics/cosmetic-ingredient-hotlist-prohibited-restricted-ingredients.html' AND snapshot_date = '2026-04-18' LIMIT 1));
INSERT INTO ingredient (canonical_id, primary_name, ingredient_class, cas_number, category, is_natural) VALUES ('CAS_78_12_6', 'Petrichloral', 'substance', '78-12-6', 'cosmetic', 0) ON CONFLICT(canonical_id) DO NOTHING;
INSERT INTO ingredient_alias (canonical_id, alias, alias_normalized, alias_type, language_code, confidence, source) VALUES ('CAS_78_12_6', 'Petrichloral', 'petrichloral', 'synonym', 'en', 1.0, 'HC-Hotlist') ON CONFLICT(alias_normalized, alias_type, COALESCE(language_code, '')) DO NOTHING;
INSERT INTO ingredient_alias (canonical_id, alias, alias_normalized, alias_type, language_code, confidence, source) VALUES ('CAS_78_12_6', '78-12-6', '78-12-6', 'cas', NULL, 1.0, 'HC-Hotlist') ON CONFLICT(alias_normalized, alias_type, COALESCE(language_code, '')) DO NOTHING;
INSERT OR IGNORE INTO regulatory_fact (canonical_id, jurisdiction, fact_type, status, regulation_ref, product_category, evidence_id) VALUES ('CAS_78_12_6', 'CA_HC', 'prohibited', 'Prohibited in cosmetic products (Health Canada Hotlist)', 'Health Canada Cosmetic Ingredient Hotlist', 'cosmetic', (SELECT id FROM fact_evidence WHERE source_url = 'https://www.canada.ca/en/health-canada/services/consumer-product-safety/cosmetics/cosmetic-ingredient-hotlist-prohibited-restricted-ingredients.html' AND snapshot_date = '2026-04-18' LIMIT 1));
INSERT INTO ingredient (canonical_id, primary_name, ingredient_class, cas_number, category, is_natural) VALUES ('CAS_63_98_9', 'Phenacemide', 'substance', '63-98-9', 'cosmetic', 0) ON CONFLICT(canonical_id) DO NOTHING;
INSERT INTO ingredient_alias (canonical_id, alias, alias_normalized, alias_type, language_code, confidence, source) VALUES ('CAS_63_98_9', 'Phenacemide', 'phenacemide', 'synonym', 'en', 1.0, 'HC-Hotlist') ON CONFLICT(alias_normalized, alias_type, COALESCE(language_code, '')) DO NOTHING;
INSERT INTO ingredient_alias (canonical_id, alias, alias_normalized, alias_type, language_code, confidence, source) VALUES ('CAS_63_98_9', '63-98-9', '63-98-9', 'cas', NULL, 1.0, 'HC-Hotlist') ON CONFLICT(alias_normalized, alias_type, COALESCE(language_code, '')) DO NOTHING;
INSERT OR IGNORE INTO regulatory_fact (canonical_id, jurisdiction, fact_type, status, regulation_ref, product_category, evidence_id) VALUES ('CAS_63_98_9', 'CA_HC', 'prohibited', 'Prohibited in cosmetic products (Health Canada Hotlist)', 'Health Canada Cosmetic Ingredient Hotlist', 'cosmetic', (SELECT id FROM fact_evidence WHERE source_url = 'https://www.canada.ca/en/health-canada/services/consumer-product-safety/cosmetics/cosmetic-ingredient-hotlist-prohibited-restricted-ingredients.html' AND snapshot_date = '2026-04-18' LIMIT 1));
INSERT INTO ingredient (canonical_id, primary_name, ingredient_class, cas_number, category, is_natural) VALUES ('CAS_79_93_6', 'Phenaglycodol', 'substance', '79-93-6', 'cosmetic', 0) ON CONFLICT(canonical_id) DO NOTHING;
INSERT INTO ingredient_alias (canonical_id, alias, alias_normalized, alias_type, language_code, confidence, source) VALUES ('CAS_79_93_6', 'Phenaglycodol', 'phenaglycodol', 'synonym', 'en', 1.0, 'HC-Hotlist') ON CONFLICT(alias_normalized, alias_type, COALESCE(language_code, '')) DO NOTHING;
INSERT INTO ingredient_alias (canonical_id, alias, alias_normalized, alias_type, language_code, confidence, source) VALUES ('CAS_79_93_6', '79-93-6', '79-93-6', 'cas', NULL, 1.0, 'HC-Hotlist') ON CONFLICT(alias_normalized, alias_type, COALESCE(language_code, '')) DO NOTHING;
INSERT OR IGNORE INTO regulatory_fact (canonical_id, jurisdiction, fact_type, status, regulation_ref, product_category, evidence_id) VALUES ('CAS_79_93_6', 'CA_HC', 'prohibited', 'Prohibited in cosmetic products (Health Canada Hotlist)', 'Health Canada Cosmetic Ingredient Hotlist', 'cosmetic', (SELECT id FROM fact_evidence WHERE source_url = 'https://www.canada.ca/en/health-canada/services/consumer-product-safety/cosmetics/cosmetic-ingredient-hotlist-prohibited-restricted-ingredients.html' AND snapshot_date = '2026-04-18' LIMIT 1));
INSERT INTO ingredient (canonical_id, primary_name, ingredient_class, cas_number, category, is_natural) VALUES ('CAS_3590_16_7', 'Phenetamine', 'substance', '3590-16-7', 'cosmetic', 0) ON CONFLICT(canonical_id) DO NOTHING;
INSERT INTO ingredient_alias (canonical_id, alias, alias_normalized, alias_type, language_code, confidence, source) VALUES ('CAS_3590_16_7', 'Phenetamine', 'phenetamine', 'synonym', 'en', 1.0, 'HC-Hotlist') ON CONFLICT(alias_normalized, alias_type, COALESCE(language_code, '')) DO NOTHING;
INSERT INTO ingredient_alias (canonical_id, alias, alias_normalized, alias_type, language_code, confidence, source) VALUES ('CAS_3590_16_7', '3590-16-7', '3590-16-7', 'cas', NULL, 1.0, 'HC-Hotlist') ON CONFLICT(alias_normalized, alias_type, COALESCE(language_code, '')) DO NOTHING;
INSERT OR IGNORE INTO regulatory_fact (canonical_id, jurisdiction, fact_type, status, regulation_ref, product_category, evidence_id) VALUES ('CAS_3590_16_7', 'CA_HC', 'prohibited', 'Prohibited in cosmetic products (Health Canada Hotlist)', 'Health Canada Cosmetic Ingredient Hotlist', 'cosmetic', (SELECT id FROM fact_evidence WHERE source_url = 'https://www.canada.ca/en/health-canada/services/consumer-product-safety/cosmetics/cosmetic-ingredient-hotlist-prohibited-restricted-ingredients.html' AND snapshot_date = '2026-04-18' LIMIT 1));
INSERT INTO ingredient (canonical_id, primary_name, ingredient_class, cas_number, category, is_natural) VALUES ('CAS_83_12_5', 'Phenindione', 'substance', '83-12-5', 'cosmetic', 0) ON CONFLICT(canonical_id) DO NOTHING;
INSERT INTO ingredient_alias (canonical_id, alias, alias_normalized, alias_type, language_code, confidence, source) VALUES ('CAS_83_12_5', 'Phenindione', 'phenindione', 'synonym', 'en', 1.0, 'HC-Hotlist') ON CONFLICT(alias_normalized, alias_type, COALESCE(language_code, '')) DO NOTHING;
INSERT INTO ingredient_alias (canonical_id, alias, alias_normalized, alias_type, language_code, confidence, source) VALUES ('CAS_83_12_5', '83-12-5', '83-12-5', 'cas', NULL, 1.0, 'HC-Hotlist') ON CONFLICT(alias_normalized, alias_type, COALESCE(language_code, '')) DO NOTHING;
INSERT OR IGNORE INTO regulatory_fact (canonical_id, jurisdiction, fact_type, status, regulation_ref, product_category, evidence_id) VALUES ('CAS_83_12_5', 'CA_HC', 'prohibited', 'Prohibited in cosmetic products (Health Canada Hotlist)', 'Health Canada Cosmetic Ingredient Hotlist', 'cosmetic', (SELECT id FROM fact_evidence WHERE source_url = 'https://www.canada.ca/en/health-canada/services/consumer-product-safety/cosmetics/cosmetic-ingredient-hotlist-prohibited-restricted-ingredients.html' AND snapshot_date = '2026-04-18' LIMIT 1));
INSERT INTO ingredient (canonical_id, primary_name, ingredient_class, cas_number, category, is_natural) VALUES ('CAS_134_49_6', 'Phenmetrazine, its derivatives and salts', 'substance', '134-49-6', 'cosmetic', 0) ON CONFLICT(canonical_id) DO NOTHING;
INSERT INTO ingredient_alias (canonical_id, alias, alias_normalized, alias_type, language_code, confidence, source) VALUES ('CAS_134_49_6', 'Phenmetrazine, its derivatives and salts', 'phenmetrazine, its derivatives and salts', 'synonym', 'en', 1.0, 'HC-Hotlist') ON CONFLICT(alias_normalized, alias_type, COALESCE(language_code, '')) DO NOTHING;
INSERT INTO ingredient_alias (canonical_id, alias, alias_normalized, alias_type, language_code, confidence, source) VALUES ('CAS_134_49_6', '134-49-6', '134-49-6', 'cas', NULL, 1.0, 'HC-Hotlist') ON CONFLICT(alias_normalized, alias_type, COALESCE(language_code, '')) DO NOTHING;
INSERT OR IGNORE INTO regulatory_fact (canonical_id, jurisdiction, fact_type, status, regulation_ref, product_category, evidence_id) VALUES ('CAS_134_49_6', 'CA_HC', 'prohibited', 'Prohibited in cosmetic products (Health Canada Hotlist)', 'Health Canada Cosmetic Ingredient Hotlist', 'cosmetic', (SELECT id FROM fact_evidence WHERE source_url = 'https://www.canada.ca/en/health-canada/services/consumer-product-safety/cosmetics/cosmetic-ingredient-hotlist-prohibited-restricted-ingredients.html' AND snapshot_date = '2026-04-18' LIMIT 1));
INSERT INTO ingredient (canonical_id, primary_name, ingredient_class, cas_number, category, is_natural) VALUES ('CAS_108_95_2', 'Phenol', 'substance', '108-95-2', 'cosmetic', 0) ON CONFLICT(canonical_id) DO NOTHING;
INSERT INTO ingredient_alias (canonical_id, alias, alias_normalized, alias_type, language_code, confidence, source) VALUES ('CAS_108_95_2', 'Phenol', 'phenol', 'synonym', 'en', 1.0, 'HC-Hotlist') ON CONFLICT(alias_normalized, alias_type, COALESCE(language_code, '')) DO NOTHING;
INSERT INTO ingredient_alias (canonical_id, alias, alias_normalized, alias_type, language_code, confidence, source) VALUES ('CAS_108_95_2', '108-95-2', '108-95-2', 'cas', NULL, 1.0, 'HC-Hotlist') ON CONFLICT(alias_normalized, alias_type, COALESCE(language_code, '')) DO NOTHING;
INSERT OR IGNORE INTO regulatory_fact (canonical_id, jurisdiction, fact_type, status, regulation_ref, product_category, evidence_id) VALUES ('CAS_108_95_2', 'CA_HC', 'prohibited', 'Prohibited in cosmetic products (Health Canada Hotlist)', 'Health Canada Cosmetic Ingredient Hotlist', 'cosmetic', (SELECT id FROM fact_evidence WHERE source_url = 'https://www.canada.ca/en/health-canada/services/consumer-product-safety/cosmetics/cosmetic-ingredient-hotlist-prohibited-restricted-ingredients.html' AND snapshot_date = '2026-04-18' LIMIT 1));
INSERT INTO ingredient (canonical_id, primary_name, ingredient_class, cas_number, category, is_natural) VALUES ('CAS_77_09_8', 'Phenolphthalein', 'substance', '77-09-8', 'cosmetic', 0) ON CONFLICT(canonical_id) DO NOTHING;
INSERT INTO ingredient_alias (canonical_id, alias, alias_normalized, alias_type, language_code, confidence, source) VALUES ('CAS_77_09_8', 'Phenolphthalein', 'phenolphthalein', 'synonym', 'en', 1.0, 'HC-Hotlist') ON CONFLICT(alias_normalized, alias_type, COALESCE(language_code, '')) DO NOTHING;
INSERT INTO ingredient_alias (canonical_id, alias, alias_normalized, alias_type, language_code, confidence, source) VALUES ('CAS_77_09_8', '77-09-8', '77-09-8', 'cas', NULL, 1.0, 'HC-Hotlist') ON CONFLICT(alias_normalized, alias_type, COALESCE(language_code, '')) DO NOTHING;
INSERT OR IGNORE INTO regulatory_fact (canonical_id, jurisdiction, fact_type, status, regulation_ref, product_category, evidence_id) VALUES ('CAS_77_09_8', 'CA_HC', 'prohibited', 'Prohibited in cosmetic products (Health Canada Hotlist)', 'Health Canada Cosmetic Ingredient Hotlist', 'cosmetic', (SELECT id FROM fact_evidence WHERE source_url = 'https://www.canada.ca/en/health-canada/services/consumer-product-safety/cosmetics/cosmetic-ingredient-hotlist-prohibited-restricted-ingredients.html' AND snapshot_date = '2026-04-18' LIMIT 1));
INSERT INTO ingredient (canonical_id, primary_name, ingredient_class, cas_number, category, is_natural) VALUES ('CAS_92_84_2', 'Phenothiazine and its compounds', 'substance', '92-84-2', 'cosmetic', 0) ON CONFLICT(canonical_id) DO NOTHING;
INSERT INTO ingredient_alias (canonical_id, alias, alias_normalized, alias_type, language_code, confidence, source) VALUES ('CAS_92_84_2', 'Phenothiazine and its compounds', 'phenothiazine and its compounds', 'synonym', 'en', 1.0, 'HC-Hotlist') ON CONFLICT(alias_normalized, alias_type, COALESCE(language_code, '')) DO NOTHING;
INSERT INTO ingredient_alias (canonical_id, alias, alias_normalized, alias_type, language_code, confidence, source) VALUES ('CAS_92_84_2', '92-84-2', '92-84-2', 'cas', NULL, 1.0, 'HC-Hotlist') ON CONFLICT(alias_normalized, alias_type, COALESCE(language_code, '')) DO NOTHING;
INSERT OR IGNORE INTO regulatory_fact (canonical_id, jurisdiction, fact_type, status, regulation_ref, product_category, evidence_id) VALUES ('CAS_92_84_2', 'CA_HC', 'prohibited', 'Prohibited in cosmetic products (Health Canada Hotlist)', 'Health Canada Cosmetic Ingredient Hotlist', 'cosmetic', (SELECT id FROM fact_evidence WHERE source_url = 'https://www.canada.ca/en/health-canada/services/consumer-product-safety/cosmetics/cosmetic-ingredient-hotlist-prohibited-restricted-ingredients.html' AND snapshot_date = '2026-04-18' LIMIT 1));
INSERT INTO ingredient (canonical_id, primary_name, ingredient_class, cas_number, category, is_natural) VALUES ('CAS_673_31_4', 'Phenprobamate', 'substance', '673-31-4', 'cosmetic', 0) ON CONFLICT(canonical_id) DO NOTHING;
INSERT INTO ingredient_alias (canonical_id, alias, alias_normalized, alias_type, language_code, confidence, source) VALUES ('CAS_673_31_4', 'Phenprobamate', 'phenprobamate', 'synonym', 'en', 1.0, 'HC-Hotlist') ON CONFLICT(alias_normalized, alias_type, COALESCE(language_code, '')) DO NOTHING;
INSERT INTO ingredient_alias (canonical_id, alias, alias_normalized, alias_type, language_code, confidence, source) VALUES ('CAS_673_31_4', '673-31-4', '673-31-4', 'cas', NULL, 1.0, 'HC-Hotlist') ON CONFLICT(alias_normalized, alias_type, COALESCE(language_code, '')) DO NOTHING;
INSERT OR IGNORE INTO regulatory_fact (canonical_id, jurisdiction, fact_type, status, regulation_ref, product_category, evidence_id) VALUES ('CAS_673_31_4', 'CA_HC', 'prohibited', 'Prohibited in cosmetic products (Health Canada Hotlist)', 'Health Canada Cosmetic Ingredient Hotlist', 'cosmetic', (SELECT id FROM fact_evidence WHERE source_url = 'https://www.canada.ca/en/health-canada/services/consumer-product-safety/cosmetics/cosmetic-ingredient-hotlist-prohibited-restricted-ingredients.html' AND snapshot_date = '2026-04-18' LIMIT 1));
INSERT INTO ingredient (canonical_id, primary_name, ingredient_class, cas_number, category, is_natural) VALUES ('CAS_435_97_2', 'Phenprocoumon', 'substance', '435-97-2', 'cosmetic', 0) ON CONFLICT(canonical_id) DO NOTHING;
INSERT INTO ingredient_alias (canonical_id, alias, alias_normalized, alias_type, language_code, confidence, source) VALUES ('CAS_435_97_2', 'Phenprocoumon', 'phenprocoumon', 'synonym', 'en', 1.0, 'HC-Hotlist') ON CONFLICT(alias_normalized, alias_type, COALESCE(language_code, '')) DO NOTHING;
INSERT INTO ingredient_alias (canonical_id, alias, alias_normalized, alias_type, language_code, confidence, source) VALUES ('CAS_435_97_2', '435-97-2', '435-97-2', 'cas', NULL, 1.0, 'HC-Hotlist') ON CONFLICT(alias_normalized, alias_type, COALESCE(language_code, '')) DO NOTHING;
INSERT OR IGNORE INTO regulatory_fact (canonical_id, jurisdiction, fact_type, status, regulation_ref, product_category, evidence_id) VALUES ('CAS_435_97_2', 'CA_HC', 'prohibited', 'Prohibited in cosmetic products (Health Canada Hotlist)', 'Health Canada Cosmetic Ingredient Hotlist', 'cosmetic', (SELECT id FROM fact_evidence WHERE source_url = 'https://www.canada.ca/en/health-canada/services/consumer-product-safety/cosmetics/cosmetic-ingredient-hotlist-prohibited-restricted-ingredients.html' AND snapshot_date = '2026-04-18' LIMIT 1));
INSERT INTO ingredient (canonical_id, primary_name, ingredient_class, cas_number, category, is_natural) VALUES ('CAS_50_33_9', 'Phenylbutazone', 'substance', '50-33-9', 'cosmetic', 0) ON CONFLICT(canonical_id) DO NOTHING;
INSERT INTO ingredient_alias (canonical_id, alias, alias_normalized, alias_type, language_code, confidence, source) VALUES ('CAS_50_33_9', 'Phenylbutazone', 'phenylbutazone', 'synonym', 'en', 1.0, 'HC-Hotlist') ON CONFLICT(alias_normalized, alias_type, COALESCE(language_code, '')) DO NOTHING;
INSERT INTO ingredient_alias (canonical_id, alias, alias_normalized, alias_type, language_code, confidence, source) VALUES ('CAS_50_33_9', '50-33-9', '50-33-9', 'cas', NULL, 1.0, 'HC-Hotlist') ON CONFLICT(alias_normalized, alias_type, COALESCE(language_code, '')) DO NOTHING;
INSERT OR IGNORE INTO regulatory_fact (canonical_id, jurisdiction, fact_type, status, regulation_ref, product_category, evidence_id) VALUES ('CAS_50_33_9', 'CA_HC', 'prohibited', 'Prohibited in cosmetic products (Health Canada Hotlist)', 'Health Canada Cosmetic Ingredient Hotlist', 'cosmetic', (SELECT id FROM fact_evidence WHERE source_url = 'https://www.canada.ca/en/health-canada/services/consumer-product-safety/cosmetics/cosmetic-ingredient-hotlist-prohibited-restricted-ingredients.html' AND snapshot_date = '2026-04-18' LIMIT 1));
INSERT INTO ingredient (canonical_id, primary_name, ingredient_class, cas_number, category, is_natural) VALUES ('NAME_pheromones', 'Pheromones', 'substance', NULL, 'cosmetic', 0) ON CONFLICT(canonical_id) DO NOTHING;
INSERT INTO ingredient_alias (canonical_id, alias, alias_normalized, alias_type, language_code, confidence, source) VALUES ('NAME_pheromones', 'Pheromones', 'pheromones', 'synonym', 'en', 1.0, 'HC-Hotlist') ON CONFLICT(alias_normalized, alias_type, COALESCE(language_code, '')) DO NOTHING;
INSERT OR IGNORE INTO regulatory_fact (canonical_id, jurisdiction, fact_type, status, regulation_ref, product_category, evidence_id) VALUES ('NAME_pheromones', 'CA_HC', 'prohibited', 'Prohibited in cosmetic products (Health Canada Hotlist)', 'Health Canada Cosmetic Ingredient Hotlist', 'cosmetic', (SELECT id FROM fact_evidence WHERE source_url = 'https://www.canada.ca/en/health-canada/services/consumer-product-safety/cosmetics/cosmetic-ingredient-hotlist-prohibited-restricted-ingredients.html' AND snapshot_date = '2026-04-18' LIMIT 1));
INSERT INTO ingredient (canonical_id, primary_name, ingredient_class, cas_number, category, is_natural) VALUES ('CAS_7723_14_0', 'Phosphorus and metal phosphides', 'substance', '7723-14-0', 'cosmetic', 0) ON CONFLICT(canonical_id) DO NOTHING;
INSERT INTO ingredient_alias (canonical_id, alias, alias_normalized, alias_type, language_code, confidence, source) VALUES ('CAS_7723_14_0', 'Phosphorus and metal phosphides', 'phosphorus and metal phosphides', 'synonym', 'en', 1.0, 'HC-Hotlist') ON CONFLICT(alias_normalized, alias_type, COALESCE(language_code, '')) DO NOTHING;
INSERT INTO ingredient_alias (canonical_id, alias, alias_normalized, alias_type, language_code, confidence, source) VALUES ('CAS_7723_14_0', '7723-14-0', '7723-14-0', 'cas', NULL, 1.0, 'HC-Hotlist') ON CONFLICT(alias_normalized, alias_type, COALESCE(language_code, '')) DO NOTHING;
INSERT OR IGNORE INTO regulatory_fact (canonical_id, jurisdiction, fact_type, status, regulation_ref, product_category, evidence_id) VALUES ('CAS_7723_14_0', 'CA_HC', 'prohibited', 'Prohibited in cosmetic products (Health Canada Hotlist)', 'Health Canada Cosmetic Ingredient Hotlist', 'cosmetic', (SELECT id FROM fact_evidence WHERE source_url = 'https://www.canada.ca/en/health-canada/services/consumer-product-safety/cosmetics/cosmetic-ingredient-hotlist-prohibited-restricted-ingredients.html' AND snapshot_date = '2026-04-18' LIMIT 1));
INSERT INTO ingredient (canonical_id, primary_name, ingredient_class, cas_number, category, is_natural) VALUES ('NAME_physostigma_venenosum_balf', 'Physostigma venenosum Balf .', 'substance', NULL, 'cosmetic', 0) ON CONFLICT(canonical_id) DO NOTHING;
INSERT INTO ingredient_alias (canonical_id, alias, alias_normalized, alias_type, language_code, confidence, source) VALUES ('NAME_physostigma_venenosum_balf', 'Physostigma venenosum Balf .', 'physostigma venenosum balf .', 'synonym', 'en', 1.0, 'HC-Hotlist') ON CONFLICT(alias_normalized, alias_type, COALESCE(language_code, '')) DO NOTHING;
INSERT OR IGNORE INTO regulatory_fact (canonical_id, jurisdiction, fact_type, status, regulation_ref, product_category, evidence_id) VALUES ('NAME_physostigma_venenosum_balf', 'CA_HC', 'prohibited', 'Prohibited in cosmetic products (Health Canada Hotlist)', 'Health Canada Cosmetic Ingredient Hotlist', 'cosmetic', (SELECT id FROM fact_evidence WHERE source_url = 'https://www.canada.ca/en/health-canada/services/consumer-product-safety/cosmetics/cosmetic-ingredient-hotlist-prohibited-restricted-ingredients.html' AND snapshot_date = '2026-04-18' LIMIT 1));
INSERT INTO ingredient (canonical_id, primary_name, ingredient_class, cas_number, category, is_natural) VALUES ('CAS_84961_56_8', 'Phytolacca spp . and their preparations', 'substance', '84961-56-8', 'cosmetic', 0) ON CONFLICT(canonical_id) DO NOTHING;
INSERT INTO ingredient_alias (canonical_id, alias, alias_normalized, alias_type, language_code, confidence, source) VALUES ('CAS_84961_56_8', 'Phytolacca spp . and their preparations', 'phytolacca spp . and their preparations', 'synonym', 'en', 1.0, 'HC-Hotlist') ON CONFLICT(alias_normalized, alias_type, COALESCE(language_code, '')) DO NOTHING;
INSERT INTO ingredient_alias (canonical_id, alias, alias_normalized, alias_type, language_code, confidence, source) VALUES ('CAS_84961_56_8', '84961-56-8', '84961-56-8', 'cas', NULL, 1.0, 'HC-Hotlist') ON CONFLICT(alias_normalized, alias_type, COALESCE(language_code, '')) DO NOTHING;
INSERT OR IGNORE INTO regulatory_fact (canonical_id, jurisdiction, fact_type, status, regulation_ref, product_category, evidence_id) VALUES ('CAS_84961_56_8', 'CA_HC', 'prohibited', 'Prohibited in cosmetic products (Health Canada Hotlist)', 'Health Canada Cosmetic Ingredient Hotlist', 'cosmetic', (SELECT id FROM fact_evidence WHERE source_url = 'https://www.canada.ca/en/health-canada/services/consumer-product-safety/cosmetics/cosmetic-ingredient-hotlist-prohibited-restricted-ingredients.html' AND snapshot_date = '2026-04-18' LIMIT 1));
INSERT INTO ingredient (canonical_id, primary_name, ingredient_class, cas_number, category, is_natural) VALUES ('CAS_88_89_1', 'Picric acid', 'substance', '88-89-1', 'cosmetic', 0) ON CONFLICT(canonical_id) DO NOTHING;
INSERT INTO ingredient_alias (canonical_id, alias, alias_normalized, alias_type, language_code, confidence, source) VALUES ('CAS_88_89_1', 'Picric acid', 'picric acid', 'synonym', 'en', 1.0, 'HC-Hotlist') ON CONFLICT(alias_normalized, alias_type, COALESCE(language_code, '')) DO NOTHING;
INSERT INTO ingredient_alias (canonical_id, alias, alias_normalized, alias_type, language_code, confidence, source) VALUES ('CAS_88_89_1', '88-89-1', '88-89-1', 'cas', NULL, 1.0, 'HC-Hotlist') ON CONFLICT(alias_normalized, alias_type, COALESCE(language_code, '')) DO NOTHING;
INSERT OR IGNORE INTO regulatory_fact (canonical_id, jurisdiction, fact_type, status, regulation_ref, product_category, evidence_id) VALUES ('CAS_88_89_1', 'CA_HC', 'prohibited', 'Prohibited in cosmetic products (Health Canada Hotlist)', 'Health Canada Cosmetic Ingredient Hotlist', 'cosmetic', (SELECT id FROM fact_evidence WHERE source_url = 'https://www.canada.ca/en/health-canada/services/consumer-product-safety/cosmetics/cosmetic-ingredient-hotlist-prohibited-restricted-ingredients.html' AND snapshot_date = '2026-04-18' LIMIT 1));
INSERT INTO ingredient (canonical_id, primary_name, ingredient_class, cas_number, category, is_natural) VALUES ('CAS_124_87_8', 'Picrotoxin', 'substance', '124-87-8', 'cosmetic', 0) ON CONFLICT(canonical_id) DO NOTHING;
INSERT INTO ingredient_alias (canonical_id, alias, alias_normalized, alias_type, language_code, confidence, source) VALUES ('CAS_124_87_8', 'Picrotoxin', 'picrotoxin', 'synonym', 'en', 1.0, 'HC-Hotlist') ON CONFLICT(alias_normalized, alias_type, COALESCE(language_code, '')) DO NOTHING;
INSERT INTO ingredient_alias (canonical_id, alias, alias_normalized, alias_type, language_code, confidence, source) VALUES ('CAS_124_87_8', '124-87-8', '124-87-8', 'cas', NULL, 1.0, 'HC-Hotlist') ON CONFLICT(alias_normalized, alias_type, COALESCE(language_code, '')) DO NOTHING;
INSERT OR IGNORE INTO regulatory_fact (canonical_id, jurisdiction, fact_type, status, regulation_ref, product_category, evidence_id) VALUES ('CAS_124_87_8', 'CA_HC', 'prohibited', 'Prohibited in cosmetic products (Health Canada Hotlist)', 'Health Canada Cosmetic Ingredient Hotlist', 'cosmetic', (SELECT id FROM fact_evidence WHERE source_url = 'https://www.canada.ca/en/health-canada/services/consumer-product-safety/cosmetics/cosmetic-ingredient-hotlist-prohibited-restricted-ingredients.html' AND snapshot_date = '2026-04-18' LIMIT 1));
INSERT INTO ingredient (canonical_id, primary_name, ingredient_class, cas_number, category, is_natural) VALUES ('CAS_3468_63_1', 'Pigment Orange 5 and its lakes, pigments and salts', 'substance', '3468-63-1', 'cosmetic', 0) ON CONFLICT(canonical_id) DO NOTHING;
INSERT INTO ingredient_alias (canonical_id, alias, alias_normalized, alias_type, language_code, confidence, source) VALUES ('CAS_3468_63_1', 'Pigment Orange 5 and its lakes, pigments and salts', 'pigment orange 5 and its lakes, pigments and salts', 'synonym', 'en', 1.0, 'HC-Hotlist') ON CONFLICT(alias_normalized, alias_type, COALESCE(language_code, '')) DO NOTHING;
INSERT INTO ingredient_alias (canonical_id, alias, alias_normalized, alias_type, language_code, confidence, source) VALUES ('CAS_3468_63_1', '3468-63-1', '3468-63-1', 'cas', NULL, 1.0, 'HC-Hotlist') ON CONFLICT(alias_normalized, alias_type, COALESCE(language_code, '')) DO NOTHING;
INSERT OR IGNORE INTO regulatory_fact (canonical_id, jurisdiction, fact_type, status, regulation_ref, product_category, evidence_id) VALUES ('CAS_3468_63_1', 'CA_HC', 'prohibited', 'Prohibited in cosmetic products (Health Canada Hotlist)', 'Health Canada Cosmetic Ingredient Hotlist', 'cosmetic', (SELECT id FROM fact_evidence WHERE source_url = 'https://www.canada.ca/en/health-canada/services/consumer-product-safety/cosmetics/cosmetic-ingredient-hotlist-prohibited-restricted-ingredients.html' AND snapshot_date = '2026-04-18' LIMIT 1));
INSERT INTO ingredient (canonical_id, primary_name, ingredient_class, cas_number, category, is_natural) VALUES ('CAS_2092_56_0', 'Pigment Red 53', 'substance', '2092-56-0', 'cosmetic', 0) ON CONFLICT(canonical_id) DO NOTHING;
INSERT INTO ingredient_alias (canonical_id, alias, alias_normalized, alias_type, language_code, confidence, source) VALUES ('CAS_2092_56_0', 'Pigment Red 53', 'pigment red 53', 'synonym', 'en', 1.0, 'HC-Hotlist') ON CONFLICT(alias_normalized, alias_type, COALESCE(language_code, '')) DO NOTHING;
INSERT INTO ingredient_alias (canonical_id, alias, alias_normalized, alias_type, language_code, confidence, source) VALUES ('CAS_2092_56_0', '2092-56-0', '2092-56-0', 'cas', NULL, 1.0, 'HC-Hotlist') ON CONFLICT(alias_normalized, alias_type, COALESCE(language_code, '')) DO NOTHING;
INSERT OR IGNORE INTO regulatory_fact (canonical_id, jurisdiction, fact_type, status, regulation_ref, product_category, evidence_id) VALUES ('CAS_2092_56_0', 'CA_HC', 'prohibited', 'Prohibited in cosmetic products (Health Canada Hotlist)', 'Health Canada Cosmetic Ingredient Hotlist', 'cosmetic', (SELECT id FROM fact_evidence WHERE source_url = 'https://www.canada.ca/en/health-canada/services/consumer-product-safety/cosmetics/cosmetic-ingredient-hotlist-prohibited-restricted-ingredients.html' AND snapshot_date = '2026-04-18' LIMIT 1));
INSERT INTO ingredient (canonical_id, primary_name, ingredient_class, cas_number, category, is_natural) VALUES ('CAS_92_13_7', 'Pilocarpine and its salts', 'substance', '92-13-7', 'cosmetic', 0) ON CONFLICT(canonical_id) DO NOTHING;
INSERT INTO ingredient_alias (canonical_id, alias, alias_normalized, alias_type, language_code, confidence, source) VALUES ('CAS_92_13_7', 'Pilocarpine and its salts', 'pilocarpine and its salts', 'synonym', 'en', 1.0, 'HC-Hotlist') ON CONFLICT(alias_normalized, alias_type, COALESCE(language_code, '')) DO NOTHING;
INSERT INTO ingredient_alias (canonical_id, alias, alias_normalized, alias_type, language_code, confidence, source) VALUES ('CAS_92_13_7', '92-13-7', '92-13-7', 'cas', NULL, 1.0, 'HC-Hotlist') ON CONFLICT(alias_normalized, alias_type, COALESCE(language_code, '')) DO NOTHING;
INSERT OR IGNORE INTO regulatory_fact (canonical_id, jurisdiction, fact_type, status, regulation_ref, product_category, evidence_id) VALUES ('CAS_92_13_7', 'CA_HC', 'prohibited', 'Prohibited in cosmetic products (Health Canada Hotlist)', 'Health Canada Cosmetic Ingredient Hotlist', 'cosmetic', (SELECT id FROM fact_evidence WHERE source_url = 'https://www.canada.ca/en/health-canada/services/consumer-product-safety/cosmetics/cosmetic-ingredient-hotlist-prohibited-restricted-ingredients.html' AND snapshot_date = '2026-04-18' LIMIT 1));
INSERT INTO ingredient (canonical_id, primary_name, ingredient_class, cas_number, category, is_natural) VALUES ('NAME_pilocarpus_jaborandi_holmes_and_its_galenical_preparations', 'Pilocarpus jaborandi Holmes and its galenical preparations', 'substance', NULL, 'cosmetic', 0) ON CONFLICT(canonical_id) DO NOTHING;
INSERT INTO ingredient_alias (canonical_id, alias, alias_normalized, alias_type, language_code, confidence, source) VALUES ('NAME_pilocarpus_jaborandi_holmes_and_its_galenical_preparations', 'Pilocarpus jaborandi Holmes and its galenical preparations', 'pilocarpus jaborandi holmes and its galenical preparations', 'synonym', 'en', 1.0, 'HC-Hotlist') ON CONFLICT(alias_normalized, alias_type, COALESCE(language_code, '')) DO NOTHING;
INSERT OR IGNORE INTO regulatory_fact (canonical_id, jurisdiction, fact_type, status, regulation_ref, product_category, evidence_id) VALUES ('NAME_pilocarpus_jaborandi_holmes_and_its_galenical_preparations', 'CA_HC', 'prohibited', 'Prohibited in cosmetic products (Health Canada Hotlist)', 'Health Canada Cosmetic Ingredient Hotlist', 'cosmetic', (SELECT id FROM fact_evidence WHERE source_url = 'https://www.canada.ca/en/health-canada/services/consumer-product-safety/cosmetics/cosmetic-ingredient-hotlist-prohibited-restricted-ingredients.html' AND snapshot_date = '2026-04-18' LIMIT 1));
INSERT INTO ingredient (canonical_id, primary_name, ingredient_class, cas_number, category, is_natural) VALUES ('CAS_2167_85_3', 'Pipazetate and its salts', 'substance', '2167-85-3', 'cosmetic', 0) ON CONFLICT(canonical_id) DO NOTHING;
INSERT INTO ingredient_alias (canonical_id, alias, alias_normalized, alias_type, language_code, confidence, source) VALUES ('CAS_2167_85_3', 'Pipazetate and its salts', 'pipazetate and its salts', 'synonym', 'en', 1.0, 'HC-Hotlist') ON CONFLICT(alias_normalized, alias_type, COALESCE(language_code, '')) DO NOTHING;
INSERT INTO ingredient_alias (canonical_id, alias, alias_normalized, alias_type, language_code, confidence, source) VALUES ('CAS_2167_85_3', '2167-85-3', '2167-85-3', 'cas', NULL, 1.0, 'HC-Hotlist') ON CONFLICT(alias_normalized, alias_type, COALESCE(language_code, '')) DO NOTHING;
INSERT OR IGNORE INTO regulatory_fact (canonical_id, jurisdiction, fact_type, status, regulation_ref, product_category, evidence_id) VALUES ('CAS_2167_85_3', 'CA_HC', 'prohibited', 'Prohibited in cosmetic products (Health Canada Hotlist)', 'Health Canada Cosmetic Ingredient Hotlist', 'cosmetic', (SELECT id FROM fact_evidence WHERE source_url = 'https://www.canada.ca/en/health-canada/services/consumer-product-safety/cosmetics/cosmetic-ingredient-hotlist-prohibited-restricted-ingredients.html' AND snapshot_date = '2026-04-18' LIMIT 1));
INSERT INTO ingredient (canonical_id, primary_name, ingredient_class, cas_number, category, is_natural) VALUES ('CAS_9000_38_8', 'Piper methysticum extract', 'substance', '9000-38-8', 'cosmetic', 0) ON CONFLICT(canonical_id) DO NOTHING;
INSERT INTO ingredient_alias (canonical_id, alias, alias_normalized, alias_type, language_code, confidence, source) VALUES ('CAS_9000_38_8', 'Piper methysticum extract', 'piper methysticum extract', 'synonym', 'en', 1.0, 'HC-Hotlist') ON CONFLICT(alias_normalized, alias_type, COALESCE(language_code, '')) DO NOTHING;
INSERT INTO ingredient_alias (canonical_id, alias, alias_normalized, alias_type, language_code, confidence, source) VALUES ('CAS_9000_38_8', '9000-38-8', '9000-38-8', 'cas', NULL, 1.0, 'HC-Hotlist') ON CONFLICT(alias_normalized, alias_type, COALESCE(language_code, '')) DO NOTHING;
INSERT OR IGNORE INTO regulatory_fact (canonical_id, jurisdiction, fact_type, status, regulation_ref, product_category, evidence_id) VALUES ('CAS_9000_38_8', 'CA_HC', 'prohibited', 'Prohibited in cosmetic products (Health Canada Hotlist)', 'Health Canada Cosmetic Ingredient Hotlist', 'cosmetic', (SELECT id FROM fact_evidence WHERE source_url = 'https://www.canada.ca/en/health-canada/services/consumer-product-safety/cosmetics/cosmetic-ingredient-hotlist-prohibited-restricted-ingredients.html' AND snapshot_date = '2026-04-18' LIMIT 1));
INSERT INTO ingredient (canonical_id, primary_name, ingredient_class, cas_number, category, is_natural) VALUES ('CAS_467_60_7', 'Pipradrol and its salts', 'substance', '467-60-7', 'cosmetic', 0) ON CONFLICT(canonical_id) DO NOTHING;
INSERT INTO ingredient_alias (canonical_id, alias, alias_normalized, alias_type, language_code, confidence, source) VALUES ('CAS_467_60_7', 'Pipradrol and its salts', 'pipradrol and its salts', 'synonym', 'en', 1.0, 'HC-Hotlist') ON CONFLICT(alias_normalized, alias_type, COALESCE(language_code, '')) DO NOTHING;
INSERT INTO ingredient_alias (canonical_id, alias, alias_normalized, alias_type, language_code, confidence, source) VALUES ('CAS_467_60_7', '467-60-7', '467-60-7', 'cas', NULL, 1.0, 'HC-Hotlist') ON CONFLICT(alias_normalized, alias_type, COALESCE(language_code, '')) DO NOTHING;
INSERT OR IGNORE INTO regulatory_fact (canonical_id, jurisdiction, fact_type, status, regulation_ref, product_category, evidence_id) VALUES ('CAS_467_60_7', 'CA_HC', 'prohibited', 'Prohibited in cosmetic products (Health Canada Hotlist)', 'Health Canada Cosmetic Ingredient Hotlist', 'cosmetic', (SELECT id FROM fact_evidence WHERE source_url = 'https://www.canada.ca/en/health-canada/services/consumer-product-safety/cosmetics/cosmetic-ingredient-hotlist-prohibited-restricted-ingredients.html' AND snapshot_date = '2026-04-18' LIMIT 1));
INSERT INTO ingredient (canonical_id, primary_name, ingredient_class, cas_number, category, is_natural) VALUES ('NAME_piprocurarium_salts', 'Piprocurarium salts', 'substance', NULL, 'cosmetic', 0) ON CONFLICT(canonical_id) DO NOTHING;
INSERT INTO ingredient_alias (canonical_id, alias, alias_normalized, alias_type, language_code, confidence, source) VALUES ('NAME_piprocurarium_salts', 'Piprocurarium salts', 'piprocurarium salts', 'synonym', 'en', 1.0, 'HC-Hotlist') ON CONFLICT(alias_normalized, alias_type, COALESCE(language_code, '')) DO NOTHING;
INSERT OR IGNORE INTO regulatory_fact (canonical_id, jurisdiction, fact_type, status, regulation_ref, product_category, evidence_id) VALUES ('NAME_piprocurarium_salts', 'CA_HC', 'prohibited', 'Prohibited in cosmetic products (Health Canada Hotlist)', 'Health Canada Cosmetic Ingredient Hotlist', 'cosmetic', (SELECT id FROM fact_evidence WHERE source_url = 'https://www.canada.ca/en/health-canada/services/consumer-product-safety/cosmetics/cosmetic-ingredient-hotlist-prohibited-restricted-ingredients.html' AND snapshot_date = '2026-04-18' LIMIT 1));
INSERT INTO ingredient (canonical_id, primary_name, ingredient_class, cas_number, category, is_natural) VALUES ('CAS_545_80_2', 'Poldine methyl sulfate', 'substance', '545-80-2', 'cosmetic', 0) ON CONFLICT(canonical_id) DO NOTHING;
INSERT INTO ingredient_alias (canonical_id, alias, alias_normalized, alias_type, language_code, confidence, source) VALUES ('CAS_545_80_2', 'Poldine methyl sulfate', 'poldine methyl sulfate', 'synonym', 'en', 1.0, 'HC-Hotlist') ON CONFLICT(alias_normalized, alias_type, COALESCE(language_code, '')) DO NOTHING;
INSERT INTO ingredient_alias (canonical_id, alias, alias_normalized, alias_type, language_code, confidence, source) VALUES ('CAS_545_80_2', '545-80-2', '545-80-2', 'cas', NULL, 1.0, 'HC-Hotlist') ON CONFLICT(alias_normalized, alias_type, COALESCE(language_code, '')) DO NOTHING;
INSERT OR IGNORE INTO regulatory_fact (canonical_id, jurisdiction, fact_type, status, regulation_ref, product_category, evidence_id) VALUES ('CAS_545_80_2', 'CA_HC', 'prohibited', 'Prohibited in cosmetic products (Health Canada Hotlist)', 'Health Canada Cosmetic Ingredient Hotlist', 'cosmetic', (SELECT id FROM fact_evidence WHERE source_url = 'https://www.canada.ca/en/health-canada/services/consumer-product-safety/cosmetics/cosmetic-ingredient-hotlist-prohibited-restricted-ingredients.html' AND snapshot_date = '2026-04-18' LIMIT 1));
INSERT INTO ingredient (canonical_id, primary_name, ingredient_class, cas_number, category, is_natural) VALUES ('CAS_140_65_8', 'Pramocaine', 'substance', '140-65-8', 'cosmetic', 0) ON CONFLICT(canonical_id) DO NOTHING;
INSERT INTO ingredient_alias (canonical_id, alias, alias_normalized, alias_type, language_code, confidence, source) VALUES ('CAS_140_65_8', 'Pramocaine', 'pramocaine', 'synonym', 'en', 1.0, 'HC-Hotlist') ON CONFLICT(alias_normalized, alias_type, COALESCE(language_code, '')) DO NOTHING;
INSERT INTO ingredient_alias (canonical_id, alias, alias_normalized, alias_type, language_code, confidence, source) VALUES ('CAS_140_65_8', '140-65-8', '140-65-8', 'cas', NULL, 1.0, 'HC-Hotlist') ON CONFLICT(alias_normalized, alias_type, COALESCE(language_code, '')) DO NOTHING;
INSERT OR IGNORE INTO regulatory_fact (canonical_id, jurisdiction, fact_type, status, regulation_ref, product_category, evidence_id) VALUES ('CAS_140_65_8', 'CA_HC', 'prohibited', 'Prohibited in cosmetic products (Health Canada Hotlist)', 'Health Canada Cosmetic Ingredient Hotlist', 'cosmetic', (SELECT id FROM fact_evidence WHERE source_url = 'https://www.canada.ca/en/health-canada/services/consumer-product-safety/cosmetics/cosmetic-ingredient-hotlist-prohibited-restricted-ingredients.html' AND snapshot_date = '2026-04-18' LIMIT 1));
INSERT INTO ingredient (canonical_id, primary_name, ingredient_class, cas_number, category, is_natural) VALUES ('CAS_57_66_9', 'Probenecid', 'substance', '57-66-9', 'cosmetic', 0) ON CONFLICT(canonical_id) DO NOTHING;
INSERT INTO ingredient_alias (canonical_id, alias, alias_normalized, alias_type, language_code, confidence, source) VALUES ('CAS_57_66_9', 'Probenecid', 'probenecid', 'synonym', 'en', 1.0, 'HC-Hotlist') ON CONFLICT(alias_normalized, alias_type, COALESCE(language_code, '')) DO NOTHING;
INSERT INTO ingredient_alias (canonical_id, alias, alias_normalized, alias_type, language_code, confidence, source) VALUES ('CAS_57_66_9', '57-66-9', '57-66-9', 'cas', NULL, 1.0, 'HC-Hotlist') ON CONFLICT(alias_normalized, alias_type, COALESCE(language_code, '')) DO NOTHING;
INSERT OR IGNORE INTO regulatory_fact (canonical_id, jurisdiction, fact_type, status, regulation_ref, product_category, evidence_id) VALUES ('CAS_57_66_9', 'CA_HC', 'prohibited', 'Prohibited in cosmetic products (Health Canada Hotlist)', 'Health Canada Cosmetic Ingredient Hotlist', 'cosmetic', (SELECT id FROM fact_evidence WHERE source_url = 'https://www.canada.ca/en/health-canada/services/consumer-product-safety/cosmetics/cosmetic-ingredient-hotlist-prohibited-restricted-ingredients.html' AND snapshot_date = '2026-04-18' LIMIT 1));
INSERT INTO ingredient (canonical_id, primary_name, ingredient_class, cas_number, category, is_natural) VALUES ('CAS_51_06_9', 'Procainamide, its salts and derivatives', 'substance', '51-06-9', 'cosmetic', 0) ON CONFLICT(canonical_id) DO NOTHING;
INSERT INTO ingredient_alias (canonical_id, alias, alias_normalized, alias_type, language_code, confidence, source) VALUES ('CAS_51_06_9', 'Procainamide, its salts and derivatives', 'procainamide, its salts and derivatives', 'synonym', 'en', 1.0, 'HC-Hotlist') ON CONFLICT(alias_normalized, alias_type, COALESCE(language_code, '')) DO NOTHING;
INSERT INTO ingredient_alias (canonical_id, alias, alias_normalized, alias_type, language_code, confidence, source) VALUES ('CAS_51_06_9', '51-06-9', '51-06-9', 'cas', NULL, 1.0, 'HC-Hotlist') ON CONFLICT(alias_normalized, alias_type, COALESCE(language_code, '')) DO NOTHING;
INSERT OR IGNORE INTO regulatory_fact (canonical_id, jurisdiction, fact_type, status, regulation_ref, product_category, evidence_id) VALUES ('CAS_51_06_9', 'CA_HC', 'prohibited', 'Prohibited in cosmetic products (Health Canada Hotlist)', 'Health Canada Cosmetic Ingredient Hotlist', 'cosmetic', (SELECT id FROM fact_evidence WHERE source_url = 'https://www.canada.ca/en/health-canada/services/consumer-product-safety/cosmetics/cosmetic-ingredient-hotlist-prohibited-restricted-ingredients.html' AND snapshot_date = '2026-04-18' LIMIT 1));
INSERT INTO ingredient (canonical_id, primary_name, ingredient_class, cas_number, category, is_natural) VALUES ('NAME_progestogens', 'Progestogens', 'substance', NULL, 'cosmetic', 0) ON CONFLICT(canonical_id) DO NOTHING;
INSERT INTO ingredient_alias (canonical_id, alias, alias_normalized, alias_type, language_code, confidence, source) VALUES ('NAME_progestogens', 'Progestogens', 'progestogens', 'synonym', 'en', 1.0, 'HC-Hotlist') ON CONFLICT(alias_normalized, alias_type, COALESCE(language_code, '')) DO NOTHING;
INSERT OR IGNORE INTO regulatory_fact (canonical_id, jurisdiction, fact_type, status, regulation_ref, product_category, evidence_id) VALUES ('NAME_progestogens', 'CA_HC', 'prohibited', 'Prohibited in cosmetic products (Health Canada Hotlist)', 'Health Canada Cosmetic Ingredient Hotlist', 'cosmetic', (SELECT id FROM fact_evidence WHERE source_url = 'https://www.canada.ca/en/health-canada/services/consumer-product-safety/cosmetics/cosmetic-ingredient-hotlist-prohibited-restricted-ingredients.html' AND snapshot_date = '2026-04-18' LIMIT 1));
INSERT INTO ingredient (canonical_id, primary_name, ingredient_class, cas_number, category, is_natural) VALUES ('CAS_2921_92_8', 'Propatylnitrate', 'substance', '2921-92-8', 'cosmetic', 0) ON CONFLICT(canonical_id) DO NOTHING;
INSERT INTO ingredient_alias (canonical_id, alias, alias_normalized, alias_type, language_code, confidence, source) VALUES ('CAS_2921_92_8', 'Propatylnitrate', 'propatylnitrate', 'synonym', 'en', 1.0, 'HC-Hotlist') ON CONFLICT(alias_normalized, alias_type, COALESCE(language_code, '')) DO NOTHING;
INSERT INTO ingredient_alias (canonical_id, alias, alias_normalized, alias_type, language_code, confidence, source) VALUES ('CAS_2921_92_8', '2921-92-8', '2921-92-8', 'cas', NULL, 1.0, 'HC-Hotlist') ON CONFLICT(alias_normalized, alias_type, COALESCE(language_code, '')) DO NOTHING;
INSERT OR IGNORE INTO regulatory_fact (canonical_id, jurisdiction, fact_type, status, regulation_ref, product_category, evidence_id) VALUES ('CAS_2921_92_8', 'CA_HC', 'prohibited', 'Prohibited in cosmetic products (Health Canada Hotlist)', 'Health Canada Cosmetic Ingredient Hotlist', 'cosmetic', (SELECT id FROM fact_evidence WHERE source_url = 'https://www.canada.ca/en/health-canada/services/consumer-product-safety/cosmetics/cosmetic-ingredient-hotlist-prohibited-restricted-ingredients.html' AND snapshot_date = '2026-04-18' LIMIT 1));
INSERT INTO ingredient (canonical_id, primary_name, ingredient_class, cas_number, category, is_natural) VALUES ('CAS_479_92_5', 'Propyphenazone', 'substance', '479-92-5', 'cosmetic', 0) ON CONFLICT(canonical_id) DO NOTHING;
INSERT INTO ingredient_alias (canonical_id, alias, alias_normalized, alias_type, language_code, confidence, source) VALUES ('CAS_479_92_5', 'Propyphenazone', 'propyphenazone', 'synonym', 'en', 1.0, 'HC-Hotlist') ON CONFLICT(alias_normalized, alias_type, COALESCE(language_code, '')) DO NOTHING;
INSERT INTO ingredient_alias (canonical_id, alias, alias_normalized, alias_type, language_code, confidence, source) VALUES ('CAS_479_92_5', '479-92-5', '479-92-5', 'cas', NULL, 1.0, 'HC-Hotlist') ON CONFLICT(alias_normalized, alias_type, COALESCE(language_code, '')) DO NOTHING;
INSERT OR IGNORE INTO regulatory_fact (canonical_id, jurisdiction, fact_type, status, regulation_ref, product_category, evidence_id) VALUES ('CAS_479_92_5', 'CA_HC', 'prohibited', 'Prohibited in cosmetic products (Health Canada Hotlist)', 'Health Canada Cosmetic Ingredient Hotlist', 'cosmetic', (SELECT id FROM fact_evidence WHERE source_url = 'https://www.canada.ca/en/health-canada/services/consumer-product-safety/cosmetics/cosmetic-ingredient-hotlist-prohibited-restricted-ingredients.html' AND snapshot_date = '2026-04-18' LIMIT 1));
INSERT INTO ingredient (canonical_id, primary_name, ingredient_class, cas_number, category, is_natural) VALUES ('CAS_745_65_3', 'Prostaglandins, their salts and derivatives and their analogs', 'substance', '745-65-3', 'cosmetic', 0) ON CONFLICT(canonical_id) DO NOTHING;
INSERT INTO ingredient_alias (canonical_id, alias, alias_normalized, alias_type, language_code, confidence, source) VALUES ('CAS_745_65_3', 'Prostaglandins, their salts and derivatives and their analogs', 'prostaglandins, their salts and derivatives and their analogs', 'synonym', 'en', 1.0, 'HC-Hotlist') ON CONFLICT(alias_normalized, alias_type, COALESCE(language_code, '')) DO NOTHING;
INSERT INTO ingredient_alias (canonical_id, alias, alias_normalized, alias_type, language_code, confidence, source) VALUES ('CAS_745_65_3', '745-65-3', '745-65-3', 'cas', NULL, 1.0, 'HC-Hotlist') ON CONFLICT(alias_normalized, alias_type, COALESCE(language_code, '')) DO NOTHING;
INSERT OR IGNORE INTO regulatory_fact (canonical_id, jurisdiction, fact_type, status, regulation_ref, product_category, evidence_id) VALUES ('CAS_745_65_3', 'CA_HC', 'prohibited', 'Prohibited in cosmetic products (Health Canada Hotlist)', 'Health Canada Cosmetic Ingredient Hotlist', 'cosmetic', (SELECT id FROM fact_evidence WHERE source_url = 'https://www.canada.ca/en/health-canada/services/consumer-product-safety/cosmetics/cosmetic-ingredient-hotlist-prohibited-restricted-ingredients.html' AND snapshot_date = '2026-04-18' LIMIT 1));
INSERT INTO ingredient (canonical_id, primary_name, ingredient_class, cas_number, category, is_natural) VALUES ('NAME_prunus_laurocerasus_l', 'Prunus laurocerasus L .', 'substance', NULL, 'cosmetic', 0) ON CONFLICT(canonical_id) DO NOTHING;
INSERT INTO ingredient_alias (canonical_id, alias, alias_normalized, alias_type, language_code, confidence, source) VALUES ('NAME_prunus_laurocerasus_l', 'Prunus laurocerasus L .', 'prunus laurocerasus l .', 'synonym', 'en', 1.0, 'HC-Hotlist') ON CONFLICT(alias_normalized, alias_type, COALESCE(language_code, '')) DO NOTHING;
INSERT OR IGNORE INTO regulatory_fact (canonical_id, jurisdiction, fact_type, status, regulation_ref, product_category, evidence_id) VALUES ('NAME_prunus_laurocerasus_l', 'CA_HC', 'prohibited', 'Prohibited in cosmetic products (Health Canada Hotlist)', 'Health Canada Cosmetic Ingredient Hotlist', 'cosmetic', (SELECT id FROM fact_evidence WHERE source_url = 'https://www.canada.ca/en/health-canada/services/consumer-product-safety/cosmetics/cosmetic-ingredient-hotlist-prohibited-restricted-ingredients.html' AND snapshot_date = '2026-04-18' LIMIT 1));
INSERT INTO ingredient (canonical_id, primary_name, ingredient_class, cas_number, category, is_natural) VALUES ('CAS_520_52_5', 'Psilocybine', 'substance', '520-52-5', 'cosmetic', 0) ON CONFLICT(canonical_id) DO NOTHING;
INSERT INTO ingredient_alias (canonical_id, alias, alias_normalized, alias_type, language_code, confidence, source) VALUES ('CAS_520_52_5', 'Psilocybine', 'psilocybine', 'synonym', 'en', 1.0, 'HC-Hotlist') ON CONFLICT(alias_normalized, alias_type, COALESCE(language_code, '')) DO NOTHING;
INSERT INTO ingredient_alias (canonical_id, alias, alias_normalized, alias_type, language_code, confidence, source) VALUES ('CAS_520_52_5', '520-52-5', '520-52-5', 'cas', NULL, 1.0, 'HC-Hotlist') ON CONFLICT(alias_normalized, alias_type, COALESCE(language_code, '')) DO NOTHING;
INSERT OR IGNORE INTO regulatory_fact (canonical_id, jurisdiction, fact_type, status, regulation_ref, product_category, evidence_id) VALUES ('CAS_520_52_5', 'CA_HC', 'prohibited', 'Prohibited in cosmetic products (Health Canada Hotlist)', 'Health Canada Cosmetic Ingredient Hotlist', 'cosmetic', (SELECT id FROM fact_evidence WHERE source_url = 'https://www.canada.ca/en/health-canada/services/consumer-product-safety/cosmetics/cosmetic-ingredient-hotlist-prohibited-restricted-ingredients.html' AND snapshot_date = '2026-04-18' LIMIT 1));
INSERT INTO ingredient (canonical_id, primary_name, ingredient_class, cas_number, category, is_natural) VALUES ('NAME_pueraria_mirifica', 'Pueraria mirifica', 'substance', NULL, 'cosmetic', 0) ON CONFLICT(canonical_id) DO NOTHING;
INSERT INTO ingredient_alias (canonical_id, alias, alias_normalized, alias_type, language_code, confidence, source) VALUES ('NAME_pueraria_mirifica', 'Pueraria mirifica', 'pueraria mirifica', 'synonym', 'en', 1.0, 'HC-Hotlist') ON CONFLICT(alias_normalized, alias_type, COALESCE(language_code, '')) DO NOTHING;
INSERT OR IGNORE INTO regulatory_fact (canonical_id, jurisdiction, fact_type, status, regulation_ref, product_category, evidence_id) VALUES ('NAME_pueraria_mirifica', 'CA_HC', 'prohibited', 'Prohibited in cosmetic products (Health Canada Hotlist)', 'Health Canada Cosmetic Ingredient Hotlist', 'cosmetic', (SELECT id FROM fact_evidence WHERE source_url = 'https://www.canada.ca/en/health-canada/services/consumer-product-safety/cosmetics/cosmetic-ingredient-hotlist-prohibited-restricted-ingredients.html' AND snapshot_date = '2026-04-18' LIMIT 1));
INSERT INTO ingredient (canonical_id, primary_name, ingredient_class, cas_number, category, is_natural) VALUES ('NAME_pyrethrum_album_l_and_its_galenical_preparations', 'Pyrethrum album L . and its galenical preparations', 'substance', NULL, 'cosmetic', 0) ON CONFLICT(canonical_id) DO NOTHING;
INSERT INTO ingredient_alias (canonical_id, alias, alias_normalized, alias_type, language_code, confidence, source) VALUES ('NAME_pyrethrum_album_l_and_its_galenical_preparations', 'Pyrethrum album L . and its galenical preparations', 'pyrethrum album l . and its galenical preparations', 'synonym', 'en', 1.0, 'HC-Hotlist') ON CONFLICT(alias_normalized, alias_type, COALESCE(language_code, '')) DO NOTHING;
INSERT OR IGNORE INTO regulatory_fact (canonical_id, jurisdiction, fact_type, status, regulation_ref, product_category, evidence_id) VALUES ('NAME_pyrethrum_album_l_and_its_galenical_preparations', 'CA_HC', 'prohibited', 'Prohibited in cosmetic products (Health Canada Hotlist)', 'Health Canada Cosmetic Ingredient Hotlist', 'cosmetic', (SELECT id FROM fact_evidence WHERE source_url = 'https://www.canada.ca/en/health-canada/services/consumer-product-safety/cosmetics/cosmetic-ingredient-hotlist-prohibited-restricted-ingredients.html' AND snapshot_date = '2026-04-18' LIMIT 1));
INSERT INTO ingredient (canonical_id, primary_name, ingredient_class, cas_number, category, is_natural) VALUES ('CAS_120_80_9', 'Pyrocatechol', 'substance', '120-80-9', 'cosmetic', 0) ON CONFLICT(canonical_id) DO NOTHING;
INSERT INTO ingredient_alias (canonical_id, alias, alias_normalized, alias_type, language_code, confidence, source) VALUES ('CAS_120_80_9', 'Pyrocatechol', 'pyrocatechol', 'synonym', 'en', 1.0, 'HC-Hotlist') ON CONFLICT(alias_normalized, alias_type, COALESCE(language_code, '')) DO NOTHING;
INSERT INTO ingredient_alias (canonical_id, alias, alias_normalized, alias_type, language_code, confidence, source) VALUES ('CAS_120_80_9', '120-80-9', '120-80-9', 'cas', NULL, 1.0, 'HC-Hotlist') ON CONFLICT(alias_normalized, alias_type, COALESCE(language_code, '')) DO NOTHING;
INSERT OR IGNORE INTO regulatory_fact (canonical_id, jurisdiction, fact_type, status, regulation_ref, product_category, evidence_id) VALUES ('CAS_120_80_9', 'CA_HC', 'prohibited', 'Prohibited in cosmetic products (Health Canada Hotlist)', 'Health Canada Cosmetic Ingredient Hotlist', 'cosmetic', (SELECT id FROM fact_evidence WHERE source_url = 'https://www.canada.ca/en/health-canada/services/consumer-product-safety/cosmetics/cosmetic-ingredient-hotlist-prohibited-restricted-ingredients.html' AND snapshot_date = '2026-04-18' LIMIT 1));
INSERT INTO ingredient (canonical_id, primary_name, ingredient_class, cas_number, category, is_natural) VALUES ('CAS_87_66_1', 'Pyrogallol', 'substance', '87-66-1', 'cosmetic', 0) ON CONFLICT(canonical_id) DO NOTHING;
INSERT INTO ingredient_alias (canonical_id, alias, alias_normalized, alias_type, language_code, confidence, source) VALUES ('CAS_87_66_1', 'Pyrogallol', 'pyrogallol', 'synonym', 'en', 1.0, 'HC-Hotlist') ON CONFLICT(alias_normalized, alias_type, COALESCE(language_code, '')) DO NOTHING;
INSERT INTO ingredient_alias (canonical_id, alias, alias_normalized, alias_type, language_code, confidence, source) VALUES ('CAS_87_66_1', '87-66-1', '87-66-1', 'cas', NULL, 1.0, 'HC-Hotlist') ON CONFLICT(alias_normalized, alias_type, COALESCE(language_code, '')) DO NOTHING;
INSERT OR IGNORE INTO regulatory_fact (canonical_id, jurisdiction, fact_type, status, regulation_ref, product_category, evidence_id) VALUES ('CAS_87_66_1', 'CA_HC', 'prohibited', 'Prohibited in cosmetic products (Health Canada Hotlist)', 'Health Canada Cosmetic Ingredient Hotlist', 'cosmetic', (SELECT id FROM fact_evidence WHERE source_url = 'https://www.canada.ca/en/health-canada/services/consumer-product-safety/cosmetics/cosmetic-ingredient-hotlist-prohibited-restricted-ingredients.html' AND snapshot_date = '2026-04-18' LIMIT 1));
INSERT INTO ingredient (canonical_id, primary_name, ingredient_class, cas_number, category, is_natural) VALUES ('NAME_radioactive_substances', 'Radioactive substances', 'substance', NULL, 'cosmetic', 0) ON CONFLICT(canonical_id) DO NOTHING;
INSERT INTO ingredient_alias (canonical_id, alias, alias_normalized, alias_type, language_code, confidence, source) VALUES ('NAME_radioactive_substances', 'Radioactive substances', 'radioactive substances', 'synonym', 'en', 1.0, 'HC-Hotlist') ON CONFLICT(alias_normalized, alias_type, COALESCE(language_code, '')) DO NOTHING;
INSERT OR IGNORE INTO regulatory_fact (canonical_id, jurisdiction, fact_type, status, regulation_ref, product_category, evidence_id) VALUES ('NAME_radioactive_substances', 'CA_HC', 'prohibited', 'Prohibited in cosmetic products (Health Canada Hotlist)', 'Health Canada Cosmetic Ingredient Hotlist', 'cosmetic', (SELECT id FROM fact_evidence WHERE source_url = 'https://www.canada.ca/en/health-canada/services/consumer-product-safety/cosmetics/cosmetic-ingredient-hotlist-prohibited-restricted-ingredients.html' AND snapshot_date = '2026-04-18' LIMIT 1));
INSERT INTO ingredient (canonical_id, primary_name, ingredient_class, cas_number, category, is_natural) VALUES ('NAME_rauwolfia_serpentina_alkaloids_and_their_salts', 'Rauwolfia serpentina alkaloids and their salts', 'substance', NULL, 'cosmetic', 0) ON CONFLICT(canonical_id) DO NOTHING;
INSERT INTO ingredient_alias (canonical_id, alias, alias_normalized, alias_type, language_code, confidence, source) VALUES ('NAME_rauwolfia_serpentina_alkaloids_and_their_salts', 'Rauwolfia serpentina alkaloids and their salts', 'rauwolfia serpentina alkaloids and their salts', 'synonym', 'en', 1.0, 'HC-Hotlist') ON CONFLICT(alias_normalized, alias_type, COALESCE(language_code, '')) DO NOTHING;
INSERT OR IGNORE INTO regulatory_fact (canonical_id, jurisdiction, fact_type, status, regulation_ref, product_category, evidence_id) VALUES ('NAME_rauwolfia_serpentina_alkaloids_and_their_salts', 'CA_HC', 'prohibited', 'Prohibited in cosmetic products (Health Canada Hotlist)', 'Health Canada Cosmetic Ingredient Hotlist', 'cosmetic', (SELECT id FROM fact_evidence WHERE source_url = 'https://www.canada.ca/en/health-canada/services/consumer-product-safety/cosmetics/cosmetic-ingredient-hotlist-prohibited-restricted-ingredients.html' AND snapshot_date = '2026-04-18' LIMIT 1));
INSERT INTO ingredient (canonical_id, primary_name, ingredient_class, cas_number, category, is_natural) VALUES ('CAS_302_79_4', 'Retinoic Acid and its salts', 'substance', '302-79-4', 'cosmetic', 0) ON CONFLICT(canonical_id) DO NOTHING;
INSERT INTO ingredient_alias (canonical_id, alias, alias_normalized, alias_type, language_code, confidence, source) VALUES ('CAS_302_79_4', 'Retinoic Acid and its salts', 'retinoic acid and its salts', 'synonym', 'en', 1.0, 'HC-Hotlist') ON CONFLICT(alias_normalized, alias_type, COALESCE(language_code, '')) DO NOTHING;
INSERT INTO ingredient_alias (canonical_id, alias, alias_normalized, alias_type, language_code, confidence, source) VALUES ('CAS_302_79_4', '302-79-4', '302-79-4', 'cas', NULL, 1.0, 'HC-Hotlist') ON CONFLICT(alias_normalized, alias_type, COALESCE(language_code, '')) DO NOTHING;
INSERT OR IGNORE INTO regulatory_fact (canonical_id, jurisdiction, fact_type, status, regulation_ref, product_category, evidence_id) VALUES ('CAS_302_79_4', 'CA_HC', 'prohibited', 'Prohibited in cosmetic products (Health Canada Hotlist)', 'Health Canada Cosmetic Ingredient Hotlist', 'cosmetic', (SELECT id FROM fact_evidence WHERE source_url = 'https://www.canada.ca/en/health-canada/services/consumer-product-safety/cosmetics/cosmetic-ingredient-hotlist-prohibited-restricted-ingredients.html' AND snapshot_date = '2026-04-18' LIMIT 1));
INSERT INTO ingredient (canonical_id, primary_name, ingredient_class, cas_number, category, is_natural) VALUES ('CAS_94_59_7', 'Safrole, except when naturally occurring in plant extracts', 'substance', '94-59-7', 'cosmetic', 0) ON CONFLICT(canonical_id) DO NOTHING;
INSERT INTO ingredient_alias (canonical_id, alias, alias_normalized, alias_type, language_code, confidence, source) VALUES ('CAS_94_59_7', 'Safrole, except when naturally occurring in plant extracts', 'safrole, except when naturally occurring in plant extracts', 'synonym', 'en', 1.0, 'HC-Hotlist') ON CONFLICT(alias_normalized, alias_type, COALESCE(language_code, '')) DO NOTHING;
INSERT INTO ingredient_alias (canonical_id, alias, alias_normalized, alias_type, language_code, confidence, source) VALUES ('CAS_94_59_7', '94-59-7', '94-59-7', 'cas', NULL, 1.0, 'HC-Hotlist') ON CONFLICT(alias_normalized, alias_type, COALESCE(language_code, '')) DO NOTHING;
INSERT OR IGNORE INTO regulatory_fact (canonical_id, jurisdiction, fact_type, status, regulation_ref, product_category, evidence_id) VALUES ('CAS_94_59_7', 'CA_HC', 'prohibited', 'Prohibited in cosmetic products (Health Canada Hotlist)', 'Health Canada Cosmetic Ingredient Hotlist', 'cosmetic', (SELECT id FROM fact_evidence WHERE source_url = 'https://www.canada.ca/en/health-canada/services/consumer-product-safety/cosmetics/cosmetic-ingredient-hotlist-prohibited-restricted-ingredients.html' AND snapshot_date = '2026-04-18' LIMIT 1));
INSERT INTO ingredient (canonical_id, primary_name, ingredient_class, cas_number, category, is_natural) VALUES ('NAME_schoenocaulon_officinale_lind_seeds_and_galenical_preparations', 'Schoenocaulon officinale Lind . seeds and galenical preparations', 'substance', NULL, 'cosmetic', 0) ON CONFLICT(canonical_id) DO NOTHING;
INSERT INTO ingredient_alias (canonical_id, alias, alias_normalized, alias_type, language_code, confidence, source) VALUES ('NAME_schoenocaulon_officinale_lind_seeds_and_galenical_preparations', 'Schoenocaulon officinale Lind . seeds and galenical preparations', 'schoenocaulon officinale lind . seeds and galenical preparations', 'synonym', 'en', 1.0, 'HC-Hotlist') ON CONFLICT(alias_normalized, alias_type, COALESCE(language_code, '')) DO NOTHING;
INSERT OR IGNORE INTO regulatory_fact (canonical_id, jurisdiction, fact_type, status, regulation_ref, product_category, evidence_id) VALUES ('NAME_schoenocaulon_officinale_lind_seeds_and_galenical_preparations', 'CA_HC', 'prohibited', 'Prohibited in cosmetic products (Health Canada Hotlist)', 'Health Canada Cosmetic Ingredient Hotlist', 'cosmetic', (SELECT id FROM fact_evidence WHERE source_url = 'https://www.canada.ca/en/health-canada/services/consumer-product-safety/cosmetics/cosmetic-ingredient-hotlist-prohibited-restricted-ingredients.html' AND snapshot_date = '2026-04-18' LIMIT 1));
INSERT INTO ingredient (canonical_id, primary_name, ingredient_class, cas_number, category, is_natural) VALUES ('CAS_111_42_2', 'Secondary alkyl- and alkanolamines and their salts', 'substance', '111-42-2', 'cosmetic', 0) ON CONFLICT(canonical_id) DO NOTHING;
INSERT INTO ingredient_alias (canonical_id, alias, alias_normalized, alias_type, language_code, confidence, source) VALUES ('CAS_111_42_2', 'Secondary alkyl- and alkanolamines and their salts', 'secondary alkyl- and alkanolamines and their salts', 'synonym', 'en', 1.0, 'HC-Hotlist') ON CONFLICT(alias_normalized, alias_type, COALESCE(language_code, '')) DO NOTHING;
INSERT INTO ingredient_alias (canonical_id, alias, alias_normalized, alias_type, language_code, confidence, source) VALUES ('CAS_111_42_2', '111-42-2', '111-42-2', 'cas', NULL, 1.0, 'HC-Hotlist') ON CONFLICT(alias_normalized, alias_type, COALESCE(language_code, '')) DO NOTHING;
INSERT OR IGNORE INTO regulatory_fact (canonical_id, jurisdiction, fact_type, status, regulation_ref, product_category, evidence_id) VALUES ('CAS_111_42_2', 'CA_HC', 'prohibited', 'Prohibited in cosmetic products (Health Canada Hotlist)', 'Health Canada Cosmetic Ingredient Hotlist', 'cosmetic', (SELECT id FROM fact_evidence WHERE source_url = 'https://www.canada.ca/en/health-canada/services/consumer-product-safety/cosmetics/cosmetic-ingredient-hotlist-prohibited-restricted-ingredients.html' AND snapshot_date = '2026-04-18' LIMIT 1));
INSERT INTO ingredient (canonical_id, primary_name, ingredient_class, cas_number, category, is_natural) VALUES ('CAS_7782_49_2', 'Selenium and its compounds', 'substance', '7782-49-2', 'cosmetic', 0) ON CONFLICT(canonical_id) DO NOTHING;
INSERT INTO ingredient_alias (canonical_id, alias, alias_normalized, alias_type, language_code, confidence, source) VALUES ('CAS_7782_49_2', 'Selenium and its compounds', 'selenium and its compounds', 'synonym', 'en', 1.0, 'HC-Hotlist') ON CONFLICT(alias_normalized, alias_type, COALESCE(language_code, '')) DO NOTHING;
INSERT INTO ingredient_alias (canonical_id, alias, alias_normalized, alias_type, language_code, confidence, source) VALUES ('CAS_7782_49_2', '7782-49-2', '7782-49-2', 'cas', NULL, 1.0, 'HC-Hotlist') ON CONFLICT(alias_normalized, alias_type, COALESCE(language_code, '')) DO NOTHING;
INSERT OR IGNORE INTO regulatory_fact (canonical_id, jurisdiction, fact_type, status, regulation_ref, product_category, evidence_id) VALUES ('CAS_7782_49_2', 'CA_HC', 'prohibited', 'Prohibited in cosmetic products (Health Canada Hotlist)', 'Health Canada Cosmetic Ingredient Hotlist', 'cosmetic', (SELECT id FROM fact_evidence WHERE source_url = 'https://www.canada.ca/en/health-canada/services/consumer-product-safety/cosmetics/cosmetic-ingredient-hotlist-prohibited-restricted-ingredients.html' AND snapshot_date = '2026-04-18' LIMIT 1));
INSERT INTO ingredient (canonical_id, primary_name, ingredient_class, cas_number, category, is_natural) VALUES ('CAS_7009_49_6', 'Sodium hexacyclonate', 'substance', '7009-49-6', 'cosmetic', 0) ON CONFLICT(canonical_id) DO NOTHING;
INSERT INTO ingredient_alias (canonical_id, alias, alias_normalized, alias_type, language_code, confidence, source) VALUES ('CAS_7009_49_6', 'Sodium hexacyclonate', 'sodium hexacyclonate', 'synonym', 'en', 1.0, 'HC-Hotlist') ON CONFLICT(alias_normalized, alias_type, COALESCE(language_code, '')) DO NOTHING;
INSERT INTO ingredient_alias (canonical_id, alias, alias_normalized, alias_type, language_code, confidence, source) VALUES ('CAS_7009_49_6', '7009-49-6', '7009-49-6', 'cas', NULL, 1.0, 'HC-Hotlist') ON CONFLICT(alias_normalized, alias_type, COALESCE(language_code, '')) DO NOTHING;
INSERT OR IGNORE INTO regulatory_fact (canonical_id, jurisdiction, fact_type, status, regulation_ref, product_category, evidence_id) VALUES ('CAS_7009_49_6', 'CA_HC', 'prohibited', 'Prohibited in cosmetic products (Health Canada Hotlist)', 'Health Canada Cosmetic Ingredient Hotlist', 'cosmetic', (SELECT id FROM fact_evidence WHERE source_url = 'https://www.canada.ca/en/health-canada/services/consumer-product-safety/cosmetics/cosmetic-ingredient-hotlist-prohibited-restricted-ingredients.html' AND snapshot_date = '2026-04-18' LIMIT 1));
INSERT INTO ingredient (canonical_id, primary_name, ingredient_class, cas_number, category, is_natural) VALUES ('CAS_3811_73_2', 'Sodium pyrithione', 'substance', '3811-73-2', 'cosmetic', 0) ON CONFLICT(canonical_id) DO NOTHING;
INSERT INTO ingredient_alias (canonical_id, alias, alias_normalized, alias_type, language_code, confidence, source) VALUES ('CAS_3811_73_2', 'Sodium pyrithione', 'sodium pyrithione', 'synonym', 'en', 1.0, 'HC-Hotlist') ON CONFLICT(alias_normalized, alias_type, COALESCE(language_code, '')) DO NOTHING;
INSERT INTO ingredient_alias (canonical_id, alias, alias_normalized, alias_type, language_code, confidence, source) VALUES ('CAS_3811_73_2', '3811-73-2', '3811-73-2', 'cas', NULL, 1.0, 'HC-Hotlist') ON CONFLICT(alias_normalized, alias_type, COALESCE(language_code, '')) DO NOTHING;
INSERT OR IGNORE INTO regulatory_fact (canonical_id, jurisdiction, fact_type, status, regulation_ref, product_category, evidence_id) VALUES ('CAS_3811_73_2', 'CA_HC', 'prohibited', 'Prohibited in cosmetic products (Health Canada Hotlist)', 'Health Canada Cosmetic Ingredient Hotlist', 'cosmetic', (SELECT id FROM fact_evidence WHERE source_url = 'https://www.canada.ca/en/health-canada/services/consumer-product-safety/cosmetics/cosmetic-ingredient-hotlist-prohibited-restricted-ingredients.html' AND snapshot_date = '2026-04-18' LIMIT 1));
INSERT INTO ingredient (canonical_id, primary_name, ingredient_class, cas_number, category, is_natural) VALUES ('NAME_solanum_nigrum_l_and_its_galenical_preparations', 'Solanum nigrum L . and its galenical preparations', 'substance', NULL, 'cosmetic', 0) ON CONFLICT(canonical_id) DO NOTHING;
INSERT INTO ingredient_alias (canonical_id, alias, alias_normalized, alias_type, language_code, confidence, source) VALUES ('NAME_solanum_nigrum_l_and_its_galenical_preparations', 'Solanum nigrum L . and its galenical preparations', 'solanum nigrum l . and its galenical preparations', 'synonym', 'en', 1.0, 'HC-Hotlist') ON CONFLICT(alias_normalized, alias_type, COALESCE(language_code, '')) DO NOTHING;
INSERT OR IGNORE INTO regulatory_fact (canonical_id, jurisdiction, fact_type, status, regulation_ref, product_category, evidence_id) VALUES ('NAME_solanum_nigrum_l_and_its_galenical_preparations', 'CA_HC', 'prohibited', 'Prohibited in cosmetic products (Health Canada Hotlist)', 'Health Canada Cosmetic Ingredient Hotlist', 'cosmetic', (SELECT id FROM fact_evidence WHERE source_url = 'https://www.canada.ca/en/health-canada/services/consumer-product-safety/cosmetics/cosmetic-ingredient-hotlist-prohibited-restricted-ingredients.html' AND snapshot_date = '2026-04-18' LIMIT 1));
INSERT INTO ingredient (canonical_id, primary_name, ingredient_class, cas_number, category, is_natural) VALUES ('CAS_17354_14_2', 'Solvent Blue 35', 'substance', '17354-14-2', 'cosmetic', 0) ON CONFLICT(canonical_id) DO NOTHING;
INSERT INTO ingredient_alias (canonical_id, alias, alias_normalized, alias_type, language_code, confidence, source) VALUES ('CAS_17354_14_2', 'Solvent Blue 35', 'solvent blue 35', 'synonym', 'en', 1.0, 'HC-Hotlist') ON CONFLICT(alias_normalized, alias_type, COALESCE(language_code, '')) DO NOTHING;
INSERT INTO ingredient_alias (canonical_id, alias, alias_normalized, alias_type, language_code, confidence, source) VALUES ('CAS_17354_14_2', '17354-14-2', '17354-14-2', 'cas', NULL, 1.0, 'HC-Hotlist') ON CONFLICT(alias_normalized, alias_type, COALESCE(language_code, '')) DO NOTHING;
INSERT OR IGNORE INTO regulatory_fact (canonical_id, jurisdiction, fact_type, status, regulation_ref, product_category, evidence_id) VALUES ('CAS_17354_14_2', 'CA_HC', 'prohibited', 'Prohibited in cosmetic products (Health Canada Hotlist)', 'Health Canada Cosmetic Ingredient Hotlist', 'cosmetic', (SELECT id FROM fact_evidence WHERE source_url = 'https://www.canada.ca/en/health-canada/services/consumer-product-safety/cosmetics/cosmetic-ingredient-hotlist-prohibited-restricted-ingredients.html' AND snapshot_date = '2026-04-18' LIMIT 1));
INSERT INTO ingredient (canonical_id, primary_name, ingredient_class, cas_number, category, is_natural) VALUES ('CAS_85_83_6', 'Solvent Red 24', 'substance', '85-83-6', 'cosmetic', 0) ON CONFLICT(canonical_id) DO NOTHING;
INSERT INTO ingredient_alias (canonical_id, alias, alias_normalized, alias_type, language_code, confidence, source) VALUES ('CAS_85_83_6', 'Solvent Red 24', 'solvent red 24', 'synonym', 'en', 1.0, 'HC-Hotlist') ON CONFLICT(alias_normalized, alias_type, COALESCE(language_code, '')) DO NOTHING;
INSERT INTO ingredient_alias (canonical_id, alias, alias_normalized, alias_type, language_code, confidence, source) VALUES ('CAS_85_83_6', '85-83-6', '85-83-6', 'cas', NULL, 1.0, 'HC-Hotlist') ON CONFLICT(alias_normalized, alias_type, COALESCE(language_code, '')) DO NOTHING;
INSERT OR IGNORE INTO regulatory_fact (canonical_id, jurisdiction, fact_type, status, regulation_ref, product_category, evidence_id) VALUES ('CAS_85_83_6', 'CA_HC', 'prohibited', 'Prohibited in cosmetic products (Health Canada Hotlist)', 'Health Canada Cosmetic Ingredient Hotlist', 'cosmetic', (SELECT id FROM fact_evidence WHERE source_url = 'https://www.canada.ca/en/health-canada/services/consumer-product-safety/cosmetics/cosmetic-ingredient-hotlist-prohibited-restricted-ingredients.html' AND snapshot_date = '2026-04-18' LIMIT 1));
INSERT INTO ingredient (canonical_id, primary_name, ingredient_class, cas_number, category, is_natural) VALUES ('CAS_6373_07_5', 'Solvent Red 49:1', 'substance', '6373-07-5', 'cosmetic', 0) ON CONFLICT(canonical_id) DO NOTHING;
INSERT INTO ingredient_alias (canonical_id, alias, alias_normalized, alias_type, language_code, confidence, source) VALUES ('CAS_6373_07_5', 'Solvent Red 49:1', 'solvent red 49:1', 'synonym', 'en', 1.0, 'HC-Hotlist') ON CONFLICT(alias_normalized, alias_type, COALESCE(language_code, '')) DO NOTHING;
INSERT INTO ingredient_alias (canonical_id, alias, alias_normalized, alias_type, language_code, confidence, source) VALUES ('CAS_6373_07_5', '6373-07-5', '6373-07-5', 'cas', NULL, 1.0, 'HC-Hotlist') ON CONFLICT(alias_normalized, alias_type, COALESCE(language_code, '')) DO NOTHING;
INSERT OR IGNORE INTO regulatory_fact (canonical_id, jurisdiction, fact_type, status, regulation_ref, product_category, evidence_id) VALUES ('CAS_6373_07_5', 'CA_HC', 'prohibited', 'Prohibited in cosmetic products (Health Canada Hotlist)', 'Health Canada Cosmetic Ingredient Hotlist', 'cosmetic', (SELECT id FROM fact_evidence WHERE source_url = 'https://www.canada.ca/en/health-canada/services/consumer-product-safety/cosmetics/cosmetic-ingredient-hotlist-prohibited-restricted-ingredients.html' AND snapshot_date = '2026-04-18' LIMIT 1));
INSERT INTO ingredient (canonical_id, primary_name, ingredient_class, cas_number, category, is_natural) VALUES ('CAS_90_39_1', 'Sparteine and its salts', 'substance', '90-39-1', 'cosmetic', 0) ON CONFLICT(canonical_id) DO NOTHING;
INSERT INTO ingredient_alias (canonical_id, alias, alias_normalized, alias_type, language_code, confidence, source) VALUES ('CAS_90_39_1', 'Sparteine and its salts', 'sparteine and its salts', 'synonym', 'en', 1.0, 'HC-Hotlist') ON CONFLICT(alias_normalized, alias_type, COALESCE(language_code, '')) DO NOTHING;
INSERT INTO ingredient_alias (canonical_id, alias, alias_normalized, alias_type, language_code, confidence, source) VALUES ('CAS_90_39_1', '90-39-1', '90-39-1', 'cas', NULL, 1.0, 'HC-Hotlist') ON CONFLICT(alias_normalized, alias_type, COALESCE(language_code, '')) DO NOTHING;
INSERT OR IGNORE INTO regulatory_fact (canonical_id, jurisdiction, fact_type, status, regulation_ref, product_category, evidence_id) VALUES ('CAS_90_39_1', 'CA_HC', 'prohibited', 'Prohibited in cosmetic products (Health Canada Hotlist)', 'Health Canada Cosmetic Ingredient Hotlist', 'cosmetic', (SELECT id FROM fact_evidence WHERE source_url = 'https://www.canada.ca/en/health-canada/services/consumer-product-safety/cosmetics/cosmetic-ingredient-hotlist-prohibited-restricted-ingredients.html' AND snapshot_date = '2026-04-18' LIMIT 1));
INSERT INTO ingredient (canonical_id, primary_name, ingredient_class, cas_number, category, is_natural) VALUES ('CAS_52_01_7', 'Spironolactone', 'substance', '52-01-7', 'cosmetic', 0) ON CONFLICT(canonical_id) DO NOTHING;
INSERT INTO ingredient_alias (canonical_id, alias, alias_normalized, alias_type, language_code, confidence, source) VALUES ('CAS_52_01_7', 'Spironolactone', 'spironolactone', 'synonym', 'en', 1.0, 'HC-Hotlist') ON CONFLICT(alias_normalized, alias_type, COALESCE(language_code, '')) DO NOTHING;
INSERT INTO ingredient_alias (canonical_id, alias, alias_normalized, alias_type, language_code, confidence, source) VALUES ('CAS_52_01_7', '52-01-7', '52-01-7', 'cas', NULL, 1.0, 'HC-Hotlist') ON CONFLICT(alias_normalized, alias_type, COALESCE(language_code, '')) DO NOTHING;
INSERT OR IGNORE INTO regulatory_fact (canonical_id, jurisdiction, fact_type, status, regulation_ref, product_category, evidence_id) VALUES ('CAS_52_01_7', 'CA_HC', 'prohibited', 'Prohibited in cosmetic products (Health Canada Hotlist)', 'Health Canada Cosmetic Ingredient Hotlist', 'cosmetic', (SELECT id FROM fact_evidence WHERE source_url = 'https://www.canada.ca/en/health-canada/services/consumer-product-safety/cosmetics/cosmetic-ingredient-hotlist-prohibited-restricted-ingredients.html' AND snapshot_date = '2026-04-18' LIMIT 1));
INSERT INTO ingredient (canonical_id, primary_name, ingredient_class, cas_number, category, is_natural) VALUES ('NAME_steroids', 'Steroids', 'substance', NULL, 'cosmetic', 0) ON CONFLICT(canonical_id) DO NOTHING;
INSERT INTO ingredient_alias (canonical_id, alias, alias_normalized, alias_type, language_code, confidence, source) VALUES ('NAME_steroids', 'Steroids', 'steroids', 'synonym', 'en', 1.0, 'HC-Hotlist') ON CONFLICT(alias_normalized, alias_type, COALESCE(language_code, '')) DO NOTHING;
INSERT OR IGNORE INTO regulatory_fact (canonical_id, jurisdiction, fact_type, status, regulation_ref, product_category, evidence_id) VALUES ('NAME_steroids', 'CA_HC', 'prohibited', 'Prohibited in cosmetic products (Health Canada Hotlist)', 'Health Canada Cosmetic Ingredient Hotlist', 'cosmetic', (SELECT id FROM fact_evidence WHERE source_url = 'https://www.canada.ca/en/health-canada/services/consumer-product-safety/cosmetics/cosmetic-ingredient-hotlist-prohibited-restricted-ingredients.html' AND snapshot_date = '2026-04-18' LIMIT 1));
INSERT INTO ingredient (canonical_id, primary_name, ingredient_class, cas_number, category, is_natural) VALUES ('CAS_13470_06_9', 'Strontium nitrite', 'substance', '13470-06-9', 'cosmetic', 0) ON CONFLICT(canonical_id) DO NOTHING;
INSERT INTO ingredient_alias (canonical_id, alias, alias_normalized, alias_type, language_code, confidence, source) VALUES ('CAS_13470_06_9', 'Strontium nitrite', 'strontium nitrite', 'synonym', 'en', 1.0, 'HC-Hotlist') ON CONFLICT(alias_normalized, alias_type, COALESCE(language_code, '')) DO NOTHING;
INSERT INTO ingredient_alias (canonical_id, alias, alias_normalized, alias_type, language_code, confidence, source) VALUES ('CAS_13470_06_9', '13470-06-9', '13470-06-9', 'cas', NULL, 1.0, 'HC-Hotlist') ON CONFLICT(alias_normalized, alias_type, COALESCE(language_code, '')) DO NOTHING;
INSERT OR IGNORE INTO regulatory_fact (canonical_id, jurisdiction, fact_type, status, regulation_ref, product_category, evidence_id) VALUES ('CAS_13470_06_9', 'CA_HC', 'prohibited', 'Prohibited in cosmetic products (Health Canada Hotlist)', 'Health Canada Cosmetic Ingredient Hotlist', 'cosmetic', (SELECT id FROM fact_evidence WHERE source_url = 'https://www.canada.ca/en/health-canada/services/consumer-product-safety/cosmetics/cosmetic-ingredient-hotlist-prohibited-restricted-ingredients.html' AND snapshot_date = '2026-04-18' LIMIT 1));
INSERT INTO ingredient (canonical_id, primary_name, ingredient_class, cas_number, category, is_natural) VALUES ('NAME_strontium_polycarboxylate', 'Strontium polycarboxylate', 'substance', NULL, 'cosmetic', 0) ON CONFLICT(canonical_id) DO NOTHING;
INSERT INTO ingredient_alias (canonical_id, alias, alias_normalized, alias_type, language_code, confidence, source) VALUES ('NAME_strontium_polycarboxylate', 'Strontium polycarboxylate', 'strontium polycarboxylate', 'synonym', 'en', 1.0, 'HC-Hotlist') ON CONFLICT(alias_normalized, alias_type, COALESCE(language_code, '')) DO NOTHING;
INSERT OR IGNORE INTO regulatory_fact (canonical_id, jurisdiction, fact_type, status, regulation_ref, product_category, evidence_id) VALUES ('NAME_strontium_polycarboxylate', 'CA_HC', 'prohibited', 'Prohibited in cosmetic products (Health Canada Hotlist)', 'Health Canada Cosmetic Ingredient Hotlist', 'cosmetic', (SELECT id FROM fact_evidence WHERE source_url = 'https://www.canada.ca/en/health-canada/services/consumer-product-safety/cosmetics/cosmetic-ingredient-hotlist-prohibited-restricted-ingredients.html' AND snapshot_date = '2026-04-18' LIMIT 1));
INSERT INTO ingredient (canonical_id, primary_name, ingredient_class, cas_number, category, is_natural) VALUES ('CAS_11005_63_3', 'Strophantines, their aglucones and derivatives', 'substance', '11005-63-3', 'cosmetic', 0) ON CONFLICT(canonical_id) DO NOTHING;
INSERT INTO ingredient_alias (canonical_id, alias, alias_normalized, alias_type, language_code, confidence, source) VALUES ('CAS_11005_63_3', 'Strophantines, their aglucones and derivatives', 'strophantines, their aglucones and derivatives', 'synonym', 'en', 1.0, 'HC-Hotlist') ON CONFLICT(alias_normalized, alias_type, COALESCE(language_code, '')) DO NOTHING;
INSERT INTO ingredient_alias (canonical_id, alias, alias_normalized, alias_type, language_code, confidence, source) VALUES ('CAS_11005_63_3', '11005-63-3', '11005-63-3', 'cas', NULL, 1.0, 'HC-Hotlist') ON CONFLICT(alias_normalized, alias_type, COALESCE(language_code, '')) DO NOTHING;
INSERT OR IGNORE INTO regulatory_fact (canonical_id, jurisdiction, fact_type, status, regulation_ref, product_category, evidence_id) VALUES ('CAS_11005_63_3', 'CA_HC', 'prohibited', 'Prohibited in cosmetic products (Health Canada Hotlist)', 'Health Canada Cosmetic Ingredient Hotlist', 'cosmetic', (SELECT id FROM fact_evidence WHERE source_url = 'https://www.canada.ca/en/health-canada/services/consumer-product-safety/cosmetics/cosmetic-ingredient-hotlist-prohibited-restricted-ingredients.html' AND snapshot_date = '2026-04-18' LIMIT 1));
INSERT INTO ingredient (canonical_id, primary_name, ingredient_class, cas_number, category, is_natural) VALUES ('NAME_strophantus_spp_and_their_galenical_preparations', 'Strophantus spp . and their galenical preparations', 'substance', NULL, 'cosmetic', 0) ON CONFLICT(canonical_id) DO NOTHING;
INSERT INTO ingredient_alias (canonical_id, alias, alias_normalized, alias_type, language_code, confidence, source) VALUES ('NAME_strophantus_spp_and_their_galenical_preparations', 'Strophantus spp . and their galenical preparations', 'strophantus spp . and their galenical preparations', 'synonym', 'en', 1.0, 'HC-Hotlist') ON CONFLICT(alias_normalized, alias_type, COALESCE(language_code, '')) DO NOTHING;
INSERT OR IGNORE INTO regulatory_fact (canonical_id, jurisdiction, fact_type, status, regulation_ref, product_category, evidence_id) VALUES ('NAME_strophantus_spp_and_their_galenical_preparations', 'CA_HC', 'prohibited', 'Prohibited in cosmetic products (Health Canada Hotlist)', 'Health Canada Cosmetic Ingredient Hotlist', 'cosmetic', (SELECT id FROM fact_evidence WHERE source_url = 'https://www.canada.ca/en/health-canada/services/consumer-product-safety/cosmetics/cosmetic-ingredient-hotlist-prohibited-restricted-ingredients.html' AND snapshot_date = '2026-04-18' LIMIT 1));
INSERT INTO ingredient (canonical_id, primary_name, ingredient_class, cas_number, category, is_natural) VALUES ('CAS_57_24_9', 'Strychnine and its salts', 'substance', '57-24-9', 'cosmetic', 0) ON CONFLICT(canonical_id) DO NOTHING;
INSERT INTO ingredient_alias (canonical_id, alias, alias_normalized, alias_type, language_code, confidence, source) VALUES ('CAS_57_24_9', 'Strychnine and its salts', 'strychnine and its salts', 'synonym', 'en', 1.0, 'HC-Hotlist') ON CONFLICT(alias_normalized, alias_type, COALESCE(language_code, '')) DO NOTHING;
INSERT INTO ingredient_alias (canonical_id, alias, alias_normalized, alias_type, language_code, confidence, source) VALUES ('CAS_57_24_9', '57-24-9', '57-24-9', 'cas', NULL, 1.0, 'HC-Hotlist') ON CONFLICT(alias_normalized, alias_type, COALESCE(language_code, '')) DO NOTHING;
INSERT OR IGNORE INTO regulatory_fact (canonical_id, jurisdiction, fact_type, status, regulation_ref, product_category, evidence_id) VALUES ('CAS_57_24_9', 'CA_HC', 'prohibited', 'Prohibited in cosmetic products (Health Canada Hotlist)', 'Health Canada Cosmetic Ingredient Hotlist', 'cosmetic', (SELECT id FROM fact_evidence WHERE source_url = 'https://www.canada.ca/en/health-canada/services/consumer-product-safety/cosmetics/cosmetic-ingredient-hotlist-prohibited-restricted-ingredients.html' AND snapshot_date = '2026-04-18' LIMIT 1));
INSERT INTO ingredient (canonical_id, primary_name, ingredient_class, cas_number, category, is_natural) VALUES ('NAME_strychnos_spp_and_their_galenical_preparations', 'Strychnos spp . and their galenical preparations', 'substance', NULL, 'cosmetic', 0) ON CONFLICT(canonical_id) DO NOTHING;
INSERT INTO ingredient_alias (canonical_id, alias, alias_normalized, alias_type, language_code, confidence, source) VALUES ('NAME_strychnos_spp_and_their_galenical_preparations', 'Strychnos spp . and their galenical preparations', 'strychnos spp . and their galenical preparations', 'synonym', 'en', 1.0, 'HC-Hotlist') ON CONFLICT(alias_normalized, alias_type, COALESCE(language_code, '')) DO NOTHING;
INSERT OR IGNORE INTO regulatory_fact (canonical_id, jurisdiction, fact_type, status, regulation_ref, product_category, evidence_id) VALUES ('NAME_strychnos_spp_and_their_galenical_preparations', 'CA_HC', 'prohibited', 'Prohibited in cosmetic products (Health Canada Hotlist)', 'Health Canada Cosmetic Ingredient Hotlist', 'cosmetic', (SELECT id FROM fact_evidence WHERE source_url = 'https://www.canada.ca/en/health-canada/services/consumer-product-safety/cosmetics/cosmetic-ingredient-hotlist-prohibited-restricted-ingredients.html' AND snapshot_date = '2026-04-18' LIMIT 1));
INSERT INTO ingredient (canonical_id, primary_name, ingredient_class, cas_number, category, is_natural) VALUES ('CAS_110_61_2', 'Succinonitrile', 'substance', '110-61-2', 'cosmetic', 0) ON CONFLICT(canonical_id) DO NOTHING;
INSERT INTO ingredient_alias (canonical_id, alias, alias_normalized, alias_type, language_code, confidence, source) VALUES ('CAS_110_61_2', 'Succinonitrile', 'succinonitrile', 'synonym', 'en', 1.0, 'HC-Hotlist') ON CONFLICT(alias_normalized, alias_type, COALESCE(language_code, '')) DO NOTHING;
INSERT INTO ingredient_alias (canonical_id, alias, alias_normalized, alias_type, language_code, confidence, source) VALUES ('CAS_110_61_2', '110-61-2', '110-61-2', 'cas', NULL, 1.0, 'HC-Hotlist') ON CONFLICT(alias_normalized, alias_type, COALESCE(language_code, '')) DO NOTHING;
INSERT OR IGNORE INTO regulatory_fact (canonical_id, jurisdiction, fact_type, status, regulation_ref, product_category, evidence_id) VALUES ('CAS_110_61_2', 'CA_HC', 'prohibited', 'Prohibited in cosmetic products (Health Canada Hotlist)', 'Health Canada Cosmetic Ingredient Hotlist', 'cosmetic', (SELECT id FROM fact_evidence WHERE source_url = 'https://www.canada.ca/en/health-canada/services/consumer-product-safety/cosmetics/cosmetic-ingredient-hotlist-prohibited-restricted-ingredients.html' AND snapshot_date = '2026-04-18' LIMIT 1));
INSERT INTO ingredient (canonical_id, primary_name, ingredient_class, cas_number, category, is_natural) VALUES ('CAS_57_96_5', 'Sulfinpyrazone', 'substance', '57-96-5', 'cosmetic', 0) ON CONFLICT(canonical_id) DO NOTHING;
INSERT INTO ingredient_alias (canonical_id, alias, alias_normalized, alias_type, language_code, confidence, source) VALUES ('CAS_57_96_5', 'Sulfinpyrazone', 'sulfinpyrazone', 'synonym', 'en', 1.0, 'HC-Hotlist') ON CONFLICT(alias_normalized, alias_type, COALESCE(language_code, '')) DO NOTHING;
INSERT INTO ingredient_alias (canonical_id, alias, alias_normalized, alias_type, language_code, confidence, source) VALUES ('CAS_57_96_5', '57-96-5', '57-96-5', 'cas', NULL, 1.0, 'HC-Hotlist') ON CONFLICT(alias_normalized, alias_type, COALESCE(language_code, '')) DO NOTHING;
INSERT OR IGNORE INTO regulatory_fact (canonical_id, jurisdiction, fact_type, status, regulation_ref, product_category, evidence_id) VALUES ('CAS_57_96_5', 'CA_HC', 'prohibited', 'Prohibited in cosmetic products (Health Canada Hotlist)', 'Health Canada Cosmetic Ingredient Hotlist', 'cosmetic', (SELECT id FROM fact_evidence WHERE source_url = 'https://www.canada.ca/en/health-canada/services/consumer-product-safety/cosmetics/cosmetic-ingredient-hotlist-prohibited-restricted-ingredients.html' AND snapshot_date = '2026-04-18' LIMIT 1));
INSERT INTO ingredient (canonical_id, primary_name, ingredient_class, cas_number, category, is_natural) VALUES ('CAS_63_74_1', 'Sulfonamides and their salts obtained by substitution of one or more H-atoms of the -NH2 groups', 'substance', '63-74-1', 'cosmetic', 0) ON CONFLICT(canonical_id) DO NOTHING;
INSERT INTO ingredient_alias (canonical_id, alias, alias_normalized, alias_type, language_code, confidence, source) VALUES ('CAS_63_74_1', 'Sulfonamides and their salts obtained by substitution of one or more H-atoms of the -NH2 groups', 'sulfonamides and their salts obtained by substitution of one or more h-atoms of the -nh2 groups', 'synonym', 'en', 1.0, 'HC-Hotlist') ON CONFLICT(alias_normalized, alias_type, COALESCE(language_code, '')) DO NOTHING;
INSERT INTO ingredient_alias (canonical_id, alias, alias_normalized, alias_type, language_code, confidence, source) VALUES ('CAS_63_74_1', '63-74-1', '63-74-1', 'cas', NULL, 1.0, 'HC-Hotlist') ON CONFLICT(alias_normalized, alias_type, COALESCE(language_code, '')) DO NOTHING;
INSERT OR IGNORE INTO regulatory_fact (canonical_id, jurisdiction, fact_type, status, regulation_ref, product_category, evidence_id) VALUES ('CAS_63_74_1', 'CA_HC', 'prohibited', 'Prohibited in cosmetic products (Health Canada Hotlist)', 'Health Canada Cosmetic Ingredient Hotlist', 'cosmetic', (SELECT id FROM fact_evidence WHERE source_url = 'https://www.canada.ca/en/health-canada/services/consumer-product-safety/cosmetics/cosmetic-ingredient-hotlist-prohibited-restricted-ingredients.html' AND snapshot_date = '2026-04-18' LIMIT 1));
INSERT INTO ingredient (canonical_id, primary_name, ingredient_class, cas_number, category, is_natural) VALUES ('CAS_61_56_3', 'Sultiame', 'substance', '61-56-3', 'cosmetic', 0) ON CONFLICT(canonical_id) DO NOTHING;
INSERT INTO ingredient_alias (canonical_id, alias, alias_normalized, alias_type, language_code, confidence, source) VALUES ('CAS_61_56_3', 'Sultiame', 'sultiame', 'synonym', 'en', 1.0, 'HC-Hotlist') ON CONFLICT(alias_normalized, alias_type, COALESCE(language_code, '')) DO NOTHING;
INSERT INTO ingredient_alias (canonical_id, alias, alias_normalized, alias_type, language_code, confidence, source) VALUES ('CAS_61_56_3', '61-56-3', '61-56-3', 'cas', NULL, 1.0, 'HC-Hotlist') ON CONFLICT(alias_normalized, alias_type, COALESCE(language_code, '')) DO NOTHING;
INSERT OR IGNORE INTO regulatory_fact (canonical_id, jurisdiction, fact_type, status, regulation_ref, product_category, evidence_id) VALUES ('CAS_61_56_3', 'CA_HC', 'prohibited', 'Prohibited in cosmetic products (Health Canada Hotlist)', 'Health Canada Cosmetic Ingredient Hotlist', 'cosmetic', (SELECT id FROM fact_evidence WHERE source_url = 'https://www.canada.ca/en/health-canada/services/consumer-product-safety/cosmetics/cosmetic-ingredient-hotlist-prohibited-restricted-ingredients.html' AND snapshot_date = '2026-04-18' LIMIT 1));
INSERT INTO ingredient (canonical_id, primary_name, ingredient_class, cas_number, category, is_natural) VALUES ('NAME_sympathicomimetic_amines', 'Sympathicomimetic amines', 'substance', NULL, 'cosmetic', 0) ON CONFLICT(canonical_id) DO NOTHING;
INSERT INTO ingredient_alias (canonical_id, alias, alias_normalized, alias_type, language_code, confidence, source) VALUES ('NAME_sympathicomimetic_amines', 'Sympathicomimetic amines', 'sympathicomimetic amines', 'synonym', 'en', 1.0, 'HC-Hotlist') ON CONFLICT(alias_normalized, alias_type, COALESCE(language_code, '')) DO NOTHING;
INSERT OR IGNORE INTO regulatory_fact (canonical_id, jurisdiction, fact_type, status, regulation_ref, product_category, evidence_id) VALUES ('NAME_sympathicomimetic_amines', 'CA_HC', 'prohibited', 'Prohibited in cosmetic products (Health Canada Hotlist)', 'Health Canada Cosmetic Ingredient Hotlist', 'cosmetic', (SELECT id FROM fact_evidence WHERE source_url = 'https://www.canada.ca/en/health-canada/services/consumer-product-safety/cosmetics/cosmetic-ingredient-hotlist-prohibited-restricted-ingredients.html' AND snapshot_date = '2026-04-18' LIMIT 1));
INSERT INTO ingredient (canonical_id, primary_name, ingredient_class, cas_number, category, is_natural) VALUES ('NAME_symphytum_spp_with_the_exception_of_symphytum_officinale', 'Symphytum spp ., with the exception of Symphytum officinale', 'substance', NULL, 'cosmetic', 0) ON CONFLICT(canonical_id) DO NOTHING;
INSERT INTO ingredient_alias (canonical_id, alias, alias_normalized, alias_type, language_code, confidence, source) VALUES ('NAME_symphytum_spp_with_the_exception_of_symphytum_officinale', 'Symphytum spp ., with the exception of Symphytum officinale', 'symphytum spp ., with the exception of symphytum officinale', 'synonym', 'en', 1.0, 'HC-Hotlist') ON CONFLICT(alias_normalized, alias_type, COALESCE(language_code, '')) DO NOTHING;
INSERT OR IGNORE INTO regulatory_fact (canonical_id, jurisdiction, fact_type, status, regulation_ref, product_category, evidence_id) VALUES ('NAME_symphytum_spp_with_the_exception_of_symphytum_officinale', 'CA_HC', 'prohibited', 'Prohibited in cosmetic products (Health Canada Hotlist)', 'Health Canada Cosmetic Ingredient Hotlist', 'cosmetic', (SELECT id FROM fact_evidence WHERE source_url = 'https://www.canada.ca/en/health-canada/services/consumer-product-safety/cosmetics/cosmetic-ingredient-hotlist-prohibited-restricted-ingredients.html' AND snapshot_date = '2026-04-18' LIMIT 1));
INSERT INTO ingredient (canonical_id, primary_name, ingredient_class, cas_number, category, is_natural) VALUES ('CAS_1082_56_0', 'Tefazoline and its salts', 'substance', '1082-56-0', 'cosmetic', 0) ON CONFLICT(canonical_id) DO NOTHING;
INSERT INTO ingredient_alias (canonical_id, alias, alias_normalized, alias_type, language_code, confidence, source) VALUES ('CAS_1082_56_0', 'Tefazoline and its salts', 'tefazoline and its salts', 'synonym', 'en', 1.0, 'HC-Hotlist') ON CONFLICT(alias_normalized, alias_type, COALESCE(language_code, '')) DO NOTHING;
INSERT INTO ingredient_alias (canonical_id, alias, alias_normalized, alias_type, language_code, confidence, source) VALUES ('CAS_1082_56_0', '1082-56-0', '1082-56-0', 'cas', NULL, 1.0, 'HC-Hotlist') ON CONFLICT(alias_normalized, alias_type, COALESCE(language_code, '')) DO NOTHING;
INSERT OR IGNORE INTO regulatory_fact (canonical_id, jurisdiction, fact_type, status, regulation_ref, product_category, evidence_id) VALUES ('CAS_1082_56_0', 'CA_HC', 'prohibited', 'Prohibited in cosmetic products (Health Canada Hotlist)', 'Health Canada Cosmetic Ingredient Hotlist', 'cosmetic', (SELECT id FROM fact_evidence WHERE source_url = 'https://www.canada.ca/en/health-canada/services/consumer-product-safety/cosmetics/cosmetic-ingredient-hotlist-prohibited-restricted-ingredients.html' AND snapshot_date = '2026-04-18' LIMIT 1));
INSERT INTO ingredient (canonical_id, primary_name, ingredient_class, cas_number, category, is_natural) VALUES ('CAS_13494_80_9', 'Tellurium and its compounds', 'substance', '13494-80-9', 'cosmetic', 0) ON CONFLICT(canonical_id) DO NOTHING;
INSERT INTO ingredient_alias (canonical_id, alias, alias_normalized, alias_type, language_code, confidence, source) VALUES ('CAS_13494_80_9', 'Tellurium and its compounds', 'tellurium and its compounds', 'synonym', 'en', 1.0, 'HC-Hotlist') ON CONFLICT(alias_normalized, alias_type, COALESCE(language_code, '')) DO NOTHING;
INSERT INTO ingredient_alias (canonical_id, alias, alias_normalized, alias_type, language_code, confidence, source) VALUES ('CAS_13494_80_9', '13494-80-9', '13494-80-9', 'cas', NULL, 1.0, 'HC-Hotlist') ON CONFLICT(alias_normalized, alias_type, COALESCE(language_code, '')) DO NOTHING;
INSERT OR IGNORE INTO regulatory_fact (canonical_id, jurisdiction, fact_type, status, regulation_ref, product_category, evidence_id) VALUES ('CAS_13494_80_9', 'CA_HC', 'prohibited', 'Prohibited in cosmetic products (Health Canada Hotlist)', 'Health Canada Cosmetic Ingredient Hotlist', 'cosmetic', (SELECT id FROM fact_evidence WHERE source_url = 'https://www.canada.ca/en/health-canada/services/consumer-product-safety/cosmetics/cosmetic-ingredient-hotlist-prohibited-restricted-ingredients.html' AND snapshot_date = '2026-04-18' LIMIT 1));
INSERT INTO ingredient (canonical_id, primary_name, ingredient_class, cas_number, category, is_natural) VALUES ('CAS_58_46_8', 'Tetrabenazine and its salts', 'substance', '58-46-8', 'cosmetic', 0) ON CONFLICT(canonical_id) DO NOTHING;
INSERT INTO ingredient_alias (canonical_id, alias, alias_normalized, alias_type, language_code, confidence, source) VALUES ('CAS_58_46_8', 'Tetrabenazine and its salts', 'tetrabenazine and its salts', 'synonym', 'en', 1.0, 'HC-Hotlist') ON CONFLICT(alias_normalized, alias_type, COALESCE(language_code, '')) DO NOTHING;
INSERT INTO ingredient_alias (canonical_id, alias, alias_normalized, alias_type, language_code, confidence, source) VALUES ('CAS_58_46_8', '58-46-8', '58-46-8', 'cas', NULL, 1.0, 'HC-Hotlist') ON CONFLICT(alias_normalized, alias_type, COALESCE(language_code, '')) DO NOTHING;
INSERT OR IGNORE INTO regulatory_fact (canonical_id, jurisdiction, fact_type, status, regulation_ref, product_category, evidence_id) VALUES ('CAS_58_46_8', 'CA_HC', 'prohibited', 'Prohibited in cosmetic products (Health Canada Hotlist)', 'Health Canada Cosmetic Ingredient Hotlist', 'cosmetic', (SELECT id FROM fact_evidence WHERE source_url = 'https://www.canada.ca/en/health-canada/services/consumer-product-safety/cosmetics/cosmetic-ingredient-hotlist-prohibited-restricted-ingredients.html' AND snapshot_date = '2026-04-18' LIMIT 1));
INSERT INTO ingredient (canonical_id, primary_name, ingredient_class, cas_number, category, is_natural) VALUES ('NAME_tetrabromosalicylanilides', 'Tetrabromosalicylanilides', 'substance', NULL, 'cosmetic', 0) ON CONFLICT(canonical_id) DO NOTHING;
INSERT INTO ingredient_alias (canonical_id, alias, alias_normalized, alias_type, language_code, confidence, source) VALUES ('NAME_tetrabromosalicylanilides', 'Tetrabromosalicylanilides', 'tetrabromosalicylanilides', 'synonym', 'en', 1.0, 'HC-Hotlist') ON CONFLICT(alias_normalized, alias_type, COALESCE(language_code, '')) DO NOTHING;
INSERT OR IGNORE INTO regulatory_fact (canonical_id, jurisdiction, fact_type, status, regulation_ref, product_category, evidence_id) VALUES ('NAME_tetrabromosalicylanilides', 'CA_HC', 'prohibited', 'Prohibited in cosmetic products (Health Canada Hotlist)', 'Health Canada Cosmetic Ingredient Hotlist', 'cosmetic', (SELECT id FROM fact_evidence WHERE source_url = 'https://www.canada.ca/en/health-canada/services/consumer-product-safety/cosmetics/cosmetic-ingredient-hotlist-prohibited-restricted-ingredients.html' AND snapshot_date = '2026-04-18' LIMIT 1));
INSERT INTO ingredient (canonical_id, primary_name, ingredient_class, cas_number, category, is_natural) VALUES ('CAS_94_24_6', 'Tetracain and its salts', 'substance', '94-24-6', 'cosmetic', 0) ON CONFLICT(canonical_id) DO NOTHING;
INSERT INTO ingredient_alias (canonical_id, alias, alias_normalized, alias_type, language_code, confidence, source) VALUES ('CAS_94_24_6', 'Tetracain and its salts', 'tetracain and its salts', 'synonym', 'en', 1.0, 'HC-Hotlist') ON CONFLICT(alias_normalized, alias_type, COALESCE(language_code, '')) DO NOTHING;
INSERT INTO ingredient_alias (canonical_id, alias, alias_normalized, alias_type, language_code, confidence, source) VALUES ('CAS_94_24_6', '94-24-6', '94-24-6', 'cas', NULL, 1.0, 'HC-Hotlist') ON CONFLICT(alias_normalized, alias_type, COALESCE(language_code, '')) DO NOTHING;
INSERT OR IGNORE INTO regulatory_fact (canonical_id, jurisdiction, fact_type, status, regulation_ref, product_category, evidence_id) VALUES ('CAS_94_24_6', 'CA_HC', 'prohibited', 'Prohibited in cosmetic products (Health Canada Hotlist)', 'Health Canada Cosmetic Ingredient Hotlist', 'cosmetic', (SELECT id FROM fact_evidence WHERE source_url = 'https://www.canada.ca/en/health-canada/services/consumer-product-safety/cosmetics/cosmetic-ingredient-hotlist-prohibited-restricted-ingredients.html' AND snapshot_date = '2026-04-18' LIMIT 1));
INSERT INTO ingredient (canonical_id, primary_name, ingredient_class, cas_number, category, is_natural) VALUES ('CAS_127_18_4', 'Tetrachloroethylene', 'substance', '127-18-4', 'cosmetic', 0) ON CONFLICT(canonical_id) DO NOTHING;
INSERT INTO ingredient_alias (canonical_id, alias, alias_normalized, alias_type, language_code, confidence, source) VALUES ('CAS_127_18_4', 'Tetrachloroethylene', 'tetrachloroethylene', 'synonym', 'en', 1.0, 'HC-Hotlist') ON CONFLICT(alias_normalized, alias_type, COALESCE(language_code, '')) DO NOTHING;
INSERT INTO ingredient_alias (canonical_id, alias, alias_normalized, alias_type, language_code, confidence, source) VALUES ('CAS_127_18_4', '127-18-4', '127-18-4', 'cas', NULL, 1.0, 'HC-Hotlist') ON CONFLICT(alias_normalized, alias_type, COALESCE(language_code, '')) DO NOTHING;
INSERT OR IGNORE INTO regulatory_fact (canonical_id, jurisdiction, fact_type, status, regulation_ref, product_category, evidence_id) VALUES ('CAS_127_18_4', 'CA_HC', 'prohibited', 'Prohibited in cosmetic products (Health Canada Hotlist)', 'Health Canada Cosmetic Ingredient Hotlist', 'cosmetic', (SELECT id FROM fact_evidence WHERE source_url = 'https://www.canada.ca/en/health-canada/services/consumer-product-safety/cosmetics/cosmetic-ingredient-hotlist-prohibited-restricted-ingredients.html' AND snapshot_date = '2026-04-18' LIMIT 1));
INSERT INTO ingredient (canonical_id, primary_name, ingredient_class, cas_number, category, is_natural) VALUES ('NAME_tetrachlorosalicylanilides', 'Tetrachlorosalicylanilides', 'substance', NULL, 'cosmetic', 0) ON CONFLICT(canonical_id) DO NOTHING;
INSERT INTO ingredient_alias (canonical_id, alias, alias_normalized, alias_type, language_code, confidence, source) VALUES ('NAME_tetrachlorosalicylanilides', 'Tetrachlorosalicylanilides', 'tetrachlorosalicylanilides', 'synonym', 'en', 1.0, 'HC-Hotlist') ON CONFLICT(alias_normalized, alias_type, COALESCE(language_code, '')) DO NOTHING;
INSERT OR IGNORE INTO regulatory_fact (canonical_id, jurisdiction, fact_type, status, regulation_ref, product_category, evidence_id) VALUES ('NAME_tetrachlorosalicylanilides', 'CA_HC', 'prohibited', 'Prohibited in cosmetic products (Health Canada Hotlist)', 'Health Canada Cosmetic Ingredient Hotlist', 'cosmetic', (SELECT id FROM fact_evidence WHERE source_url = 'https://www.canada.ca/en/health-canada/services/consumer-product-safety/cosmetics/cosmetic-ingredient-hotlist-prohibited-restricted-ingredients.html' AND snapshot_date = '2026-04-18' LIMIT 1));
INSERT INTO ingredient (canonical_id, primary_name, ingredient_class, cas_number, category, is_natural) VALUES ('CAS_107_49_3', 'Tetraethyl pyrophosphate', 'substance', '107-49-3', 'cosmetic', 0) ON CONFLICT(canonical_id) DO NOTHING;
INSERT INTO ingredient_alias (canonical_id, alias, alias_normalized, alias_type, language_code, confidence, source) VALUES ('CAS_107_49_3', 'Tetraethyl pyrophosphate', 'tetraethyl pyrophosphate', 'synonym', 'en', 1.0, 'HC-Hotlist') ON CONFLICT(alias_normalized, alias_type, COALESCE(language_code, '')) DO NOTHING;
INSERT INTO ingredient_alias (canonical_id, alias, alias_normalized, alias_type, language_code, confidence, source) VALUES ('CAS_107_49_3', '107-49-3', '107-49-3', 'cas', NULL, 1.0, 'HC-Hotlist') ON CONFLICT(alias_normalized, alias_type, COALESCE(language_code, '')) DO NOTHING;
INSERT OR IGNORE INTO regulatory_fact (canonical_id, jurisdiction, fact_type, status, regulation_ref, product_category, evidence_id) VALUES ('CAS_107_49_3', 'CA_HC', 'prohibited', 'Prohibited in cosmetic products (Health Canada Hotlist)', 'Health Canada Cosmetic Ingredient Hotlist', 'cosmetic', (SELECT id FROM fact_evidence WHERE source_url = 'https://www.canada.ca/en/health-canada/services/consumer-product-safety/cosmetics/cosmetic-ingredient-hotlist-prohibited-restricted-ingredients.html' AND snapshot_date = '2026-04-18' LIMIT 1));
INSERT INTO ingredient (canonical_id, primary_name, ingredient_class, cas_number, category, is_natural) VALUES ('CAS_84_22_0', 'Tetrahydrozoline and its salts', 'substance', '84-22-0', 'cosmetic', 0) ON CONFLICT(canonical_id) DO NOTHING;
INSERT INTO ingredient_alias (canonical_id, alias, alias_normalized, alias_type, language_code, confidence, source) VALUES ('CAS_84_22_0', 'Tetrahydrozoline and its salts', 'tetrahydrozoline and its salts', 'synonym', 'en', 1.0, 'HC-Hotlist') ON CONFLICT(alias_normalized, alias_type, COALESCE(language_code, '')) DO NOTHING;
INSERT INTO ingredient_alias (canonical_id, alias, alias_normalized, alias_type, language_code, confidence, source) VALUES ('CAS_84_22_0', '84-22-0', '84-22-0', 'cas', NULL, 1.0, 'HC-Hotlist') ON CONFLICT(alias_normalized, alias_type, COALESCE(language_code, '')) DO NOTHING;
INSERT OR IGNORE INTO regulatory_fact (canonical_id, jurisdiction, fact_type, status, regulation_ref, product_category, evidence_id) VALUES ('CAS_84_22_0', 'CA_HC', 'prohibited', 'Prohibited in cosmetic products (Health Canada Hotlist)', 'Health Canada Cosmetic Ingredient Hotlist', 'cosmetic', (SELECT id FROM fact_evidence WHERE source_url = 'https://www.canada.ca/en/health-canada/services/consumer-product-safety/cosmetics/cosmetic-ingredient-hotlist-prohibited-restricted-ingredients.html' AND snapshot_date = '2026-04-18' LIMIT 1));
INSERT INTO ingredient (canonical_id, primary_name, ingredient_class, cas_number, category, is_natural) VALUES ('CAS_71_91_0', 'Tetrylammonium bromide', 'substance', '71-91-0', 'cosmetic', 0) ON CONFLICT(canonical_id) DO NOTHING;
INSERT INTO ingredient_alias (canonical_id, alias, alias_normalized, alias_type, language_code, confidence, source) VALUES ('CAS_71_91_0', 'Tetrylammonium bromide', 'tetrylammonium bromide', 'synonym', 'en', 1.0, 'HC-Hotlist') ON CONFLICT(alias_normalized, alias_type, COALESCE(language_code, '')) DO NOTHING;
INSERT INTO ingredient_alias (canonical_id, alias, alias_normalized, alias_type, language_code, confidence, source) VALUES ('CAS_71_91_0', '71-91-0', '71-91-0', 'cas', NULL, 1.0, 'HC-Hotlist') ON CONFLICT(alias_normalized, alias_type, COALESCE(language_code, '')) DO NOTHING;
INSERT OR IGNORE INTO regulatory_fact (canonical_id, jurisdiction, fact_type, status, regulation_ref, product_category, evidence_id) VALUES ('CAS_71_91_0', 'CA_HC', 'prohibited', 'Prohibited in cosmetic products (Health Canada Hotlist)', 'Health Canada Cosmetic Ingredient Hotlist', 'cosmetic', (SELECT id FROM fact_evidence WHERE source_url = 'https://www.canada.ca/en/health-canada/services/consumer-product-safety/cosmetics/cosmetic-ingredient-hotlist-prohibited-restricted-ingredients.html' AND snapshot_date = '2026-04-18' LIMIT 1));
INSERT INTO ingredient (canonical_id, primary_name, ingredient_class, cas_number, category, is_natural) VALUES ('CAS_50_35_1', 'Thalidomide and its salts', 'substance', '50-35-1', 'cosmetic', 0) ON CONFLICT(canonical_id) DO NOTHING;
INSERT INTO ingredient_alias (canonical_id, alias, alias_normalized, alias_type, language_code, confidence, source) VALUES ('CAS_50_35_1', 'Thalidomide and its salts', 'thalidomide and its salts', 'synonym', 'en', 1.0, 'HC-Hotlist') ON CONFLICT(alias_normalized, alias_type, COALESCE(language_code, '')) DO NOTHING;
INSERT INTO ingredient_alias (canonical_id, alias, alias_normalized, alias_type, language_code, confidence, source) VALUES ('CAS_50_35_1', '50-35-1', '50-35-1', 'cas', NULL, 1.0, 'HC-Hotlist') ON CONFLICT(alias_normalized, alias_type, COALESCE(language_code, '')) DO NOTHING;
INSERT OR IGNORE INTO regulatory_fact (canonical_id, jurisdiction, fact_type, status, regulation_ref, product_category, evidence_id) VALUES ('CAS_50_35_1', 'CA_HC', 'prohibited', 'Prohibited in cosmetic products (Health Canada Hotlist)', 'Health Canada Cosmetic Ingredient Hotlist', 'cosmetic', (SELECT id FROM fact_evidence WHERE source_url = 'https://www.canada.ca/en/health-canada/services/consumer-product-safety/cosmetics/cosmetic-ingredient-hotlist-prohibited-restricted-ingredients.html' AND snapshot_date = '2026-04-18' LIMIT 1));
INSERT INTO ingredient (canonical_id, primary_name, ingredient_class, cas_number, category, is_natural) VALUES ('CAS_7440_28_0', 'Thallium and its compounds', 'substance', '7440-28-0', 'cosmetic', 0) ON CONFLICT(canonical_id) DO NOTHING;
INSERT INTO ingredient_alias (canonical_id, alias, alias_normalized, alias_type, language_code, confidence, source) VALUES ('CAS_7440_28_0', 'Thallium and its compounds', 'thallium and its compounds', 'synonym', 'en', 1.0, 'HC-Hotlist') ON CONFLICT(alias_normalized, alias_type, COALESCE(language_code, '')) DO NOTHING;
INSERT INTO ingredient_alias (canonical_id, alias, alias_normalized, alias_type, language_code, confidence, source) VALUES ('CAS_7440_28_0', '7440-28-0', '7440-28-0', 'cas', NULL, 1.0, 'HC-Hotlist') ON CONFLICT(alias_normalized, alias_type, COALESCE(language_code, '')) DO NOTHING;
INSERT OR IGNORE INTO regulatory_fact (canonical_id, jurisdiction, fact_type, status, regulation_ref, product_category, evidence_id) VALUES ('CAS_7440_28_0', 'CA_HC', 'prohibited', 'Prohibited in cosmetic products (Health Canada Hotlist)', 'Health Canada Cosmetic Ingredient Hotlist', 'cosmetic', (SELECT id FROM fact_evidence WHERE source_url = 'https://www.canada.ca/en/health-canada/services/consumer-product-safety/cosmetics/cosmetic-ingredient-hotlist-prohibited-restricted-ingredients.html' AND snapshot_date = '2026-04-18' LIMIT 1));
INSERT INTO ingredient (canonical_id, primary_name, ingredient_class, cas_number, category, is_natural) VALUES ('CAS_58_55_9', 'Theophylline', 'substance', '58-55-9', 'cosmetic', 0) ON CONFLICT(canonical_id) DO NOTHING;
INSERT INTO ingredient_alias (canonical_id, alias, alias_normalized, alias_type, language_code, confidence, source) VALUES ('CAS_58_55_9', 'Theophylline', 'theophylline', 'synonym', 'en', 1.0, 'HC-Hotlist') ON CONFLICT(alias_normalized, alias_type, COALESCE(language_code, '')) DO NOTHING;
INSERT INTO ingredient_alias (canonical_id, alias, alias_normalized, alias_type, language_code, confidence, source) VALUES ('CAS_58_55_9', '58-55-9', '58-55-9', 'cas', NULL, 1.0, 'HC-Hotlist') ON CONFLICT(alias_normalized, alias_type, COALESCE(language_code, '')) DO NOTHING;
INSERT OR IGNORE INTO regulatory_fact (canonical_id, jurisdiction, fact_type, status, regulation_ref, product_category, evidence_id) VALUES ('CAS_58_55_9', 'CA_HC', 'prohibited', 'Prohibited in cosmetic products (Health Canada Hotlist)', 'Health Canada Cosmetic Ingredient Hotlist', 'cosmetic', (SELECT id FROM fact_evidence WHERE source_url = 'https://www.canada.ca/en/health-canada/services/consumer-product-safety/cosmetics/cosmetic-ingredient-hotlist-prohibited-restricted-ingredients.html' AND snapshot_date = '2026-04-18' LIMIT 1));
INSERT INTO ingredient (canonical_id, primary_name, ingredient_class, cas_number, category, is_natural) VALUES ('CAS_90147_54_9', 'Thevetia neriifolia', 'substance', '90147-54-9', 'cosmetic', 0) ON CONFLICT(canonical_id) DO NOTHING;
INSERT INTO ingredient_alias (canonical_id, alias, alias_normalized, alias_type, language_code, confidence, source) VALUES ('CAS_90147_54_9', 'Thevetia neriifolia', 'thevetia neriifolia', 'synonym', 'en', 1.0, 'HC-Hotlist') ON CONFLICT(alias_normalized, alias_type, COALESCE(language_code, '')) DO NOTHING;
INSERT INTO ingredient_alias (canonical_id, alias, alias_normalized, alias_type, language_code, confidence, source) VALUES ('CAS_90147_54_9', '90147-54-9', '90147-54-9', 'cas', NULL, 1.0, 'HC-Hotlist') ON CONFLICT(alias_normalized, alias_type, COALESCE(language_code, '')) DO NOTHING;
INSERT OR IGNORE INTO regulatory_fact (canonical_id, jurisdiction, fact_type, status, regulation_ref, product_category, evidence_id) VALUES ('CAS_90147_54_9', 'CA_HC', 'prohibited', 'Prohibited in cosmetic products (Health Canada Hotlist)', 'Health Canada Cosmetic Ingredient Hotlist', 'cosmetic', (SELECT id FROM fact_evidence WHERE source_url = 'https://www.canada.ca/en/health-canada/services/consumer-product-safety/cosmetics/cosmetic-ingredient-hotlist-prohibited-restricted-ingredients.html' AND snapshot_date = '2026-04-18' LIMIT 1));
INSERT INTO ingredient (canonical_id, primary_name, ingredient_class, cas_number, category, is_natural) VALUES ('CAS_60_56_0', 'Thiamazole', 'substance', '60-56-0', 'cosmetic', 0) ON CONFLICT(canonical_id) DO NOTHING;
INSERT INTO ingredient_alias (canonical_id, alias, alias_normalized, alias_type, language_code, confidence, source) VALUES ('CAS_60_56_0', 'Thiamazole', 'thiamazole', 'synonym', 'en', 1.0, 'HC-Hotlist') ON CONFLICT(alias_normalized, alias_type, COALESCE(language_code, '')) DO NOTHING;
INSERT INTO ingredient_alias (canonical_id, alias, alias_normalized, alias_type, language_code, confidence, source) VALUES ('CAS_60_56_0', '60-56-0', '60-56-0', 'cas', NULL, 1.0, 'HC-Hotlist') ON CONFLICT(alias_normalized, alias_type, COALESCE(language_code, '')) DO NOTHING;
INSERT OR IGNORE INTO regulatory_fact (canonical_id, jurisdiction, fact_type, status, regulation_ref, product_category, evidence_id) VALUES ('CAS_60_56_0', 'CA_HC', 'prohibited', 'Prohibited in cosmetic products (Health Canada Hotlist)', 'Health Canada Cosmetic Ingredient Hotlist', 'cosmetic', (SELECT id FROM fact_evidence WHERE source_url = 'https://www.canada.ca/en/health-canada/services/consumer-product-safety/cosmetics/cosmetic-ingredient-hotlist-prohibited-restricted-ingredients.html' AND snapshot_date = '2026-04-18' LIMIT 1));
INSERT INTO ingredient (canonical_id, primary_name, ingredient_class, cas_number, category, is_natural) VALUES ('CAS_54_64_8', 'Thimerosal', 'substance', '54-64-8', 'cosmetic', 0) ON CONFLICT(canonical_id) DO NOTHING;
INSERT INTO ingredient_alias (canonical_id, alias, alias_normalized, alias_type, language_code, confidence, source) VALUES ('CAS_54_64_8', 'Thimerosal', 'thimerosal', 'synonym', 'en', 1.0, 'HC-Hotlist') ON CONFLICT(alias_normalized, alias_type, COALESCE(language_code, '')) DO NOTHING;
INSERT INTO ingredient_alias (canonical_id, alias, alias_normalized, alias_type, language_code, confidence, source) VALUES ('CAS_54_64_8', '54-64-8', '54-64-8', 'cas', NULL, 1.0, 'HC-Hotlist') ON CONFLICT(alias_normalized, alias_type, COALESCE(language_code, '')) DO NOTHING;
INSERT OR IGNORE INTO regulatory_fact (canonical_id, jurisdiction, fact_type, status, regulation_ref, product_category, evidence_id) VALUES ('CAS_54_64_8', 'CA_HC', 'prohibited', 'Prohibited in cosmetic products (Health Canada Hotlist)', 'Health Canada Cosmetic Ingredient Hotlist', 'cosmetic', (SELECT id FROM fact_evidence WHERE source_url = 'https://www.canada.ca/en/health-canada/services/consumer-product-safety/cosmetics/cosmetic-ingredient-hotlist-prohibited-restricted-ingredients.html' AND snapshot_date = '2026-04-18' LIMIT 1));
INSERT INTO ingredient (canonical_id, primary_name, ingredient_class, cas_number, category, is_natural) VALUES ('CAS_30618_84_9', 'Thioglycolic acid esters', 'substance', '30618-84-9', 'cosmetic', 0) ON CONFLICT(canonical_id) DO NOTHING;
INSERT INTO ingredient_alias (canonical_id, alias, alias_normalized, alias_type, language_code, confidence, source) VALUES ('CAS_30618_84_9', 'Thioglycolic acid esters', 'thioglycolic acid esters', 'synonym', 'en', 1.0, 'HC-Hotlist') ON CONFLICT(alias_normalized, alias_type, COALESCE(language_code, '')) DO NOTHING;
INSERT INTO ingredient_alias (canonical_id, alias, alias_normalized, alias_type, language_code, confidence, source) VALUES ('CAS_30618_84_9', '30618-84-9', '30618-84-9', 'cas', NULL, 1.0, 'HC-Hotlist') ON CONFLICT(alias_normalized, alias_type, COALESCE(language_code, '')) DO NOTHING;
INSERT OR IGNORE INTO regulatory_fact (canonical_id, jurisdiction, fact_type, status, regulation_ref, product_category, evidence_id) VALUES ('CAS_30618_84_9', 'CA_HC', 'prohibited', 'Prohibited in cosmetic products (Health Canada Hotlist)', 'Health Canada Cosmetic Ingredient Hotlist', 'cosmetic', (SELECT id FROM fact_evidence WHERE source_url = 'https://www.canada.ca/en/health-canada/services/consumer-product-safety/cosmetics/cosmetic-ingredient-hotlist-prohibited-restricted-ingredients.html' AND snapshot_date = '2026-04-18' LIMIT 1));
INSERT INTO ingredient (canonical_id, primary_name, ingredient_class, cas_number, category, is_natural) VALUES ('CAS_52_24_4', 'Thiotepa', 'substance', '52-24-4', 'cosmetic', 0) ON CONFLICT(canonical_id) DO NOTHING;
INSERT INTO ingredient_alias (canonical_id, alias, alias_normalized, alias_type, language_code, confidence, source) VALUES ('CAS_52_24_4', 'Thiotepa', 'thiotepa', 'synonym', 'en', 1.0, 'HC-Hotlist') ON CONFLICT(alias_normalized, alias_type, COALESCE(language_code, '')) DO NOTHING;
INSERT INTO ingredient_alias (canonical_id, alias, alias_normalized, alias_type, language_code, confidence, source) VALUES ('CAS_52_24_4', '52-24-4', '52-24-4', 'cas', NULL, 1.0, 'HC-Hotlist') ON CONFLICT(alias_normalized, alias_type, COALESCE(language_code, '')) DO NOTHING;
INSERT OR IGNORE INTO regulatory_fact (canonical_id, jurisdiction, fact_type, status, regulation_ref, product_category, evidence_id) VALUES ('CAS_52_24_4', 'CA_HC', 'prohibited', 'Prohibited in cosmetic products (Health Canada Hotlist)', 'Health Canada Cosmetic Ingredient Hotlist', 'cosmetic', (SELECT id FROM fact_evidence WHERE source_url = 'https://www.canada.ca/en/health-canada/services/consumer-product-safety/cosmetics/cosmetic-ingredient-hotlist-prohibited-restricted-ingredients.html' AND snapshot_date = '2026-04-18' LIMIT 1));
INSERT INTO ingredient (canonical_id, primary_name, ingredient_class, cas_number, category, is_natural) VALUES ('CAS_62_56_6', 'Thiourea and its derivatives', 'substance', '62-56-6', 'cosmetic', 0) ON CONFLICT(canonical_id) DO NOTHING;
INSERT INTO ingredient_alias (canonical_id, alias, alias_normalized, alias_type, language_code, confidence, source) VALUES ('CAS_62_56_6', 'Thiourea and its derivatives', 'thiourea and its derivatives', 'synonym', 'en', 1.0, 'HC-Hotlist') ON CONFLICT(alias_normalized, alias_type, COALESCE(language_code, '')) DO NOTHING;
INSERT INTO ingredient_alias (canonical_id, alias, alias_normalized, alias_type, language_code, confidence, source) VALUES ('CAS_62_56_6', '62-56-6', '62-56-6', 'cas', NULL, 1.0, 'HC-Hotlist') ON CONFLICT(alias_normalized, alias_type, COALESCE(language_code, '')) DO NOTHING;
INSERT OR IGNORE INTO regulatory_fact (canonical_id, jurisdiction, fact_type, status, regulation_ref, product_category, evidence_id) VALUES ('CAS_62_56_6', 'CA_HC', 'prohibited', 'Prohibited in cosmetic products (Health Canada Hotlist)', 'Health Canada Cosmetic Ingredient Hotlist', 'cosmetic', (SELECT id FROM fact_evidence WHERE source_url = 'https://www.canada.ca/en/health-canada/services/consumer-product-safety/cosmetics/cosmetic-ingredient-hotlist-prohibited-restricted-ingredients.html' AND snapshot_date = '2026-04-18' LIMIT 1));
INSERT INTO ingredient (canonical_id, primary_name, ingredient_class, cas_number, category, is_natural) VALUES ('CAS_51_26_3', 'Thyropropic acid and its salts', 'substance', '51-26-3', 'cosmetic', 0) ON CONFLICT(canonical_id) DO NOTHING;
INSERT INTO ingredient_alias (canonical_id, alias, alias_normalized, alias_type, language_code, confidence, source) VALUES ('CAS_51_26_3', 'Thyropropic acid and its salts', 'thyropropic acid and its salts', 'synonym', 'en', 1.0, 'HC-Hotlist') ON CONFLICT(alias_normalized, alias_type, COALESCE(language_code, '')) DO NOTHING;
INSERT INTO ingredient_alias (canonical_id, alias, alias_normalized, alias_type, language_code, confidence, source) VALUES ('CAS_51_26_3', '51-26-3', '51-26-3', 'cas', NULL, 1.0, 'HC-Hotlist') ON CONFLICT(alias_normalized, alias_type, COALESCE(language_code, '')) DO NOTHING;
INSERT OR IGNORE INTO regulatory_fact (canonical_id, jurisdiction, fact_type, status, regulation_ref, product_category, evidence_id) VALUES ('CAS_51_26_3', 'CA_HC', 'prohibited', 'Prohibited in cosmetic products (Health Canada Hotlist)', 'Health Canada Cosmetic Ingredient Hotlist', 'cosmetic', (SELECT id FROM fact_evidence WHERE source_url = 'https://www.canada.ca/en/health-canada/services/consumer-product-safety/cosmetics/cosmetic-ingredient-hotlist-prohibited-restricted-ingredients.html' AND snapshot_date = '2026-04-18' LIMIT 1));
INSERT INTO ingredient (canonical_id, primary_name, ingredient_class, cas_number, category, is_natural) VALUES ('CAS_1404_88_2', 'Thyrothricine', 'substance', '1404-88-2', 'cosmetic', 0) ON CONFLICT(canonical_id) DO NOTHING;
INSERT INTO ingredient_alias (canonical_id, alias, alias_normalized, alias_type, language_code, confidence, source) VALUES ('CAS_1404_88_2', 'Thyrothricine', 'thyrothricine', 'synonym', 'en', 1.0, 'HC-Hotlist') ON CONFLICT(alias_normalized, alias_type, COALESCE(language_code, '')) DO NOTHING;
INSERT INTO ingredient_alias (canonical_id, alias, alias_normalized, alias_type, language_code, confidence, source) VALUES ('CAS_1404_88_2', '1404-88-2', '1404-88-2', 'cas', NULL, 1.0, 'HC-Hotlist') ON CONFLICT(alias_normalized, alias_type, COALESCE(language_code, '')) DO NOTHING;
INSERT OR IGNORE INTO regulatory_fact (canonical_id, jurisdiction, fact_type, status, regulation_ref, product_category, evidence_id) VALUES ('CAS_1404_88_2', 'CA_HC', 'prohibited', 'Prohibited in cosmetic products (Health Canada Hotlist)', 'Health Canada Cosmetic Ingredient Hotlist', 'cosmetic', (SELECT id FROM fact_evidence WHERE source_url = 'https://www.canada.ca/en/health-canada/services/consumer-product-safety/cosmetics/cosmetic-ingredient-hotlist-prohibited-restricted-ingredients.html' AND snapshot_date = '2026-04-18' LIMIT 1));
INSERT INTO ingredient (canonical_id, primary_name, ingredient_class, cas_number, category, is_natural) VALUES ('CAS_51_24_1', 'Tiratricol', 'substance', '51-24-1', 'cosmetic', 0) ON CONFLICT(canonical_id) DO NOTHING;
INSERT INTO ingredient_alias (canonical_id, alias, alias_normalized, alias_type, language_code, confidence, source) VALUES ('CAS_51_24_1', 'Tiratricol', 'tiratricol', 'synonym', 'en', 1.0, 'HC-Hotlist') ON CONFLICT(alias_normalized, alias_type, COALESCE(language_code, '')) DO NOTHING;
INSERT INTO ingredient_alias (canonical_id, alias, alias_normalized, alias_type, language_code, confidence, source) VALUES ('CAS_51_24_1', '51-24-1', '51-24-1', 'cas', NULL, 1.0, 'HC-Hotlist') ON CONFLICT(alias_normalized, alias_type, COALESCE(language_code, '')) DO NOTHING;
INSERT OR IGNORE INTO regulatory_fact (canonical_id, jurisdiction, fact_type, status, regulation_ref, product_category, evidence_id) VALUES ('CAS_51_24_1', 'CA_HC', 'prohibited', 'Prohibited in cosmetic products (Health Canada Hotlist)', 'Health Canada Cosmetic Ingredient Hotlist', 'cosmetic', (SELECT id FROM fact_evidence WHERE source_url = 'https://www.canada.ca/en/health-canada/services/consumer-product-safety/cosmetics/cosmetic-ingredient-hotlist-prohibited-restricted-ingredients.html' AND snapshot_date = '2026-04-18' LIMIT 1));
INSERT INTO ingredient (canonical_id, primary_name, ingredient_class, cas_number, category, is_natural) VALUES ('CAS_2430_48_8', 'Tolboxane', 'substance', '2430-48-8', 'cosmetic', 0) ON CONFLICT(canonical_id) DO NOTHING;
INSERT INTO ingredient_alias (canonical_id, alias, alias_normalized, alias_type, language_code, confidence, source) VALUES ('CAS_2430_48_8', 'Tolboxane', 'tolboxane', 'synonym', 'en', 1.0, 'HC-Hotlist') ON CONFLICT(alias_normalized, alias_type, COALESCE(language_code, '')) DO NOTHING;
INSERT INTO ingredient_alias (canonical_id, alias, alias_normalized, alias_type, language_code, confidence, source) VALUES ('CAS_2430_48_8', '2430-48-8', '2430-48-8', 'cas', NULL, 1.0, 'HC-Hotlist') ON CONFLICT(alias_normalized, alias_type, COALESCE(language_code, '')) DO NOTHING;
INSERT OR IGNORE INTO regulatory_fact (canonical_id, jurisdiction, fact_type, status, regulation_ref, product_category, evidence_id) VALUES ('CAS_2430_48_8', 'CA_HC', 'prohibited', 'Prohibited in cosmetic products (Health Canada Hotlist)', 'Health Canada Cosmetic Ingredient Hotlist', 'cosmetic', (SELECT id FROM fact_evidence WHERE source_url = 'https://www.canada.ca/en/health-canada/services/consumer-product-safety/cosmetics/cosmetic-ingredient-hotlist-prohibited-restricted-ingredients.html' AND snapshot_date = '2026-04-18' LIMIT 1));
INSERT INTO ingredient (canonical_id, primary_name, ingredient_class, cas_number, category, is_natural) VALUES ('CAS_64_77_7', 'Tolbutamide', 'substance', '64-77-7', 'cosmetic', 0) ON CONFLICT(canonical_id) DO NOTHING;
INSERT INTO ingredient_alias (canonical_id, alias, alias_normalized, alias_type, language_code, confidence, source) VALUES ('CAS_64_77_7', 'Tolbutamide', 'tolbutamide', 'synonym', 'en', 1.0, 'HC-Hotlist') ON CONFLICT(alias_normalized, alias_type, COALESCE(language_code, '')) DO NOTHING;
INSERT INTO ingredient_alias (canonical_id, alias, alias_normalized, alias_type, language_code, confidence, source) VALUES ('CAS_64_77_7', '64-77-7', '64-77-7', 'cas', NULL, 1.0, 'HC-Hotlist') ON CONFLICT(alias_normalized, alias_type, COALESCE(language_code, '')) DO NOTHING;
INSERT OR IGNORE INTO regulatory_fact (canonical_id, jurisdiction, fact_type, status, regulation_ref, product_category, evidence_id) VALUES ('CAS_64_77_7', 'CA_HC', 'prohibited', 'Prohibited in cosmetic products (Health Canada Hotlist)', 'Health Canada Cosmetic Ingredient Hotlist', 'cosmetic', (SELECT id FROM fact_evidence WHERE source_url = 'https://www.canada.ca/en/health-canada/services/consumer-product-safety/cosmetics/cosmetic-ingredient-hotlist-prohibited-restricted-ingredients.html' AND snapshot_date = '2026-04-18' LIMIT 1));
INSERT INTO ingredient (canonical_id, primary_name, ingredient_class, cas_number, category, is_natural) VALUES ('CAS_2398_96_1', 'Tolnaftate', 'substance', '2398-96-1', 'cosmetic', 0) ON CONFLICT(canonical_id) DO NOTHING;
INSERT INTO ingredient_alias (canonical_id, alias, alias_normalized, alias_type, language_code, confidence, source) VALUES ('CAS_2398_96_1', 'Tolnaftate', 'tolnaftate', 'synonym', 'en', 1.0, 'HC-Hotlist') ON CONFLICT(alias_normalized, alias_type, COALESCE(language_code, '')) DO NOTHING;
INSERT INTO ingredient_alias (canonical_id, alias, alias_normalized, alias_type, language_code, confidence, source) VALUES ('CAS_2398_96_1', '2398-96-1', '2398-96-1', 'cas', NULL, 1.0, 'HC-Hotlist') ON CONFLICT(alias_normalized, alias_type, COALESCE(language_code, '')) DO NOTHING;
INSERT OR IGNORE INTO regulatory_fact (canonical_id, jurisdiction, fact_type, status, regulation_ref, product_category, evidence_id) VALUES ('CAS_2398_96_1', 'CA_HC', 'prohibited', 'Prohibited in cosmetic products (Health Canada Hotlist)', 'Health Canada Cosmetic Ingredient Hotlist', 'cosmetic', (SELECT id FROM fact_evidence WHERE source_url = 'https://www.canada.ca/en/health-canada/services/consumer-product-safety/cosmetics/cosmetic-ingredient-hotlist-prohibited-restricted-ingredients.html' AND snapshot_date = '2026-04-18' LIMIT 1));
INSERT INTO ingredient (canonical_id, primary_name, ingredient_class, cas_number, category, is_natural) VALUES ('CAS_584_84_9', 'Toluene Diisocyanates', 'substance', '584-84-9', 'cosmetic', 0) ON CONFLICT(canonical_id) DO NOTHING;
INSERT INTO ingredient_alias (canonical_id, alias, alias_normalized, alias_type, language_code, confidence, source) VALUES ('CAS_584_84_9', 'Toluene Diisocyanates', 'toluene diisocyanates', 'synonym', 'en', 1.0, 'HC-Hotlist') ON CONFLICT(alias_normalized, alias_type, COALESCE(language_code, '')) DO NOTHING;
INSERT INTO ingredient_alias (canonical_id, alias, alias_normalized, alias_type, language_code, confidence, source) VALUES ('CAS_584_84_9', '584-84-9', '584-84-9', 'cas', NULL, 1.0, 'HC-Hotlist') ON CONFLICT(alias_normalized, alias_type, COALESCE(language_code, '')) DO NOTHING;
INSERT OR IGNORE INTO regulatory_fact (canonical_id, jurisdiction, fact_type, status, regulation_ref, product_category, evidence_id) VALUES ('CAS_584_84_9', 'CA_HC', 'prohibited', 'Prohibited in cosmetic products (Health Canada Hotlist)', 'Health Canada Cosmetic Ingredient Hotlist', 'cosmetic', (SELECT id FROM fact_evidence WHERE source_url = 'https://www.canada.ca/en/health-canada/services/consumer-product-safety/cosmetics/cosmetic-ingredient-hotlist-prohibited-restricted-ingredients.html' AND snapshot_date = '2026-04-18' LIMIT 1));
INSERT INTO ingredient (canonical_id, primary_name, ingredient_class, cas_number, category, is_natural) VALUES ('CAS_26915_12_8', 'Toluidines, their isomers, salts and halogenated and sulfonated derivatives except 4-hydroxy-2-nitro-toluidine and hydroxyethyl-2-nitro-p-toluidine', 'substance', '26915-12-8', 'cosmetic', 0) ON CONFLICT(canonical_id) DO NOTHING;
INSERT INTO ingredient_alias (canonical_id, alias, alias_normalized, alias_type, language_code, confidence, source) VALUES ('CAS_26915_12_8', 'Toluidines, their isomers, salts and halogenated and sulfonated derivatives except 4-hydroxy-2-nitro-toluidine and hydroxyethyl-2-nitro-p-toluidine', 'toluidines, their isomers, salts and halogenated and sulfonated derivatives except 4-hydroxy-2-nitro-toluidine and hydroxyethyl-2-nitro-p-toluidine', 'synonym', 'en', 1.0, 'HC-Hotlist') ON CONFLICT(alias_normalized, alias_type, COALESCE(language_code, '')) DO NOTHING;
INSERT INTO ingredient_alias (canonical_id, alias, alias_normalized, alias_type, language_code, confidence, source) VALUES ('CAS_26915_12_8', '26915-12-8', '26915-12-8', 'cas', NULL, 1.0, 'HC-Hotlist') ON CONFLICT(alias_normalized, alias_type, COALESCE(language_code, '')) DO NOTHING;
INSERT OR IGNORE INTO regulatory_fact (canonical_id, jurisdiction, fact_type, status, regulation_ref, product_category, evidence_id) VALUES ('CAS_26915_12_8', 'CA_HC', 'prohibited', 'Prohibited in cosmetic products (Health Canada Hotlist)', 'Health Canada Cosmetic Ingredient Hotlist', 'cosmetic', (SELECT id FROM fact_evidence WHERE source_url = 'https://www.canada.ca/en/health-canada/services/consumer-product-safety/cosmetics/cosmetic-ingredient-hotlist-prohibited-restricted-ingredients.html' AND snapshot_date = '2026-04-18' LIMIT 1));
INSERT INTO ingredient (canonical_id, primary_name, ingredient_class, cas_number, category, is_natural) VALUES ('NAME_toxins', 'Toxins', 'substance', NULL, 'cosmetic', 0) ON CONFLICT(canonical_id) DO NOTHING;
INSERT INTO ingredient_alias (canonical_id, alias, alias_normalized, alias_type, language_code, confidence, source) VALUES ('NAME_toxins', 'Toxins', 'toxins', 'synonym', 'en', 1.0, 'HC-Hotlist') ON CONFLICT(alias_normalized, alias_type, COALESCE(language_code, '')) DO NOTHING;
INSERT OR IGNORE INTO regulatory_fact (canonical_id, jurisdiction, fact_type, status, regulation_ref, product_category, evidence_id) VALUES ('NAME_toxins', 'CA_HC', 'prohibited', 'Prohibited in cosmetic products (Health Canada Hotlist)', 'Health Canada Cosmetic Ingredient Hotlist', 'cosmetic', (SELECT id FROM fact_evidence WHERE source_url = 'https://www.canada.ca/en/health-canada/services/consumer-product-safety/cosmetics/cosmetic-ingredient-hotlist-prohibited-restricted-ingredients.html' AND snapshot_date = '2026-04-18' LIMIT 1));
INSERT INTO ingredient (canonical_id, primary_name, ingredient_class, cas_number, category, is_natural) VALUES ('CAS_18829_55_5', 'trans -2-Heptenal', 'substance', '18829-55-5', 'cosmetic', 0) ON CONFLICT(canonical_id) DO NOTHING;
INSERT INTO ingredient_alias (canonical_id, alias, alias_normalized, alias_type, language_code, confidence, source) VALUES ('CAS_18829_55_5', 'trans -2-Heptenal', 'trans -2-heptenal', 'synonym', 'en', 1.0, 'HC-Hotlist') ON CONFLICT(alias_normalized, alias_type, COALESCE(language_code, '')) DO NOTHING;
INSERT INTO ingredient_alias (canonical_id, alias, alias_normalized, alias_type, language_code, confidence, source) VALUES ('CAS_18829_55_5', '18829-55-5', '18829-55-5', 'cas', NULL, 1.0, 'HC-Hotlist') ON CONFLICT(alias_normalized, alias_type, COALESCE(language_code, '')) DO NOTHING;
INSERT OR IGNORE INTO regulatory_fact (canonical_id, jurisdiction, fact_type, status, regulation_ref, product_category, evidence_id) VALUES ('CAS_18829_55_5', 'CA_HC', 'prohibited', 'Prohibited in cosmetic products (Health Canada Hotlist)', 'Health Canada Cosmetic Ingredient Hotlist', 'cosmetic', (SELECT id FROM fact_evidence WHERE source_url = 'https://www.canada.ca/en/health-canada/services/consumer-product-safety/cosmetics/cosmetic-ingredient-hotlist-prohibited-restricted-ingredients.html' AND snapshot_date = '2026-04-18' LIMIT 1));
INSERT INTO ingredient (canonical_id, primary_name, ingredient_class, cas_number, category, is_natural) VALUES ('CAS_155_09_9', 'Tranylcypromine and its salts', 'substance', '155-09-9', 'cosmetic', 0) ON CONFLICT(canonical_id) DO NOTHING;
INSERT INTO ingredient_alias (canonical_id, alias, alias_normalized, alias_type, language_code, confidence, source) VALUES ('CAS_155_09_9', 'Tranylcypromine and its salts', 'tranylcypromine and its salts', 'synonym', 'en', 1.0, 'HC-Hotlist') ON CONFLICT(alias_normalized, alias_type, COALESCE(language_code, '')) DO NOTHING;
INSERT INTO ingredient_alias (canonical_id, alias, alias_normalized, alias_type, language_code, confidence, source) VALUES ('CAS_155_09_9', '155-09-9', '155-09-9', 'cas', NULL, 1.0, 'HC-Hotlist') ON CONFLICT(alias_normalized, alias_type, COALESCE(language_code, '')) DO NOTHING;
INSERT OR IGNORE INTO regulatory_fact (canonical_id, jurisdiction, fact_type, status, regulation_ref, product_category, evidence_id) VALUES ('CAS_155_09_9', 'CA_HC', 'prohibited', 'Prohibited in cosmetic products (Health Canada Hotlist)', 'Health Canada Cosmetic Ingredient Hotlist', 'cosmetic', (SELECT id FROM fact_evidence WHERE source_url = 'https://www.canada.ca/en/health-canada/services/consumer-product-safety/cosmetics/cosmetic-ingredient-hotlist-prohibited-restricted-ingredients.html' AND snapshot_date = '2026-04-18' LIMIT 1));
INSERT INTO ingredient (canonical_id, primary_name, ingredient_class, cas_number, category, is_natural) VALUES ('CAS_51_18_3', 'Tretamine', 'substance', '51-18-3', 'cosmetic', 0) ON CONFLICT(canonical_id) DO NOTHING;
INSERT INTO ingredient_alias (canonical_id, alias, alias_normalized, alias_type, language_code, confidence, source) VALUES ('CAS_51_18_3', 'Tretamine', 'tretamine', 'synonym', 'en', 1.0, 'HC-Hotlist') ON CONFLICT(alias_normalized, alias_type, COALESCE(language_code, '')) DO NOTHING;
INSERT INTO ingredient_alias (canonical_id, alias, alias_normalized, alias_type, language_code, confidence, source) VALUES ('CAS_51_18_3', '51-18-3', '51-18-3', 'cas', NULL, 1.0, 'HC-Hotlist') ON CONFLICT(alias_normalized, alias_type, COALESCE(language_code, '')) DO NOTHING;
INSERT OR IGNORE INTO regulatory_fact (canonical_id, jurisdiction, fact_type, status, regulation_ref, product_category, evidence_id) VALUES ('CAS_51_18_3', 'CA_HC', 'prohibited', 'Prohibited in cosmetic products (Health Canada Hotlist)', 'Health Canada Cosmetic Ingredient Hotlist', 'cosmetic', (SELECT id FROM fact_evidence WHERE source_url = 'https://www.canada.ca/en/health-canada/services/consumer-product-safety/cosmetics/cosmetic-ingredient-hotlist-prohibited-restricted-ingredients.html' AND snapshot_date = '2026-04-18' LIMIT 1));
INSERT INTO ingredient (canonical_id, primary_name, ingredient_class, cas_number, category, is_natural) VALUES ('CAS_396_01_0', 'Triamterene and its salts', 'substance', '396-01-0', 'cosmetic', 0) ON CONFLICT(canonical_id) DO NOTHING;
INSERT INTO ingredient_alias (canonical_id, alias, alias_normalized, alias_type, language_code, confidence, source) VALUES ('CAS_396_01_0', 'Triamterene and its salts', 'triamterene and its salts', 'synonym', 'en', 1.0, 'HC-Hotlist') ON CONFLICT(alias_normalized, alias_type, COALESCE(language_code, '')) DO NOTHING;
INSERT INTO ingredient_alias (canonical_id, alias, alias_normalized, alias_type, language_code, confidence, source) VALUES ('CAS_396_01_0', '396-01-0', '396-01-0', 'cas', NULL, 1.0, 'HC-Hotlist') ON CONFLICT(alias_normalized, alias_type, COALESCE(language_code, '')) DO NOTHING;
INSERT OR IGNORE INTO regulatory_fact (canonical_id, jurisdiction, fact_type, status, regulation_ref, product_category, evidence_id) VALUES ('CAS_396_01_0', 'CA_HC', 'prohibited', 'Prohibited in cosmetic products (Health Canada Hotlist)', 'Health Canada Cosmetic Ingredient Hotlist', 'cosmetic', (SELECT id FROM fact_evidence WHERE source_url = 'https://www.canada.ca/en/health-canada/services/consumer-product-safety/cosmetics/cosmetic-ingredient-hotlist-prohibited-restricted-ingredients.html' AND snapshot_date = '2026-04-18' LIMIT 1));
INSERT INTO ingredient (canonical_id, primary_name, ingredient_class, cas_number, category, is_natural) VALUES ('CAS_75_80_9', 'Tribromoethanol', 'substance', '75-80-9', 'cosmetic', 0) ON CONFLICT(canonical_id) DO NOTHING;
INSERT INTO ingredient_alias (canonical_id, alias, alias_normalized, alias_type, language_code, confidence, source) VALUES ('CAS_75_80_9', 'Tribromoethanol', 'tribromoethanol', 'synonym', 'en', 1.0, 'HC-Hotlist') ON CONFLICT(alias_normalized, alias_type, COALESCE(language_code, '')) DO NOTHING;
INSERT INTO ingredient_alias (canonical_id, alias, alias_normalized, alias_type, language_code, confidence, source) VALUES ('CAS_75_80_9', '75-80-9', '75-80-9', 'cas', NULL, 1.0, 'HC-Hotlist') ON CONFLICT(alias_normalized, alias_type, COALESCE(language_code, '')) DO NOTHING;
INSERT OR IGNORE INTO regulatory_fact (canonical_id, jurisdiction, fact_type, status, regulation_ref, product_category, evidence_id) VALUES ('CAS_75_80_9', 'CA_HC', 'prohibited', 'Prohibited in cosmetic products (Health Canada Hotlist)', 'Health Canada Cosmetic Ingredient Hotlist', 'cosmetic', (SELECT id FROM fact_evidence WHERE source_url = 'https://www.canada.ca/en/health-canada/services/consumer-product-safety/cosmetics/cosmetic-ingredient-hotlist-prohibited-restricted-ingredients.html' AND snapshot_date = '2026-04-18' LIMIT 1));
INSERT INTO ingredient (canonical_id, primary_name, ingredient_class, cas_number, category, is_natural) VALUES ('CAS_1322_38_9', 'Tribromosalicylanilide', 'substance', '1322-38-9', 'cosmetic', 0) ON CONFLICT(canonical_id) DO NOTHING;
INSERT INTO ingredient_alias (canonical_id, alias, alias_normalized, alias_type, language_code, confidence, source) VALUES ('CAS_1322_38_9', 'Tribromosalicylanilide', 'tribromosalicylanilide', 'synonym', 'en', 1.0, 'HC-Hotlist') ON CONFLICT(alias_normalized, alias_type, COALESCE(language_code, '')) DO NOTHING;
INSERT INTO ingredient_alias (canonical_id, alias, alias_normalized, alias_type, language_code, confidence, source) VALUES ('CAS_1322_38_9', '1322-38-9', '1322-38-9', 'cas', NULL, 1.0, 'HC-Hotlist') ON CONFLICT(alias_normalized, alias_type, COALESCE(language_code, '')) DO NOTHING;
INSERT OR IGNORE INTO regulatory_fact (canonical_id, jurisdiction, fact_type, status, regulation_ref, product_category, evidence_id) VALUES ('CAS_1322_38_9', 'CA_HC', 'prohibited', 'Prohibited in cosmetic products (Health Canada Hotlist)', 'Health Canada Cosmetic Ingredient Hotlist', 'cosmetic', (SELECT id FROM fact_evidence WHERE source_url = 'https://www.canada.ca/en/health-canada/services/consumer-product-safety/cosmetics/cosmetic-ingredient-hotlist-prohibited-restricted-ingredients.html' AND snapshot_date = '2026-04-18' LIMIT 1));
INSERT INTO ingredient (canonical_id, primary_name, ingredient_class, cas_number, category, is_natural) VALUES ('CAS_817_09_4', 'Trichlormethine and its salts', 'substance', '817-09-4', 'cosmetic', 0) ON CONFLICT(canonical_id) DO NOTHING;
INSERT INTO ingredient_alias (canonical_id, alias, alias_normalized, alias_type, language_code, confidence, source) VALUES ('CAS_817_09_4', 'Trichlormethine and its salts', 'trichlormethine and its salts', 'synonym', 'en', 1.0, 'HC-Hotlist') ON CONFLICT(alias_normalized, alias_type, COALESCE(language_code, '')) DO NOTHING;
INSERT INTO ingredient_alias (canonical_id, alias, alias_normalized, alias_type, language_code, confidence, source) VALUES ('CAS_817_09_4', '817-09-4', '817-09-4', 'cas', NULL, 1.0, 'HC-Hotlist') ON CONFLICT(alias_normalized, alias_type, COALESCE(language_code, '')) DO NOTHING;
INSERT OR IGNORE INTO regulatory_fact (canonical_id, jurisdiction, fact_type, status, regulation_ref, product_category, evidence_id) VALUES ('CAS_817_09_4', 'CA_HC', 'prohibited', 'Prohibited in cosmetic products (Health Canada Hotlist)', 'Health Canada Cosmetic Ingredient Hotlist', 'cosmetic', (SELECT id FROM fact_evidence WHERE source_url = 'https://www.canada.ca/en/health-canada/services/consumer-product-safety/cosmetics/cosmetic-ingredient-hotlist-prohibited-restricted-ingredients.html' AND snapshot_date = '2026-04-18' LIMIT 1));
INSERT INTO ingredient (canonical_id, primary_name, ingredient_class, cas_number, category, is_natural) VALUES ('CAS_76_03_9', 'Trichloroacetic acid', 'substance', '76-03-9', 'cosmetic', 0) ON CONFLICT(canonical_id) DO NOTHING;
INSERT INTO ingredient_alias (canonical_id, alias, alias_normalized, alias_type, language_code, confidence, source) VALUES ('CAS_76_03_9', 'Trichloroacetic acid', 'trichloroacetic acid', 'synonym', 'en', 1.0, 'HC-Hotlist') ON CONFLICT(alias_normalized, alias_type, COALESCE(language_code, '')) DO NOTHING;
INSERT INTO ingredient_alias (canonical_id, alias, alias_normalized, alias_type, language_code, confidence, source) VALUES ('CAS_76_03_9', '76-03-9', '76-03-9', 'cas', NULL, 1.0, 'HC-Hotlist') ON CONFLICT(alias_normalized, alias_type, COALESCE(language_code, '')) DO NOTHING;
INSERT OR IGNORE INTO regulatory_fact (canonical_id, jurisdiction, fact_type, status, regulation_ref, product_category, evidence_id) VALUES ('CAS_76_03_9', 'CA_HC', 'prohibited', 'Prohibited in cosmetic products (Health Canada Hotlist)', 'Health Canada Cosmetic Ingredient Hotlist', 'cosmetic', (SELECT id FROM fact_evidence WHERE source_url = 'https://www.canada.ca/en/health-canada/services/consumer-product-safety/cosmetics/cosmetic-ingredient-hotlist-prohibited-restricted-ingredients.html' AND snapshot_date = '2026-04-18' LIMIT 1));
INSERT INTO ingredient (canonical_id, primary_name, ingredient_class, cas_number, category, is_natural) VALUES ('CAS_76_06_2', 'Trichloronitromethane', 'substance', '76-06-2', 'cosmetic', 0) ON CONFLICT(canonical_id) DO NOTHING;
INSERT INTO ingredient_alias (canonical_id, alias, alias_normalized, alias_type, language_code, confidence, source) VALUES ('CAS_76_06_2', 'Trichloronitromethane', 'trichloronitromethane', 'synonym', 'en', 1.0, 'HC-Hotlist') ON CONFLICT(alias_normalized, alias_type, COALESCE(language_code, '')) DO NOTHING;
INSERT INTO ingredient_alias (canonical_id, alias, alias_normalized, alias_type, language_code, confidence, source) VALUES ('CAS_76_06_2', '76-06-2', '76-06-2', 'cas', NULL, 1.0, 'HC-Hotlist') ON CONFLICT(alias_normalized, alias_type, COALESCE(language_code, '')) DO NOTHING;
INSERT OR IGNORE INTO regulatory_fact (canonical_id, jurisdiction, fact_type, status, regulation_ref, product_category, evidence_id) VALUES ('CAS_76_06_2', 'CA_HC', 'prohibited', 'Prohibited in cosmetic products (Health Canada Hotlist)', 'Health Canada Cosmetic Ingredient Hotlist', 'cosmetic', (SELECT id FROM fact_evidence WHERE source_url = 'https://www.canada.ca/en/health-canada/services/consumer-product-safety/cosmetics/cosmetic-ingredient-hotlist-prohibited-restricted-ingredients.html' AND snapshot_date = '2026-04-18' LIMIT 1));
INSERT INTO ingredient (canonical_id, primary_name, ingredient_class, cas_number, category, is_natural) VALUES ('CAS_1330_78_5', 'Tricresyl phosphate', 'substance', '1330-78-5', 'cosmetic', 0) ON CONFLICT(canonical_id) DO NOTHING;
INSERT INTO ingredient_alias (canonical_id, alias, alias_normalized, alias_type, language_code, confidence, source) VALUES ('CAS_1330_78_5', 'Tricresyl phosphate', 'tricresyl phosphate', 'synonym', 'en', 1.0, 'HC-Hotlist') ON CONFLICT(alias_normalized, alias_type, COALESCE(language_code, '')) DO NOTHING;
INSERT INTO ingredient_alias (canonical_id, alias, alias_normalized, alias_type, language_code, confidence, source) VALUES ('CAS_1330_78_5', '1330-78-5', '1330-78-5', 'cas', NULL, 1.0, 'HC-Hotlist') ON CONFLICT(alias_normalized, alias_type, COALESCE(language_code, '')) DO NOTHING;
INSERT OR IGNORE INTO regulatory_fact (canonical_id, jurisdiction, fact_type, status, regulation_ref, product_category, evidence_id) VALUES ('CAS_1330_78_5', 'CA_HC', 'prohibited', 'Prohibited in cosmetic products (Health Canada Hotlist)', 'Health Canada Cosmetic Ingredient Hotlist', 'cosmetic', (SELECT id FROM fact_evidence WHERE source_url = 'https://www.canada.ca/en/health-canada/services/consumer-product-safety/cosmetics/cosmetic-ingredient-hotlist-prohibited-restricted-ingredients.html' AND snapshot_date = '2026-04-18' LIMIT 1));
INSERT INTO ingredient (canonical_id, primary_name, ingredient_class, cas_number, category, is_natural) VALUES ('CAS_749_13_3', 'Trifluperidol', 'substance', '749-13-3', 'cosmetic', 0) ON CONFLICT(canonical_id) DO NOTHING;
INSERT INTO ingredient_alias (canonical_id, alias, alias_normalized, alias_type, language_code, confidence, source) VALUES ('CAS_749_13_3', 'Trifluperidol', 'trifluperidol', 'synonym', 'en', 1.0, 'HC-Hotlist') ON CONFLICT(alias_normalized, alias_type, COALESCE(language_code, '')) DO NOTHING;
INSERT INTO ingredient_alias (canonical_id, alias, alias_normalized, alias_type, language_code, confidence, source) VALUES ('CAS_749_13_3', '749-13-3', '749-13-3', 'cas', NULL, 1.0, 'HC-Hotlist') ON CONFLICT(alias_normalized, alias_type, COALESCE(language_code, '')) DO NOTHING;
INSERT OR IGNORE INTO regulatory_fact (canonical_id, jurisdiction, fact_type, status, regulation_ref, product_category, evidence_id) VALUES ('CAS_749_13_3', 'CA_HC', 'prohibited', 'Prohibited in cosmetic products (Health Canada Hotlist)', 'Health Canada Cosmetic Ingredient Hotlist', 'cosmetic', (SELECT id FROM fact_evidence WHERE source_url = 'https://www.canada.ca/en/health-canada/services/consumer-product-safety/cosmetics/cosmetic-ingredient-hotlist-prohibited-restricted-ingredients.html' AND snapshot_date = '2026-04-18' LIMIT 1));
INSERT INTO ingredient (canonical_id, primary_name, ingredient_class, cas_number, category, is_natural) VALUES ('CAS_78_41_1', 'Triparanol', 'substance', '78-41-1', 'cosmetic', 0) ON CONFLICT(canonical_id) DO NOTHING;
INSERT INTO ingredient_alias (canonical_id, alias, alias_normalized, alias_type, language_code, confidence, source) VALUES ('CAS_78_41_1', 'Triparanol', 'triparanol', 'synonym', 'en', 1.0, 'HC-Hotlist') ON CONFLICT(alias_normalized, alias_type, COALESCE(language_code, '')) DO NOTHING;
INSERT INTO ingredient_alias (canonical_id, alias, alias_normalized, alias_type, language_code, confidence, source) VALUES ('CAS_78_41_1', '78-41-1', '78-41-1', 'cas', NULL, 1.0, 'HC-Hotlist') ON CONFLICT(alias_normalized, alias_type, COALESCE(language_code, '')) DO NOTHING;
INSERT OR IGNORE INTO regulatory_fact (canonical_id, jurisdiction, fact_type, status, regulation_ref, product_category, evidence_id) VALUES ('CAS_78_41_1', 'CA_HC', 'prohibited', 'Prohibited in cosmetic products (Health Canada Hotlist)', 'Health Canada Cosmetic Ingredient Hotlist', 'cosmetic', (SELECT id FROM fact_evidence WHERE source_url = 'https://www.canada.ca/en/health-canada/services/consumer-product-safety/cosmetics/cosmetic-ingredient-hotlist-prohibited-restricted-ingredients.html' AND snapshot_date = '2026-04-18' LIMIT 1));
INSERT INTO ingredient (canonical_id, primary_name, ingredient_class, cas_number, category, is_natural) VALUES ('CAS_91_81_6', 'Tripelennamine', 'substance', '91-81-6', 'cosmetic', 0) ON CONFLICT(canonical_id) DO NOTHING;
INSERT INTO ingredient_alias (canonical_id, alias, alias_normalized, alias_type, language_code, confidence, source) VALUES ('CAS_91_81_6', 'Tripelennamine', 'tripelennamine', 'synonym', 'en', 1.0, 'HC-Hotlist') ON CONFLICT(alias_normalized, alias_type, COALESCE(language_code, '')) DO NOTHING;
INSERT INTO ingredient_alias (canonical_id, alias, alias_normalized, alias_type, language_code, confidence, source) VALUES ('CAS_91_81_6', '91-81-6', '91-81-6', 'cas', NULL, 1.0, 'HC-Hotlist') ON CONFLICT(alias_normalized, alias_type, COALESCE(language_code, '')) DO NOTHING;
INSERT OR IGNORE INTO regulatory_fact (canonical_id, jurisdiction, fact_type, status, regulation_ref, product_category, evidence_id) VALUES ('CAS_91_81_6', 'CA_HC', 'prohibited', 'Prohibited in cosmetic products (Health Canada Hotlist)', 'Health Canada Cosmetic Ingredient Hotlist', 'cosmetic', (SELECT id FROM fact_evidence WHERE source_url = 'https://www.canada.ca/en/health-canada/services/consumer-product-safety/cosmetics/cosmetic-ingredient-hotlist-prohibited-restricted-ingredients.html' AND snapshot_date = '2026-04-18' LIMIT 1));
INSERT INTO ingredient (canonical_id, primary_name, ingredient_class, cas_number, category, is_natural) VALUES ('CAS_123_82_0', 'Tuaminoheptane, its isomers and salts', 'substance', '123-82-0', 'cosmetic', 0) ON CONFLICT(canonical_id) DO NOTHING;
INSERT INTO ingredient_alias (canonical_id, alias, alias_normalized, alias_type, language_code, confidence, source) VALUES ('CAS_123_82_0', 'Tuaminoheptane, its isomers and salts', 'tuaminoheptane, its isomers and salts', 'synonym', 'en', 1.0, 'HC-Hotlist') ON CONFLICT(alias_normalized, alias_type, COALESCE(language_code, '')) DO NOTHING;
INSERT INTO ingredient_alias (canonical_id, alias, alias_normalized, alias_type, language_code, confidence, source) VALUES ('CAS_123_82_0', '123-82-0', '123-82-0', 'cas', NULL, 1.0, 'HC-Hotlist') ON CONFLICT(alias_normalized, alias_type, COALESCE(language_code, '')) DO NOTHING;
INSERT OR IGNORE INTO regulatory_fact (canonical_id, jurisdiction, fact_type, status, regulation_ref, product_category, evidence_id) VALUES ('CAS_123_82_0', 'CA_HC', 'prohibited', 'Prohibited in cosmetic products (Health Canada Hotlist)', 'Health Canada Cosmetic Ingredient Hotlist', 'cosmetic', (SELECT id FROM fact_evidence WHERE source_url = 'https://www.canada.ca/en/health-canada/services/consumer-product-safety/cosmetics/cosmetic-ingredient-hotlist-prohibited-restricted-ingredients.html' AND snapshot_date = '2026-04-18' LIMIT 1));
INSERT INTO ingredient (canonical_id, primary_name, ingredient_class, cas_number, category, is_natural) VALUES ('NAME_urginea_scilla_stern_and_its_galenical_preparations', 'Urginea scilla Stern . and its galenical preparations', 'substance', NULL, 'cosmetic', 0) ON CONFLICT(canonical_id) DO NOTHING;
INSERT INTO ingredient_alias (canonical_id, alias, alias_normalized, alias_type, language_code, confidence, source) VALUES ('NAME_urginea_scilla_stern_and_its_galenical_preparations', 'Urginea scilla Stern . and its galenical preparations', 'urginea scilla stern . and its galenical preparations', 'synonym', 'en', 1.0, 'HC-Hotlist') ON CONFLICT(alias_normalized, alias_type, COALESCE(language_code, '')) DO NOTHING;
INSERT OR IGNORE INTO regulatory_fact (canonical_id, jurisdiction, fact_type, status, regulation_ref, product_category, evidence_id) VALUES ('NAME_urginea_scilla_stern_and_its_galenical_preparations', 'CA_HC', 'prohibited', 'Prohibited in cosmetic products (Health Canada Hotlist)', 'Health Canada Cosmetic Ingredient Hotlist', 'cosmetic', (SELECT id FROM fact_evidence WHERE source_url = 'https://www.canada.ca/en/health-canada/services/consumer-product-safety/cosmetics/cosmetic-ingredient-hotlist-prohibited-restricted-ingredients.html' AND snapshot_date = '2026-04-18' LIMIT 1));
INSERT INTO ingredient (canonical_id, primary_name, ingredient_class, cas_number, category, is_natural) VALUES ('NAME_vaccines', 'Vaccines', 'substance', NULL, 'cosmetic', 0) ON CONFLICT(canonical_id) DO NOTHING;
INSERT INTO ingredient_alias (canonical_id, alias, alias_normalized, alias_type, language_code, confidence, source) VALUES ('NAME_vaccines', 'Vaccines', 'vaccines', 'synonym', 'en', 1.0, 'HC-Hotlist') ON CONFLICT(alias_normalized, alias_type, COALESCE(language_code, '')) DO NOTHING;
INSERT OR IGNORE INTO regulatory_fact (canonical_id, jurisdiction, fact_type, status, regulation_ref, product_category, evidence_id) VALUES ('NAME_vaccines', 'CA_HC', 'prohibited', 'Prohibited in cosmetic products (Health Canada Hotlist)', 'Health Canada Cosmetic Ingredient Hotlist', 'cosmetic', (SELECT id FROM fact_evidence WHERE source_url = 'https://www.canada.ca/en/health-canada/services/consumer-product-safety/cosmetics/cosmetic-ingredient-hotlist-prohibited-restricted-ingredients.html' AND snapshot_date = '2026-04-18' LIMIT 1));
INSERT INTO ingredient (canonical_id, primary_name, ingredient_class, cas_number, category, is_natural) VALUES ('CAS_4171_13_5', 'Valnoctamide', 'substance', '4171-13-5', 'cosmetic', 0) ON CONFLICT(canonical_id) DO NOTHING;
INSERT INTO ingredient_alias (canonical_id, alias, alias_normalized, alias_type, language_code, confidence, source) VALUES ('CAS_4171_13_5', 'Valnoctamide', 'valnoctamide', 'synonym', 'en', 1.0, 'HC-Hotlist') ON CONFLICT(alias_normalized, alias_type, COALESCE(language_code, '')) DO NOTHING;
INSERT INTO ingredient_alias (canonical_id, alias, alias_normalized, alias_type, language_code, confidence, source) VALUES ('CAS_4171_13_5', '4171-13-5', '4171-13-5', 'cas', NULL, 1.0, 'HC-Hotlist') ON CONFLICT(alias_normalized, alias_type, COALESCE(language_code, '')) DO NOTHING;
INSERT OR IGNORE INTO regulatory_fact (canonical_id, jurisdiction, fact_type, status, regulation_ref, product_category, evidence_id) VALUES ('CAS_4171_13_5', 'CA_HC', 'prohibited', 'Prohibited in cosmetic products (Health Canada Hotlist)', 'Health Canada Cosmetic Ingredient Hotlist', 'cosmetic', (SELECT id FROM fact_evidence WHERE source_url = 'https://www.canada.ca/en/health-canada/services/consumer-product-safety/cosmetics/cosmetic-ingredient-hotlist-prohibited-restricted-ingredients.html' AND snapshot_date = '2026-04-18' LIMIT 1));
INSERT INTO ingredient (canonical_id, primary_name, ingredient_class, cas_number, category, is_natural) VALUES ('CAS_62_59_9', 'Veratrine, its salts and galenical preparations', 'substance', '62-59-9', 'cosmetic', 0) ON CONFLICT(canonical_id) DO NOTHING;
INSERT INTO ingredient_alias (canonical_id, alias, alias_normalized, alias_type, language_code, confidence, source) VALUES ('CAS_62_59_9', 'Veratrine, its salts and galenical preparations', 'veratrine, its salts and galenical preparations', 'synonym', 'en', 1.0, 'HC-Hotlist') ON CONFLICT(alias_normalized, alias_type, COALESCE(language_code, '')) DO NOTHING;
INSERT INTO ingredient_alias (canonical_id, alias, alias_normalized, alias_type, language_code, confidence, source) VALUES ('CAS_62_59_9', '62-59-9', '62-59-9', 'cas', NULL, 1.0, 'HC-Hotlist') ON CONFLICT(alias_normalized, alias_type, COALESCE(language_code, '')) DO NOTHING;
INSERT OR IGNORE INTO regulatory_fact (canonical_id, jurisdiction, fact_type, status, regulation_ref, product_category, evidence_id) VALUES ('CAS_62_59_9', 'CA_HC', 'prohibited', 'Prohibited in cosmetic products (Health Canada Hotlist)', 'Health Canada Cosmetic Ingredient Hotlist', 'cosmetic', (SELECT id FROM fact_evidence WHERE source_url = 'https://www.canada.ca/en/health-canada/services/consumer-product-safety/cosmetics/cosmetic-ingredient-hotlist-prohibited-restricted-ingredients.html' AND snapshot_date = '2026-04-18' LIMIT 1));
INSERT INTO ingredient (canonical_id, primary_name, ingredient_class, cas_number, category, is_natural) VALUES ('NAME_veratrum_spp_and_their_preparations', 'Veratrum spp . and their preparations', 'substance', NULL, 'cosmetic', 0) ON CONFLICT(canonical_id) DO NOTHING;
INSERT INTO ingredient_alias (canonical_id, alias, alias_normalized, alias_type, language_code, confidence, source) VALUES ('NAME_veratrum_spp_and_their_preparations', 'Veratrum spp . and their preparations', 'veratrum spp . and their preparations', 'synonym', 'en', 1.0, 'HC-Hotlist') ON CONFLICT(alias_normalized, alias_type, COALESCE(language_code, '')) DO NOTHING;
INSERT OR IGNORE INTO regulatory_fact (canonical_id, jurisdiction, fact_type, status, regulation_ref, product_category, evidence_id) VALUES ('NAME_veratrum_spp_and_their_preparations', 'CA_HC', 'prohibited', 'Prohibited in cosmetic products (Health Canada Hotlist)', 'Health Canada Cosmetic Ingredient Hotlist', 'cosmetic', (SELECT id FROM fact_evidence WHERE source_url = 'https://www.canada.ca/en/health-canada/services/consumer-product-safety/cosmetics/cosmetic-ingredient-hotlist-prohibited-restricted-ingredients.html' AND snapshot_date = '2026-04-18' LIMIT 1));
INSERT INTO ingredient (canonical_id, primary_name, ingredient_class, cas_number, category, is_natural) VALUES ('CAS_88_29_9', 'Versalide', 'substance', '88-29-9', 'cosmetic', 0) ON CONFLICT(canonical_id) DO NOTHING;
INSERT INTO ingredient_alias (canonical_id, alias, alias_normalized, alias_type, language_code, confidence, source) VALUES ('CAS_88_29_9', 'Versalide', 'versalide', 'synonym', 'en', 1.0, 'HC-Hotlist') ON CONFLICT(alias_normalized, alias_type, COALESCE(language_code, '')) DO NOTHING;
INSERT INTO ingredient_alias (canonical_id, alias, alias_normalized, alias_type, language_code, confidence, source) VALUES ('CAS_88_29_9', '88-29-9', '88-29-9', 'cas', NULL, 1.0, 'HC-Hotlist') ON CONFLICT(alias_normalized, alias_type, COALESCE(language_code, '')) DO NOTHING;
INSERT OR IGNORE INTO regulatory_fact (canonical_id, jurisdiction, fact_type, status, regulation_ref, product_category, evidence_id) VALUES ('CAS_88_29_9', 'CA_HC', 'prohibited', 'Prohibited in cosmetic products (Health Canada Hotlist)', 'Health Canada Cosmetic Ingredient Hotlist', 'cosmetic', (SELECT id FROM fact_evidence WHERE source_url = 'https://www.canada.ca/en/health-canada/services/consumer-product-safety/cosmetics/cosmetic-ingredient-hotlist-prohibited-restricted-ingredients.html' AND snapshot_date = '2026-04-18' LIMIT 1));
INSERT INTO ingredient (canonical_id, primary_name, ingredient_class, cas_number, category, is_natural) VALUES ('CAS_75_01_4', 'Vinyl chloride monomer', 'substance', '75-01-4', 'cosmetic', 0) ON CONFLICT(canonical_id) DO NOTHING;
INSERT INTO ingredient_alias (canonical_id, alias, alias_normalized, alias_type, language_code, confidence, source) VALUES ('CAS_75_01_4', 'Vinyl chloride monomer', 'vinyl chloride monomer', 'synonym', 'en', 1.0, 'HC-Hotlist') ON CONFLICT(alias_normalized, alias_type, COALESCE(language_code, '')) DO NOTHING;
INSERT INTO ingredient_alias (canonical_id, alias, alias_normalized, alias_type, language_code, confidence, source) VALUES ('CAS_75_01_4', '75-01-4', '75-01-4', 'cas', NULL, 1.0, 'HC-Hotlist') ON CONFLICT(alias_normalized, alias_type, COALESCE(language_code, '')) DO NOTHING;
INSERT OR IGNORE INTO regulatory_fact (canonical_id, jurisdiction, fact_type, status, regulation_ref, product_category, evidence_id) VALUES ('CAS_75_01_4', 'CA_HC', 'prohibited', 'Prohibited in cosmetic products (Health Canada Hotlist)', 'Health Canada Cosmetic Ingredient Hotlist', 'cosmetic', (SELECT id FROM fact_evidence WHERE source_url = 'https://www.canada.ca/en/health-canada/services/consumer-product-safety/cosmetics/cosmetic-ingredient-hotlist-prohibited-restricted-ingredients.html' AND snapshot_date = '2026-04-18' LIMIT 1));
INSERT INTO ingredient (canonical_id, primary_name, ingredient_class, cas_number, category, is_natural) VALUES ('CAS_81_81_2', 'Warfarin and its salts', 'substance', '81-81-2', 'cosmetic', 0) ON CONFLICT(canonical_id) DO NOTHING;
INSERT INTO ingredient_alias (canonical_id, alias, alias_normalized, alias_type, language_code, confidence, source) VALUES ('CAS_81_81_2', 'Warfarin and its salts', 'warfarin and its salts', 'synonym', 'en', 1.0, 'HC-Hotlist') ON CONFLICT(alias_normalized, alias_type, COALESCE(language_code, '')) DO NOTHING;
INSERT INTO ingredient_alias (canonical_id, alias, alias_normalized, alias_type, language_code, confidence, source) VALUES ('CAS_81_81_2', '81-81-2', '81-81-2', 'cas', NULL, 1.0, 'HC-Hotlist') ON CONFLICT(alias_normalized, alias_type, COALESCE(language_code, '')) DO NOTHING;
INSERT OR IGNORE INTO regulatory_fact (canonical_id, jurisdiction, fact_type, status, regulation_ref, product_category, evidence_id) VALUES ('CAS_81_81_2', 'CA_HC', 'prohibited', 'Prohibited in cosmetic products (Health Canada Hotlist)', 'Health Canada Cosmetic Ingredient Hotlist', 'cosmetic', (SELECT id FROM fact_evidence WHERE source_url = 'https://www.canada.ca/en/health-canada/services/consumer-product-safety/cosmetics/cosmetic-ingredient-hotlist-prohibited-restricted-ingredients.html' AND snapshot_date = '2026-04-18' LIMIT 1));
INSERT INTO ingredient (canonical_id, primary_name, ingredient_class, cas_number, category, is_natural) VALUES ('CAS_2530_97_4', 'Xanthinol', 'substance', '2530-97-4', 'cosmetic', 0) ON CONFLICT(canonical_id) DO NOTHING;
INSERT INTO ingredient_alias (canonical_id, alias, alias_normalized, alias_type, language_code, confidence, source) VALUES ('CAS_2530_97_4', 'Xanthinol', 'xanthinol', 'synonym', 'en', 1.0, 'HC-Hotlist') ON CONFLICT(alias_normalized, alias_type, COALESCE(language_code, '')) DO NOTHING;
INSERT INTO ingredient_alias (canonical_id, alias, alias_normalized, alias_type, language_code, confidence, source) VALUES ('CAS_2530_97_4', '2530-97-4', '2530-97-4', 'cas', NULL, 1.0, 'HC-Hotlist') ON CONFLICT(alias_normalized, alias_type, COALESCE(language_code, '')) DO NOTHING;
INSERT OR IGNORE INTO regulatory_fact (canonical_id, jurisdiction, fact_type, status, regulation_ref, product_category, evidence_id) VALUES ('CAS_2530_97_4', 'CA_HC', 'prohibited', 'Prohibited in cosmetic products (Health Canada Hotlist)', 'Health Canada Cosmetic Ingredient Hotlist', 'cosmetic', (SELECT id FROM fact_evidence WHERE source_url = 'https://www.canada.ca/en/health-canada/services/consumer-product-safety/cosmetics/cosmetic-ingredient-hotlist-prohibited-restricted-ingredients.html' AND snapshot_date = '2026-04-18' LIMIT 1));
INSERT INTO ingredient (canonical_id, primary_name, ingredient_class, cas_number, category, is_natural) VALUES ('CAS_1300_73_8', 'Xylidines, their isomers, salts, halogenated and sulfonated derivatives', 'substance', '1300-73-8', 'cosmetic', 0) ON CONFLICT(canonical_id) DO NOTHING;
INSERT INTO ingredient_alias (canonical_id, alias, alias_normalized, alias_type, language_code, confidence, source) VALUES ('CAS_1300_73_8', 'Xylidines, their isomers, salts, halogenated and sulfonated derivatives', 'xylidines, their isomers, salts, halogenated and sulfonated derivatives', 'synonym', 'en', 1.0, 'HC-Hotlist') ON CONFLICT(alias_normalized, alias_type, COALESCE(language_code, '')) DO NOTHING;
INSERT INTO ingredient_alias (canonical_id, alias, alias_normalized, alias_type, language_code, confidence, source) VALUES ('CAS_1300_73_8', '1300-73-8', '1300-73-8', 'cas', NULL, 1.0, 'HC-Hotlist') ON CONFLICT(alias_normalized, alias_type, COALESCE(language_code, '')) DO NOTHING;
INSERT OR IGNORE INTO regulatory_fact (canonical_id, jurisdiction, fact_type, status, regulation_ref, product_category, evidence_id) VALUES ('CAS_1300_73_8', 'CA_HC', 'prohibited', 'Prohibited in cosmetic products (Health Canada Hotlist)', 'Health Canada Cosmetic Ingredient Hotlist', 'cosmetic', (SELECT id FROM fact_evidence WHERE source_url = 'https://www.canada.ca/en/health-canada/services/consumer-product-safety/cosmetics/cosmetic-ingredient-hotlist-prohibited-restricted-ingredients.html' AND snapshot_date = '2026-04-18' LIMIT 1));
INSERT INTO ingredient (canonical_id, primary_name, ingredient_class, cas_number, category, is_natural) VALUES ('CAS_526_36_3', 'Xylometazoline and its salts', 'substance', '526-36-3', 'cosmetic', 0) ON CONFLICT(canonical_id) DO NOTHING;
INSERT INTO ingredient_alias (canonical_id, alias, alias_normalized, alias_type, language_code, confidence, source) VALUES ('CAS_526_36_3', 'Xylometazoline and its salts', 'xylometazoline and its salts', 'synonym', 'en', 1.0, 'HC-Hotlist') ON CONFLICT(alias_normalized, alias_type, COALESCE(language_code, '')) DO NOTHING;
INSERT INTO ingredient_alias (canonical_id, alias, alias_normalized, alias_type, language_code, confidence, source) VALUES ('CAS_526_36_3', '526-36-3', '526-36-3', 'cas', NULL, 1.0, 'HC-Hotlist') ON CONFLICT(alias_normalized, alias_type, COALESCE(language_code, '')) DO NOTHING;
INSERT OR IGNORE INTO regulatory_fact (canonical_id, jurisdiction, fact_type, status, regulation_ref, product_category, evidence_id) VALUES ('CAS_526_36_3', 'CA_HC', 'prohibited', 'Prohibited in cosmetic products (Health Canada Hotlist)', 'Health Canada Cosmetic Ingredient Hotlist', 'cosmetic', (SELECT id FROM fact_evidence WHERE source_url = 'https://www.canada.ca/en/health-canada/services/consumer-product-safety/cosmetics/cosmetic-ingredient-hotlist-prohibited-restricted-ingredients.html' AND snapshot_date = '2026-04-18' LIMIT 1));
INSERT INTO ingredient (canonical_id, primary_name, ingredient_class, cas_number, category, is_natural) VALUES ('CAS_146_48_5', 'Yohimbine and its salts', 'substance', '146-48-5', 'cosmetic', 0) ON CONFLICT(canonical_id) DO NOTHING;
INSERT INTO ingredient_alias (canonical_id, alias, alias_normalized, alias_type, language_code, confidence, source) VALUES ('CAS_146_48_5', 'Yohimbine and its salts', 'yohimbine and its salts', 'synonym', 'en', 1.0, 'HC-Hotlist') ON CONFLICT(alias_normalized, alias_type, COALESCE(language_code, '')) DO NOTHING;
INSERT INTO ingredient_alias (canonical_id, alias, alias_normalized, alias_type, language_code, confidence, source) VALUES ('CAS_146_48_5', '146-48-5', '146-48-5', 'cas', NULL, 1.0, 'HC-Hotlist') ON CONFLICT(alias_normalized, alias_type, COALESCE(language_code, '')) DO NOTHING;
INSERT OR IGNORE INTO regulatory_fact (canonical_id, jurisdiction, fact_type, status, regulation_ref, product_category, evidence_id) VALUES ('CAS_146_48_5', 'CA_HC', 'prohibited', 'Prohibited in cosmetic products (Health Canada Hotlist)', 'Health Canada Cosmetic Ingredient Hotlist', 'cosmetic', (SELECT id FROM fact_evidence WHERE source_url = 'https://www.canada.ca/en/health-canada/services/consumer-product-safety/cosmetics/cosmetic-ingredient-hotlist-prohibited-restricted-ingredients.html' AND snapshot_date = '2026-04-18' LIMIT 1));
INSERT INTO ingredient (canonical_id, primary_name, ingredient_class, cas_number, category, is_natural) VALUES ('CAS_61_80_3', 'Zoxazolamine', 'substance', '61-80-3', 'cosmetic', 0) ON CONFLICT(canonical_id) DO NOTHING;
INSERT INTO ingredient_alias (canonical_id, alias, alias_normalized, alias_type, language_code, confidence, source) VALUES ('CAS_61_80_3', 'Zoxazolamine', 'zoxazolamine', 'synonym', 'en', 1.0, 'HC-Hotlist') ON CONFLICT(alias_normalized, alias_type, COALESCE(language_code, '')) DO NOTHING;
INSERT INTO ingredient_alias (canonical_id, alias, alias_normalized, alias_type, language_code, confidence, source) VALUES ('CAS_61_80_3', '61-80-3', '61-80-3', 'cas', NULL, 1.0, 'HC-Hotlist') ON CONFLICT(alias_normalized, alias_type, COALESCE(language_code, '')) DO NOTHING;
INSERT OR IGNORE INTO regulatory_fact (canonical_id, jurisdiction, fact_type, status, regulation_ref, product_category, evidence_id) VALUES ('CAS_61_80_3', 'CA_HC', 'prohibited', 'Prohibited in cosmetic products (Health Canada Hotlist)', 'Health Canada Cosmetic Ingredient Hotlist', 'cosmetic', (SELECT id FROM fact_evidence WHERE source_url = 'https://www.canada.ca/en/health-canada/services/consumer-product-safety/cosmetics/cosmetic-ingredient-hotlist-prohibited-restricted-ingredients.html' AND snapshot_date = '2026-04-18' LIMIT 1));
INSERT INTO ingredient (canonical_id, primary_name, ingredient_class, cas_number, category, is_natural) VALUES ('CAS_104_27_8', 'α-Methylanisalacetone', 'substance', '104-27-8', 'cosmetic', 0) ON CONFLICT(canonical_id) DO NOTHING;
INSERT INTO ingredient_alias (canonical_id, alias, alias_normalized, alias_type, language_code, confidence, source) VALUES ('CAS_104_27_8', 'α-Methylanisalacetone', 'α-methylanisalacetone', 'synonym', 'en', 1.0, 'HC-Hotlist') ON CONFLICT(alias_normalized, alias_type, COALESCE(language_code, '')) DO NOTHING;
INSERT INTO ingredient_alias (canonical_id, alias, alias_normalized, alias_type, language_code, confidence, source) VALUES ('CAS_104_27_8', '104-27-8', '104-27-8', 'cas', NULL, 1.0, 'HC-Hotlist') ON CONFLICT(alias_normalized, alias_type, COALESCE(language_code, '')) DO NOTHING;
INSERT OR IGNORE INTO regulatory_fact (canonical_id, jurisdiction, fact_type, status, regulation_ref, product_category, evidence_id) VALUES ('CAS_104_27_8', 'CA_HC', 'prohibited', 'Prohibited in cosmetic products (Health Canada Hotlist)', 'Health Canada Cosmetic Ingredient Hotlist', 'cosmetic', (SELECT id FROM fact_evidence WHERE source_url = 'https://www.canada.ca/en/health-canada/services/consumer-product-safety/cosmetics/cosmetic-ingredient-hotlist-prohibited-restricted-ingredients.html' AND snapshot_date = '2026-04-18' LIMIT 1));
INSERT INTO ingredient (canonical_id, primary_name, ingredient_class, cas_number, category, is_natural) VALUES ('CAS_481_06_1', 'α-Santonin', 'substance', '481-06-1', 'cosmetic', 0) ON CONFLICT(canonical_id) DO NOTHING;
INSERT INTO ingredient_alias (canonical_id, alias, alias_normalized, alias_type, language_code, confidence, source) VALUES ('CAS_481_06_1', 'α-Santonin', 'α-santonin', 'synonym', 'en', 1.0, 'HC-Hotlist') ON CONFLICT(alias_normalized, alias_type, COALESCE(language_code, '')) DO NOTHING;
INSERT INTO ingredient_alias (canonical_id, alias, alias_normalized, alias_type, language_code, confidence, source) VALUES ('CAS_481_06_1', '481-06-1', '481-06-1', 'cas', NULL, 1.0, 'HC-Hotlist') ON CONFLICT(alias_normalized, alias_type, COALESCE(language_code, '')) DO NOTHING;
INSERT OR IGNORE INTO regulatory_fact (canonical_id, jurisdiction, fact_type, status, regulation_ref, product_category, evidence_id) VALUES ('CAS_481_06_1', 'CA_HC', 'prohibited', 'Prohibited in cosmetic products (Health Canada Hotlist)', 'Health Canada Cosmetic Ingredient Hotlist', 'cosmetic', (SELECT id FROM fact_evidence WHERE source_url = 'https://www.canada.ca/en/health-canada/services/consumer-product-safety/cosmetics/cosmetic-ingredient-hotlist-prohibited-restricted-ingredients.html' AND snapshot_date = '2026-04-18' LIMIT 1));
INSERT INTO ingredient (canonical_id, primary_name, ingredient_class, cas_number, category, is_natural) VALUES ('CAS_500_34_5', 'β-Eucaine', 'substance', '500-34-5', 'cosmetic', 0) ON CONFLICT(canonical_id) DO NOTHING;
INSERT INTO ingredient_alias (canonical_id, alias, alias_normalized, alias_type, language_code, confidence, source) VALUES ('CAS_500_34_5', 'β-Eucaine', 'β-eucaine', 'synonym', 'en', 1.0, 'HC-Hotlist') ON CONFLICT(alias_normalized, alias_type, COALESCE(language_code, '')) DO NOTHING;
INSERT INTO ingredient_alias (canonical_id, alias, alias_normalized, alias_type, language_code, confidence, source) VALUES ('CAS_500_34_5', '500-34-5', '500-34-5', 'cas', NULL, 1.0, 'HC-Hotlist') ON CONFLICT(alias_normalized, alias_type, COALESCE(language_code, '')) DO NOTHING;
INSERT OR IGNORE INTO regulatory_fact (canonical_id, jurisdiction, fact_type, status, regulation_ref, product_category, evidence_id) VALUES ('CAS_500_34_5', 'CA_HC', 'prohibited', 'Prohibited in cosmetic products (Health Canada Hotlist)', 'Health Canada Cosmetic Ingredient Hotlist', 'cosmetic', (SELECT id FROM fact_evidence WHERE source_url = 'https://www.canada.ca/en/health-canada/services/consumer-product-safety/cosmetics/cosmetic-ingredient-hotlist-prohibited-restricted-ingredients.html' AND snapshot_date = '2026-04-18' LIMIT 1));
INSERT INTO ingredient (canonical_id, primary_name, ingredient_class, cas_number, category, is_natural) VALUES ('NAME_chemical', 'Chemical', 'substance', NULL, 'cosmetic', 0) ON CONFLICT(canonical_id) DO NOTHING;
INSERT INTO ingredient_alias (canonical_id, alias, alias_normalized, alias_type, language_code, confidence, source) VALUES ('NAME_chemical', 'Chemical', 'chemical', 'synonym', 'en', 1.0, 'HC-Hotlist') ON CONFLICT(alias_normalized, alias_type, COALESCE(language_code, '')) DO NOTHING;
INSERT OR IGNORE INTO regulatory_fact (canonical_id, jurisdiction, fact_type, status, regulation_ref, product_category, evidence_id) VALUES ('NAME_chemical', 'CA_HC', 'restricted', 'Restricted in cosmetic products (Health Canada Hotlist) — Conditions of Use by product type table 2 note 3 Maximum Concentration Permitted table 2 note 4', 'Health Canada Cosmetic Ingredient Hotlist', 'cosmetic', (SELECT id FROM fact_evidence WHERE source_url = 'https://www.canada.ca/en/health-canada/services/consumer-product-safety/cosmetics/cosmetic-ingredient-hotlist-prohibited-restricted-ingredients.html' AND snapshot_date = '2026-04-18' LIMIT 1));
INSERT INTO ingredient (canonical_id, primary_name, ingredient_class, cas_number, category, is_natural) VALUES ('CAS_90_15_3', '1-Naphthol, and its salts', 'substance', '90-15-3', 'cosmetic', 0) ON CONFLICT(canonical_id) DO NOTHING;
INSERT INTO ingredient_alias (canonical_id, alias, alias_normalized, alias_type, language_code, confidence, source) VALUES ('CAS_90_15_3', '1-Naphthol, and its salts', '1-naphthol, and its salts', 'synonym', 'en', 1.0, 'HC-Hotlist') ON CONFLICT(alias_normalized, alias_type, COALESCE(language_code, '')) DO NOTHING;
INSERT INTO ingredient_alias (canonical_id, alias, alias_normalized, alias_type, language_code, confidence, source) VALUES ('CAS_90_15_3', '90-15-3', '90-15-3', 'cas', NULL, 1.0, 'HC-Hotlist') ON CONFLICT(alias_normalized, alias_type, COALESCE(language_code, '')) DO NOTHING;
INSERT OR IGNORE INTO regulatory_fact (canonical_id, jurisdiction, fact_type, status, regulation_ref, product_category, evidence_id) VALUES ('CAS_90_15_3', 'CA_HC', 'restricted', 'Restricted in cosmetic products (Health Canada Hotlist) — a) In Hair dyes as an oxidizing colouring agent a) 2%', 'Health Canada Cosmetic Ingredient Hotlist', 'cosmetic', (SELECT id FROM fact_evidence WHERE source_url = 'https://www.canada.ca/en/health-canada/services/consumer-product-safety/cosmetics/cosmetic-ingredient-hotlist-prohibited-restricted-ingredients.html' AND snapshot_date = '2026-04-18' LIMIT 1));
INSERT INTO ingredient (canonical_id, primary_name, ingredient_class, cas_number, category, is_natural) VALUES ('CAS_52_51_7', '2-Bromo-2-nitropropane-1,3-diol', 'substance', '52-51-7', 'cosmetic', 0) ON CONFLICT(canonical_id) DO NOTHING;
INSERT INTO ingredient_alias (canonical_id, alias, alias_normalized, alias_type, language_code, confidence, source) VALUES ('CAS_52_51_7', '2-Bromo-2-nitropropane-1,3-diol', '2-bromo-2-nitropropane-1,3-diol', 'synonym', 'en', 1.0, 'HC-Hotlist') ON CONFLICT(alias_normalized, alias_type, COALESCE(language_code, '')) DO NOTHING;
INSERT INTO ingredient_alias (canonical_id, alias, alias_normalized, alias_type, language_code, confidence, source) VALUES ('CAS_52_51_7', '52-51-7', '52-51-7', 'cas', NULL, 1.0, 'HC-Hotlist') ON CONFLICT(alias_normalized, alias_type, COALESCE(language_code, '')) DO NOTHING;
INSERT OR IGNORE INTO regulatory_fact (canonical_id, jurisdiction, fact_type, status, regulation_ref, product_category, evidence_id) VALUES ('CAS_52_51_7', 'CA_HC', 'restricted', 'Restricted in cosmetic products (Health Canada Hotlist) — a) Not permitted in cosmetics that contain amines or amides.', 'Health Canada Cosmetic Ingredient Hotlist', 'cosmetic', (SELECT id FROM fact_evidence WHERE source_url = 'https://www.canada.ca/en/health-canada/services/consumer-product-safety/cosmetics/cosmetic-ingredient-hotlist-prohibited-restricted-ingredients.html' AND snapshot_date = '2026-04-18' LIMIT 1));
INSERT INTO ingredient (canonical_id, primary_name, ingredient_class, cas_number, category, is_natural) VALUES ('CAS_30007_47_7', '5-Bromo-5-nitro-1,3-dioxane', 'substance', '30007-47-7', 'cosmetic', 0) ON CONFLICT(canonical_id) DO NOTHING;
INSERT INTO ingredient_alias (canonical_id, alias, alias_normalized, alias_type, language_code, confidence, source) VALUES ('CAS_30007_47_7', '5-Bromo-5-nitro-1,3-dioxane', '5-bromo-5-nitro-1,3-dioxane', 'synonym', 'en', 1.0, 'HC-Hotlist') ON CONFLICT(alias_normalized, alias_type, COALESCE(language_code, '')) DO NOTHING;
INSERT INTO ingredient_alias (canonical_id, alias, alias_normalized, alias_type, language_code, confidence, source) VALUES ('CAS_30007_47_7', '30007-47-7', '30007-47-7', 'cas', NULL, 1.0, 'HC-Hotlist') ON CONFLICT(alias_normalized, alias_type, COALESCE(language_code, '')) DO NOTHING;
INSERT OR IGNORE INTO regulatory_fact (canonical_id, jurisdiction, fact_type, status, regulation_ref, product_category, evidence_id) VALUES ('CAS_30007_47_7', 'CA_HC', 'restricted', 'Restricted in cosmetic products (Health Canada Hotlist) — a) Not permitted in cosmetics that contain amines or amides.', 'Health Canada Cosmetic Ingredient Hotlist', 'cosmetic', (SELECT id FROM fact_evidence WHERE source_url = 'https://www.canada.ca/en/health-canada/services/consumer-product-safety/cosmetics/cosmetic-ingredient-hotlist-prohibited-restricted-ingredients.html' AND snapshot_date = '2026-04-18' LIMIT 1));
INSERT INTO ingredient (canonical_id, primary_name, ingredient_class, cas_number, category, is_natural) VALUES ('CAS_26651_96_7', '7,11-Dimethyl-4,6,10-dodecatrien-3-one', 'substance', '26651-96-7', 'cosmetic', 0) ON CONFLICT(canonical_id) DO NOTHING;
INSERT INTO ingredient_alias (canonical_id, alias, alias_normalized, alias_type, language_code, confidence, source) VALUES ('CAS_26651_96_7', '7,11-Dimethyl-4,6,10-dodecatrien-3-one', '7,11-dimethyl-4,6,10-dodecatrien-3-one', 'synonym', 'en', 1.0, 'HC-Hotlist') ON CONFLICT(alias_normalized, alias_type, COALESCE(language_code, '')) DO NOTHING;
INSERT INTO ingredient_alias (canonical_id, alias, alias_normalized, alias_type, language_code, confidence, source) VALUES ('CAS_26651_96_7', '26651-96-7', '26651-96-7', 'cas', NULL, 1.0, 'HC-Hotlist') ON CONFLICT(alias_normalized, alias_type, COALESCE(language_code, '')) DO NOTHING;
INSERT OR IGNORE INTO regulatory_fact (canonical_id, jurisdiction, fact_type, status, regulation_ref, product_category, evidence_id) VALUES ('CAS_26651_96_7', 'CA_HC', 'restricted', 'Restricted in cosmetic products (Health Canada Hotlist) — 2% as an impurity in methylionones', 'Health Canada Cosmetic Ingredient Hotlist', 'cosmetic', (SELECT id FROM fact_evidence WHERE source_url = 'https://www.canada.ca/en/health-canada/services/consumer-product-safety/cosmetics/cosmetic-ingredient-hotlist-prohibited-restricted-ingredients.html' AND snapshot_date = '2026-04-18' LIMIT 1));
INSERT INTO ingredient (canonical_id, primary_name, ingredient_class, cas_number, category, is_natural) VALUES ('CAS_148_24_3', '8-Hydroxyquinoline and its sulfate', 'substance', '148-24-3', 'cosmetic', 0) ON CONFLICT(canonical_id) DO NOTHING;
INSERT INTO ingredient_alias (canonical_id, alias, alias_normalized, alias_type, language_code, confidence, source) VALUES ('CAS_148_24_3', '8-Hydroxyquinoline and its sulfate', '8-hydroxyquinoline and its sulfate', 'synonym', 'en', 1.0, 'HC-Hotlist') ON CONFLICT(alias_normalized, alias_type, COALESCE(language_code, '')) DO NOTHING;
INSERT INTO ingredient_alias (canonical_id, alias, alias_normalized, alias_type, language_code, confidence, source) VALUES ('CAS_148_24_3', '148-24-3', '148-24-3', 'cas', NULL, 1.0, 'HC-Hotlist') ON CONFLICT(alias_normalized, alias_type, COALESCE(language_code, '')) DO NOTHING;
INSERT OR IGNORE INTO regulatory_fact (canonical_id, jurisdiction, fact_type, status, regulation_ref, product_category, evidence_id) VALUES ('CAS_148_24_3', 'CA_HC', 'restricted', 'Restricted in cosmetic products (Health Canada Hotlist) — a) As stabilizers for hydrogen peroxide in rinse-off hair products a) 0.3%', 'Health Canada Cosmetic Ingredient Hotlist', 'cosmetic', (SELECT id FROM fact_evidence WHERE source_url = 'https://www.canada.ca/en/health-canada/services/consumer-product-safety/cosmetics/cosmetic-ingredient-hotlist-prohibited-restricted-ingredients.html' AND snapshot_date = '2026-04-18' LIMIT 1));
INSERT INTO ingredient (canonical_id, primary_name, ingredient_class, cas_number, category, is_natural) VALUES ('CAS_21109_95_5', 'Alkali earth metal sulfides', 'substance', '21109-95-5', 'cosmetic', 0) ON CONFLICT(canonical_id) DO NOTHING;
INSERT INTO ingredient_alias (canonical_id, alias, alias_normalized, alias_type, language_code, confidence, source) VALUES ('CAS_21109_95_5', 'Alkali earth metal sulfides', 'alkali earth metal sulfides', 'synonym', 'en', 1.0, 'HC-Hotlist') ON CONFLICT(alias_normalized, alias_type, COALESCE(language_code, '')) DO NOTHING;
INSERT INTO ingredient_alias (canonical_id, alias, alias_normalized, alias_type, language_code, confidence, source) VALUES ('CAS_21109_95_5', '21109-95-5', '21109-95-5', 'cas', NULL, 1.0, 'HC-Hotlist') ON CONFLICT(alias_normalized, alias_type, COALESCE(language_code, '')) DO NOTHING;
INSERT OR IGNORE INTO regulatory_fact (canonical_id, jurisdiction, fact_type, status, regulation_ref, product_category, evidence_id) VALUES ('CAS_21109_95_5', 'CA_HC', 'restricted', 'Restricted in cosmetic products (Health Canada Hotlist) — In hair removal (depilatory) products 6% as sulfur', 'Health Canada Cosmetic Ingredient Hotlist', 'cosmetic', (SELECT id FROM fact_evidence WHERE source_url = 'https://www.canada.ca/en/health-canada/services/consumer-product-safety/cosmetics/cosmetic-ingredient-hotlist-prohibited-restricted-ingredients.html' AND snapshot_date = '2026-04-18' LIMIT 1));
INSERT INTO ingredient (canonical_id, primary_name, ingredient_class, cas_number, category, is_natural) VALUES ('CAS_12136_58_2', 'Alkali sulfides', 'substance', '12136-58-2', 'cosmetic', 0) ON CONFLICT(canonical_id) DO NOTHING;
INSERT INTO ingredient_alias (canonical_id, alias, alias_normalized, alias_type, language_code, confidence, source) VALUES ('CAS_12136_58_2', 'Alkali sulfides', 'alkali sulfides', 'synonym', 'en', 1.0, 'HC-Hotlist') ON CONFLICT(alias_normalized, alias_type, COALESCE(language_code, '')) DO NOTHING;
INSERT INTO ingredient_alias (canonical_id, alias, alias_normalized, alias_type, language_code, confidence, source) VALUES ('CAS_12136_58_2', '12136-58-2', '12136-58-2', 'cas', NULL, 1.0, 'HC-Hotlist') ON CONFLICT(alias_normalized, alias_type, COALESCE(language_code, '')) DO NOTHING;
INSERT OR IGNORE INTO regulatory_fact (canonical_id, jurisdiction, fact_type, status, regulation_ref, product_category, evidence_id) VALUES ('CAS_12136_58_2', 'CA_HC', 'restricted', 'Restricted in cosmetic products (Health Canada Hotlist) — In hair removal (depilatory) products 2% as sulfur', 'Health Canada Cosmetic Ingredient Hotlist', 'cosmetic', (SELECT id FROM fact_evidence WHERE source_url = 'https://www.canada.ca/en/health-canada/services/consumer-product-safety/cosmetics/cosmetic-ingredient-hotlist-prohibited-restricted-ingredients.html' AND snapshot_date = '2026-04-18' LIMIT 1));
INSERT INTO ingredient (canonical_id, primary_name, ingredient_class, cas_number, category, is_natural) VALUES ('CAS_77_92_9', 'Alpha-hydroxy acids, including polyhydroxy acids and bionic acids with alpha hydroxyl groups, and their salts', 'substance', '77-92-9', 'cosmetic', 0) ON CONFLICT(canonical_id) DO NOTHING;
INSERT INTO ingredient_alias (canonical_id, alias, alias_normalized, alias_type, language_code, confidence, source) VALUES ('CAS_77_92_9', 'Alpha-hydroxy acids, including polyhydroxy acids and bionic acids with alpha hydroxyl groups, and their salts', 'alpha-hydroxy acids, including polyhydroxy acids and bionic acids with alpha hydroxyl groups, and their salts', 'synonym', 'en', 1.0, 'HC-Hotlist') ON CONFLICT(alias_normalized, alias_type, COALESCE(language_code, '')) DO NOTHING;
INSERT INTO ingredient_alias (canonical_id, alias, alias_normalized, alias_type, language_code, confidence, source) VALUES ('CAS_77_92_9', '77-92-9', '77-92-9', 'cas', NULL, 1.0, 'HC-Hotlist') ON CONFLICT(alias_normalized, alias_type, COALESCE(language_code, '')) DO NOTHING;
INSERT OR IGNORE INTO regulatory_fact (canonical_id, jurisdiction, fact_type, status, regulation_ref, product_category, evidence_id) VALUES ('CAS_77_92_9', 'CA_HC', 'restricted', 'Restricted in cosmetic products (Health Canada Hotlist) — a) Products for use on the skin for consumer use Manufacturer or importer to provide pH levels a) Between 3% and 18% total mono-AHA equivalents with a pH equal to or greater than 3.5', 'Health Canada Cosmetic Ingredient Hotlist', 'cosmetic', (SELECT id FROM fact_evidence WHERE source_url = 'https://www.canada.ca/en/health-canada/services/consumer-product-safety/cosmetics/cosmetic-ingredient-hotlist-prohibited-restricted-ingredients.html' AND snapshot_date = '2026-04-18' LIMIT 1));
INSERT INTO ingredient (canonical_id, primary_name, ingredient_class, cas_number, category, is_natural) VALUES ('CAS_7446_70_0', 'Aluminum chloride', 'substance', '7446-70-0', 'cosmetic', 0) ON CONFLICT(canonical_id) DO NOTHING;
INSERT INTO ingredient_alias (canonical_id, alias, alias_normalized, alias_type, language_code, confidence, source) VALUES ('CAS_7446_70_0', 'Aluminum chloride', 'aluminum chloride', 'synonym', 'en', 1.0, 'HC-Hotlist') ON CONFLICT(alias_normalized, alias_type, COALESCE(language_code, '')) DO NOTHING;
INSERT INTO ingredient_alias (canonical_id, alias, alias_normalized, alias_type, language_code, confidence, source) VALUES ('CAS_7446_70_0', '7446-70-0', '7446-70-0', 'cas', NULL, 1.0, 'HC-Hotlist') ON CONFLICT(alias_normalized, alias_type, COALESCE(language_code, '')) DO NOTHING;
INSERT OR IGNORE INTO regulatory_fact (canonical_id, jurisdiction, fact_type, status, regulation_ref, product_category, evidence_id) VALUES ('CAS_7446_70_0', 'CA_HC', 'restricted', 'Restricted in cosmetic products (Health Canada Hotlist) — a) Deodorants and antiperspirants containing aluminum chloride are not permitted in aerosol dispensers.', 'Health Canada Cosmetic Ingredient Hotlist', 'cosmetic', (SELECT id FROM fact_evidence WHERE source_url = 'https://www.canada.ca/en/health-canada/services/consumer-product-safety/cosmetics/cosmetic-ingredient-hotlist-prohibited-restricted-ingredients.html' AND snapshot_date = '2026-04-18' LIMIT 1));
INSERT INTO ingredient (canonical_id, primary_name, ingredient_class, cas_number, category, is_natural) VALUES ('CAS_12042_91_0', 'Aluminum chlorohydrate and its associated complexes', 'substance', '12042-91-0', 'cosmetic', 0) ON CONFLICT(canonical_id) DO NOTHING;
INSERT INTO ingredient_alias (canonical_id, alias, alias_normalized, alias_type, language_code, confidence, source) VALUES ('CAS_12042_91_0', 'Aluminum chlorohydrate and its associated complexes', 'aluminum chlorohydrate and its associated complexes', 'synonym', 'en', 1.0, 'HC-Hotlist') ON CONFLICT(alias_normalized, alias_type, COALESCE(language_code, '')) DO NOTHING;
INSERT INTO ingredient_alias (canonical_id, alias, alias_normalized, alias_type, language_code, confidence, source) VALUES ('CAS_12042_91_0', '12042-91-0', '12042-91-0', 'cas', NULL, 1.0, 'HC-Hotlist') ON CONFLICT(alias_normalized, alias_type, COALESCE(language_code, '')) DO NOTHING;
INSERT OR IGNORE INTO regulatory_fact (canonical_id, jurisdiction, fact_type, status, regulation_ref, product_category, evidence_id) VALUES ('CAS_12042_91_0', 'CA_HC', 'restricted', 'Restricted in cosmetic products (Health Canada Hotlist) — a) Not permitted in combination with aluminum chloride, other aluminum chlorohydrate complexes or aluminum zirconium complexes.', 'Health Canada Cosmetic Ingredient Hotlist', 'cosmetic', (SELECT id FROM fact_evidence WHERE source_url = 'https://www.canada.ca/en/health-canada/services/consumer-product-safety/cosmetics/cosmetic-ingredient-hotlist-prohibited-restricted-ingredients.html' AND snapshot_date = '2026-04-18' LIMIT 1));
INSERT INTO ingredient (canonical_id, primary_name, ingredient_class, cas_number, category, is_natural) VALUES ('CAS_98106_55_9', 'Aluminum zirconium complexes', 'substance', '98106-55-9', 'cosmetic', 0) ON CONFLICT(canonical_id) DO NOTHING;
INSERT INTO ingredient_alias (canonical_id, alias, alias_normalized, alias_type, language_code, confidence, source) VALUES ('CAS_98106_55_9', 'Aluminum zirconium complexes', 'aluminum zirconium complexes', 'synonym', 'en', 1.0, 'HC-Hotlist') ON CONFLICT(alias_normalized, alias_type, COALESCE(language_code, '')) DO NOTHING;
INSERT INTO ingredient_alias (canonical_id, alias, alias_normalized, alias_type, language_code, confidence, source) VALUES ('CAS_98106_55_9', '98106-55-9', '98106-55-9', 'cas', NULL, 1.0, 'HC-Hotlist') ON CONFLICT(alias_normalized, alias_type, COALESCE(language_code, '')) DO NOTHING;
INSERT OR IGNORE INTO regulatory_fact (canonical_id, jurisdiction, fact_type, status, regulation_ref, product_category, evidence_id) VALUES ('CAS_98106_55_9', 'CA_HC', 'restricted', 'Restricted in cosmetic products (Health Canada Hotlist) — a) Not permitted in deodorants and antiperspirants in aerosol dispensers.', 'Health Canada Cosmetic Ingredient Hotlist', 'cosmetic', (SELECT id FROM fact_evidence WHERE source_url = 'https://www.canada.ca/en/health-canada/services/consumer-product-safety/cosmetics/cosmetic-ingredient-hotlist-prohibited-restricted-ingredients.html' AND snapshot_date = '2026-04-18' LIMIT 1));
INSERT INTO ingredient (canonical_id, primary_name, ingredient_class, cas_number, category, is_natural) VALUES ('CAS_123_99_9', 'Azelaic acid and its salts', 'substance', '123-99-9', 'cosmetic', 0) ON CONFLICT(canonical_id) DO NOTHING;
INSERT INTO ingredient_alias (canonical_id, alias, alias_normalized, alias_type, language_code, confidence, source) VALUES ('CAS_123_99_9', 'Azelaic acid and its salts', 'azelaic acid and its salts', 'synonym', 'en', 1.0, 'HC-Hotlist') ON CONFLICT(alias_normalized, alias_type, COALESCE(language_code, '')) DO NOTHING;
INSERT INTO ingredient_alias (canonical_id, alias, alias_normalized, alias_type, language_code, confidence, source) VALUES ('CAS_123_99_9', '123-99-9', '123-99-9', 'cas', NULL, 1.0, 'HC-Hotlist') ON CONFLICT(alias_normalized, alias_type, COALESCE(language_code, '')) DO NOTHING;
INSERT OR IGNORE INTO regulatory_fact (canonical_id, jurisdiction, fact_type, status, regulation_ref, product_category, evidence_id) VALUES ('CAS_123_99_9', 'CA_HC', 'restricted', 'Restricted in cosmetic products (Health Canada Hotlist) — 14%', 'Health Canada Cosmetic Ingredient Hotlist', 'cosmetic', (SELECT id FROM fact_evidence WHERE source_url = 'https://www.canada.ca/en/health-canada/services/consumer-product-safety/cosmetics/cosmetic-ingredient-hotlist-prohibited-restricted-ingredients.html' AND snapshot_date = '2026-04-18' LIMIT 1));
INSERT OR IGNORE INTO regulatory_fact (canonical_id, jurisdiction, fact_type, status, regulation_ref, product_category, evidence_id) VALUES ('CAS_21109_95_5', 'CA_HC', 'restricted', 'Restricted in cosmetic products (Health Canada Hotlist) — Permitted only as barium sulfide in hair removal products (see " Alkali earth metal sulfides "), as barium sulfate, or as a colouring agent or lake for preparation of other colouring agents.', 'Health Canada Cosmetic Ingredient Hotlist', 'cosmetic', (SELECT id FROM fact_evidence WHERE source_url = 'https://www.canada.ca/en/health-canada/services/consumer-product-safety/cosmetics/cosmetic-ingredient-hotlist-prohibited-restricted-ingredients.html' AND snapshot_date = '2026-04-18' LIMIT 1));
INSERT INTO ingredient (canonical_id, primary_name, ingredient_class, cas_number, category, is_natural) VALUES ('CAS_8001_54_5', 'Benzalkonium chloride', 'substance', '8001-54-5', 'cosmetic', 0) ON CONFLICT(canonical_id) DO NOTHING;
INSERT INTO ingredient_alias (canonical_id, alias, alias_normalized, alias_type, language_code, confidence, source) VALUES ('CAS_8001_54_5', 'Benzalkonium chloride', 'benzalkonium chloride', 'synonym', 'en', 1.0, 'HC-Hotlist') ON CONFLICT(alias_normalized, alias_type, COALESCE(language_code, '')) DO NOTHING;
INSERT INTO ingredient_alias (canonical_id, alias, alias_normalized, alias_type, language_code, confidence, source) VALUES ('CAS_8001_54_5', '8001-54-5', '8001-54-5', 'cas', NULL, 1.0, 'HC-Hotlist') ON CONFLICT(alias_normalized, alias_type, COALESCE(language_code, '')) DO NOTHING;
INSERT OR IGNORE INTO regulatory_fact (canonical_id, jurisdiction, fact_type, status, regulation_ref, product_category, evidence_id) VALUES ('CAS_8001_54_5', 'CA_HC', 'restricted', 'Restricted in cosmetic products (Health Canada Hotlist) — a) As a preservative (i.e. benzalkonium chloride with chain lengths ≤ 14 C). a) 0.1%', 'Health Canada Cosmetic Ingredient Hotlist', 'cosmetic', (SELECT id FROM fact_evidence WHERE source_url = 'https://www.canada.ca/en/health-canada/services/consumer-product-safety/cosmetics/cosmetic-ingredient-hotlist-prohibited-restricted-ingredients.html' AND snapshot_date = '2026-04-18' LIMIT 1));
INSERT INTO ingredient (canonical_id, primary_name, ingredient_class, cas_number, category, is_natural) VALUES ('CAS_121_54_0', 'Benzethonium chloride', 'substance', '121-54-0', 'cosmetic', 0) ON CONFLICT(canonical_id) DO NOTHING;
INSERT INTO ingredient_alias (canonical_id, alias, alias_normalized, alias_type, language_code, confidence, source) VALUES ('CAS_121_54_0', 'Benzethonium chloride', 'benzethonium chloride', 'synonym', 'en', 1.0, 'HC-Hotlist') ON CONFLICT(alias_normalized, alias_type, COALESCE(language_code, '')) DO NOTHING;
INSERT INTO ingredient_alias (canonical_id, alias, alias_normalized, alias_type, language_code, confidence, source) VALUES ('CAS_121_54_0', '121-54-0', '121-54-0', 'cas', NULL, 1.0, 'HC-Hotlist') ON CONFLICT(alias_normalized, alias_type, COALESCE(language_code, '')) DO NOTHING;
INSERT OR IGNORE INTO regulatory_fact (canonical_id, jurisdiction, fact_type, status, regulation_ref, product_category, evidence_id) VALUES ('CAS_121_54_0', 'CA_HC', 'restricted', 'Restricted in cosmetic products (Health Canada Hotlist) — a) Not permitted in products to be applied to mucous membranes.', 'Health Canada Cosmetic Ingredient Hotlist', 'cosmetic', (SELECT id FROM fact_evidence WHERE source_url = 'https://www.canada.ca/en/health-canada/services/consumer-product-safety/cosmetics/cosmetic-ingredient-hotlist-prohibited-restricted-ingredients.html' AND snapshot_date = '2026-04-18' LIMIT 1));
INSERT INTO ingredient (canonical_id, primary_name, ingredient_class, cas_number, category, is_natural) VALUES ('CAS_119_61_9', 'Benzophenone', 'substance', '119-61-9', 'cosmetic', 0) ON CONFLICT(canonical_id) DO NOTHING;
INSERT INTO ingredient_alias (canonical_id, alias, alias_normalized, alias_type, language_code, confidence, source) VALUES ('CAS_119_61_9', 'Benzophenone', 'benzophenone', 'synonym', 'en', 1.0, 'HC-Hotlist') ON CONFLICT(alias_normalized, alias_type, COALESCE(language_code, '')) DO NOTHING;
INSERT INTO ingredient_alias (canonical_id, alias, alias_normalized, alias_type, language_code, confidence, source) VALUES ('CAS_119_61_9', '119-61-9', '119-61-9', 'cas', NULL, 1.0, 'HC-Hotlist') ON CONFLICT(alias_normalized, alias_type, COALESCE(language_code, '')) DO NOTHING;
INSERT OR IGNORE INTO regulatory_fact (canonical_id, jurisdiction, fact_type, status, regulation_ref, product_category, evidence_id) VALUES ('CAS_119_61_9', 'CA_HC', 'restricted', 'Restricted in cosmetic products (Health Canada Hotlist) — 3%', 'Health Canada Cosmetic Ingredient Hotlist', 'cosmetic', (SELECT id FROM fact_evidence WHERE source_url = 'https://www.canada.ca/en/health-canada/services/consumer-product-safety/cosmetics/cosmetic-ingredient-hotlist-prohibited-restricted-ingredients.html' AND snapshot_date = '2026-04-18' LIMIT 1));
INSERT INTO ingredient (canonical_id, primary_name, ingredient_class, cas_number, category, is_natural) VALUES ('CAS_94_36_0', 'Benzoyl peroxide', 'substance', '94-36-0', 'cosmetic', 0) ON CONFLICT(canonical_id) DO NOTHING;
INSERT INTO ingredient_alias (canonical_id, alias, alias_normalized, alias_type, language_code, confidence, source) VALUES ('CAS_94_36_0', 'Benzoyl peroxide', 'benzoyl peroxide', 'synonym', 'en', 1.0, 'HC-Hotlist') ON CONFLICT(alias_normalized, alias_type, COALESCE(language_code, '')) DO NOTHING;
INSERT INTO ingredient_alias (canonical_id, alias, alias_normalized, alias_type, language_code, confidence, source) VALUES ('CAS_94_36_0', '94-36-0', '94-36-0', 'cas', NULL, 1.0, 'HC-Hotlist') ON CONFLICT(alias_normalized, alias_type, COALESCE(language_code, '')) DO NOTHING;
INSERT OR IGNORE INTO regulatory_fact (canonical_id, jurisdiction, fact_type, status, regulation_ref, product_category, evidence_id) VALUES ('CAS_94_36_0', 'CA_HC', 'restricted', 'Restricted in cosmetic products (Health Canada Hotlist) — Permitted only in nail products for professional use 10%', 'Health Canada Cosmetic Ingredient Hotlist', 'cosmetic', (SELECT id FROM fact_evidence WHERE source_url = 'https://www.canada.ca/en/health-canada/services/consumer-product-safety/cosmetics/cosmetic-ingredient-hotlist-prohibited-restricted-ingredients.html' AND snapshot_date = '2026-04-18' LIMIT 1));
INSERT INTO ingredient (canonical_id, primary_name, ingredient_class, cas_number, category, is_natural) VALUES ('CAS_10043_35_3', 'Boric acid and its salts', 'substance', '10043-35-3', 'cosmetic', 0) ON CONFLICT(canonical_id) DO NOTHING;
INSERT INTO ingredient_alias (canonical_id, alias, alias_normalized, alias_type, language_code, confidence, source) VALUES ('CAS_10043_35_3', 'Boric acid and its salts', 'boric acid and its salts', 'synonym', 'en', 1.0, 'HC-Hotlist') ON CONFLICT(alias_normalized, alias_type, COALESCE(language_code, '')) DO NOTHING;
INSERT INTO ingredient_alias (canonical_id, alias, alias_normalized, alias_type, language_code, confidence, source) VALUES ('CAS_10043_35_3', '10043-35-3', '10043-35-3', 'cas', NULL, 1.0, 'HC-Hotlist') ON CONFLICT(alias_normalized, alias_type, COALESCE(language_code, '')) DO NOTHING;
INSERT OR IGNORE INTO regulatory_fact (canonical_id, jurisdiction, fact_type, status, regulation_ref, product_category, evidence_id) VALUES ('CAS_10043_35_3', 'CA_HC', 'restricted', 'Restricted in cosmetic products (Health Canada Hotlist) — a) As a pH adjuster a) 0.1%', 'Health Canada Cosmetic Ingredient Hotlist', 'cosmetic', (SELECT id FROM fact_evidence WHERE source_url = 'https://www.canada.ca/en/health-canada/services/consumer-product-safety/cosmetics/cosmetic-ingredient-hotlist-prohibited-restricted-ingredients.html' AND snapshot_date = '2026-04-18' LIMIT 1));
INSERT INTO ingredient (canonical_id, primary_name, ingredient_class, cas_number, category, is_natural) VALUES ('CAS_357_57_3', 'Brucine', 'substance', '357-57-3', 'cosmetic', 0) ON CONFLICT(canonical_id) DO NOTHING;
INSERT INTO ingredient_alias (canonical_id, alias, alias_normalized, alias_type, language_code, confidence, source) VALUES ('CAS_357_57_3', 'Brucine', 'brucine', 'synonym', 'en', 1.0, 'HC-Hotlist') ON CONFLICT(alias_normalized, alias_type, COALESCE(language_code, '')) DO NOTHING;
INSERT INTO ingredient_alias (canonical_id, alias, alias_normalized, alias_type, language_code, confidence, source) VALUES ('CAS_357_57_3', '357-57-3', '357-57-3', 'cas', NULL, 1.0, 'HC-Hotlist') ON CONFLICT(alias_normalized, alias_type, COALESCE(language_code, '')) DO NOTHING;
INSERT OR IGNORE INTO regulatory_fact (canonical_id, jurisdiction, fact_type, status, regulation_ref, product_category, evidence_id) VALUES ('CAS_357_57_3', 'CA_HC', 'restricted', 'Restricted in cosmetic products (Health Canada Hotlist) — 0.1%', 'Health Canada Cosmetic Ingredient Hotlist', 'cosmetic', (SELECT id FROM fact_evidence WHERE source_url = 'https://www.canada.ca/en/health-canada/services/consumer-product-safety/cosmetics/cosmetic-ingredient-hotlist-prohibited-restricted-ingredients.html' AND snapshot_date = '2026-04-18' LIMIT 1));
INSERT INTO ingredient (canonical_id, primary_name, ingredient_class, cas_number, category, is_natural) VALUES ('CAS_106_97_8', 'Butane', 'substance', '106-97-8', 'cosmetic', 0) ON CONFLICT(canonical_id) DO NOTHING;
INSERT INTO ingredient_alias (canonical_id, alias, alias_normalized, alias_type, language_code, confidence, source) VALUES ('CAS_106_97_8', 'Butane', 'butane', 'synonym', 'en', 1.0, 'HC-Hotlist') ON CONFLICT(alias_normalized, alias_type, COALESCE(language_code, '')) DO NOTHING;
INSERT INTO ingredient_alias (canonical_id, alias, alias_normalized, alias_type, language_code, confidence, source) VALUES ('CAS_106_97_8', '106-97-8', '106-97-8', 'cas', NULL, 1.0, 'HC-Hotlist') ON CONFLICT(alias_normalized, alias_type, COALESCE(language_code, '')) DO NOTHING;
INSERT OR IGNORE INTO regulatory_fact (canonical_id, jurisdiction, fact_type, status, regulation_ref, product_category, evidence_id) VALUES ('CAS_106_97_8', 'CA_HC', 'restricted', 'Restricted in cosmetic products (Health Canada Hotlist) — 0.1% w/w of 1,3-butadiene (106-99-0)', 'Health Canada Cosmetic Ingredient Hotlist', 'cosmetic', (SELECT id FROM fact_evidence WHERE source_url = 'https://www.canada.ca/en/health-canada/services/consumer-product-safety/cosmetics/cosmetic-ingredient-hotlist-prohibited-restricted-ingredients.html' AND snapshot_date = '2026-04-18' LIMIT 1));
INSERT INTO ingredient (canonical_id, primary_name, ingredient_class, cas_number, category, is_natural) VALUES ('CAS_111_76_2', 'Butoxyethanol', 'substance', '111-76-2', 'cosmetic', 0) ON CONFLICT(canonical_id) DO NOTHING;
INSERT INTO ingredient_alias (canonical_id, alias, alias_normalized, alias_type, language_code, confidence, source) VALUES ('CAS_111_76_2', 'Butoxyethanol', 'butoxyethanol', 'synonym', 'en', 1.0, 'HC-Hotlist') ON CONFLICT(alias_normalized, alias_type, COALESCE(language_code, '')) DO NOTHING;
INSERT INTO ingredient_alias (canonical_id, alias, alias_normalized, alias_type, language_code, confidence, source) VALUES ('CAS_111_76_2', '111-76-2', '111-76-2', 'cas', NULL, 1.0, 'HC-Hotlist') ON CONFLICT(alias_normalized, alias_type, COALESCE(language_code, '')) DO NOTHING;
INSERT OR IGNORE INTO regulatory_fact (canonical_id, jurisdiction, fact_type, status, regulation_ref, product_category, evidence_id) VALUES ('CAS_111_76_2', 'CA_HC', 'restricted', 'Restricted in cosmetic products (Health Canada Hotlist) — Permitted in hair dyes and nail products only. 10%', 'Health Canada Cosmetic Ingredient Hotlist', 'cosmetic', (SELECT id FROM fact_evidence WHERE source_url = 'https://www.canada.ca/en/health-canada/services/consumer-product-safety/cosmetics/cosmetic-ingredient-hotlist-prohibited-restricted-ingredients.html' AND snapshot_date = '2026-04-18' LIMIT 1));
INSERT INTO ingredient (canonical_id, primary_name, ingredient_class, cas_number, category, is_natural) VALUES ('CAS_1305_79_9', 'Calcium peroxide', 'substance', '1305-79-9', 'cosmetic', 0) ON CONFLICT(canonical_id) DO NOTHING;
INSERT INTO ingredient_alias (canonical_id, alias, alias_normalized, alias_type, language_code, confidence, source) VALUES ('CAS_1305_79_9', 'Calcium peroxide', 'calcium peroxide', 'synonym', 'en', 1.0, 'HC-Hotlist') ON CONFLICT(alias_normalized, alias_type, COALESCE(language_code, '')) DO NOTHING;
INSERT INTO ingredient_alias (canonical_id, alias, alias_normalized, alias_type, language_code, confidence, source) VALUES ('CAS_1305_79_9', '1305-79-9', '1305-79-9', 'cas', NULL, 1.0, 'HC-Hotlist') ON CONFLICT(alias_normalized, alias_type, COALESCE(language_code, '')) DO NOTHING;
INSERT OR IGNORE INTO regulatory_fact (canonical_id, jurisdiction, fact_type, status, regulation_ref, product_category, evidence_id) VALUES ('CAS_1305_79_9', 'CA_HC', 'restricted', 'Restricted in cosmetic products (Health Canada Hotlist) — See " Peroxide and peroxide-generating compounds ".', 'Health Canada Cosmetic Ingredient Hotlist', 'cosmetic', (SELECT id FROM fact_evidence WHERE source_url = 'https://www.canada.ca/en/health-canada/services/consumer-product-safety/cosmetics/cosmetic-ingredient-hotlist-prohibited-restricted-ingredients.html' AND snapshot_date = '2026-04-18' LIMIT 1));
INSERT INTO ingredient (canonical_id, primary_name, ingredient_class, cas_number, category, is_natural) VALUES ('CAS_76_22_2', 'Camphor', 'substance', '76-22-2', 'cosmetic', 0) ON CONFLICT(canonical_id) DO NOTHING;
INSERT INTO ingredient_alias (canonical_id, alias, alias_normalized, alias_type, language_code, confidence, source) VALUES ('CAS_76_22_2', 'Camphor', 'camphor', 'synonym', 'en', 1.0, 'HC-Hotlist') ON CONFLICT(alias_normalized, alias_type, COALESCE(language_code, '')) DO NOTHING;
INSERT INTO ingredient_alias (canonical_id, alias, alias_normalized, alias_type, language_code, confidence, source) VALUES ('CAS_76_22_2', '76-22-2', '76-22-2', 'cas', NULL, 1.0, 'HC-Hotlist') ON CONFLICT(alias_normalized, alias_type, COALESCE(language_code, '')) DO NOTHING;
INSERT OR IGNORE INTO regulatory_fact (canonical_id, jurisdiction, fact_type, status, regulation_ref, product_category, evidence_id) VALUES ('CAS_76_22_2', 'CA_HC', 'restricted', 'Restricted in cosmetic products (Health Canada Hotlist) — 3%', 'Health Canada Cosmetic Ingredient Hotlist', 'cosmetic', (SELECT id FROM fact_evidence WHERE source_url = 'https://www.canada.ca/en/health-canada/services/consumer-product-safety/cosmetics/cosmetic-ingredient-hotlist-prohibited-restricted-ingredients.html' AND snapshot_date = '2026-04-18' LIMIT 1));
INSERT INTO ingredient (canonical_id, primary_name, ingredient_class, cas_number, category, is_natural) VALUES ('CAS_8016_24_8', 'Cannabis spp. derivatives or a product made from those derivatives that are exempt from the application of the Cannabis Act', 'substance', '8016-24-8', 'cosmetic', 0) ON CONFLICT(canonical_id) DO NOTHING;
INSERT INTO ingredient_alias (canonical_id, alias, alias_normalized, alias_type, language_code, confidence, source) VALUES ('CAS_8016_24_8', 'Cannabis spp. derivatives or a product made from those derivatives that are exempt from the application of the Cannabis Act', 'cannabis spp. derivatives or a product made from those derivatives that are exempt from the application of the cannabis act', 'synonym', 'en', 1.0, 'HC-Hotlist') ON CONFLICT(alias_normalized, alias_type, COALESCE(language_code, '')) DO NOTHING;
INSERT INTO ingredient_alias (canonical_id, alias, alias_normalized, alias_type, language_code, confidence, source) VALUES ('CAS_8016_24_8', '8016-24-8', '8016-24-8', 'cas', NULL, 1.0, 'HC-Hotlist') ON CONFLICT(alias_normalized, alias_type, COALESCE(language_code, '')) DO NOTHING;
INSERT OR IGNORE INTO regulatory_fact (canonical_id, jurisdiction, fact_type, status, regulation_ref, product_category, evidence_id) VALUES ('CAS_8016_24_8', 'CA_HC', 'restricted', 'Restricted in cosmetic products (Health Canada Hotlist) — Cosmetics must not contain an isolated or concentrated phytocannabinoid or a synthetic duplicate of that phytocannabinoid', 'Health Canada Cosmetic Ingredient Hotlist', 'cosmetic', (SELECT id FROM fact_evidence WHERE source_url = 'https://www.canada.ca/en/health-canada/services/consumer-product-safety/cosmetics/cosmetic-ingredient-hotlist-prohibited-restricted-ingredients.html' AND snapshot_date = '2026-04-18' LIMIT 1));
INSERT INTO ingredient (canonical_id, primary_name, ingredient_class, cas_number, category, is_natural) VALUES ('CAS_9001_05_2', 'Catalase', 'substance', '9001-05-2', 'cosmetic', 0) ON CONFLICT(canonical_id) DO NOTHING;
INSERT INTO ingredient_alias (canonical_id, alias, alias_normalized, alias_type, language_code, confidence, source) VALUES ('CAS_9001_05_2', 'Catalase', 'catalase', 'synonym', 'en', 1.0, 'HC-Hotlist') ON CONFLICT(alias_normalized, alias_type, COALESCE(language_code, '')) DO NOTHING;
INSERT INTO ingredient_alias (canonical_id, alias, alias_normalized, alias_type, language_code, confidence, source) VALUES ('CAS_9001_05_2', '9001-05-2', '9001-05-2', 'cas', NULL, 1.0, 'HC-Hotlist') ON CONFLICT(alias_normalized, alias_type, COALESCE(language_code, '')) DO NOTHING;
INSERT OR IGNORE INTO regulatory_fact (canonical_id, jurisdiction, fact_type, status, regulation_ref, product_category, evidence_id) VALUES ('CAS_9001_05_2', 'CA_HC', 'restricted', 'Restricted in cosmetic products (Health Canada Hotlist)', 'Health Canada Cosmetic Ingredient Hotlist', 'cosmetic', (SELECT id FROM fact_evidence WHERE source_url = 'https://www.canada.ca/en/health-canada/services/consumer-product-safety/cosmetics/cosmetic-ingredient-hotlist-prohibited-restricted-ingredients.html' AND snapshot_date = '2026-04-18' LIMIT 1));
INSERT INTO ingredient (canonical_id, primary_name, ingredient_class, cas_number, category, is_natural) VALUES ('CAS_55_56_1', 'Chlorhexidine and its salts', 'substance', '55-56-1', 'cosmetic', 0) ON CONFLICT(canonical_id) DO NOTHING;
INSERT INTO ingredient_alias (canonical_id, alias, alias_normalized, alias_type, language_code, confidence, source) VALUES ('CAS_55_56_1', 'Chlorhexidine and its salts', 'chlorhexidine and its salts', 'synonym', 'en', 1.0, 'HC-Hotlist') ON CONFLICT(alias_normalized, alias_type, COALESCE(language_code, '')) DO NOTHING;
INSERT INTO ingredient_alias (canonical_id, alias, alias_normalized, alias_type, language_code, confidence, source) VALUES ('CAS_55_56_1', '55-56-1', '55-56-1', 'cas', NULL, 1.0, 'HC-Hotlist') ON CONFLICT(alias_normalized, alias_type, COALESCE(language_code, '')) DO NOTHING;
INSERT OR IGNORE INTO regulatory_fact (canonical_id, jurisdiction, fact_type, status, regulation_ref, product_category, evidence_id) VALUES ('CAS_55_56_1', 'CA_HC', 'restricted', 'Restricted in cosmetic products (Health Canada Hotlist) — a) 0.14% calculated as chlorhexidine free base', 'Health Canada Cosmetic Ingredient Hotlist', 'cosmetic', (SELECT id FROM fact_evidence WHERE source_url = 'https://www.canada.ca/en/health-canada/services/consumer-product-safety/cosmetics/cosmetic-ingredient-hotlist-prohibited-restricted-ingredients.html' AND snapshot_date = '2026-04-18' LIMIT 1));
INSERT INTO ingredient (canonical_id, primary_name, ingredient_class, cas_number, category, is_natural) VALUES ('CAS_67_97_0', 'Cholecalciferol', 'substance', '67-97-0', 'cosmetic', 0) ON CONFLICT(canonical_id) DO NOTHING;
INSERT INTO ingredient_alias (canonical_id, alias, alias_normalized, alias_type, language_code, confidence, source) VALUES ('CAS_67_97_0', 'Cholecalciferol', 'cholecalciferol', 'synonym', 'en', 1.0, 'HC-Hotlist') ON CONFLICT(alias_normalized, alias_type, COALESCE(language_code, '')) DO NOTHING;
INSERT INTO ingredient_alias (canonical_id, alias, alias_normalized, alias_type, language_code, confidence, source) VALUES ('CAS_67_97_0', '67-97-0', '67-97-0', 'cas', NULL, 1.0, 'HC-Hotlist') ON CONFLICT(alias_normalized, alias_type, COALESCE(language_code, '')) DO NOTHING;
INSERT OR IGNORE INTO regulatory_fact (canonical_id, jurisdiction, fact_type, status, regulation_ref, product_category, evidence_id) VALUES ('CAS_67_97_0', 'CA_HC', 'restricted', 'Restricted in cosmetic products (Health Canada Hotlist) — Average daily absorption must be equal to or less than 25 µg per day.', 'Health Canada Cosmetic Ingredient Hotlist', 'cosmetic', (SELECT id FROM fact_evidence WHERE source_url = 'https://www.canada.ca/en/health-canada/services/consumer-product-safety/cosmetics/cosmetic-ingredient-hotlist-prohibited-restricted-ingredients.html' AND snapshot_date = '2026-04-18' LIMIT 1));
INSERT OR IGNORE INTO regulatory_fact (canonical_id, jurisdiction, fact_type, status, regulation_ref, product_category, evidence_id) VALUES ('CAS_77_92_9', 'CA_HC', 'restricted', 'Restricted in cosmetic products (Health Canada Hotlist) — See " Alpha-hydroxy acids ".', 'Health Canada Cosmetic Ingredient Hotlist', 'cosmetic', (SELECT id FROM fact_evidence WHERE source_url = 'https://www.canada.ca/en/health-canada/services/consumer-product-safety/cosmetics/cosmetic-ingredient-hotlist-prohibited-restricted-ingredients.html' AND snapshot_date = '2026-04-18' LIMIT 1));
INSERT INTO ingredient (canonical_id, primary_name, ingredient_class, cas_number, category, is_natural) VALUES ('CAS_8014_17_3', 'Citrus reticulata leaf oil', 'substance', '8014-17-3', 'cosmetic', 0) ON CONFLICT(canonical_id) DO NOTHING;
INSERT INTO ingredient_alias (canonical_id, alias, alias_normalized, alias_type, language_code, confidence, source) VALUES ('CAS_8014_17_3', 'Citrus reticulata leaf oil', 'citrus reticulata leaf oil', 'synonym', 'en', 1.0, 'HC-Hotlist') ON CONFLICT(alias_normalized, alias_type, COALESCE(language_code, '')) DO NOTHING;
INSERT INTO ingredient_alias (canonical_id, alias, alias_normalized, alias_type, language_code, confidence, source) VALUES ('CAS_8014_17_3', '8014-17-3', '8014-17-3', 'cas', NULL, 1.0, 'HC-Hotlist') ON CONFLICT(alias_normalized, alias_type, COALESCE(language_code, '')) DO NOTHING;
INSERT OR IGNORE INTO regulatory_fact (canonical_id, jurisdiction, fact_type, status, regulation_ref, product_category, evidence_id) VALUES ('CAS_8014_17_3', 'CA_HC', 'restricted', 'Restricted in cosmetic products (Health Canada Hotlist) — a) Leave-on products 0.1%', 'Health Canada Cosmetic Ingredient Hotlist', 'cosmetic', (SELECT id FROM fact_evidence WHERE source_url = 'https://www.canada.ca/en/health-canada/services/consumer-product-safety/cosmetics/cosmetic-ingredient-hotlist-prohibited-restricted-ingredients.html' AND snapshot_date = '2026-04-18' LIMIT 1));
INSERT INTO ingredient (canonical_id, primary_name, ingredient_class, cas_number, category, is_natural) VALUES ('CAS_95_70_5', 'Coal tar dye', 'substance', '95-70-5', 'cosmetic', 0) ON CONFLICT(canonical_id) DO NOTHING;
INSERT INTO ingredient_alias (canonical_id, alias, alias_normalized, alias_type, language_code, confidence, source) VALUES ('CAS_95_70_5', 'Coal tar dye', 'coal tar dye', 'synonym', 'en', 1.0, 'HC-Hotlist') ON CONFLICT(alias_normalized, alias_type, COALESCE(language_code, '')) DO NOTHING;
INSERT INTO ingredient_alias (canonical_id, alias, alias_normalized, alias_type, language_code, confidence, source) VALUES ('CAS_95_70_5', '95-70-5', '95-70-5', 'cas', NULL, 1.0, 'HC-Hotlist') ON CONFLICT(alias_normalized, alias_type, COALESCE(language_code, '')) DO NOTHING;
INSERT OR IGNORE INTO regulatory_fact (canonical_id, jurisdiction, fact_type, status, regulation_ref, product_category, evidence_id) VALUES ('CAS_95_70_5', 'CA_HC', 'restricted', 'Restricted in cosmetic products (Health Canada Hotlist) — a) Not permitted in the area of the eye as indicated in section 14 of the Cosmetic Regulations.', 'Health Canada Cosmetic Ingredient Hotlist', 'cosmetic', (SELECT id FROM fact_evidence WHERE source_url = 'https://www.canada.ca/en/health-canada/services/consumer-product-safety/cosmetics/cosmetic-ingredient-hotlist-prohibited-restricted-ingredients.html' AND snapshot_date = '2026-04-18' LIMIT 1));
INSERT INTO ingredient (canonical_id, primary_name, ingredient_class, cas_number, category, is_natural) VALUES ('CAS_7085_85_0', 'Cyanoacrylate-based adhesives', 'substance', '7085-85-0', 'cosmetic', 0) ON CONFLICT(canonical_id) DO NOTHING;
INSERT INTO ingredient_alias (canonical_id, alias, alias_normalized, alias_type, language_code, confidence, source) VALUES ('CAS_7085_85_0', 'Cyanoacrylate-based adhesives', 'cyanoacrylate-based adhesives', 'synonym', 'en', 1.0, 'HC-Hotlist') ON CONFLICT(alias_normalized, alias_type, COALESCE(language_code, '')) DO NOTHING;
INSERT INTO ingredient_alias (canonical_id, alias, alias_normalized, alias_type, language_code, confidence, source) VALUES ('CAS_7085_85_0', '7085-85-0', '7085-85-0', 'cas', NULL, 1.0, 'HC-Hotlist') ON CONFLICT(alias_normalized, alias_type, COALESCE(language_code, '')) DO NOTHING;
INSERT OR IGNORE INTO regulatory_fact (canonical_id, jurisdiction, fact_type, status, regulation_ref, product_category, evidence_id) VALUES ('CAS_7085_85_0', 'CA_HC', 'restricted', 'Restricted in cosmetic products (Health Canada Hotlist) — a) Cyanoacrylate adhesives for eyelash extensions must be sold for professional use only (i.e., not for direct sale to consumers).', 'Health Canada Cosmetic Ingredient Hotlist', 'cosmetic', (SELECT id FROM fact_evidence WHERE source_url = 'https://www.canada.ca/en/health-canada/services/consumer-product-safety/cosmetics/cosmetic-ingredient-hotlist-prohibited-restricted-ingredients.html' AND snapshot_date = '2026-04-18' LIMIT 1));
INSERT INTO ingredient (canonical_id, primary_name, ingredient_class, cas_number, category, is_natural) VALUES ('CAS_111_46_6', 'Diethylene glycol', 'substance', '111-46-6', 'cosmetic', 0) ON CONFLICT(canonical_id) DO NOTHING;
INSERT INTO ingredient_alias (canonical_id, alias, alias_normalized, alias_type, language_code, confidence, source) VALUES ('CAS_111_46_6', 'Diethylene glycol', 'diethylene glycol', 'synonym', 'en', 1.0, 'HC-Hotlist') ON CONFLICT(alias_normalized, alias_type, COALESCE(language_code, '')) DO NOTHING;
INSERT INTO ingredient_alias (canonical_id, alias, alias_normalized, alias_type, language_code, confidence, source) VALUES ('CAS_111_46_6', '111-46-6', '111-46-6', 'cas', NULL, 1.0, 'HC-Hotlist') ON CONFLICT(alias_normalized, alias_type, COALESCE(language_code, '')) DO NOTHING;
INSERT OR IGNORE INTO regulatory_fact (canonical_id, jurisdiction, fact_type, status, regulation_ref, product_category, evidence_id) VALUES ('CAS_111_46_6', 'CA_HC', 'restricted', 'Restricted in cosmetic products (Health Canada Hotlist) — Not permitted in oral or leave-on products (see also " Glycerin ").', 'Health Canada Cosmetic Ingredient Hotlist', 'cosmetic', (SELECT id FROM fact_evidence WHERE source_url = 'https://www.canada.ca/en/health-canada/services/consumer-product-safety/cosmetics/cosmetic-ingredient-hotlist-prohibited-restricted-ingredients.html' AND snapshot_date = '2026-04-18' LIMIT 1));
INSERT INTO ingredient (canonical_id, primary_name, ingredient_class, cas_number, category, is_natural) VALUES ('CAS_103_23_1', 'Diethylhexyl Adipate', 'substance', '103-23-1', 'cosmetic', 0) ON CONFLICT(canonical_id) DO NOTHING;
INSERT INTO ingredient_alias (canonical_id, alias, alias_normalized, alias_type, language_code, confidence, source) VALUES ('CAS_103_23_1', 'Diethylhexyl Adipate', 'diethylhexyl adipate', 'synonym', 'en', 1.0, 'HC-Hotlist') ON CONFLICT(alias_normalized, alias_type, COALESCE(language_code, '')) DO NOTHING;
INSERT INTO ingredient_alias (canonical_id, alias, alias_normalized, alias_type, language_code, confidence, source) VALUES ('CAS_103_23_1', '103-23-1', '103-23-1', 'cas', NULL, 1.0, 'HC-Hotlist') ON CONFLICT(alias_normalized, alias_type, COALESCE(language_code, '')) DO NOTHING;
INSERT OR IGNORE INTO regulatory_fact (canonical_id, jurisdiction, fact_type, status, regulation_ref, product_category, evidence_id) VALUES ('CAS_103_23_1', 'CA_HC', 'restricted', 'Restricted in cosmetic products (Health Canada Hotlist) — a) Leave-on body moisturizers a) 6.0%', 'Health Canada Cosmetic Ingredient Hotlist', 'cosmetic', (SELECT id FROM fact_evidence WHERE source_url = 'https://www.canada.ca/en/health-canada/services/consumer-product-safety/cosmetics/cosmetic-ingredient-hotlist-prohibited-restricted-ingredients.html' AND snapshot_date = '2026-04-18' LIMIT 1));
INSERT INTO ingredient (canonical_id, primary_name, ingredient_class, cas_number, category, is_natural) VALUES ('CAS_119_84_6', 'Dihydrocoumarin', 'substance', '119-84-6', 'cosmetic', 0) ON CONFLICT(canonical_id) DO NOTHING;
INSERT INTO ingredient_alias (canonical_id, alias, alias_normalized, alias_type, language_code, confidence, source) VALUES ('CAS_119_84_6', 'Dihydrocoumarin', 'dihydrocoumarin', 'synonym', 'en', 1.0, 'HC-Hotlist') ON CONFLICT(alias_normalized, alias_type, COALESCE(language_code, '')) DO NOTHING;
INSERT INTO ingredient_alias (canonical_id, alias, alias_normalized, alias_type, language_code, confidence, source) VALUES ('CAS_119_84_6', '119-84-6', '119-84-6', 'cas', NULL, 1.0, 'HC-Hotlist') ON CONFLICT(alias_normalized, alias_type, COALESCE(language_code, '')) DO NOTHING;
INSERT OR IGNORE INTO regulatory_fact (canonical_id, jurisdiction, fact_type, status, regulation_ref, product_category, evidence_id) VALUES ('CAS_119_84_6', 'CA_HC', 'restricted', 'Restricted in cosmetic products (Health Canada Hotlist) — a) Leave-on products 0.035%', 'Health Canada Cosmetic Ingredient Hotlist', 'cosmetic', (SELECT id FROM fact_evidence WHERE source_url = 'https://www.canada.ca/en/health-canada/services/consumer-product-safety/cosmetics/cosmetic-ingredient-hotlist-prohibited-restricted-ingredients.html' AND snapshot_date = '2026-04-18' LIMIT 1));
INSERT INTO ingredient (canonical_id, primary_name, ingredient_class, cas_number, category, is_natural) VALUES ('CAS_50_14_6', 'Ergocalciferol', 'substance', '50-14-6', 'cosmetic', 0) ON CONFLICT(canonical_id) DO NOTHING;
INSERT INTO ingredient_alias (canonical_id, alias, alias_normalized, alias_type, language_code, confidence, source) VALUES ('CAS_50_14_6', 'Ergocalciferol', 'ergocalciferol', 'synonym', 'en', 1.0, 'HC-Hotlist') ON CONFLICT(alias_normalized, alias_type, COALESCE(language_code, '')) DO NOTHING;
INSERT INTO ingredient_alias (canonical_id, alias, alias_normalized, alias_type, language_code, confidence, source) VALUES ('CAS_50_14_6', '50-14-6', '50-14-6', 'cas', NULL, 1.0, 'HC-Hotlist') ON CONFLICT(alias_normalized, alias_type, COALESCE(language_code, '')) DO NOTHING;
INSERT OR IGNORE INTO regulatory_fact (canonical_id, jurisdiction, fact_type, status, regulation_ref, product_category, evidence_id) VALUES ('CAS_50_14_6', 'CA_HC', 'restricted', 'Restricted in cosmetic products (Health Canada Hotlist) — Average daily absorption should be equal to or less than 25 µg per day.', 'Health Canada Cosmetic Ingredient Hotlist', 'cosmetic', (SELECT id FROM fact_evidence WHERE source_url = 'https://www.canada.ca/en/health-canada/services/consumer-product-safety/cosmetics/cosmetic-ingredient-hotlist-prohibited-restricted-ingredients.html' AND snapshot_date = '2026-04-18' LIMIT 1));
INSERT INTO ingredient (canonical_id, primary_name, ingredient_class, cas_number, category, is_natural) VALUES ('CAS_7425_14_1', 'Ethylhexyl Ethylhexanoate', 'substance', '7425-14-1', 'cosmetic', 0) ON CONFLICT(canonical_id) DO NOTHING;
INSERT INTO ingredient_alias (canonical_id, alias, alias_normalized, alias_type, language_code, confidence, source) VALUES ('CAS_7425_14_1', 'Ethylhexyl Ethylhexanoate', 'ethylhexyl ethylhexanoate', 'synonym', 'en', 1.0, 'HC-Hotlist') ON CONFLICT(alias_normalized, alias_type, COALESCE(language_code, '')) DO NOTHING;
INSERT INTO ingredient_alias (canonical_id, alias, alias_normalized, alias_type, language_code, confidence, source) VALUES ('CAS_7425_14_1', '7425-14-1', '7425-14-1', 'cas', NULL, 1.0, 'HC-Hotlist') ON CONFLICT(alias_normalized, alias_type, COALESCE(language_code, '')) DO NOTHING;
INSERT OR IGNORE INTO regulatory_fact (canonical_id, jurisdiction, fact_type, status, regulation_ref, product_category, evidence_id) VALUES ('CAS_7425_14_1', 'CA_HC', 'restricted', 'Restricted in cosmetic products (Health Canada Hotlist) — a) Body lotion 0.1%', 'Health Canada Cosmetic Ingredient Hotlist', 'cosmetic', (SELECT id FROM fact_evidence WHERE source_url = 'https://www.canada.ca/en/health-canada/services/consumer-product-safety/cosmetics/cosmetic-ingredient-hotlist-prohibited-restricted-ingredients.html' AND snapshot_date = '2026-04-18' LIMIT 1));
INSERT INTO ingredient (canonical_id, primary_name, ingredient_class, cas_number, category, is_natural) VALUES ('CAS_97_63_2', 'Ethyl methacrylate', 'substance', '97-63-2', 'cosmetic', 0) ON CONFLICT(canonical_id) DO NOTHING;
INSERT INTO ingredient_alias (canonical_id, alias, alias_normalized, alias_type, language_code, confidence, source) VALUES ('CAS_97_63_2', 'Ethyl methacrylate', 'ethyl methacrylate', 'synonym', 'en', 1.0, 'HC-Hotlist') ON CONFLICT(alias_normalized, alias_type, COALESCE(language_code, '')) DO NOTHING;
INSERT INTO ingredient_alias (canonical_id, alias, alias_normalized, alias_type, language_code, confidence, source) VALUES ('CAS_97_63_2', '97-63-2', '97-63-2', 'cas', NULL, 1.0, 'HC-Hotlist') ON CONFLICT(alias_normalized, alias_type, COALESCE(language_code, '')) DO NOTHING;
INSERT OR IGNORE INTO regulatory_fact (canonical_id, jurisdiction, fact_type, status, regulation_ref, product_category, evidence_id) VALUES ('CAS_97_63_2', 'CA_HC', 'restricted', 'Restricted in cosmetic products (Health Canada Hotlist)', 'Health Canada Cosmetic Ingredient Hotlist', 'cosmetic', (SELECT id FROM fact_evidence WHERE source_url = 'https://www.canada.ca/en/health-canada/services/consumer-product-safety/cosmetics/cosmetic-ingredient-hotlist-prohibited-restricted-ingredients.html' AND snapshot_date = '2026-04-18' LIMIT 1));
INSERT INTO ingredient (canonical_id, primary_name, ingredient_class, cas_number, category, is_natural) VALUES ('CAS_8000_48_4', 'Eucalyptus oil', 'substance', '8000-48-4', 'cosmetic', 0) ON CONFLICT(canonical_id) DO NOTHING;
INSERT INTO ingredient_alias (canonical_id, alias, alias_normalized, alias_type, language_code, confidence, source) VALUES ('CAS_8000_48_4', 'Eucalyptus oil', 'eucalyptus oil', 'synonym', 'en', 1.0, 'HC-Hotlist') ON CONFLICT(alias_normalized, alias_type, COALESCE(language_code, '')) DO NOTHING;
INSERT INTO ingredient_alias (canonical_id, alias, alias_normalized, alias_type, language_code, confidence, source) VALUES ('CAS_8000_48_4', '8000-48-4', '8000-48-4', 'cas', NULL, 1.0, 'HC-Hotlist') ON CONFLICT(alias_normalized, alias_type, COALESCE(language_code, '')) DO NOTHING;
INSERT OR IGNORE INTO regulatory_fact (canonical_id, jurisdiction, fact_type, status, regulation_ref, product_category, evidence_id) VALUES ('CAS_8000_48_4', 'CA_HC', 'restricted', 'Restricted in cosmetic products (Health Canada Hotlist) — a) Cosmetics in solid forms', 'Health Canada Cosmetic Ingredient Hotlist', 'cosmetic', (SELECT id FROM fact_evidence WHERE source_url = 'https://www.canada.ca/en/health-canada/services/consumer-product-safety/cosmetics/cosmetic-ingredient-hotlist-prohibited-restricted-ingredients.html' AND snapshot_date = '2026-04-18' LIMIT 1));
INSERT INTO ingredient (canonical_id, primary_name, ingredient_class, cas_number, category, is_natural) VALUES ('CAS_16984_48_8', 'Fluoride containing substances', 'substance', '16984-48-8', 'cosmetic', 0) ON CONFLICT(canonical_id) DO NOTHING;
INSERT INTO ingredient_alias (canonical_id, alias, alias_normalized, alias_type, language_code, confidence, source) VALUES ('CAS_16984_48_8', 'Fluoride containing substances', 'fluoride containing substances', 'synonym', 'en', 1.0, 'HC-Hotlist') ON CONFLICT(alias_normalized, alias_type, COALESCE(language_code, '')) DO NOTHING;
INSERT INTO ingredient_alias (canonical_id, alias, alias_normalized, alias_type, language_code, confidence, source) VALUES ('CAS_16984_48_8', '16984-48-8', '16984-48-8', 'cas', NULL, 1.0, 'HC-Hotlist') ON CONFLICT(alias_normalized, alias_type, COALESCE(language_code, '')) DO NOTHING;
INSERT OR IGNORE INTO regulatory_fact (canonical_id, jurisdiction, fact_type, status, regulation_ref, product_category, evidence_id) VALUES ('CAS_16984_48_8', 'CA_HC', 'restricted', 'Restricted in cosmetic products (Health Canada Hotlist) — a) Not permitted in oral products.', 'Health Canada Cosmetic Ingredient Hotlist', 'cosmetic', (SELECT id FROM fact_evidence WHERE source_url = 'https://www.canada.ca/en/health-canada/services/consumer-product-safety/cosmetics/cosmetic-ingredient-hotlist-prohibited-restricted-ingredients.html' AND snapshot_date = '2026-04-18' LIMIT 1));
INSERT INTO ingredient (canonical_id, primary_name, ingredient_class, cas_number, category, is_natural) VALUES ('CAS_50_00_0', 'Formaldehyde', 'substance', '50-00-0', 'cosmetic', 0) ON CONFLICT(canonical_id) DO NOTHING;
INSERT INTO ingredient_alias (canonical_id, alias, alias_normalized, alias_type, language_code, confidence, source) VALUES ('CAS_50_00_0', 'Formaldehyde', 'formaldehyde', 'synonym', 'en', 1.0, 'HC-Hotlist') ON CONFLICT(alias_normalized, alias_type, COALESCE(language_code, '')) DO NOTHING;
INSERT INTO ingredient_alias (canonical_id, alias, alias_normalized, alias_type, language_code, confidence, source) VALUES ('CAS_50_00_0', '50-00-0', '50-00-0', 'cas', NULL, 1.0, 'HC-Hotlist') ON CONFLICT(alias_normalized, alias_type, COALESCE(language_code, '')) DO NOTHING;
INSERT OR IGNORE INTO regulatory_fact (canonical_id, jurisdiction, fact_type, status, regulation_ref, product_category, evidence_id) VALUES ('CAS_50_00_0', 'CA_HC', 'restricted', 'Restricted in cosmetic products (Health Canada Hotlist) — a) Not permitted in aerosol products.', 'Health Canada Cosmetic Ingredient Hotlist', 'cosmetic', (SELECT id FROM fact_evidence WHERE source_url = 'https://www.canada.ca/en/health-canada/services/consumer-product-safety/cosmetics/cosmetic-ingredient-hotlist-prohibited-restricted-ingredients.html' AND snapshot_date = '2026-04-18' LIMIT 1));
INSERT INTO ingredient (canonical_id, primary_name, ingredient_class, cas_number, category, is_natural) VALUES ('CAS_66_97_7', 'Furocoumarins, except for naturally occurring in plant extracts', 'substance', '66-97-7', 'cosmetic', 0) ON CONFLICT(canonical_id) DO NOTHING;
INSERT INTO ingredient_alias (canonical_id, alias, alias_normalized, alias_type, language_code, confidence, source) VALUES ('CAS_66_97_7', 'Furocoumarins, except for naturally occurring in plant extracts', 'furocoumarins, except for naturally occurring in plant extracts', 'synonym', 'en', 1.0, 'HC-Hotlist') ON CONFLICT(alias_normalized, alias_type, COALESCE(language_code, '')) DO NOTHING;
INSERT INTO ingredient_alias (canonical_id, alias, alias_normalized, alias_type, language_code, confidence, source) VALUES ('CAS_66_97_7', '66-97-7', '66-97-7', 'cas', NULL, 1.0, 'HC-Hotlist') ON CONFLICT(alias_normalized, alias_type, COALESCE(language_code, '')) DO NOTHING;
INSERT OR IGNORE INTO regulatory_fact (canonical_id, jurisdiction, fact_type, status, regulation_ref, product_category, evidence_id) VALUES ('CAS_66_97_7', 'CA_HC', 'restricted', 'Restricted in cosmetic products (Health Canada Hotlist) — Sun tanning products 1 mg/kg (1 ppm)', 'Health Canada Cosmetic Ingredient Hotlist', 'cosmetic', (SELECT id FROM fact_evidence WHERE source_url = 'https://www.canada.ca/en/health-canada/services/consumer-product-safety/cosmetics/cosmetic-ingredient-hotlist-prohibited-restricted-ingredients.html' AND snapshot_date = '2026-04-18' LIMIT 1));
INSERT INTO ingredient (canonical_id, primary_name, ingredient_class, cas_number, category, is_natural) VALUES ('CAS_56_81_5', 'Glycerin', 'substance', '56-81-5', 'cosmetic', 0) ON CONFLICT(canonical_id) DO NOTHING;
INSERT INTO ingredient_alias (canonical_id, alias, alias_normalized, alias_type, language_code, confidence, source) VALUES ('CAS_56_81_5', 'Glycerin', 'glycerin', 'synonym', 'en', 1.0, 'HC-Hotlist') ON CONFLICT(alias_normalized, alias_type, COALESCE(language_code, '')) DO NOTHING;
INSERT INTO ingredient_alias (canonical_id, alias, alias_normalized, alias_type, language_code, confidence, source) VALUES ('CAS_56_81_5', '56-81-5', '56-81-5', 'cas', NULL, 1.0, 'HC-Hotlist') ON CONFLICT(alias_normalized, alias_type, COALESCE(language_code, '')) DO NOTHING;
INSERT OR IGNORE INTO regulatory_fact (canonical_id, jurisdiction, fact_type, status, regulation_ref, product_category, evidence_id) VALUES ('CAS_56_81_5', 'CA_HC', 'restricted', 'Restricted in cosmetic products (Health Canada Hotlist) — Manufacturers of oral and leave-on products containing glycerin must ensure the raw material used is within the specifications of an accepted pharmacopoeia with respect to diethylene glycol (DEG) impurities (e.g. Glycerin Official Monograph in the most current edition of the USP).', 'Health Canada Cosmetic Ingredient Hotlist', 'cosmetic', (SELECT id FROM fact_evidence WHERE source_url = 'https://www.canada.ca/en/health-canada/services/consumer-product-safety/cosmetics/cosmetic-ingredient-hotlist-prohibited-restricted-ingredients.html' AND snapshot_date = '2026-04-18' LIMIT 1));
INSERT INTO ingredient (canonical_id, primary_name, ingredient_class, cas_number, category, is_natural) VALUES ('CAS_79_14_1', 'Glycolic acid', 'substance', '79-14-1', 'cosmetic', 0) ON CONFLICT(canonical_id) DO NOTHING;
INSERT INTO ingredient_alias (canonical_id, alias, alias_normalized, alias_type, language_code, confidence, source) VALUES ('CAS_79_14_1', 'Glycolic acid', 'glycolic acid', 'synonym', 'en', 1.0, 'HC-Hotlist') ON CONFLICT(alias_normalized, alias_type, COALESCE(language_code, '')) DO NOTHING;
INSERT INTO ingredient_alias (canonical_id, alias, alias_normalized, alias_type, language_code, confidence, source) VALUES ('CAS_79_14_1', '79-14-1', '79-14-1', 'cas', NULL, 1.0, 'HC-Hotlist') ON CONFLICT(alias_normalized, alias_type, COALESCE(language_code, '')) DO NOTHING;
INSERT OR IGNORE INTO regulatory_fact (canonical_id, jurisdiction, fact_type, status, regulation_ref, product_category, evidence_id) VALUES ('CAS_79_14_1', 'CA_HC', 'restricted', 'Restricted in cosmetic products (Health Canada Hotlist) — See " Alpha-hydroxy acids ".', 'Health Canada Cosmetic Ingredient Hotlist', 'cosmetic', (SELECT id FROM fact_evidence WHERE source_url = 'https://www.canada.ca/en/health-canada/services/consumer-product-safety/cosmetics/cosmetic-ingredient-hotlist-prohibited-restricted-ingredients.html' AND snapshot_date = '2026-04-18' LIMIT 1));
INSERT INTO ingredient (canonical_id, primary_name, ingredient_class, cas_number, category, is_natural) VALUES ('CAS_73049_73_7', 'Human origin, substance of', 'substance', '73049-73-7', 'cosmetic', 0) ON CONFLICT(canonical_id) DO NOTHING;
INSERT INTO ingredient_alias (canonical_id, alias, alias_normalized, alias_type, language_code, confidence, source) VALUES ('CAS_73049_73_7', 'Human origin, substance of', 'human origin, substance of', 'synonym', 'en', 1.0, 'HC-Hotlist') ON CONFLICT(alias_normalized, alias_type, COALESCE(language_code, '')) DO NOTHING;
INSERT INTO ingredient_alias (canonical_id, alias, alias_normalized, alias_type, language_code, confidence, source) VALUES ('CAS_73049_73_7', '73049-73-7', '73049-73-7', 'cas', NULL, 1.0, 'HC-Hotlist') ON CONFLICT(alias_normalized, alias_type, COALESCE(language_code, '')) DO NOTHING;
INSERT OR IGNORE INTO regulatory_fact (canonical_id, jurisdiction, fact_type, status, regulation_ref, product_category, evidence_id) VALUES ('CAS_73049_73_7', 'CA_HC', 'restricted', 'Restricted in cosmetic products (Health Canada Hotlist) — Manufacturers using substances of human origin must provide the following information to Health Canada: Source of the substance; A description of the method of production; Quality control data, particularly those relating to microbial limits (including viruses) and the absence of estrogenic substanc', 'Health Canada Cosmetic Ingredient Hotlist', 'cosmetic', (SELECT id FROM fact_evidence WHERE source_url = 'https://www.canada.ca/en/health-canada/services/consumer-product-safety/cosmetics/cosmetic-ingredient-hotlist-prohibited-restricted-ingredients.html' AND snapshot_date = '2026-04-18' LIMIT 1));
INSERT INTO ingredient (canonical_id, primary_name, ingredient_class, cas_number, category, is_natural) VALUES ('CAS_7722_84_1', 'Hydrogen peroxide', 'substance', '7722-84-1', 'cosmetic', 0) ON CONFLICT(canonical_id) DO NOTHING;
INSERT INTO ingredient_alias (canonical_id, alias, alias_normalized, alias_type, language_code, confidence, source) VALUES ('CAS_7722_84_1', 'Hydrogen peroxide', 'hydrogen peroxide', 'synonym', 'en', 1.0, 'HC-Hotlist') ON CONFLICT(alias_normalized, alias_type, COALESCE(language_code, '')) DO NOTHING;
INSERT INTO ingredient_alias (canonical_id, alias, alias_normalized, alias_type, language_code, confidence, source) VALUES ('CAS_7722_84_1', '7722-84-1', '7722-84-1', 'cas', NULL, 1.0, 'HC-Hotlist') ON CONFLICT(alias_normalized, alias_type, COALESCE(language_code, '')) DO NOTHING;
INSERT OR IGNORE INTO regulatory_fact (canonical_id, jurisdiction, fact_type, status, regulation_ref, product_category, evidence_id) VALUES ('CAS_7722_84_1', 'CA_HC', 'restricted', 'Restricted in cosmetic products (Health Canada Hotlist) — See " Peroxide and peroxide-generating compounds ".', 'Health Canada Cosmetic Ingredient Hotlist', 'cosmetic', (SELECT id FROM fact_evidence WHERE source_url = 'https://www.canada.ca/en/health-canada/services/consumer-product-safety/cosmetics/cosmetic-ingredient-hotlist-prohibited-restricted-ingredients.html' AND snapshot_date = '2026-04-18' LIMIT 1));
INSERT INTO ingredient (canonical_id, primary_name, ingredient_class, cas_number, category, is_natural) VALUES ('CAS_123_31_9', 'Hydroquinone', 'substance', '123-31-9', 'cosmetic', 0) ON CONFLICT(canonical_id) DO NOTHING;
INSERT INTO ingredient_alias (canonical_id, alias, alias_normalized, alias_type, language_code, confidence, source) VALUES ('CAS_123_31_9', 'Hydroquinone', 'hydroquinone', 'synonym', 'en', 1.0, 'HC-Hotlist') ON CONFLICT(alias_normalized, alias_type, COALESCE(language_code, '')) DO NOTHING;
INSERT INTO ingredient_alias (canonical_id, alias, alias_normalized, alias_type, language_code, confidence, source) VALUES ('CAS_123_31_9', '123-31-9', '123-31-9', 'cas', NULL, 1.0, 'HC-Hotlist') ON CONFLICT(alias_normalized, alias_type, COALESCE(language_code, '')) DO NOTHING;
INSERT OR IGNORE INTO regulatory_fact (canonical_id, jurisdiction, fact_type, status, regulation_ref, product_category, evidence_id) VALUES ('CAS_123_31_9', 'CA_HC', 'restricted', 'Restricted in cosmetic products (Health Canada Hotlist) — a) Oxidizing colouring agent for hair dyes a) 0.3%', 'Health Canada Cosmetic Ingredient Hotlist', 'cosmetic', (SELECT id FROM fact_evidence WHERE source_url = 'https://www.canada.ca/en/health-canada/services/consumer-product-safety/cosmetics/cosmetic-ingredient-hotlist-prohibited-restricted-ingredients.html' AND snapshot_date = '2026-04-18' LIMIT 1));
INSERT INTO ingredient (canonical_id, primary_name, ingredient_class, cas_number, category, is_natural) VALUES ('CAS_75_28_5', 'Isobutane', 'substance', '75-28-5', 'cosmetic', 0) ON CONFLICT(canonical_id) DO NOTHING;
INSERT INTO ingredient_alias (canonical_id, alias, alias_normalized, alias_type, language_code, confidence, source) VALUES ('CAS_75_28_5', 'Isobutane', 'isobutane', 'synonym', 'en', 1.0, 'HC-Hotlist') ON CONFLICT(alias_normalized, alias_type, COALESCE(language_code, '')) DO NOTHING;
INSERT INTO ingredient_alias (canonical_id, alias, alias_normalized, alias_type, language_code, confidence, source) VALUES ('CAS_75_28_5', '75-28-5', '75-28-5', 'cas', NULL, 1.0, 'HC-Hotlist') ON CONFLICT(alias_normalized, alias_type, COALESCE(language_code, '')) DO NOTHING;
INSERT OR IGNORE INTO regulatory_fact (canonical_id, jurisdiction, fact_type, status, regulation_ref, product_category, evidence_id) VALUES ('CAS_75_28_5', 'CA_HC', 'restricted', 'Restricted in cosmetic products (Health Canada Hotlist) — 0.1% w/w of 1,3-butadiene (106-99-0)', 'Health Canada Cosmetic Ingredient Hotlist', 'cosmetic', (SELECT id FROM fact_evidence WHERE source_url = 'https://www.canada.ca/en/health-canada/services/consumer-product-safety/cosmetics/cosmetic-ingredient-hotlist-prohibited-restricted-ingredients.html' AND snapshot_date = '2026-04-18' LIMIT 1));
INSERT INTO ingredient (canonical_id, primary_name, ingredient_class, cas_number, category, is_natural) VALUES ('NAME_keratin', 'Keratin', 'substance', NULL, 'cosmetic', 0) ON CONFLICT(canonical_id) DO NOTHING;
INSERT INTO ingredient_alias (canonical_id, alias, alias_normalized, alias_type, language_code, confidence, source) VALUES ('NAME_keratin', 'Keratin', 'keratin', 'synonym', 'en', 1.0, 'HC-Hotlist') ON CONFLICT(alias_normalized, alias_type, COALESCE(language_code, '')) DO NOTHING;
INSERT OR IGNORE INTO regulatory_fact (canonical_id, jurisdiction, fact_type, status, regulation_ref, product_category, evidence_id) VALUES ('NAME_keratin', 'CA_HC', 'restricted', 'Restricted in cosmetic products (Health Canada Hotlist) — See " Human origin, substances of ".', 'Health Canada Cosmetic Ingredient Hotlist', 'cosmetic', (SELECT id FROM fact_evidence WHERE source_url = 'https://www.canada.ca/en/health-canada/services/consumer-product-safety/cosmetics/cosmetic-ingredient-hotlist-prohibited-restricted-ingredients.html' AND snapshot_date = '2026-04-18' LIMIT 1));
INSERT INTO ingredient (canonical_id, primary_name, ingredient_class, cas_number, category, is_natural) VALUES ('CAS_50_21_5', 'Lactic acid', 'substance', '50-21-5', 'cosmetic', 0) ON CONFLICT(canonical_id) DO NOTHING;
INSERT INTO ingredient_alias (canonical_id, alias, alias_normalized, alias_type, language_code, confidence, source) VALUES ('CAS_50_21_5', 'Lactic acid', 'lactic acid', 'synonym', 'en', 1.0, 'HC-Hotlist') ON CONFLICT(alias_normalized, alias_type, COALESCE(language_code, '')) DO NOTHING;
INSERT INTO ingredient_alias (canonical_id, alias, alias_normalized, alias_type, language_code, confidence, source) VALUES ('CAS_50_21_5', '50-21-5', '50-21-5', 'cas', NULL, 1.0, 'HC-Hotlist') ON CONFLICT(alias_normalized, alias_type, COALESCE(language_code, '')) DO NOTHING;
INSERT OR IGNORE INTO regulatory_fact (canonical_id, jurisdiction, fact_type, status, regulation_ref, product_category, evidence_id) VALUES ('CAS_50_21_5', 'CA_HC', 'restricted', 'Restricted in cosmetic products (Health Canada Hotlist) — See " Alpha-hydroxy acids ".', 'Health Canada Cosmetic Ingredient Hotlist', 'cosmetic', (SELECT id FROM fact_evidence WHERE source_url = 'https://www.canada.ca/en/health-canada/services/consumer-product-safety/cosmetics/cosmetic-ingredient-hotlist-prohibited-restricted-ingredients.html' AND snapshot_date = '2026-04-18' LIMIT 1));
INSERT INTO ingredient (canonical_id, primary_name, ingredient_class, cas_number, category, is_natural) VALUES ('CAS_1335_26_8', 'Magnesium peroxide', 'substance', '1335-26-8', 'cosmetic', 0) ON CONFLICT(canonical_id) DO NOTHING;
INSERT INTO ingredient_alias (canonical_id, alias, alias_normalized, alias_type, language_code, confidence, source) VALUES ('CAS_1335_26_8', 'Magnesium peroxide', 'magnesium peroxide', 'synonym', 'en', 1.0, 'HC-Hotlist') ON CONFLICT(alias_normalized, alias_type, COALESCE(language_code, '')) DO NOTHING;
INSERT INTO ingredient_alias (canonical_id, alias, alias_normalized, alias_type, language_code, confidence, source) VALUES ('CAS_1335_26_8', '1335-26-8', '1335-26-8', 'cas', NULL, 1.0, 'HC-Hotlist') ON CONFLICT(alias_normalized, alias_type, COALESCE(language_code, '')) DO NOTHING;
INSERT OR IGNORE INTO regulatory_fact (canonical_id, jurisdiction, fact_type, status, regulation_ref, product_category, evidence_id) VALUES ('CAS_1335_26_8', 'CA_HC', 'restricted', 'Restricted in cosmetic products (Health Canada Hotlist) — See " Peroxide and peroxide-generating compounds ".', 'Health Canada Cosmetic Ingredient Hotlist', 'cosmetic', (SELECT id FROM fact_evidence WHERE source_url = 'https://www.canada.ca/en/health-canada/services/consumer-product-safety/cosmetics/cosmetic-ingredient-hotlist-prohibited-restricted-ingredients.html' AND snapshot_date = '2026-04-18' LIMIT 1));
INSERT INTO ingredient (canonical_id, primary_name, ingredient_class, cas_number, category, is_natural) VALUES ('CAS_95_48_7', 'm -Cresol', 'substance', '95-48-7', 'cosmetic', 0) ON CONFLICT(canonical_id) DO NOTHING;
INSERT INTO ingredient_alias (canonical_id, alias, alias_normalized, alias_type, language_code, confidence, source) VALUES ('CAS_95_48_7', 'm -Cresol', 'm -cresol', 'synonym', 'en', 1.0, 'HC-Hotlist') ON CONFLICT(alias_normalized, alias_type, COALESCE(language_code, '')) DO NOTHING;
INSERT INTO ingredient_alias (canonical_id, alias, alias_normalized, alias_type, language_code, confidence, source) VALUES ('CAS_95_48_7', '95-48-7', '95-48-7', 'cas', NULL, 1.0, 'HC-Hotlist') ON CONFLICT(alias_normalized, alias_type, COALESCE(language_code, '')) DO NOTHING;
INSERT OR IGNORE INTO regulatory_fact (canonical_id, jurisdiction, fact_type, status, regulation_ref, product_category, evidence_id) VALUES ('CAS_95_48_7', 'CA_HC', 'restricted', 'Restricted in cosmetic products (Health Canada Hotlist) — a) Not permitted in cosmetics intended to be used on or around mucosal membranes such as eyes, mouth or nose', 'Health Canada Cosmetic Ingredient Hotlist', 'cosmetic', (SELECT id FROM fact_evidence WHERE source_url = 'https://www.canada.ca/en/health-canada/services/consumer-product-safety/cosmetics/cosmetic-ingredient-hotlist-prohibited-restricted-ingredients.html' AND snapshot_date = '2026-04-18' LIMIT 1));
INSERT INTO ingredient (canonical_id, primary_name, ingredient_class, cas_number, category, is_natural) VALUES ('CAS_79_41_4', 'Methacrylic acid', 'substance', '79-41-4', 'cosmetic', 0) ON CONFLICT(canonical_id) DO NOTHING;
INSERT INTO ingredient_alias (canonical_id, alias, alias_normalized, alias_type, language_code, confidence, source) VALUES ('CAS_79_41_4', 'Methacrylic acid', 'methacrylic acid', 'synonym', 'en', 1.0, 'HC-Hotlist') ON CONFLICT(alias_normalized, alias_type, COALESCE(language_code, '')) DO NOTHING;
INSERT INTO ingredient_alias (canonical_id, alias, alias_normalized, alias_type, language_code, confidence, source) VALUES ('CAS_79_41_4', '79-41-4', '79-41-4', 'cas', NULL, 1.0, 'HC-Hotlist') ON CONFLICT(alias_normalized, alias_type, COALESCE(language_code, '')) DO NOTHING;
INSERT OR IGNORE INTO regulatory_fact (canonical_id, jurisdiction, fact_type, status, regulation_ref, product_category, evidence_id) VALUES ('CAS_79_41_4', 'CA_HC', 'restricted', 'Restricted in cosmetic products (Health Canada Hotlist) — a) Cosmetics that contain more than 5% methacrylic acid', 'Health Canada Cosmetic Ingredient Hotlist', 'cosmetic', (SELECT id FROM fact_evidence WHERE source_url = 'https://www.canada.ca/en/health-canada/services/consumer-product-safety/cosmetics/cosmetic-ingredient-hotlist-prohibited-restricted-ingredients.html' AND snapshot_date = '2026-04-18' LIMIT 1));
INSERT INTO ingredient (canonical_id, primary_name, ingredient_class, cas_number, category, is_natural) VALUES ('CAS_107_98_2', 'Methoxyisopropanol', 'substance', '107-98-2', 'cosmetic', 0) ON CONFLICT(canonical_id) DO NOTHING;
INSERT INTO ingredient_alias (canonical_id, alias, alias_normalized, alias_type, language_code, confidence, source) VALUES ('CAS_107_98_2', 'Methoxyisopropanol', 'methoxyisopropanol', 'synonym', 'en', 1.0, 'HC-Hotlist') ON CONFLICT(alias_normalized, alias_type, COALESCE(language_code, '')) DO NOTHING;
INSERT INTO ingredient_alias (canonical_id, alias, alias_normalized, alias_type, language_code, confidence, source) VALUES ('CAS_107_98_2', '107-98-2', '107-98-2', 'cas', NULL, 1.0, 'HC-Hotlist') ON CONFLICT(alias_normalized, alias_type, COALESCE(language_code, '')) DO NOTHING;
INSERT OR IGNORE INTO regulatory_fact (canonical_id, jurisdiction, fact_type, status, regulation_ref, product_category, evidence_id) VALUES ('CAS_107_98_2', 'CA_HC', 'restricted', 'Restricted in cosmetic products (Health Canada Hotlist) — 0.5% of 2-methoxypropanol (1589-47-5)', 'Health Canada Cosmetic Ingredient Hotlist', 'cosmetic', (SELECT id FROM fact_evidence WHERE source_url = 'https://www.canada.ca/en/health-canada/services/consumer-product-safety/cosmetics/cosmetic-ingredient-hotlist-prohibited-restricted-ingredients.html' AND snapshot_date = '2026-04-18' LIMIT 1));
INSERT INTO ingredient (canonical_id, primary_name, ingredient_class, cas_number, category, is_natural) VALUES ('CAS_108_65_6', 'Methoxyisopropyl acetate', 'substance', '108-65-6', 'cosmetic', 0) ON CONFLICT(canonical_id) DO NOTHING;
INSERT INTO ingredient_alias (canonical_id, alias, alias_normalized, alias_type, language_code, confidence, source) VALUES ('CAS_108_65_6', 'Methoxyisopropyl acetate', 'methoxyisopropyl acetate', 'synonym', 'en', 1.0, 'HC-Hotlist') ON CONFLICT(alias_normalized, alias_type, COALESCE(language_code, '')) DO NOTHING;
INSERT INTO ingredient_alias (canonical_id, alias, alias_normalized, alias_type, language_code, confidence, source) VALUES ('CAS_108_65_6', '108-65-6', '108-65-6', 'cas', NULL, 1.0, 'HC-Hotlist') ON CONFLICT(alias_normalized, alias_type, COALESCE(language_code, '')) DO NOTHING;
INSERT OR IGNORE INTO regulatory_fact (canonical_id, jurisdiction, fact_type, status, regulation_ref, product_category, evidence_id) VALUES ('CAS_108_65_6', 'CA_HC', 'restricted', 'Restricted in cosmetic products (Health Canada Hotlist) — 0.5% total of 2-methoxypropanol (1589-47-5) and/or 2-methoxypropyl-1-acetate (70657-70-4)', 'Health Canada Cosmetic Ingredient Hotlist', 'cosmetic', (SELECT id FROM fact_evidence WHERE source_url = 'https://www.canada.ca/en/health-canada/services/consumer-product-safety/cosmetics/cosmetic-ingredient-hotlist-prohibited-restricted-ingredients.html' AND snapshot_date = '2026-04-18' LIMIT 1));
INSERT INTO ingredient (canonical_id, primary_name, ingredient_class, cas_number, category, is_natural) VALUES ('CAS_67_56_1', 'Methyl alcohol', 'substance', '67-56-1', 'cosmetic', 0) ON CONFLICT(canonical_id) DO NOTHING;
INSERT INTO ingredient_alias (canonical_id, alias, alias_normalized, alias_type, language_code, confidence, source) VALUES ('CAS_67_56_1', 'Methyl alcohol', 'methyl alcohol', 'synonym', 'en', 1.0, 'HC-Hotlist') ON CONFLICT(alias_normalized, alias_type, COALESCE(language_code, '')) DO NOTHING;
INSERT INTO ingredient_alias (canonical_id, alias, alias_normalized, alias_type, language_code, confidence, source) VALUES ('CAS_67_56_1', '67-56-1', '67-56-1', 'cas', NULL, 1.0, 'HC-Hotlist') ON CONFLICT(alias_normalized, alias_type, COALESCE(language_code, '')) DO NOTHING;
INSERT OR IGNORE INTO regulatory_fact (canonical_id, jurisdiction, fact_type, status, regulation_ref, product_category, evidence_id) VALUES ('CAS_67_56_1', 'CA_HC', 'restricted', 'Restricted in cosmetic products (Health Canada Hotlist) — Cosmetics containing an amount of methyl alcohol equal to or greater than 5 ml must be packaged in a child-resistant container. Containers, that contain an amount of methyl alcohol equal or greater than 5 mL must meet the requirements set out in subsection 28.2 of the Cosmetic Regulations.', 'Health Canada Cosmetic Ingredient Hotlist', 'cosmetic', (SELECT id FROM fact_evidence WHERE source_url = 'https://www.canada.ca/en/health-canada/services/consumer-product-safety/cosmetics/cosmetic-ingredient-hotlist-prohibited-restricted-ingredients.html' AND snapshot_date = '2026-04-18' LIMIT 1));
INSERT INTO ingredient (canonical_id, primary_name, ingredient_class, cas_number, category, is_natural) VALUES ('CAS_93_15_2', 'Methyl eugenol', 'substance', '93-15-2', 'cosmetic', 0) ON CONFLICT(canonical_id) DO NOTHING;
INSERT INTO ingredient_alias (canonical_id, alias, alias_normalized, alias_type, language_code, confidence, source) VALUES ('CAS_93_15_2', 'Methyl eugenol', 'methyl eugenol', 'synonym', 'en', 1.0, 'HC-Hotlist') ON CONFLICT(alias_normalized, alias_type, COALESCE(language_code, '')) DO NOTHING;
INSERT INTO ingredient_alias (canonical_id, alias, alias_normalized, alias_type, language_code, confidence, source) VALUES ('CAS_93_15_2', '93-15-2', '93-15-2', 'cas', NULL, 1.0, 'HC-Hotlist') ON CONFLICT(alias_normalized, alias_type, COALESCE(language_code, '')) DO NOTHING;
INSERT OR IGNORE INTO regulatory_fact (canonical_id, jurisdiction, fact_type, status, regulation_ref, product_category, evidence_id) VALUES ('CAS_93_15_2', 'CA_HC', 'restricted', 'Restricted in cosmetic products (Health Canada Hotlist) — Permitted as a naturally occurring component in botanical extracts.', 'Health Canada Cosmetic Ingredient Hotlist', 'cosmetic', (SELECT id FROM fact_evidence WHERE source_url = 'https://www.canada.ca/en/health-canada/services/consumer-product-safety/cosmetics/cosmetic-ingredient-hotlist-prohibited-restricted-ingredients.html' AND snapshot_date = '2026-04-18' LIMIT 1));
INSERT INTO ingredient (canonical_id, primary_name, ingredient_class, cas_number, category, is_natural) VALUES ('CAS_85_91_6', 'Methyl N-methyl anthranilate', 'substance', '85-91-6', 'cosmetic', 0) ON CONFLICT(canonical_id) DO NOTHING;
INSERT INTO ingredient_alias (canonical_id, alias, alias_normalized, alias_type, language_code, confidence, source) VALUES ('CAS_85_91_6', 'Methyl N-methyl anthranilate', 'methyl n-methyl anthranilate', 'synonym', 'en', 1.0, 'HC-Hotlist') ON CONFLICT(alias_normalized, alias_type, COALESCE(language_code, '')) DO NOTHING;
INSERT INTO ingredient_alias (canonical_id, alias, alias_normalized, alias_type, language_code, confidence, source) VALUES ('CAS_85_91_6', '85-91-6', '85-91-6', 'cas', NULL, 1.0, 'HC-Hotlist') ON CONFLICT(alias_normalized, alias_type, COALESCE(language_code, '')) DO NOTHING;
INSERT OR IGNORE INTO regulatory_fact (canonical_id, jurisdiction, fact_type, status, regulation_ref, product_category, evidence_id) VALUES ('CAS_85_91_6', 'CA_HC', 'restricted', 'Restricted in cosmetic products (Health Canada Hotlist) — 0.1%', 'Health Canada Cosmetic Ingredient Hotlist', 'cosmetic', (SELECT id FROM fact_evidence WHERE source_url = 'https://www.canada.ca/en/health-canada/services/consumer-product-safety/cosmetics/cosmetic-ingredient-hotlist-prohibited-restricted-ingredients.html' AND snapshot_date = '2026-04-18' LIMIT 1));
INSERT INTO ingredient (canonical_id, primary_name, ingredient_class, cas_number, category, is_natural) VALUES ('CAS_119_36_8', 'Methyl salicylate', 'substance', '119-36-8', 'cosmetic', 0) ON CONFLICT(canonical_id) DO NOTHING;
INSERT INTO ingredient_alias (canonical_id, alias, alias_normalized, alias_type, language_code, confidence, source) VALUES ('CAS_119_36_8', 'Methyl salicylate', 'methyl salicylate', 'synonym', 'en', 1.0, 'HC-Hotlist') ON CONFLICT(alias_normalized, alias_type, COALESCE(language_code, '')) DO NOTHING;
INSERT INTO ingredient_alias (canonical_id, alias, alias_normalized, alias_type, language_code, confidence, source) VALUES ('CAS_119_36_8', '119-36-8', '119-36-8', 'cas', NULL, 1.0, 'HC-Hotlist') ON CONFLICT(alias_normalized, alias_type, COALESCE(language_code, '')) DO NOTHING;
INSERT OR IGNORE INTO regulatory_fact (canonical_id, jurisdiction, fact_type, status, regulation_ref, product_category, evidence_id) VALUES ('CAS_119_36_8', 'CA_HC', 'restricted', 'Restricted in cosmetic products (Health Canada Hotlist) — 1%', 'Health Canada Cosmetic Ingredient Hotlist', 'cosmetic', (SELECT id FROM fact_evidence WHERE source_url = 'https://www.canada.ca/en/health-canada/services/consumer-product-safety/cosmetics/cosmetic-ingredient-hotlist-prohibited-restricted-ingredients.html' AND snapshot_date = '2026-04-18' LIMIT 1));
INSERT INTO ingredient (canonical_id, primary_name, ingredient_class, cas_number, category, is_natural) VALUES ('CAS_75_09_2', 'Methylene chloride', 'substance', '75-09-2', 'cosmetic', 0) ON CONFLICT(canonical_id) DO NOTHING;
INSERT INTO ingredient_alias (canonical_id, alias, alias_normalized, alias_type, language_code, confidence, source) VALUES ('CAS_75_09_2', 'Methylene chloride', 'methylene chloride', 'synonym', 'en', 1.0, 'HC-Hotlist') ON CONFLICT(alias_normalized, alias_type, COALESCE(language_code, '')) DO NOTHING;
INSERT INTO ingredient_alias (canonical_id, alias, alias_normalized, alias_type, language_code, confidence, source) VALUES ('CAS_75_09_2', '75-09-2', '75-09-2', 'cas', NULL, 1.0, 'HC-Hotlist') ON CONFLICT(alias_normalized, alias_type, COALESCE(language_code, '')) DO NOTHING;
INSERT OR IGNORE INTO regulatory_fact (canonical_id, jurisdiction, fact_type, status, regulation_ref, product_category, evidence_id) VALUES ('CAS_75_09_2', 'CA_HC', 'restricted', 'Restricted in cosmetic products (Health Canada Hotlist) — Not permitted in aerosol products.', 'Health Canada Cosmetic Ingredient Hotlist', 'cosmetic', (SELECT id FROM fact_evidence WHERE source_url = 'https://www.canada.ca/en/health-canada/services/consumer-product-safety/cosmetics/cosmetic-ingredient-hotlist-prohibited-restricted-ingredients.html' AND snapshot_date = '2026-04-18' LIMIT 1));
INSERT INTO ingredient (canonical_id, primary_name, ingredient_class, cas_number, category, is_natural) VALUES ('CAS_463_57_0', 'Methylene Glycol', 'substance', '463-57-0', 'cosmetic', 0) ON CONFLICT(canonical_id) DO NOTHING;
INSERT INTO ingredient_alias (canonical_id, alias, alias_normalized, alias_type, language_code, confidence, source) VALUES ('CAS_463_57_0', 'Methylene Glycol', 'methylene glycol', 'synonym', 'en', 1.0, 'HC-Hotlist') ON CONFLICT(alias_normalized, alias_type, COALESCE(language_code, '')) DO NOTHING;
INSERT INTO ingredient_alias (canonical_id, alias, alias_normalized, alias_type, language_code, confidence, source) VALUES ('CAS_463_57_0', '463-57-0', '463-57-0', 'cas', NULL, 1.0, 'HC-Hotlist') ON CONFLICT(alias_normalized, alias_type, COALESCE(language_code, '')) DO NOTHING;
INSERT OR IGNORE INTO regulatory_fact (canonical_id, jurisdiction, fact_type, status, regulation_ref, product_category, evidence_id) VALUES ('CAS_463_57_0', 'CA_HC', 'restricted', 'Restricted in cosmetic products (Health Canada Hotlist) — See " Formaldehyde ".', 'Health Canada Cosmetic Ingredient Hotlist', 'cosmetic', (SELECT id FROM fact_evidence WHERE source_url = 'https://www.canada.ca/en/health-canada/services/consumer-product-safety/cosmetics/cosmetic-ingredient-hotlist-prohibited-restricted-ingredients.html' AND snapshot_date = '2026-04-18' LIMIT 1));
INSERT INTO ingredient (canonical_id, primary_name, ingredient_class, cas_number, category, is_natural) VALUES ('CAS_2682_20_4', 'Methylisothiazolinone (MI)', 'substance', '2682-20-4', 'cosmetic', 0) ON CONFLICT(canonical_id) DO NOTHING;
INSERT INTO ingredient_alias (canonical_id, alias, alias_normalized, alias_type, language_code, confidence, source) VALUES ('CAS_2682_20_4', 'Methylisothiazolinone (MI)', 'methylisothiazolinone (mi)', 'synonym', 'en', 1.0, 'HC-Hotlist') ON CONFLICT(alias_normalized, alias_type, COALESCE(language_code, '')) DO NOTHING;
INSERT INTO ingredient_alias (canonical_id, alias, alias_normalized, alias_type, language_code, confidence, source) VALUES ('CAS_2682_20_4', '2682-20-4', '2682-20-4', 'cas', NULL, 1.0, 'HC-Hotlist') ON CONFLICT(alias_normalized, alias_type, COALESCE(language_code, '')) DO NOTHING;
INSERT OR IGNORE INTO regulatory_fact (canonical_id, jurisdiction, fact_type, status, regulation_ref, product_category, evidence_id) VALUES ('CAS_2682_20_4', 'CA_HC', 'restricted', 'Restricted in cosmetic products (Health Canada Hotlist) — a) Not permitted in leave-on products.', 'Health Canada Cosmetic Ingredient Hotlist', 'cosmetic', (SELECT id FROM fact_evidence WHERE source_url = 'https://www.canada.ca/en/health-canada/services/consumer-product-safety/cosmetics/cosmetic-ingredient-hotlist-prohibited-restricted-ingredients.html' AND snapshot_date = '2026-04-18' LIMIT 1));
INSERT INTO ingredient (canonical_id, primary_name, ingredient_class, cas_number, category, is_natural) VALUES ('CAS_26172_55_4', 'Methylisothiazolinone / Methylchloroisothiazolinone, in combination', 'substance', '26172-55-4', 'cosmetic', 0) ON CONFLICT(canonical_id) DO NOTHING;
INSERT INTO ingredient_alias (canonical_id, alias, alias_normalized, alias_type, language_code, confidence, source) VALUES ('CAS_26172_55_4', 'Methylisothiazolinone / Methylchloroisothiazolinone, in combination', 'methylisothiazolinone / methylchloroisothiazolinone, in combination', 'synonym', 'en', 1.0, 'HC-Hotlist') ON CONFLICT(alias_normalized, alias_type, COALESCE(language_code, '')) DO NOTHING;
INSERT INTO ingredient_alias (canonical_id, alias, alias_normalized, alias_type, language_code, confidence, source) VALUES ('CAS_26172_55_4', '26172-55-4', '26172-55-4', 'cas', NULL, 1.0, 'HC-Hotlist') ON CONFLICT(alias_normalized, alias_type, COALESCE(language_code, '')) DO NOTHING;
INSERT OR IGNORE INTO regulatory_fact (canonical_id, jurisdiction, fact_type, status, regulation_ref, product_category, evidence_id) VALUES ('CAS_26172_55_4', 'CA_HC', 'restricted', 'Restricted in cosmetic products (Health Canada Hotlist) — a) Not permitted in leave-on products.', 'Health Canada Cosmetic Ingredient Hotlist', 'cosmetic', (SELECT id FROM fact_evidence WHERE source_url = 'https://www.canada.ca/en/health-canada/services/consumer-product-safety/cosmetics/cosmetic-ingredient-hotlist-prohibited-restricted-ingredients.html' AND snapshot_date = '2026-04-18' LIMIT 1));
INSERT OR IGNORE INTO regulatory_fact (canonical_id, jurisdiction, fact_type, status, regulation_ref, product_category, evidence_id) VALUES ('CAS_95_48_7', 'CA_HC', 'restricted', 'Restricted in cosmetic products (Health Canada Hotlist) — a) Not permitted in cosmetics intended to be used on or around mucosal membranes such as eyes, mouth or nose', 'Health Canada Cosmetic Ingredient Hotlist', 'cosmetic', (SELECT id FROM fact_evidence WHERE source_url = 'https://www.canada.ca/en/health-canada/services/consumer-product-safety/cosmetics/cosmetic-ingredient-hotlist-prohibited-restricted-ingredients.html' AND snapshot_date = '2026-04-18' LIMIT 1));
INSERT INTO ingredient (canonical_id, primary_name, ingredient_class, cas_number, category, is_natural) VALUES ('CAS_59_50_7', 'p -Chloro- m -cresol', 'substance', '59-50-7', 'cosmetic', 0) ON CONFLICT(canonical_id) DO NOTHING;
INSERT INTO ingredient_alias (canonical_id, alias, alias_normalized, alias_type, language_code, confidence, source) VALUES ('CAS_59_50_7', 'p -Chloro- m -cresol', 'p -chloro- m -cresol', 'synonym', 'en', 1.0, 'HC-Hotlist') ON CONFLICT(alias_normalized, alias_type, COALESCE(language_code, '')) DO NOTHING;
INSERT INTO ingredient_alias (canonical_id, alias, alias_normalized, alias_type, language_code, confidence, source) VALUES ('CAS_59_50_7', '59-50-7', '59-50-7', 'cas', NULL, 1.0, 'HC-Hotlist') ON CONFLICT(alias_normalized, alias_type, COALESCE(language_code, '')) DO NOTHING;
INSERT OR IGNORE INTO regulatory_fact (canonical_id, jurisdiction, fact_type, status, regulation_ref, product_category, evidence_id) VALUES ('CAS_59_50_7', 'CA_HC', 'restricted', 'Restricted in cosmetic products (Health Canada Hotlist) — a) Not permitted in cosmetics intended to be used on or around mucosal membranes such as eyes, mouth or nose', 'Health Canada Cosmetic Ingredient Hotlist', 'cosmetic', (SELECT id FROM fact_evidence WHERE source_url = 'https://www.canada.ca/en/health-canada/services/consumer-product-safety/cosmetics/cosmetic-ingredient-hotlist-prohibited-restricted-ingredients.html' AND snapshot_date = '2026-04-18' LIMIT 1));
INSERT INTO ingredient (canonical_id, primary_name, ingredient_class, cas_number, category, is_natural) VALUES ('CAS_124_43_6', 'Peroxide and peroxide-generating compounds', 'substance', '124-43-6', 'cosmetic', 0) ON CONFLICT(canonical_id) DO NOTHING;
INSERT INTO ingredient_alias (canonical_id, alias, alias_normalized, alias_type, language_code, confidence, source) VALUES ('CAS_124_43_6', 'Peroxide and peroxide-generating compounds', 'peroxide and peroxide-generating compounds', 'synonym', 'en', 1.0, 'HC-Hotlist') ON CONFLICT(alias_normalized, alias_type, COALESCE(language_code, '')) DO NOTHING;
INSERT INTO ingredient_alias (canonical_id, alias, alias_normalized, alias_type, language_code, confidence, source) VALUES ('CAS_124_43_6', '124-43-6', '124-43-6', 'cas', NULL, 1.0, 'HC-Hotlist') ON CONFLICT(alias_normalized, alias_type, COALESCE(language_code, '')) DO NOTHING;
INSERT OR IGNORE INTO regulatory_fact (canonical_id, jurisdiction, fact_type, status, regulation_ref, product_category, evidence_id) VALUES ('CAS_124_43_6', 'CA_HC', 'restricted', 'Restricted in cosmetic products (Health Canada Hotlist) — a) Not permitted for use in products intended for application to the genital area', 'Health Canada Cosmetic Ingredient Hotlist', 'cosmetic', (SELECT id FROM fact_evidence WHERE source_url = 'https://www.canada.ca/en/health-canada/services/consumer-product-safety/cosmetics/cosmetic-ingredient-hotlist-prohibited-restricted-ingredients.html' AND snapshot_date = '2026-04-18' LIMIT 1));
INSERT INTO ingredient (canonical_id, primary_name, ingredient_class, cas_number, category, is_natural) VALUES ('CAS_150_76_5', 'p -Hydroxyanisole', 'substance', '150-76-5', 'cosmetic', 0) ON CONFLICT(canonical_id) DO NOTHING;
INSERT INTO ingredient_alias (canonical_id, alias, alias_normalized, alias_type, language_code, confidence, source) VALUES ('CAS_150_76_5', 'p -Hydroxyanisole', 'p -hydroxyanisole', 'synonym', 'en', 1.0, 'HC-Hotlist') ON CONFLICT(alias_normalized, alias_type, COALESCE(language_code, '')) DO NOTHING;
INSERT INTO ingredient_alias (canonical_id, alias, alias_normalized, alias_type, language_code, confidence, source) VALUES ('CAS_150_76_5', '150-76-5', '150-76-5', 'cas', NULL, 1.0, 'HC-Hotlist') ON CONFLICT(alias_normalized, alias_type, COALESCE(language_code, '')) DO NOTHING;
INSERT OR IGNORE INTO regulatory_fact (canonical_id, jurisdiction, fact_type, status, regulation_ref, product_category, evidence_id) VALUES ('CAS_150_76_5', 'CA_HC', 'restricted', 'Restricted in cosmetic products (Health Canada Hotlist) — Permitted only in nail products. 0.1% If hydroquinone and p-hydroxyanisole are used in the same product, the total concentration of the 2 ingredients may not exceed 0.1%', 'Health Canada Cosmetic Ingredient Hotlist', 'cosmetic', (SELECT id FROM fact_evidence WHERE source_url = 'https://www.canada.ca/en/health-canada/services/consumer-product-safety/cosmetics/cosmetic-ingredient-hotlist-prohibited-restricted-ingredients.html' AND snapshot_date = '2026-04-18' LIMIT 1));
INSERT INTO ingredient (canonical_id, primary_name, ingredient_class, cas_number, category, is_natural) VALUES ('CAS_2814_77_9', 'Pigment Red 4', 'substance', '2814-77-9', 'cosmetic', 0) ON CONFLICT(canonical_id) DO NOTHING;
INSERT INTO ingredient_alias (canonical_id, alias, alias_normalized, alias_type, language_code, confidence, source) VALUES ('CAS_2814_77_9', 'Pigment Red 4', 'pigment red 4', 'synonym', 'en', 1.0, 'HC-Hotlist') ON CONFLICT(alias_normalized, alias_type, COALESCE(language_code, '')) DO NOTHING;
INSERT INTO ingredient_alias (canonical_id, alias, alias_normalized, alias_type, language_code, confidence, source) VALUES ('CAS_2814_77_9', '2814-77-9', '2814-77-9', 'cas', NULL, 1.0, 'HC-Hotlist') ON CONFLICT(alias_normalized, alias_type, COALESCE(language_code, '')) DO NOTHING;
INSERT OR IGNORE INTO regulatory_fact (canonical_id, jurisdiction, fact_type, status, regulation_ref, product_category, evidence_id) VALUES ('CAS_2814_77_9', 'CA_HC', 'restricted', 'Restricted in cosmetic products (Health Canada Hotlist) — 3%', 'Health Canada Cosmetic Ingredient Hotlist', 'cosmetic', (SELECT id FROM fact_evidence WHERE source_url = 'https://www.canada.ca/en/health-canada/services/consumer-product-safety/cosmetics/cosmetic-ingredient-hotlist-prohibited-restricted-ingredients.html' AND snapshot_date = '2026-04-18' LIMIT 1));
INSERT INTO ingredient (canonical_id, primary_name, ingredient_class, cas_number, category, is_natural) VALUES ('NAME_placental_extracts', 'Placental extracts', 'substance', NULL, 'cosmetic', 0) ON CONFLICT(canonical_id) DO NOTHING;
INSERT INTO ingredient_alias (canonical_id, alias, alias_normalized, alias_type, language_code, confidence, source) VALUES ('NAME_placental_extracts', 'Placental extracts', 'placental extracts', 'synonym', 'en', 1.0, 'HC-Hotlist') ON CONFLICT(alias_normalized, alias_type, COALESCE(language_code, '')) DO NOTHING;
INSERT OR IGNORE INTO regulatory_fact (canonical_id, jurisdiction, fact_type, status, regulation_ref, product_category, evidence_id) VALUES ('NAME_placental_extracts', 'CA_HC', 'restricted', 'Restricted in cosmetic products (Health Canada Hotlist) — See " Human origin, substances of " and/or " Bovine tissues and ingredients ".', 'Health Canada Cosmetic Ingredient Hotlist', 'cosmetic', (SELECT id FROM fact_evidence WHERE source_url = 'https://www.canada.ca/en/health-canada/services/consumer-product-safety/cosmetics/cosmetic-ingredient-hotlist-prohibited-restricted-ingredients.html' AND snapshot_date = '2026-04-18' LIMIT 1));
INSERT INTO ingredient (canonical_id, primary_name, ingredient_class, cas_number, category, is_natural) VALUES ('CAS_106_50_3', 'p -Phenylenediamine and its salts', 'substance', '106-50-3', 'cosmetic', 0) ON CONFLICT(canonical_id) DO NOTHING;
INSERT INTO ingredient_alias (canonical_id, alias, alias_normalized, alias_type, language_code, confidence, source) VALUES ('CAS_106_50_3', 'p -Phenylenediamine and its salts', 'p -phenylenediamine and its salts', 'synonym', 'en', 1.0, 'HC-Hotlist') ON CONFLICT(alias_normalized, alias_type, COALESCE(language_code, '')) DO NOTHING;
INSERT INTO ingredient_alias (canonical_id, alias, alias_normalized, alias_type, language_code, confidence, source) VALUES ('CAS_106_50_3', '106-50-3', '106-50-3', 'cas', NULL, 1.0, 'HC-Hotlist') ON CONFLICT(alias_normalized, alias_type, COALESCE(language_code, '')) DO NOTHING;
INSERT OR IGNORE INTO regulatory_fact (canonical_id, jurisdiction, fact_type, status, regulation_ref, product_category, evidence_id) VALUES ('CAS_106_50_3', 'CA_HC', 'restricted', 'Restricted in cosmetic products (Health Canada Hotlist) — a) Not permitted in products intended for use on the skin. Additionally see " Coal tar dye ".', 'Health Canada Cosmetic Ingredient Hotlist', 'cosmetic', (SELECT id FROM fact_evidence WHERE source_url = 'https://www.canada.ca/en/health-canada/services/consumer-product-safety/cosmetics/cosmetic-ingredient-hotlist-prohibited-restricted-ingredients.html' AND snapshot_date = '2026-04-18' LIMIT 1));
INSERT INTO ingredient (canonical_id, primary_name, ingredient_class, cas_number, category, is_natural) VALUES ('CAS_108_46_3', 'Resorcinol', 'substance', '108-46-3', 'cosmetic', 0) ON CONFLICT(canonical_id) DO NOTHING;
INSERT INTO ingredient_alias (canonical_id, alias, alias_normalized, alias_type, language_code, confidence, source) VALUES ('CAS_108_46_3', 'Resorcinol', 'resorcinol', 'synonym', 'en', 1.0, 'HC-Hotlist') ON CONFLICT(alias_normalized, alias_type, COALESCE(language_code, '')) DO NOTHING;
INSERT INTO ingredient_alias (canonical_id, alias, alias_normalized, alias_type, language_code, confidence, source) VALUES ('CAS_108_46_3', '108-46-3', '108-46-3', 'cas', NULL, 1.0, 'HC-Hotlist') ON CONFLICT(alias_normalized, alias_type, COALESCE(language_code, '')) DO NOTHING;
INSERT OR IGNORE INTO regulatory_fact (canonical_id, jurisdiction, fact_type, status, regulation_ref, product_category, evidence_id) VALUES ('CAS_108_46_3', 'CA_HC', 'restricted', 'Restricted in cosmetic products (Health Canada Hotlist) — Not permitted in cosmetics intended for use on the skin. Additionally see " Coal tar dye ."', 'Health Canada Cosmetic Ingredient Hotlist', 'cosmetic', (SELECT id FROM fact_evidence WHERE source_url = 'https://www.canada.ca/en/health-canada/services/consumer-product-safety/cosmetics/cosmetic-ingredient-hotlist-prohibited-restricted-ingredients.html' AND snapshot_date = '2026-04-18' LIMIT 1));
INSERT INTO ingredient (canonical_id, primary_name, ingredient_class, cas_number, category, is_natural) VALUES ('CAS_116_31_4', 'Retinal', 'substance', '116-31-4', 'cosmetic', 0) ON CONFLICT(canonical_id) DO NOTHING;
INSERT INTO ingredient_alias (canonical_id, alias, alias_normalized, alias_type, language_code, confidence, source) VALUES ('CAS_116_31_4', 'Retinal', 'retinal', 'synonym', 'en', 1.0, 'HC-Hotlist') ON CONFLICT(alias_normalized, alias_type, COALESCE(language_code, '')) DO NOTHING;
INSERT INTO ingredient_alias (canonical_id, alias, alias_normalized, alias_type, language_code, confidence, source) VALUES ('CAS_116_31_4', '116-31-4', '116-31-4', 'cas', NULL, 1.0, 'HC-Hotlist') ON CONFLICT(alias_normalized, alias_type, COALESCE(language_code, '')) DO NOTHING;
INSERT OR IGNORE INTO regulatory_fact (canonical_id, jurisdiction, fact_type, status, regulation_ref, product_category, evidence_id) VALUES ('CAS_116_31_4', 'CA_HC', 'restricted', 'Restricted in cosmetic products (Health Canada Hotlist) — a) Leave-on products intended for full body application 0.01%', 'Health Canada Cosmetic Ingredient Hotlist', 'cosmetic', (SELECT id FROM fact_evidence WHERE source_url = 'https://www.canada.ca/en/health-canada/services/consumer-product-safety/cosmetics/cosmetic-ingredient-hotlist-prohibited-restricted-ingredients.html' AND snapshot_date = '2026-04-18' LIMIT 1));
INSERT INTO ingredient (canonical_id, primary_name, ingredient_class, cas_number, category, is_natural) VALUES ('CAS_68_26_8', 'Retinol and its esters', 'substance', '68-26-8', 'cosmetic', 0) ON CONFLICT(canonical_id) DO NOTHING;
INSERT INTO ingredient_alias (canonical_id, alias, alias_normalized, alias_type, language_code, confidence, source) VALUES ('CAS_68_26_8', 'Retinol and its esters', 'retinol and its esters', 'synonym', 'en', 1.0, 'HC-Hotlist') ON CONFLICT(alias_normalized, alias_type, COALESCE(language_code, '')) DO NOTHING;
INSERT INTO ingredient_alias (canonical_id, alias, alias_normalized, alias_type, language_code, confidence, source) VALUES ('CAS_68_26_8', '68-26-8', '68-26-8', 'cas', NULL, 1.0, 'HC-Hotlist') ON CONFLICT(alias_normalized, alias_type, COALESCE(language_code, '')) DO NOTHING;
INSERT OR IGNORE INTO regulatory_fact (canonical_id, jurisdiction, fact_type, status, regulation_ref, product_category, evidence_id) VALUES ('CAS_68_26_8', 'CA_HC', 'restricted', 'Restricted in cosmetic products (Health Canada Hotlist) — a) Leave-on products intended for full body application 0.2% total retinol equivalents', 'Health Canada Cosmetic Ingredient Hotlist', 'cosmetic', (SELECT id FROM fact_evidence WHERE source_url = 'https://www.canada.ca/en/health-canada/services/consumer-product-safety/cosmetics/cosmetic-ingredient-hotlist-prohibited-restricted-ingredients.html' AND snapshot_date = '2026-04-18' LIMIT 1));
INSERT INTO ingredient (canonical_id, primary_name, ingredient_class, cas_number, category, is_natural) VALUES ('CAS_69_72_7', 'Salicylic acid', 'substance', '69-72-7', 'cosmetic', 0) ON CONFLICT(canonical_id) DO NOTHING;
INSERT INTO ingredient_alias (canonical_id, alias, alias_normalized, alias_type, language_code, confidence, source) VALUES ('CAS_69_72_7', 'Salicylic acid', 'salicylic acid', 'synonym', 'en', 1.0, 'HC-Hotlist') ON CONFLICT(alias_normalized, alias_type, COALESCE(language_code, '')) DO NOTHING;
INSERT INTO ingredient_alias (canonical_id, alias, alias_normalized, alias_type, language_code, confidence, source) VALUES ('CAS_69_72_7', '69-72-7', '69-72-7', 'cas', NULL, 1.0, 'HC-Hotlist') ON CONFLICT(alias_normalized, alias_type, COALESCE(language_code, '')) DO NOTHING;
INSERT OR IGNORE INTO regulatory_fact (canonical_id, jurisdiction, fact_type, status, regulation_ref, product_category, evidence_id) VALUES ('CAS_69_72_7', 'CA_HC', 'restricted', 'Restricted in cosmetic products (Health Canada Hotlist) — 2%', 'Health Canada Cosmetic Ingredient Hotlist', 'cosmetic', (SELECT id FROM fact_evidence WHERE source_url = 'https://www.canada.ca/en/health-canada/services/consumer-product-safety/cosmetics/cosmetic-ingredient-hotlist-prohibited-restricted-ingredients.html' AND snapshot_date = '2026-04-18' LIMIT 1));
INSERT INTO ingredient (canonical_id, primary_name, ingredient_class, cas_number, category, is_natural) VALUES ('CAS_7440_22_4', 'Silver and its salts', 'substance', '7440-22-4', 'cosmetic', 0) ON CONFLICT(canonical_id) DO NOTHING;
INSERT INTO ingredient_alias (canonical_id, alias, alias_normalized, alias_type, language_code, confidence, source) VALUES ('CAS_7440_22_4', 'Silver and its salts', 'silver and its salts', 'synonym', 'en', 1.0, 'HC-Hotlist') ON CONFLICT(alias_normalized, alias_type, COALESCE(language_code, '')) DO NOTHING;
INSERT INTO ingredient_alias (canonical_id, alias, alias_normalized, alias_type, language_code, confidence, source) VALUES ('CAS_7440_22_4', '7440-22-4', '7440-22-4', 'cas', NULL, 1.0, 'HC-Hotlist') ON CONFLICT(alias_normalized, alias_type, COALESCE(language_code, '')) DO NOTHING;
INSERT OR IGNORE INTO regulatory_fact (canonical_id, jurisdiction, fact_type, status, regulation_ref, product_category, evidence_id) VALUES ('CAS_7440_22_4', 'CA_HC', 'restricted', 'Restricted in cosmetic products (Health Canada Hotlist) — a) Mouthwashes a) 0.04%', 'Health Canada Cosmetic Ingredient Hotlist', 'cosmetic', (SELECT id FROM fact_evidence WHERE source_url = 'https://www.canada.ca/en/health-canada/services/consumer-product-safety/cosmetics/cosmetic-ingredient-hotlist-prohibited-restricted-ingredients.html' AND snapshot_date = '2026-04-18' LIMIT 1));
INSERT INTO ingredient (canonical_id, primary_name, ingredient_class, cas_number, category, is_natural) VALUES ('CAS_1303_96_4', 'Sodium borate', 'substance', '1303-96-4', 'cosmetic', 0) ON CONFLICT(canonical_id) DO NOTHING;
INSERT INTO ingredient_alias (canonical_id, alias, alias_normalized, alias_type, language_code, confidence, source) VALUES ('CAS_1303_96_4', 'Sodium borate', 'sodium borate', 'synonym', 'en', 1.0, 'HC-Hotlist') ON CONFLICT(alias_normalized, alias_type, COALESCE(language_code, '')) DO NOTHING;
INSERT INTO ingredient_alias (canonical_id, alias, alias_normalized, alias_type, language_code, confidence, source) VALUES ('CAS_1303_96_4', '1303-96-4', '1303-96-4', 'cas', NULL, 1.0, 'HC-Hotlist') ON CONFLICT(alias_normalized, alias_type, COALESCE(language_code, '')) DO NOTHING;
INSERT OR IGNORE INTO regulatory_fact (canonical_id, jurisdiction, fact_type, status, regulation_ref, product_category, evidence_id) VALUES ('CAS_1303_96_4', 'CA_HC', 'restricted', 'Restricted in cosmetic products (Health Canada Hotlist) — See " Boric acid and its salts ".', 'Health Canada Cosmetic Ingredient Hotlist', 'cosmetic', (SELECT id FROM fact_evidence WHERE source_url = 'https://www.canada.ca/en/health-canada/services/consumer-product-safety/cosmetics/cosmetic-ingredient-hotlist-prohibited-restricted-ingredients.html' AND snapshot_date = '2026-04-18' LIMIT 1));
INSERT INTO ingredient (canonical_id, primary_name, ingredient_class, cas_number, category, is_natural) VALUES ('CAS_7632_04_4', 'Sodium perborate', 'substance', '7632-04-4', 'cosmetic', 0) ON CONFLICT(canonical_id) DO NOTHING;
INSERT INTO ingredient_alias (canonical_id, alias, alias_normalized, alias_type, language_code, confidence, source) VALUES ('CAS_7632_04_4', 'Sodium perborate', 'sodium perborate', 'synonym', 'en', 1.0, 'HC-Hotlist') ON CONFLICT(alias_normalized, alias_type, COALESCE(language_code, '')) DO NOTHING;
INSERT INTO ingredient_alias (canonical_id, alias, alias_normalized, alias_type, language_code, confidence, source) VALUES ('CAS_7632_04_4', '7632-04-4', '7632-04-4', 'cas', NULL, 1.0, 'HC-Hotlist') ON CONFLICT(alias_normalized, alias_type, COALESCE(language_code, '')) DO NOTHING;
INSERT OR IGNORE INTO regulatory_fact (canonical_id, jurisdiction, fact_type, status, regulation_ref, product_category, evidence_id) VALUES ('CAS_7632_04_4', 'CA_HC', 'restricted', 'Restricted in cosmetic products (Health Canada Hotlist) — See " Peroxide and peroxide-generating compounds " for oral products. See " Boric acid and its salts " for other cosmetics.', 'Health Canada Cosmetic Ingredient Hotlist', 'cosmetic', (SELECT id FROM fact_evidence WHERE source_url = 'https://www.canada.ca/en/health-canada/services/consumer-product-safety/cosmetics/cosmetic-ingredient-hotlist-prohibited-restricted-ingredients.html' AND snapshot_date = '2026-04-18' LIMIT 1));
INSERT INTO ingredient (canonical_id, primary_name, ingredient_class, cas_number, category, is_natural) VALUES ('CAS_831_52_7', 'Sodium picramate', 'substance', '831-52-7', 'cosmetic', 0) ON CONFLICT(canonical_id) DO NOTHING;
INSERT INTO ingredient_alias (canonical_id, alias, alias_normalized, alias_type, language_code, confidence, source) VALUES ('CAS_831_52_7', 'Sodium picramate', 'sodium picramate', 'synonym', 'en', 1.0, 'HC-Hotlist') ON CONFLICT(alias_normalized, alias_type, COALESCE(language_code, '')) DO NOTHING;
INSERT INTO ingredient_alias (canonical_id, alias, alias_normalized, alias_type, language_code, confidence, source) VALUES ('CAS_831_52_7', '831-52-7', '831-52-7', 'cas', NULL, 1.0, 'HC-Hotlist') ON CONFLICT(alias_normalized, alias_type, COALESCE(language_code, '')) DO NOTHING;
INSERT OR IGNORE INTO regulatory_fact (canonical_id, jurisdiction, fact_type, status, regulation_ref, product_category, evidence_id) VALUES ('CAS_831_52_7', 'CA_HC', 'restricted', 'Restricted in cosmetic products (Health Canada Hotlist) — 0.1%', 'Health Canada Cosmetic Ingredient Hotlist', 'cosmetic', (SELECT id FROM fact_evidence WHERE source_url = 'https://www.canada.ca/en/health-canada/services/consumer-product-safety/cosmetics/cosmetic-ingredient-hotlist-prohibited-restricted-ingredients.html' AND snapshot_date = '2026-04-18' LIMIT 1));
INSERT INTO ingredient (canonical_id, primary_name, ingredient_class, cas_number, category, is_natural) VALUES ('CAS_85_86_9', 'Solvent Red 23', 'substance', '85-86-9', 'cosmetic', 0) ON CONFLICT(canonical_id) DO NOTHING;
INSERT INTO ingredient_alias (canonical_id, alias, alias_normalized, alias_type, language_code, confidence, source) VALUES ('CAS_85_86_9', 'Solvent Red 23', 'solvent red 23', 'synonym', 'en', 1.0, 'HC-Hotlist') ON CONFLICT(alias_normalized, alias_type, COALESCE(language_code, '')) DO NOTHING;
INSERT INTO ingredient_alias (canonical_id, alias, alias_normalized, alias_type, language_code, confidence, source) VALUES ('CAS_85_86_9', '85-86-9', '85-86-9', 'cas', NULL, 1.0, 'HC-Hotlist') ON CONFLICT(alias_normalized, alias_type, COALESCE(language_code, '')) DO NOTHING;
INSERT OR IGNORE INTO regulatory_fact (canonical_id, jurisdiction, fact_type, status, regulation_ref, product_category, evidence_id) VALUES ('CAS_85_86_9', 'CA_HC', 'restricted', 'Restricted in cosmetic products (Health Canada Hotlist) — a) Not permitted in cosmetics intended to be used on or around mucosal membranes such as eyes, mouth or nose. Additionally see " Coal tar dye ".', 'Health Canada Cosmetic Ingredient Hotlist', 'cosmetic', (SELECT id FROM fact_evidence WHERE source_url = 'https://www.canada.ca/en/health-canada/services/consumer-product-safety/cosmetics/cosmetic-ingredient-hotlist-prohibited-restricted-ingredients.html' AND snapshot_date = '2026-04-18' LIMIT 1));
INSERT INTO ingredient (canonical_id, primary_name, ingredient_class, cas_number, category, is_natural) VALUES ('CAS_81_48_1', 'Solvent Violet 13', 'substance', '81-48-1', 'cosmetic', 0) ON CONFLICT(canonical_id) DO NOTHING;
INSERT INTO ingredient_alias (canonical_id, alias, alias_normalized, alias_type, language_code, confidence, source) VALUES ('CAS_81_48_1', 'Solvent Violet 13', 'solvent violet 13', 'synonym', 'en', 1.0, 'HC-Hotlist') ON CONFLICT(alias_normalized, alias_type, COALESCE(language_code, '')) DO NOTHING;
INSERT INTO ingredient_alias (canonical_id, alias, alias_normalized, alias_type, language_code, confidence, source) VALUES ('CAS_81_48_1', '81-48-1', '81-48-1', 'cas', NULL, 1.0, 'HC-Hotlist') ON CONFLICT(alias_normalized, alias_type, COALESCE(language_code, '')) DO NOTHING;
INSERT OR IGNORE INTO regulatory_fact (canonical_id, jurisdiction, fact_type, status, regulation_ref, product_category, evidence_id) VALUES ('CAS_81_48_1', 'CA_HC', 'restricted', 'Restricted in cosmetic products (Health Canada Hotlist) — a) Nail products', 'Health Canada Cosmetic Ingredient Hotlist', 'cosmetic', (SELECT id FROM fact_evidence WHERE source_url = 'https://www.canada.ca/en/health-canada/services/consumer-product-safety/cosmetics/cosmetic-ingredient-hotlist-prohibited-restricted-ingredients.html' AND snapshot_date = '2026-04-18' LIMIT 1));
INSERT INTO ingredient (canonical_id, primary_name, ingredient_class, cas_number, category, is_natural) VALUES ('CAS_7440_24_6', 'Strontium and its salts, other than nitrite', 'substance', '7440-24-6', 'cosmetic', 0) ON CONFLICT(canonical_id) DO NOTHING;
INSERT INTO ingredient_alias (canonical_id, alias, alias_normalized, alias_type, language_code, confidence, source) VALUES ('CAS_7440_24_6', 'Strontium and its salts, other than nitrite', 'strontium and its salts, other than nitrite', 'synonym', 'en', 1.0, 'HC-Hotlist') ON CONFLICT(alias_normalized, alias_type, COALESCE(language_code, '')) DO NOTHING;
INSERT INTO ingredient_alias (canonical_id, alias, alias_normalized, alias_type, language_code, confidence, source) VALUES ('CAS_7440_24_6', '7440-24-6', '7440-24-6', 'cas', NULL, 1.0, 'HC-Hotlist') ON CONFLICT(alias_normalized, alias_type, COALESCE(language_code, '')) DO NOTHING;
INSERT OR IGNORE INTO regulatory_fact (canonical_id, jurisdiction, fact_type, status, regulation_ref, product_category, evidence_id) VALUES ('CAS_7440_24_6', 'CA_HC', 'restricted', 'Restricted in cosmetic products (Health Canada Hotlist) — a) Not permitted in aerosol products.', 'Health Canada Cosmetic Ingredient Hotlist', 'cosmetic', (SELECT id FROM fact_evidence WHERE source_url = 'https://www.canada.ca/en/health-canada/services/consumer-product-safety/cosmetics/cosmetic-ingredient-hotlist-prohibited-restricted-ingredients.html' AND snapshot_date = '2026-04-18' LIMIT 1));
INSERT INTO ingredient (canonical_id, primary_name, ingredient_class, cas_number, category, is_natural) VALUES ('CAS_8016_84_0', 'Tagetes oil and absolute', 'substance', '8016-84-0', 'cosmetic', 0) ON CONFLICT(canonical_id) DO NOTHING;
INSERT INTO ingredient_alias (canonical_id, alias, alias_normalized, alias_type, language_code, confidence, source) VALUES ('CAS_8016_84_0', 'Tagetes oil and absolute', 'tagetes oil and absolute', 'synonym', 'en', 1.0, 'HC-Hotlist') ON CONFLICT(alias_normalized, alias_type, COALESCE(language_code, '')) DO NOTHING;
INSERT INTO ingredient_alias (canonical_id, alias, alias_normalized, alias_type, language_code, confidence, source) VALUES ('CAS_8016_84_0', '8016-84-0', '8016-84-0', 'cas', NULL, 1.0, 'HC-Hotlist') ON CONFLICT(alias_normalized, alias_type, COALESCE(language_code, '')) DO NOTHING;
INSERT OR IGNORE INTO regulatory_fact (canonical_id, jurisdiction, fact_type, status, regulation_ref, product_category, evidence_id) VALUES ('CAS_8016_84_0', 'CA_HC', 'restricted', 'Restricted in cosmetic products (Health Canada Hotlist) — a) Leave-on products a) 0.01%', 'Health Canada Cosmetic Ingredient Hotlist', 'cosmetic', (SELECT id FROM fact_evidence WHERE source_url = 'https://www.canada.ca/en/health-canada/services/consumer-product-safety/cosmetics/cosmetic-ingredient-hotlist-prohibited-restricted-ingredients.html' AND snapshot_date = '2026-04-18' LIMIT 1));
INSERT INTO ingredient (canonical_id, primary_name, ingredient_class, cas_number, category, is_natural) VALUES ('CAS_14807_96_6', 'Talc', 'substance', '14807-96-6', 'cosmetic', 0) ON CONFLICT(canonical_id) DO NOTHING;
INSERT INTO ingredient_alias (canonical_id, alias, alias_normalized, alias_type, language_code, confidence, source) VALUES ('CAS_14807_96_6', 'Talc', 'talc', 'synonym', 'en', 1.0, 'HC-Hotlist') ON CONFLICT(alias_normalized, alias_type, COALESCE(language_code, '')) DO NOTHING;
INSERT INTO ingredient_alias (canonical_id, alias, alias_normalized, alias_type, language_code, confidence, source) VALUES ('CAS_14807_96_6', '14807-96-6', '14807-96-6', 'cas', NULL, 1.0, 'HC-Hotlist') ON CONFLICT(alias_normalized, alias_type, COALESCE(language_code, '')) DO NOTHING;
INSERT OR IGNORE INTO regulatory_fact (canonical_id, jurisdiction, fact_type, status, regulation_ref, product_category, evidence_id) VALUES ('CAS_14807_96_6', 'CA_HC', 'restricted', 'Restricted in cosmetic products (Health Canada Hotlist) — Note: Certain products may fall under more than 1 product category and may have multiple applicable conditions Read entire entry to determine all applicable conditions', 'Health Canada Cosmetic Ingredient Hotlist', 'cosmetic', (SELECT id FROM fact_evidence WHERE source_url = 'https://www.canada.ca/en/health-canada/services/consumer-product-safety/cosmetics/cosmetic-ingredient-hotlist-prohibited-restricted-ingredients.html' AND snapshot_date = '2026-04-18' LIMIT 1));
INSERT INTO ingredient (canonical_id, primary_name, ingredient_class, cas_number, category, is_natural) VALUES ('CAS_1948_33_0', 'TBHQ', 'substance', '1948-33-0', 'cosmetic', 0) ON CONFLICT(canonical_id) DO NOTHING;
INSERT INTO ingredient_alias (canonical_id, alias, alias_normalized, alias_type, language_code, confidence, source) VALUES ('CAS_1948_33_0', 'TBHQ', 'tbhq', 'synonym', 'en', 1.0, 'HC-Hotlist') ON CONFLICT(alias_normalized, alias_type, COALESCE(language_code, '')) DO NOTHING;
INSERT INTO ingredient_alias (canonical_id, alias, alias_normalized, alias_type, language_code, confidence, source) VALUES ('CAS_1948_33_0', '1948-33-0', '1948-33-0', 'cas', NULL, 1.0, 'HC-Hotlist') ON CONFLICT(alias_normalized, alias_type, COALESCE(language_code, '')) DO NOTHING;
INSERT OR IGNORE INTO regulatory_fact (canonical_id, jurisdiction, fact_type, status, regulation_ref, product_category, evidence_id) VALUES ('CAS_1948_33_0', 'CA_HC', 'restricted', 'Restricted in cosmetic products (Health Canada Hotlist) — 0.1%', 'Health Canada Cosmetic Ingredient Hotlist', 'cosmetic', (SELECT id FROM fact_evidence WHERE source_url = 'https://www.canada.ca/en/health-canada/services/consumer-product-safety/cosmetics/cosmetic-ingredient-hotlist-prohibited-restricted-ingredients.html' AND snapshot_date = '2026-04-18' LIMIT 1));
INSERT INTO ingredient (canonical_id, primary_name, ingredient_class, cas_number, category, is_natural) VALUES ('CAS_68_11_1', 'Thioglycolic acid and its salts', 'substance', '68-11-1', 'cosmetic', 0) ON CONFLICT(canonical_id) DO NOTHING;
INSERT INTO ingredient_alias (canonical_id, alias, alias_normalized, alias_type, language_code, confidence, source) VALUES ('CAS_68_11_1', 'Thioglycolic acid and its salts', 'thioglycolic acid and its salts', 'synonym', 'en', 1.0, 'HC-Hotlist') ON CONFLICT(alias_normalized, alias_type, COALESCE(language_code, '')) DO NOTHING;
INSERT INTO ingredient_alias (canonical_id, alias, alias_normalized, alias_type, language_code, confidence, source) VALUES ('CAS_68_11_1', '68-11-1', '68-11-1', 'cas', NULL, 1.0, 'HC-Hotlist') ON CONFLICT(alias_normalized, alias_type, COALESCE(language_code, '')) DO NOTHING;
INSERT OR IGNORE INTO regulatory_fact (canonical_id, jurisdiction, fact_type, status, regulation_ref, product_category, evidence_id) VALUES ('CAS_68_11_1', 'CA_HC', 'restricted', 'Restricted in cosmetic products (Health Canada Hotlist) — a) Eyelash curling products a) 11% (as thioglycolic acid) with a pH less than or equal to 9.5', 'Health Canada Cosmetic Ingredient Hotlist', 'cosmetic', (SELECT id FROM fact_evidence WHERE source_url = 'https://www.canada.ca/en/health-canada/services/consumer-product-safety/cosmetics/cosmetic-ingredient-hotlist-prohibited-restricted-ingredients.html' AND snapshot_date = '2026-04-18' LIMIT 1));
INSERT INTO ingredient (canonical_id, primary_name, ingredient_class, cas_number, category, is_natural) VALUES ('CAS_97_77_8', 'Thiurams', 'substance', '97-77-8', 'cosmetic', 0) ON CONFLICT(canonical_id) DO NOTHING;
INSERT INTO ingredient_alias (canonical_id, alias, alias_normalized, alias_type, language_code, confidence, source) VALUES ('CAS_97_77_8', 'Thiurams', 'thiurams', 'synonym', 'en', 1.0, 'HC-Hotlist') ON CONFLICT(alias_normalized, alias_type, COALESCE(language_code, '')) DO NOTHING;
INSERT INTO ingredient_alias (canonical_id, alias, alias_normalized, alias_type, language_code, confidence, source) VALUES ('CAS_97_77_8', '97-77-8', '97-77-8', 'cas', NULL, 1.0, 'HC-Hotlist') ON CONFLICT(alias_normalized, alias_type, COALESCE(language_code, '')) DO NOTHING;
INSERT OR IGNORE INTO regulatory_fact (canonical_id, jurisdiction, fact_type, status, regulation_ref, product_category, evidence_id) VALUES ('CAS_97_77_8', 'CA_HC', 'restricted', 'Restricted in cosmetic products (Health Canada Hotlist) — Latex products 14%', 'Health Canada Cosmetic Ingredient Hotlist', 'cosmetic', (SELECT id FROM fact_evidence WHERE source_url = 'https://www.canada.ca/en/health-canada/services/consumer-product-safety/cosmetics/cosmetic-ingredient-hotlist-prohibited-restricted-ingredients.html' AND snapshot_date = '2026-04-18' LIMIT 1));
INSERT INTO ingredient (canonical_id, primary_name, ingredient_class, cas_number, category, is_natural) VALUES ('CAS_3380_34_5', 'Triclosan', 'substance', '3380-34-5', 'cosmetic', 0) ON CONFLICT(canonical_id) DO NOTHING;
INSERT INTO ingredient_alias (canonical_id, alias, alias_normalized, alias_type, language_code, confidence, source) VALUES ('CAS_3380_34_5', 'Triclosan', 'triclosan', 'synonym', 'en', 1.0, 'HC-Hotlist') ON CONFLICT(alias_normalized, alias_type, COALESCE(language_code, '')) DO NOTHING;
INSERT INTO ingredient_alias (canonical_id, alias, alias_normalized, alias_type, language_code, confidence, source) VALUES ('CAS_3380_34_5', '3380-34-5', '3380-34-5', 'cas', NULL, 1.0, 'HC-Hotlist') ON CONFLICT(alias_normalized, alias_type, COALESCE(language_code, '')) DO NOTHING;
INSERT OR IGNORE INTO regulatory_fact (canonical_id, jurisdiction, fact_type, status, regulation_ref, product_category, evidence_id) VALUES ('CAS_3380_34_5', 'CA_HC', 'restricted', 'Restricted in cosmetic products (Health Canada Hotlist) — a) Mouthwashes a) 0.03%', 'Health Canada Cosmetic Ingredient Hotlist', 'cosmetic', (SELECT id FROM fact_evidence WHERE source_url = 'https://www.canada.ca/en/health-canada/services/consumer-product-safety/cosmetics/cosmetic-ingredient-hotlist-prohibited-restricted-ingredients.html' AND snapshot_date = '2026-04-18' LIMIT 1));
INSERT INTO ingredient (canonical_id, primary_name, ingredient_class, cas_number, category, is_natural) VALUES ('CAS_57_13_6', 'Urea', 'substance', '57-13-6', 'cosmetic', 0) ON CONFLICT(canonical_id) DO NOTHING;
INSERT INTO ingredient_alias (canonical_id, alias, alias_normalized, alias_type, language_code, confidence, source) VALUES ('CAS_57_13_6', 'Urea', 'urea', 'synonym', 'en', 1.0, 'HC-Hotlist') ON CONFLICT(alias_normalized, alias_type, COALESCE(language_code, '')) DO NOTHING;
INSERT INTO ingredient_alias (canonical_id, alias, alias_normalized, alias_type, language_code, confidence, source) VALUES ('CAS_57_13_6', '57-13-6', '57-13-6', 'cas', NULL, 1.0, 'HC-Hotlist') ON CONFLICT(alias_normalized, alias_type, COALESCE(language_code, '')) DO NOTHING;
INSERT OR IGNORE INTO regulatory_fact (canonical_id, jurisdiction, fact_type, status, regulation_ref, product_category, evidence_id) VALUES ('CAS_57_13_6', 'CA_HC', 'restricted', 'Restricted in cosmetic products (Health Canada Hotlist) — a) Cosmetics intended to be diluted in bath water', 'Health Canada Cosmetic Ingredient Hotlist', 'cosmetic', (SELECT id FROM fact_evidence WHERE source_url = 'https://www.canada.ca/en/health-canada/services/consumer-product-safety/cosmetics/cosmetic-ingredient-hotlist-prohibited-restricted-ingredients.html' AND snapshot_date = '2026-04-18' LIMIT 1));
INSERT OR IGNORE INTO regulatory_fact (canonical_id, jurisdiction, fact_type, status, regulation_ref, product_category, evidence_id) VALUES ('CAS_124_43_6', 'CA_HC', 'restricted', 'Restricted in cosmetic products (Health Canada Hotlist) — See " Peroxide and peroxide-generating compounds ".', 'Health Canada Cosmetic Ingredient Hotlist', 'cosmetic', (SELECT id FROM fact_evidence WHERE source_url = 'https://www.canada.ca/en/health-canada/services/consumer-product-safety/cosmetics/cosmetic-ingredient-hotlist-prohibited-restricted-ingredients.html' AND snapshot_date = '2026-04-18' LIMIT 1));
INSERT INTO ingredient (canonical_id, primary_name, ingredient_class, cas_number, category, is_natural) VALUES ('CAS_1314_22_3', 'Zinc peroxide', 'substance', '1314-22-3', 'cosmetic', 0) ON CONFLICT(canonical_id) DO NOTHING;
INSERT INTO ingredient_alias (canonical_id, alias, alias_normalized, alias_type, language_code, confidence, source) VALUES ('CAS_1314_22_3', 'Zinc peroxide', 'zinc peroxide', 'synonym', 'en', 1.0, 'HC-Hotlist') ON CONFLICT(alias_normalized, alias_type, COALESCE(language_code, '')) DO NOTHING;
INSERT INTO ingredient_alias (canonical_id, alias, alias_normalized, alias_type, language_code, confidence, source) VALUES ('CAS_1314_22_3', '1314-22-3', '1314-22-3', 'cas', NULL, 1.0, 'HC-Hotlist') ON CONFLICT(alias_normalized, alias_type, COALESCE(language_code, '')) DO NOTHING;
INSERT OR IGNORE INTO regulatory_fact (canonical_id, jurisdiction, fact_type, status, regulation_ref, product_category, evidence_id) VALUES ('CAS_1314_22_3', 'CA_HC', 'restricted', 'Restricted in cosmetic products (Health Canada Hotlist) — See " Peroxide and peroxide-generating compounds ".', 'Health Canada Cosmetic Ingredient Hotlist', 'cosmetic', (SELECT id FROM fact_evidence WHERE source_url = 'https://www.canada.ca/en/health-canada/services/consumer-product-safety/cosmetics/cosmetic-ingredient-hotlist-prohibited-restricted-ingredients.html' AND snapshot_date = '2026-04-18' LIMIT 1));
INSERT INTO ingredient (canonical_id, primary_name, ingredient_class, cas_number, category, is_natural) VALUES ('CAS_7440_67_7', 'Zirconium and its compounds', 'substance', '7440-67-7', 'cosmetic', 0) ON CONFLICT(canonical_id) DO NOTHING;
INSERT INTO ingredient_alias (canonical_id, alias, alias_normalized, alias_type, language_code, confidence, source) VALUES ('CAS_7440_67_7', 'Zirconium and its compounds', 'zirconium and its compounds', 'synonym', 'en', 1.0, 'HC-Hotlist') ON CONFLICT(alias_normalized, alias_type, COALESCE(language_code, '')) DO NOTHING;
INSERT INTO ingredient_alias (canonical_id, alias, alias_normalized, alias_type, language_code, confidence, source) VALUES ('CAS_7440_67_7', '7440-67-7', '7440-67-7', 'cas', NULL, 1.0, 'HC-Hotlist') ON CONFLICT(alias_normalized, alias_type, COALESCE(language_code, '')) DO NOTHING;
INSERT OR IGNORE INTO regulatory_fact (canonical_id, jurisdiction, fact_type, status, regulation_ref, product_category, evidence_id) VALUES ('CAS_7440_67_7', 'CA_HC', 'restricted', 'Restricted in cosmetic products (Health Canada Hotlist) — Not permitted in aerosol dispensers.', 'Health Canada Cosmetic Ingredient Hotlist', 'cosmetic', (SELECT id FROM fact_evidence WHERE source_url = 'https://www.canada.ca/en/health-canada/services/consumer-product-safety/cosmetics/cosmetic-ingredient-hotlist-prohibited-restricted-ingredients.html' AND snapshot_date = '2026-04-18' LIMIT 1));

UPDATE ingestion_run SET finished_at = datetime('now'), status = 'completed', rows_inserted = 1163 WHERE id = (SELECT id FROM ingestion_run WHERE ingester_name = 'seed-hc-hotlist' AND status = 'running' ORDER BY started_at DESC LIMIT 1);