-- ============================================================
-- FDA CFR Title 21 -> Canonical Ingredient Graph seed
-- Generated: 2026-04-18T05:33:34.598026Z
-- Ingester: seed-ecfr-cig v1.0.0
-- eCFR snapshot date: 2026-04-16
-- Parts ingested: [74, 172, 173, 175, 176, 177, 178, 180, 181, 182, 184, 186, 189, 700]
-- Substance sections found: 793
-- ============================================================

INSERT INTO ingestion_run (ingester_name, ingester_version, status)
  VALUES ('seed-ecfr-cig', '1.0.0', 'running');

-- fact_evidence: one row per CFR Part ingested
INSERT INTO fact_evidence (source_name, source_url, source_section, snapshot_date, language, retrieved_by) VALUES ('FDA Code of Federal Regulations, Title 21', 'https://www.ecfr.gov/on/2026-04-16/title-21/part-74', '21 CFR Part 74 — Listing of Color Additives Subject to Certification', '2026-04-16', 'en', 'seed-ecfr-cig:1.0.0') ON CONFLICT(source_url, snapshot_date) DO NOTHING;
INSERT INTO fact_evidence (source_name, source_url, source_section, snapshot_date, language, retrieved_by) VALUES ('FDA Code of Federal Regulations, Title 21', 'https://www.ecfr.gov/on/2026-04-16/title-21/part-172', '21 CFR Part 172 — Food Additives Permitted for Direct Addition to Food for Human Consumption', '2026-04-16', 'en', 'seed-ecfr-cig:1.0.0') ON CONFLICT(source_url, snapshot_date) DO NOTHING;
INSERT INTO fact_evidence (source_name, source_url, source_section, snapshot_date, language, retrieved_by) VALUES ('FDA Code of Federal Regulations, Title 21', 'https://www.ecfr.gov/on/2026-04-16/title-21/part-173', '21 CFR Part 173 — Secondary Direct Food Additives Permitted in Food for Human Consumption', '2026-04-16', 'en', 'seed-ecfr-cig:1.0.0') ON CONFLICT(source_url, snapshot_date) DO NOTHING;
INSERT INTO fact_evidence (source_name, source_url, source_section, snapshot_date, language, retrieved_by) VALUES ('FDA Code of Federal Regulations, Title 21', 'https://www.ecfr.gov/on/2026-04-16/title-21/part-175', '21 CFR Part 175 — Indirect Food Additives: Adhesives and Components of Coatings', '2026-04-16', 'en', 'seed-ecfr-cig:1.0.0') ON CONFLICT(source_url, snapshot_date) DO NOTHING;
INSERT INTO fact_evidence (source_name, source_url, source_section, snapshot_date, language, retrieved_by) VALUES ('FDA Code of Federal Regulations, Title 21', 'https://www.ecfr.gov/on/2026-04-16/title-21/part-176', '21 CFR Part 176 — Indirect Food Additives: Paper and Paperboard Components', '2026-04-16', 'en', 'seed-ecfr-cig:1.0.0') ON CONFLICT(source_url, snapshot_date) DO NOTHING;
INSERT INTO fact_evidence (source_name, source_url, source_section, snapshot_date, language, retrieved_by) VALUES ('FDA Code of Federal Regulations, Title 21', 'https://www.ecfr.gov/on/2026-04-16/title-21/part-177', '21 CFR Part 177 — Indirect Food Additives: Polymers', '2026-04-16', 'en', 'seed-ecfr-cig:1.0.0') ON CONFLICT(source_url, snapshot_date) DO NOTHING;
INSERT INTO fact_evidence (source_name, source_url, source_section, snapshot_date, language, retrieved_by) VALUES ('FDA Code of Federal Regulations, Title 21', 'https://www.ecfr.gov/on/2026-04-16/title-21/part-178', '21 CFR Part 178 — Indirect Food Additives: Adjuvants, Production Aids, and Sanitizers', '2026-04-16', 'en', 'seed-ecfr-cig:1.0.0') ON CONFLICT(source_url, snapshot_date) DO NOTHING;
INSERT INTO fact_evidence (source_name, source_url, source_section, snapshot_date, language, retrieved_by) VALUES ('FDA Code of Federal Regulations, Title 21', 'https://www.ecfr.gov/on/2026-04-16/title-21/part-180', '21 CFR Part 180 — Food Additives Permitted in Food or in Contact with Food on an Interim Basis', '2026-04-16', 'en', 'seed-ecfr-cig:1.0.0') ON CONFLICT(source_url, snapshot_date) DO NOTHING;
INSERT INTO fact_evidence (source_name, source_url, source_section, snapshot_date, language, retrieved_by) VALUES ('FDA Code of Federal Regulations, Title 21', 'https://www.ecfr.gov/on/2026-04-16/title-21/part-181', '21 CFR Part 181 — Prior-Sanctioned Food Ingredients', '2026-04-16', 'en', 'seed-ecfr-cig:1.0.0') ON CONFLICT(source_url, snapshot_date) DO NOTHING;
INSERT INTO fact_evidence (source_name, source_url, source_section, snapshot_date, language, retrieved_by) VALUES ('FDA Code of Federal Regulations, Title 21', 'https://www.ecfr.gov/on/2026-04-16/title-21/part-182', '21 CFR Part 182 — Substances Generally Recognized as Safe', '2026-04-16', 'en', 'seed-ecfr-cig:1.0.0') ON CONFLICT(source_url, snapshot_date) DO NOTHING;
INSERT INTO fact_evidence (source_name, source_url, source_section, snapshot_date, language, retrieved_by) VALUES ('FDA Code of Federal Regulations, Title 21', 'https://www.ecfr.gov/on/2026-04-16/title-21/part-184', '21 CFR Part 184 — Direct Food Substances Affirmed as Generally Recognized as Safe', '2026-04-16', 'en', 'seed-ecfr-cig:1.0.0') ON CONFLICT(source_url, snapshot_date) DO NOTHING;
INSERT INTO fact_evidence (source_name, source_url, source_section, snapshot_date, language, retrieved_by) VALUES ('FDA Code of Federal Regulations, Title 21', 'https://www.ecfr.gov/on/2026-04-16/title-21/part-186', '21 CFR Part 186 — Indirect Food Substances Affirmed as Generally Recognized as Safe', '2026-04-16', 'en', 'seed-ecfr-cig:1.0.0') ON CONFLICT(source_url, snapshot_date) DO NOTHING;
INSERT INTO fact_evidence (source_name, source_url, source_section, snapshot_date, language, retrieved_by) VALUES ('FDA Code of Federal Regulations, Title 21', 'https://www.ecfr.gov/on/2026-04-16/title-21/part-189', '21 CFR Part 189 — Substances Prohibited from Use in Human Food', '2026-04-16', 'en', 'seed-ecfr-cig:1.0.0') ON CONFLICT(source_url, snapshot_date) DO NOTHING;
INSERT INTO fact_evidence (source_name, source_url, source_section, snapshot_date, language, retrieved_by) VALUES ('FDA Code of Federal Regulations, Title 21', 'https://www.ecfr.gov/on/2026-04-16/title-21/part-700', '21 CFR Part 700 — General (Cosmetics)', '2026-04-16', 'en', 'seed-ecfr-cig:1.0.0') ON CONFLICT(source_url, snapshot_date) DO NOTHING;

-- ingredient + alias + regulatory_fact per substance section
INSERT INTO ingredient (canonical_id, primary_name, ingredient_class, category, is_natural) VALUES ('NAME_anoxomer', 'Anoxomer', 'substance', 'food', 0) ON CONFLICT(canonical_id) DO NOTHING;
INSERT INTO ingredient_alias (canonical_id, alias, alias_normalized, alias_type, language_code, confidence, source) VALUES ('NAME_anoxomer', 'Anoxomer', 'anoxomer', 'synonym', 'en', 1.0, 'FDA CFR 21') ON CONFLICT(alias_normalized, alias_type, COALESCE(language_code, '')) DO NOTHING;
INSERT INTO regulatory_fact (canonical_id, jurisdiction, fact_type, status, regulation_ref, product_category, evidence_id) VALUES ('NAME_anoxomer', 'US_FDA', 'permitted', 'PERMITTED per 21 CFR §172.105 (Food Additives Permitted for Direct Addition to Food for Human Consumption)', '21 CFR §172.105', 'food', (SELECT id FROM fact_evidence WHERE source_url = 'https://www.ecfr.gov/on/2026-04-16/title-21/part-172' AND snapshot_date = '2026-04-16' LIMIT 1));
INSERT INTO ingredient (canonical_id, primary_name, ingredient_class, category, is_natural) VALUES ('NAME_bha', 'BHA', 'substance', 'food', 0) ON CONFLICT(canonical_id) DO NOTHING;
INSERT INTO ingredient_alias (canonical_id, alias, alias_normalized, alias_type, language_code, confidence, source) VALUES ('NAME_bha', 'BHA', 'bha', 'synonym', 'en', 1.0, 'FDA CFR 21') ON CONFLICT(alias_normalized, alias_type, COALESCE(language_code, '')) DO NOTHING;
INSERT INTO regulatory_fact (canonical_id, jurisdiction, fact_type, status, regulation_ref, product_category, evidence_id) VALUES ('NAME_bha', 'US_FDA', 'permitted', 'PERMITTED per 21 CFR §172.110 (Food Additives Permitted for Direct Addition to Food for Human Consumption)', '21 CFR §172.110', 'food', (SELECT id FROM fact_evidence WHERE source_url = 'https://www.ecfr.gov/on/2026-04-16/title-21/part-172' AND snapshot_date = '2026-04-16' LIMIT 1));
INSERT INTO ingredient (canonical_id, primary_name, ingredient_class, category, is_natural) VALUES ('NAME_bht', 'BHT', 'substance', 'food', 0) ON CONFLICT(canonical_id) DO NOTHING;
INSERT INTO ingredient_alias (canonical_id, alias, alias_normalized, alias_type, language_code, confidence, source) VALUES ('NAME_bht', 'BHT', 'bht', 'synonym', 'en', 1.0, 'FDA CFR 21') ON CONFLICT(alias_normalized, alias_type, COALESCE(language_code, '')) DO NOTHING;
INSERT INTO regulatory_fact (canonical_id, jurisdiction, fact_type, status, regulation_ref, product_category, evidence_id) VALUES ('NAME_bht', 'US_FDA', 'permitted', 'PERMITTED per 21 CFR §172.115 (Food Additives Permitted for Direct Addition to Food for Human Consumption)', '21 CFR §172.115', 'food', (SELECT id FROM fact_evidence WHERE source_url = 'https://www.ecfr.gov/on/2026-04-16/title-21/part-172' AND snapshot_date = '2026-04-16' LIMIT 1));
INSERT INTO ingredient (canonical_id, primary_name, ingredient_class, category, is_natural) VALUES ('NAME_calcium_disodium_edta', 'Calcium disodium EDTA', 'substance', 'food', 0) ON CONFLICT(canonical_id) DO NOTHING;
INSERT INTO ingredient_alias (canonical_id, alias, alias_normalized, alias_type, language_code, confidence, source) VALUES ('NAME_calcium_disodium_edta', 'Calcium disodium EDTA', 'calcium disodium edta', 'synonym', 'en', 1.0, 'FDA CFR 21') ON CONFLICT(alias_normalized, alias_type, COALESCE(language_code, '')) DO NOTHING;
INSERT INTO regulatory_fact (canonical_id, jurisdiction, fact_type, status, regulation_ref, product_category, evidence_id) VALUES ('NAME_calcium_disodium_edta', 'US_FDA', 'permitted', 'PERMITTED per 21 CFR §172.120 (Food Additives Permitted for Direct Addition to Food for Human Consumption)', '21 CFR §172.120', 'food', (SELECT id FROM fact_evidence WHERE source_url = 'https://www.ecfr.gov/on/2026-04-16/title-21/part-172' AND snapshot_date = '2026-04-16' LIMIT 1));
INSERT INTO ingredient (canonical_id, primary_name, ingredient_class, category, is_natural) VALUES ('NAME_dehydroacetic_acid', 'Dehydroacetic acid', 'substance', 'food', 0) ON CONFLICT(canonical_id) DO NOTHING;
INSERT INTO ingredient_alias (canonical_id, alias, alias_normalized, alias_type, language_code, confidence, source) VALUES ('NAME_dehydroacetic_acid', 'Dehydroacetic acid', 'dehydroacetic acid', 'synonym', 'en', 1.0, 'FDA CFR 21') ON CONFLICT(alias_normalized, alias_type, COALESCE(language_code, '')) DO NOTHING;
INSERT INTO regulatory_fact (canonical_id, jurisdiction, fact_type, status, regulation_ref, product_category, evidence_id) VALUES ('NAME_dehydroacetic_acid', 'US_FDA', 'permitted', 'PERMITTED per 21 CFR §172.130 (Food Additives Permitted for Direct Addition to Food for Human Consumption)', '21 CFR §172.130', 'food', (SELECT id FROM fact_evidence WHERE source_url = 'https://www.ecfr.gov/on/2026-04-16/title-21/part-172' AND snapshot_date = '2026-04-16' LIMIT 1));
INSERT INTO ingredient (canonical_id, primary_name, ingredient_class, category, is_natural) VALUES ('NAME_dimethyl_dicarbonate', 'Dimethyl dicarbonate', 'substance', 'food', 0) ON CONFLICT(canonical_id) DO NOTHING;
INSERT INTO ingredient_alias (canonical_id, alias, alias_normalized, alias_type, language_code, confidence, source) VALUES ('NAME_dimethyl_dicarbonate', 'Dimethyl dicarbonate', 'dimethyl dicarbonate', 'synonym', 'en', 1.0, 'FDA CFR 21') ON CONFLICT(alias_normalized, alias_type, COALESCE(language_code, '')) DO NOTHING;
INSERT INTO regulatory_fact (canonical_id, jurisdiction, fact_type, status, regulation_ref, product_category, evidence_id) VALUES ('NAME_dimethyl_dicarbonate', 'US_FDA', 'permitted', 'PERMITTED per 21 CFR §172.133 (Food Additives Permitted for Direct Addition to Food for Human Consumption)', '21 CFR §172.133', 'food', (SELECT id FROM fact_evidence WHERE source_url = 'https://www.ecfr.gov/on/2026-04-16/title-21/part-172' AND snapshot_date = '2026-04-16' LIMIT 1));
INSERT INTO ingredient (canonical_id, primary_name, ingredient_class, category, is_natural) VALUES ('NAME_disodium_edta', 'Disodium EDTA', 'substance', 'food', 0) ON CONFLICT(canonical_id) DO NOTHING;
INSERT INTO ingredient_alias (canonical_id, alias, alias_normalized, alias_type, language_code, confidence, source) VALUES ('NAME_disodium_edta', 'Disodium EDTA', 'disodium edta', 'synonym', 'en', 1.0, 'FDA CFR 21') ON CONFLICT(alias_normalized, alias_type, COALESCE(language_code, '')) DO NOTHING;
INSERT INTO regulatory_fact (canonical_id, jurisdiction, fact_type, status, regulation_ref, product_category, evidence_id) VALUES ('NAME_disodium_edta', 'US_FDA', 'permitted', 'PERMITTED per 21 CFR §172.135 (Food Additives Permitted for Direct Addition to Food for Human Consumption)', '21 CFR §172.135', 'food', (SELECT id FROM fact_evidence WHERE source_url = 'https://www.ecfr.gov/on/2026-04-16/title-21/part-172' AND snapshot_date = '2026-04-16' LIMIT 1));
INSERT INTO ingredient (canonical_id, primary_name, ingredient_class, category, is_natural) VALUES ('NAME_ethoxyquin', 'Ethoxyquin', 'substance', 'food', 0) ON CONFLICT(canonical_id) DO NOTHING;
INSERT INTO ingredient_alias (canonical_id, alias, alias_normalized, alias_type, language_code, confidence, source) VALUES ('NAME_ethoxyquin', 'Ethoxyquin', 'ethoxyquin', 'synonym', 'en', 1.0, 'FDA CFR 21') ON CONFLICT(alias_normalized, alias_type, COALESCE(language_code, '')) DO NOTHING;
INSERT INTO regulatory_fact (canonical_id, jurisdiction, fact_type, status, regulation_ref, product_category, evidence_id) VALUES ('NAME_ethoxyquin', 'US_FDA', 'permitted', 'PERMITTED per 21 CFR §172.140 (Food Additives Permitted for Direct Addition to Food for Human Consumption)', '21 CFR §172.140', 'food', (SELECT id FROM fact_evidence WHERE source_url = 'https://www.ecfr.gov/on/2026-04-16/title-21/part-172' AND snapshot_date = '2026-04-16' LIMIT 1));
INSERT INTO ingredient (canonical_id, primary_name, ingredient_class, category, is_natural) VALUES ('NAME_heptylparaben', 'Heptylparaben', 'substance', 'food', 0) ON CONFLICT(canonical_id) DO NOTHING;
INSERT INTO ingredient_alias (canonical_id, alias, alias_normalized, alias_type, language_code, confidence, source) VALUES ('NAME_heptylparaben', 'Heptylparaben', 'heptylparaben', 'synonym', 'en', 1.0, 'FDA CFR 21') ON CONFLICT(alias_normalized, alias_type, COALESCE(language_code, '')) DO NOTHING;
INSERT INTO regulatory_fact (canonical_id, jurisdiction, fact_type, status, regulation_ref, product_category, evidence_id) VALUES ('NAME_heptylparaben', 'US_FDA', 'permitted', 'PERMITTED per 21 CFR §172.145 (Food Additives Permitted for Direct Addition to Food for Human Consumption)', '21 CFR §172.145', 'food', (SELECT id FROM fact_evidence WHERE source_url = 'https://www.ecfr.gov/on/2026-04-16/title-21/part-172' AND snapshot_date = '2026-04-16' LIMIT 1));
INSERT INTO ingredient (canonical_id, primary_name, ingredient_class, category, is_natural) VALUES ('NAME_4_hydroxymethyl_26_di', '4-Hydroxymethyl-2,6-di-', 'substance', 'food', 0) ON CONFLICT(canonical_id) DO NOTHING;
INSERT INTO ingredient_alias (canonical_id, alias, alias_normalized, alias_type, language_code, confidence, source) VALUES ('NAME_4_hydroxymethyl_26_di', '4-Hydroxymethyl-2,6-di-', '4-hydroxymethyl-2,6-di-', 'synonym', 'en', 1.0, 'FDA CFR 21') ON CONFLICT(alias_normalized, alias_type, COALESCE(language_code, '')) DO NOTHING;
INSERT INTO regulatory_fact (canonical_id, jurisdiction, fact_type, status, regulation_ref, product_category, evidence_id) VALUES ('NAME_4_hydroxymethyl_26_di', 'US_FDA', 'permitted', 'PERMITTED per 21 CFR §172.150 (Food Additives Permitted for Direct Addition to Food for Human Consumption)', '21 CFR §172.150', 'food', (SELECT id FROM fact_evidence WHERE source_url = 'https://www.ecfr.gov/on/2026-04-16/title-21/part-172' AND snapshot_date = '2026-04-16' LIMIT 1));
INSERT INTO ingredient (canonical_id, primary_name, ingredient_class, category, is_natural) VALUES ('NAME_natamycin_pimaricin', 'Natamycin (pimaricin)', 'substance', 'food', 0) ON CONFLICT(canonical_id) DO NOTHING;
INSERT INTO ingredient_alias (canonical_id, alias, alias_normalized, alias_type, language_code, confidence, source) VALUES ('NAME_natamycin_pimaricin', 'Natamycin (pimaricin)', 'natamycin (pimaricin)', 'synonym', 'en', 1.0, 'FDA CFR 21') ON CONFLICT(alias_normalized, alias_type, COALESCE(language_code, '')) DO NOTHING;
INSERT INTO regulatory_fact (canonical_id, jurisdiction, fact_type, status, regulation_ref, product_category, evidence_id) VALUES ('NAME_natamycin_pimaricin', 'US_FDA', 'permitted', 'PERMITTED per 21 CFR §172.155 (Food Additives Permitted for Direct Addition to Food for Human Consumption)', '21 CFR §172.155', 'food', (SELECT id FROM fact_evidence WHERE source_url = 'https://www.ecfr.gov/on/2026-04-16/title-21/part-172' AND snapshot_date = '2026-04-16' LIMIT 1));
INSERT INTO ingredient (canonical_id, primary_name, ingredient_class, category, is_natural) VALUES ('NAME_potassium_nitrate', 'Potassium nitrate', 'substance', 'food', 0) ON CONFLICT(canonical_id) DO NOTHING;
INSERT INTO ingredient_alias (canonical_id, alias, alias_normalized, alias_type, language_code, confidence, source) VALUES ('NAME_potassium_nitrate', 'Potassium nitrate', 'potassium nitrate', 'synonym', 'en', 1.0, 'FDA CFR 21') ON CONFLICT(alias_normalized, alias_type, COALESCE(language_code, '')) DO NOTHING;
INSERT INTO regulatory_fact (canonical_id, jurisdiction, fact_type, status, regulation_ref, product_category, evidence_id) VALUES ('NAME_potassium_nitrate', 'US_FDA', 'permitted', 'PERMITTED per 21 CFR §172.160 (Food Additives Permitted for Direct Addition to Food for Human Consumption)', '21 CFR §172.160', 'food', (SELECT id FROM fact_evidence WHERE source_url = 'https://www.ecfr.gov/on/2026-04-16/title-21/part-172' AND snapshot_date = '2026-04-16' LIMIT 1));
INSERT INTO ingredient (canonical_id, primary_name, ingredient_class, category, is_natural) VALUES ('NAME_quaternary_ammonium_chloride_combination', 'Quaternary ammonium chloride combination', 'substance', 'food', 0) ON CONFLICT(canonical_id) DO NOTHING;
INSERT INTO ingredient_alias (canonical_id, alias, alias_normalized, alias_type, language_code, confidence, source) VALUES ('NAME_quaternary_ammonium_chloride_combination', 'Quaternary ammonium chloride combination', 'quaternary ammonium chloride combination', 'synonym', 'en', 1.0, 'FDA CFR 21') ON CONFLICT(alias_normalized, alias_type, COALESCE(language_code, '')) DO NOTHING;
INSERT INTO regulatory_fact (canonical_id, jurisdiction, fact_type, status, regulation_ref, product_category, evidence_id) VALUES ('NAME_quaternary_ammonium_chloride_combination', 'US_FDA', 'permitted', 'PERMITTED per 21 CFR §172.165 (Food Additives Permitted for Direct Addition to Food for Human Consumption)', '21 CFR §172.165', 'food', (SELECT id FROM fact_evidence WHERE source_url = 'https://www.ecfr.gov/on/2026-04-16/title-21/part-172' AND snapshot_date = '2026-04-16' LIMIT 1));
INSERT INTO ingredient (canonical_id, primary_name, ingredient_class, category, is_natural) VALUES ('NAME_silver_nitrate_and_hydrogen_peroxide_solution', 'Silver nitrate and hydrogen peroxide solution', 'substance', 'food', 0) ON CONFLICT(canonical_id) DO NOTHING;
INSERT INTO ingredient_alias (canonical_id, alias, alias_normalized, alias_type, language_code, confidence, source) VALUES ('NAME_silver_nitrate_and_hydrogen_peroxide_solution', 'Silver nitrate and hydrogen peroxide solution', 'silver nitrate and hydrogen peroxide solution', 'synonym', 'en', 1.0, 'FDA CFR 21') ON CONFLICT(alias_normalized, alias_type, COALESCE(language_code, '')) DO NOTHING;
INSERT INTO regulatory_fact (canonical_id, jurisdiction, fact_type, status, regulation_ref, product_category, evidence_id) VALUES ('NAME_silver_nitrate_and_hydrogen_peroxide_solution', 'US_FDA', 'permitted', 'PERMITTED per 21 CFR §172.167 (Food Additives Permitted for Direct Addition to Food for Human Consumption)', '21 CFR §172.167', 'food', (SELECT id FROM fact_evidence WHERE source_url = 'https://www.ecfr.gov/on/2026-04-16/title-21/part-172' AND snapshot_date = '2026-04-16' LIMIT 1));
INSERT INTO ingredient (canonical_id, primary_name, ingredient_class, category, is_natural) VALUES ('NAME_sodium_nitrate', 'Sodium nitrate', 'substance', 'food', 0) ON CONFLICT(canonical_id) DO NOTHING;
INSERT INTO ingredient_alias (canonical_id, alias, alias_normalized, alias_type, language_code, confidence, source) VALUES ('NAME_sodium_nitrate', 'Sodium nitrate', 'sodium nitrate', 'synonym', 'en', 1.0, 'FDA CFR 21') ON CONFLICT(alias_normalized, alias_type, COALESCE(language_code, '')) DO NOTHING;
INSERT INTO regulatory_fact (canonical_id, jurisdiction, fact_type, status, regulation_ref, product_category, evidence_id) VALUES ('NAME_sodium_nitrate', 'US_FDA', 'permitted', 'PERMITTED per 21 CFR §172.170 (Food Additives Permitted for Direct Addition to Food for Human Consumption)', '21 CFR §172.170', 'food', (SELECT id FROM fact_evidence WHERE source_url = 'https://www.ecfr.gov/on/2026-04-16/title-21/part-172' AND snapshot_date = '2026-04-16' LIMIT 1));
INSERT INTO ingredient (canonical_id, primary_name, ingredient_class, category, is_natural) VALUES ('NAME_sodium_nitrite', 'Sodium nitrite', 'substance', 'food', 0) ON CONFLICT(canonical_id) DO NOTHING;
INSERT INTO ingredient_alias (canonical_id, alias, alias_normalized, alias_type, language_code, confidence, source) VALUES ('NAME_sodium_nitrite', 'Sodium nitrite', 'sodium nitrite', 'synonym', 'en', 1.0, 'FDA CFR 21') ON CONFLICT(alias_normalized, alias_type, COALESCE(language_code, '')) DO NOTHING;
INSERT INTO regulatory_fact (canonical_id, jurisdiction, fact_type, status, regulation_ref, product_category, evidence_id) VALUES ('NAME_sodium_nitrite', 'US_FDA', 'permitted', 'PERMITTED per 21 CFR §172.175 (Food Additives Permitted for Direct Addition to Food for Human Consumption)', '21 CFR §172.175', 'food', (SELECT id FROM fact_evidence WHERE source_url = 'https://www.ecfr.gov/on/2026-04-16/title-21/part-172' AND snapshot_date = '2026-04-16' LIMIT 1));
INSERT INTO ingredient (canonical_id, primary_name, ingredient_class, category, is_natural) VALUES ('NAME_sodium_nitrite_used_in_processing_smoked_chub', 'Sodium nitrite used in processing smoked chub', 'substance', 'food', 0) ON CONFLICT(canonical_id) DO NOTHING;
INSERT INTO ingredient_alias (canonical_id, alias, alias_normalized, alias_type, language_code, confidence, source) VALUES ('NAME_sodium_nitrite_used_in_processing_smoked_chub', 'Sodium nitrite used in processing smoked chub', 'sodium nitrite used in processing smoked chub', 'synonym', 'en', 1.0, 'FDA CFR 21') ON CONFLICT(alias_normalized, alias_type, COALESCE(language_code, '')) DO NOTHING;
INSERT INTO regulatory_fact (canonical_id, jurisdiction, fact_type, status, regulation_ref, product_category, evidence_id) VALUES ('NAME_sodium_nitrite_used_in_processing_smoked_chub', 'US_FDA', 'permitted', 'PERMITTED per 21 CFR §172.177 (Food Additives Permitted for Direct Addition to Food for Human Consumption)', '21 CFR §172.177', 'food', (SELECT id FROM fact_evidence WHERE source_url = 'https://www.ecfr.gov/on/2026-04-16/title-21/part-172' AND snapshot_date = '2026-04-16' LIMIT 1));
INSERT INTO ingredient (canonical_id, primary_name, ingredient_class, category, is_natural) VALUES ('NAME_stannous_chloride', 'Stannous chloride', 'substance', 'food', 0) ON CONFLICT(canonical_id) DO NOTHING;
INSERT INTO ingredient_alias (canonical_id, alias, alias_normalized, alias_type, language_code, confidence, source) VALUES ('NAME_stannous_chloride', 'Stannous chloride', 'stannous chloride', 'synonym', 'en', 1.0, 'FDA CFR 21') ON CONFLICT(alias_normalized, alias_type, COALESCE(language_code, '')) DO NOTHING;
INSERT INTO regulatory_fact (canonical_id, jurisdiction, fact_type, status, regulation_ref, product_category, evidence_id) VALUES ('NAME_stannous_chloride', 'US_FDA', 'permitted', 'PERMITTED per 21 CFR §172.180 (Food Additives Permitted for Direct Addition to Food for Human Consumption)', '21 CFR §172.180', 'food', (SELECT id FROM fact_evidence WHERE source_url = 'https://www.ecfr.gov/on/2026-04-16/title-21/part-172' AND snapshot_date = '2026-04-16' LIMIT 1));
INSERT INTO ingredient (canonical_id, primary_name, ingredient_class, category, is_natural) VALUES ('NAME_tbhq', 'TBHQ', 'substance', 'food', 0) ON CONFLICT(canonical_id) DO NOTHING;
INSERT INTO ingredient_alias (canonical_id, alias, alias_normalized, alias_type, language_code, confidence, source) VALUES ('NAME_tbhq', 'TBHQ', 'tbhq', 'synonym', 'en', 1.0, 'FDA CFR 21') ON CONFLICT(alias_normalized, alias_type, COALESCE(language_code, '')) DO NOTHING;
INSERT INTO regulatory_fact (canonical_id, jurisdiction, fact_type, status, regulation_ref, product_category, evidence_id) VALUES ('NAME_tbhq', 'US_FDA', 'permitted', 'PERMITTED per 21 CFR §172.185 (Food Additives Permitted for Direct Addition to Food for Human Consumption)', '21 CFR §172.185', 'food', (SELECT id FROM fact_evidence WHERE source_url = 'https://www.ecfr.gov/on/2026-04-16/title-21/part-172' AND snapshot_date = '2026-04-16' LIMIT 1));
INSERT INTO ingredient (canonical_id, primary_name, ingredient_class, category, is_natural) VALUES ('NAME_thbp', 'THBP', 'substance', 'food', 0) ON CONFLICT(canonical_id) DO NOTHING;
INSERT INTO ingredient_alias (canonical_id, alias, alias_normalized, alias_type, language_code, confidence, source) VALUES ('NAME_thbp', 'THBP', 'thbp', 'synonym', 'en', 1.0, 'FDA CFR 21') ON CONFLICT(alias_normalized, alias_type, COALESCE(language_code, '')) DO NOTHING;
INSERT INTO regulatory_fact (canonical_id, jurisdiction, fact_type, status, regulation_ref, product_category, evidence_id) VALUES ('NAME_thbp', 'US_FDA', 'permitted', 'PERMITTED per 21 CFR §172.190 (Food Additives Permitted for Direct Addition to Food for Human Consumption)', '21 CFR §172.190', 'food', (SELECT id FROM fact_evidence WHERE source_url = 'https://www.ecfr.gov/on/2026-04-16/title-21/part-172' AND snapshot_date = '2026-04-16' LIMIT 1));
INSERT INTO ingredient (canonical_id, primary_name, ingredient_class, category, is_natural) VALUES ('NAME_coatings_on_fresh_citrus_fruit', 'Coatings on fresh citrus fruit', 'substance', 'food', 0) ON CONFLICT(canonical_id) DO NOTHING;
INSERT INTO ingredient_alias (canonical_id, alias, alias_normalized, alias_type, language_code, confidence, source) VALUES ('NAME_coatings_on_fresh_citrus_fruit', 'Coatings on fresh citrus fruit', 'coatings on fresh citrus fruit', 'synonym', 'en', 1.0, 'FDA CFR 21') ON CONFLICT(alias_normalized, alias_type, COALESCE(language_code, '')) DO NOTHING;
INSERT INTO regulatory_fact (canonical_id, jurisdiction, fact_type, status, regulation_ref, product_category, evidence_id) VALUES ('NAME_coatings_on_fresh_citrus_fruit', 'US_FDA', 'permitted', 'PERMITTED per 21 CFR §172.210 (Food Additives Permitted for Direct Addition to Food for Human Consumption)', '21 CFR §172.210', 'food', (SELECT id FROM fact_evidence WHERE source_url = 'https://www.ecfr.gov/on/2026-04-16/title-21/part-172' AND snapshot_date = '2026-04-16' LIMIT 1));
INSERT INTO ingredient (canonical_id, primary_name, ingredient_class, category, is_natural) VALUES ('NAME_coumarone_indene_resin', 'Coumarone-indene resin', 'substance', 'food', 0) ON CONFLICT(canonical_id) DO NOTHING;
INSERT INTO ingredient_alias (canonical_id, alias, alias_normalized, alias_type, language_code, confidence, source) VALUES ('NAME_coumarone_indene_resin', 'Coumarone-indene resin', 'coumarone-indene resin', 'synonym', 'en', 1.0, 'FDA CFR 21') ON CONFLICT(alias_normalized, alias_type, COALESCE(language_code, '')) DO NOTHING;
INSERT INTO regulatory_fact (canonical_id, jurisdiction, fact_type, status, regulation_ref, product_category, evidence_id) VALUES ('NAME_coumarone_indene_resin', 'US_FDA', 'permitted', 'PERMITTED per 21 CFR §172.215 (Food Additives Permitted for Direct Addition to Food for Human Consumption)', '21 CFR §172.215', 'food', (SELECT id FROM fact_evidence WHERE source_url = 'https://www.ecfr.gov/on/2026-04-16/title-21/part-172' AND snapshot_date = '2026-04-16' LIMIT 1));
INSERT INTO ingredient (canonical_id, primary_name, ingredient_class, category, is_natural) VALUES ('NAME_methyl_and_ethyl_esters_of_fatty_acids_produced_from_edible_fats_and_oils', 'Methyl and ethyl esters of fatty acids produced from edible fats and oils', 'substance', 'food', 0) ON CONFLICT(canonical_id) DO NOTHING;
INSERT INTO ingredient_alias (canonical_id, alias, alias_normalized, alias_type, language_code, confidence, source) VALUES ('NAME_methyl_and_ethyl_esters_of_fatty_acids_produced_from_edible_fats_and_oils', 'Methyl and ethyl esters of fatty acids produced from edible fats and oils', 'methyl and ethyl esters of fatty acids produced from edible fats and oils', 'synonym', 'en', 1.0, 'FDA CFR 21') ON CONFLICT(alias_normalized, alias_type, COALESCE(language_code, '')) DO NOTHING;
INSERT INTO regulatory_fact (canonical_id, jurisdiction, fact_type, status, regulation_ref, product_category, evidence_id) VALUES ('NAME_methyl_and_ethyl_esters_of_fatty_acids_produced_from_edible_fats_and_oils', 'US_FDA', 'permitted', 'PERMITTED per 21 CFR §172.225 (Food Additives Permitted for Direct Addition to Food for Human Consumption)', '21 CFR §172.225', 'food', (SELECT id FROM fact_evidence WHERE source_url = 'https://www.ecfr.gov/on/2026-04-16/title-21/part-172' AND snapshot_date = '2026-04-16' LIMIT 1));
INSERT INTO ingredient (canonical_id, primary_name, ingredient_class, category, is_natural) VALUES ('NAME_microcapsules_for_flavoring_substances', 'Microcapsules for flavoring substances', 'substance', 'food', 0) ON CONFLICT(canonical_id) DO NOTHING;
INSERT INTO ingredient_alias (canonical_id, alias, alias_normalized, alias_type, language_code, confidence, source) VALUES ('NAME_microcapsules_for_flavoring_substances', 'Microcapsules for flavoring substances', 'microcapsules for flavoring substances', 'synonym', 'en', 1.0, 'FDA CFR 21') ON CONFLICT(alias_normalized, alias_type, COALESCE(language_code, '')) DO NOTHING;
INSERT INTO regulatory_fact (canonical_id, jurisdiction, fact_type, status, regulation_ref, product_category, evidence_id) VALUES ('NAME_microcapsules_for_flavoring_substances', 'US_FDA', 'permitted', 'PERMITTED per 21 CFR §172.230 (Food Additives Permitted for Direct Addition to Food for Human Consumption)', '21 CFR §172.230', 'food', (SELECT id FROM fact_evidence WHERE source_url = 'https://www.ecfr.gov/on/2026-04-16/title-21/part-172' AND snapshot_date = '2026-04-16' LIMIT 1));
INSERT INTO ingredient (canonical_id, primary_name, ingredient_class, category, is_natural) VALUES ('NAME_morpholine', 'Morpholine', 'substance', 'food', 0) ON CONFLICT(canonical_id) DO NOTHING;
INSERT INTO ingredient_alias (canonical_id, alias, alias_normalized, alias_type, language_code, confidence, source) VALUES ('NAME_morpholine', 'Morpholine', 'morpholine', 'synonym', 'en', 1.0, 'FDA CFR 21') ON CONFLICT(alias_normalized, alias_type, COALESCE(language_code, '')) DO NOTHING;
INSERT INTO regulatory_fact (canonical_id, jurisdiction, fact_type, status, regulation_ref, product_category, evidence_id) VALUES ('NAME_morpholine', 'US_FDA', 'permitted', 'PERMITTED per 21 CFR §172.235 (Food Additives Permitted for Direct Addition to Food for Human Consumption)', '21 CFR §172.235', 'food', (SELECT id FROM fact_evidence WHERE source_url = 'https://www.ecfr.gov/on/2026-04-16/title-21/part-172' AND snapshot_date = '2026-04-16' LIMIT 1));
INSERT INTO ingredient (canonical_id, primary_name, ingredient_class, category, is_natural) VALUES ('NAME_petroleum_naphtha', 'Petroleum naphtha', 'substance', 'food', 0) ON CONFLICT(canonical_id) DO NOTHING;
INSERT INTO ingredient_alias (canonical_id, alias, alias_normalized, alias_type, language_code, confidence, source) VALUES ('NAME_petroleum_naphtha', 'Petroleum naphtha', 'petroleum naphtha', 'synonym', 'en', 1.0, 'FDA CFR 21') ON CONFLICT(alias_normalized, alias_type, COALESCE(language_code, '')) DO NOTHING;
INSERT INTO regulatory_fact (canonical_id, jurisdiction, fact_type, status, regulation_ref, product_category, evidence_id) VALUES ('NAME_petroleum_naphtha', 'US_FDA', 'permitted', 'PERMITTED per 21 CFR §172.250 (Food Additives Permitted for Direct Addition to Food for Human Consumption)', '21 CFR §172.250', 'food', (SELECT id FROM fact_evidence WHERE source_url = 'https://www.ecfr.gov/on/2026-04-16/title-21/part-172' AND snapshot_date = '2026-04-16' LIMIT 1));
INSERT INTO ingredient (canonical_id, primary_name, ingredient_class, category, is_natural) VALUES ('NAME_polyacrylamide', 'Polyacrylamide', 'substance', 'food', 0) ON CONFLICT(canonical_id) DO NOTHING;
INSERT INTO ingredient_alias (canonical_id, alias, alias_normalized, alias_type, language_code, confidence, source) VALUES ('NAME_polyacrylamide', 'Polyacrylamide', 'polyacrylamide', 'synonym', 'en', 1.0, 'FDA CFR 21') ON CONFLICT(alias_normalized, alias_type, COALESCE(language_code, '')) DO NOTHING;
INSERT INTO regulatory_fact (canonical_id, jurisdiction, fact_type, status, regulation_ref, product_category, evidence_id) VALUES ('NAME_polyacrylamide', 'US_FDA', 'permitted', 'PERMITTED per 21 CFR §172.255 (Food Additives Permitted for Direct Addition to Food for Human Consumption)', '21 CFR §172.255', 'food', (SELECT id FROM fact_evidence WHERE source_url = 'https://www.ecfr.gov/on/2026-04-16/title-21/part-172' AND snapshot_date = '2026-04-16' LIMIT 1));
INSERT INTO ingredient (canonical_id, primary_name, ingredient_class, category, is_natural) VALUES ('NAME_oxidized_polyethylene', 'Oxidized polyethylene', 'substance', 'food', 0) ON CONFLICT(canonical_id) DO NOTHING;
INSERT INTO ingredient_alias (canonical_id, alias, alias_normalized, alias_type, language_code, confidence, source) VALUES ('NAME_oxidized_polyethylene', 'Oxidized polyethylene', 'oxidized polyethylene', 'synonym', 'en', 1.0, 'FDA CFR 21') ON CONFLICT(alias_normalized, alias_type, COALESCE(language_code, '')) DO NOTHING;
INSERT INTO regulatory_fact (canonical_id, jurisdiction, fact_type, status, regulation_ref, product_category, evidence_id) VALUES ('NAME_oxidized_polyethylene', 'US_FDA', 'permitted', 'PERMITTED per 21 CFR §172.260 (Food Additives Permitted for Direct Addition to Food for Human Consumption)', '21 CFR §172.260', 'food', (SELECT id FROM fact_evidence WHERE source_url = 'https://www.ecfr.gov/on/2026-04-16/title-21/part-172' AND snapshot_date = '2026-04-16' LIMIT 1));
INSERT INTO ingredient (canonical_id, primary_name, ingredient_class, category, is_natural) VALUES ('NAME_sulfated_butyl_oleate', 'Sulfated butyl oleate', 'substance', 'food', 0) ON CONFLICT(canonical_id) DO NOTHING;
INSERT INTO ingredient_alias (canonical_id, alias, alias_normalized, alias_type, language_code, confidence, source) VALUES ('NAME_sulfated_butyl_oleate', 'Sulfated butyl oleate', 'sulfated butyl oleate', 'synonym', 'en', 1.0, 'FDA CFR 21') ON CONFLICT(alias_normalized, alias_type, COALESCE(language_code, '')) DO NOTHING;
INSERT INTO regulatory_fact (canonical_id, jurisdiction, fact_type, status, regulation_ref, product_category, evidence_id) VALUES ('NAME_sulfated_butyl_oleate', 'US_FDA', 'permitted', 'PERMITTED per 21 CFR §172.270 (Food Additives Permitted for Direct Addition to Food for Human Consumption)', '21 CFR §172.270', 'food', (SELECT id FROM fact_evidence WHERE source_url = 'https://www.ecfr.gov/on/2026-04-16/title-21/part-172' AND snapshot_date = '2026-04-16' LIMIT 1));
INSERT INTO ingredient (canonical_id, primary_name, ingredient_class, category, is_natural) VALUES ('NAME_synthetic_paraffin_and_succinic_derivatives', 'Synthetic paraffin and succinic derivatives', 'substance', 'food', 0) ON CONFLICT(canonical_id) DO NOTHING;
INSERT INTO ingredient_alias (canonical_id, alias, alias_normalized, alias_type, language_code, confidence, source) VALUES ('NAME_synthetic_paraffin_and_succinic_derivatives', 'Synthetic paraffin and succinic derivatives', 'synthetic paraffin and succinic derivatives', 'synonym', 'en', 1.0, 'FDA CFR 21') ON CONFLICT(alias_normalized, alias_type, COALESCE(language_code, '')) DO NOTHING;
INSERT INTO regulatory_fact (canonical_id, jurisdiction, fact_type, status, regulation_ref, product_category, evidence_id) VALUES ('NAME_synthetic_paraffin_and_succinic_derivatives', 'US_FDA', 'permitted', 'PERMITTED per 21 CFR §172.275 (Food Additives Permitted for Direct Addition to Food for Human Consumption)', '21 CFR §172.275', 'food', (SELECT id FROM fact_evidence WHERE source_url = 'https://www.ecfr.gov/on/2026-04-16/title-21/part-172' AND snapshot_date = '2026-04-16' LIMIT 1));
INSERT INTO ingredient (canonical_id, primary_name, ingredient_class, category, is_natural) VALUES ('NAME_terpene_resin', 'Terpene resin', 'substance', 'food', 0) ON CONFLICT(canonical_id) DO NOTHING;
INSERT INTO ingredient_alias (canonical_id, alias, alias_normalized, alias_type, language_code, confidence, source) VALUES ('NAME_terpene_resin', 'Terpene resin', 'terpene resin', 'synonym', 'en', 1.0, 'FDA CFR 21') ON CONFLICT(alias_normalized, alias_type, COALESCE(language_code, '')) DO NOTHING;
INSERT INTO regulatory_fact (canonical_id, jurisdiction, fact_type, status, regulation_ref, product_category, evidence_id) VALUES ('NAME_terpene_resin', 'US_FDA', 'permitted', 'PERMITTED per 21 CFR §172.280 (Food Additives Permitted for Direct Addition to Food for Human Consumption)', '21 CFR §172.280', 'food', (SELECT id FROM fact_evidence WHERE source_url = 'https://www.ecfr.gov/on/2026-04-16/title-21/part-172' AND snapshot_date = '2026-04-16' LIMIT 1));
INSERT INTO ingredient (canonical_id, primary_name, ingredient_class, category, is_natural) VALUES ('NAME_aluminum_nicotinate', 'Aluminum nicotinate', 'substance', 'food', 0) ON CONFLICT(canonical_id) DO NOTHING;
INSERT INTO ingredient_alias (canonical_id, alias, alias_normalized, alias_type, language_code, confidence, source) VALUES ('NAME_aluminum_nicotinate', 'Aluminum nicotinate', 'aluminum nicotinate', 'synonym', 'en', 1.0, 'FDA CFR 21') ON CONFLICT(alias_normalized, alias_type, COALESCE(language_code, '')) DO NOTHING;
INSERT INTO regulatory_fact (canonical_id, jurisdiction, fact_type, status, regulation_ref, product_category, evidence_id) VALUES ('NAME_aluminum_nicotinate', 'US_FDA', 'permitted', 'PERMITTED per 21 CFR §172.310 (Food Additives Permitted for Direct Addition to Food for Human Consumption)', '21 CFR §172.310', 'food', (SELECT id FROM fact_evidence WHERE source_url = 'https://www.ecfr.gov/on/2026-04-16/title-21/part-172' AND snapshot_date = '2026-04-16' LIMIT 1));
INSERT INTO ingredient (canonical_id, primary_name, ingredient_class, category, is_natural) VALUES ('NAME_nicotinamide_ascorbic_acid_complex', 'Nicotinamide-ascorbic acid complex', 'substance', 'food', 0) ON CONFLICT(canonical_id) DO NOTHING;
INSERT INTO ingredient_alias (canonical_id, alias, alias_normalized, alias_type, language_code, confidence, source) VALUES ('NAME_nicotinamide_ascorbic_acid_complex', 'Nicotinamide-ascorbic acid complex', 'nicotinamide-ascorbic acid complex', 'synonym', 'en', 1.0, 'FDA CFR 21') ON CONFLICT(alias_normalized, alias_type, COALESCE(language_code, '')) DO NOTHING;
INSERT INTO regulatory_fact (canonical_id, jurisdiction, fact_type, status, regulation_ref, product_category, evidence_id) VALUES ('NAME_nicotinamide_ascorbic_acid_complex', 'US_FDA', 'permitted', 'PERMITTED per 21 CFR §172.315 (Food Additives Permitted for Direct Addition to Food for Human Consumption)', '21 CFR §172.315', 'food', (SELECT id FROM fact_evidence WHERE source_url = 'https://www.ecfr.gov/on/2026-04-16/title-21/part-172' AND snapshot_date = '2026-04-16' LIMIT 1));
INSERT INTO ingredient (canonical_id, primary_name, ingredient_class, category, is_natural) VALUES ('NAME_amino_acids', 'Amino acids', 'substance', 'food', 0) ON CONFLICT(canonical_id) DO NOTHING;
INSERT INTO ingredient_alias (canonical_id, alias, alias_normalized, alias_type, language_code, confidence, source) VALUES ('NAME_amino_acids', 'Amino acids', 'amino acids', 'synonym', 'en', 1.0, 'FDA CFR 21') ON CONFLICT(alias_normalized, alias_type, COALESCE(language_code, '')) DO NOTHING;
INSERT INTO regulatory_fact (canonical_id, jurisdiction, fact_type, status, regulation_ref, product_category, evidence_id) VALUES ('NAME_amino_acids', 'US_FDA', 'permitted', 'PERMITTED per 21 CFR §172.320 (Food Additives Permitted for Direct Addition to Food for Human Consumption)', '21 CFR §172.320', 'food', (SELECT id FROM fact_evidence WHERE source_url = 'https://www.ecfr.gov/on/2026-04-16/title-21/part-172' AND snapshot_date = '2026-04-16' LIMIT 1));
INSERT INTO ingredient (canonical_id, primary_name, ingredient_class, category, is_natural) VALUES ('NAME_bakers_yeast_protein', 'Bakers yeast protein', 'substance', 'food', 0) ON CONFLICT(canonical_id) DO NOTHING;
INSERT INTO ingredient_alias (canonical_id, alias, alias_normalized, alias_type, language_code, confidence, source) VALUES ('NAME_bakers_yeast_protein', 'Bakers yeast protein', 'bakers yeast protein', 'synonym', 'en', 1.0, 'FDA CFR 21') ON CONFLICT(alias_normalized, alias_type, COALESCE(language_code, '')) DO NOTHING;
INSERT INTO regulatory_fact (canonical_id, jurisdiction, fact_type, status, regulation_ref, product_category, evidence_id) VALUES ('NAME_bakers_yeast_protein', 'US_FDA', 'permitted', 'PERMITTED per 21 CFR §172.325 (Food Additives Permitted for Direct Addition to Food for Human Consumption)', '21 CFR §172.325', 'food', (SELECT id FROM fact_evidence WHERE source_url = 'https://www.ecfr.gov/on/2026-04-16/title-21/part-172' AND snapshot_date = '2026-04-16' LIMIT 1));
INSERT INTO ingredient (canonical_id, primary_name, ingredient_class, category, is_natural) VALUES ('NAME_calcium_pantothenate_calcium_chloride_double_salt', 'Calcium pantothenate, calcium chloride double salt', 'substance', 'food', 0) ON CONFLICT(canonical_id) DO NOTHING;
INSERT INTO ingredient_alias (canonical_id, alias, alias_normalized, alias_type, language_code, confidence, source) VALUES ('NAME_calcium_pantothenate_calcium_chloride_double_salt', 'Calcium pantothenate, calcium chloride double salt', 'calcium pantothenate, calcium chloride double salt', 'synonym', 'en', 1.0, 'FDA CFR 21') ON CONFLICT(alias_normalized, alias_type, COALESCE(language_code, '')) DO NOTHING;
INSERT INTO regulatory_fact (canonical_id, jurisdiction, fact_type, status, regulation_ref, product_category, evidence_id) VALUES ('NAME_calcium_pantothenate_calcium_chloride_double_salt', 'US_FDA', 'permitted', 'PERMITTED per 21 CFR §172.330 (Food Additives Permitted for Direct Addition to Food for Human Consumption)', '21 CFR §172.330', 'food', (SELECT id FROM fact_evidence WHERE source_url = 'https://www.ecfr.gov/on/2026-04-16/title-21/part-172' AND snapshot_date = '2026-04-16' LIMIT 1));
INSERT INTO ingredient (canonical_id, primary_name, ingredient_class, category, is_natural) VALUES ('NAME_d_pantothenamide', 'D-Pantothenamide', 'substance', 'food', 0) ON CONFLICT(canonical_id) DO NOTHING;
INSERT INTO ingredient_alias (canonical_id, alias, alias_normalized, alias_type, language_code, confidence, source) VALUES ('NAME_d_pantothenamide', 'D-Pantothenamide', 'd-pantothenamide', 'synonym', 'en', 1.0, 'FDA CFR 21') ON CONFLICT(alias_normalized, alias_type, COALESCE(language_code, '')) DO NOTHING;
INSERT INTO regulatory_fact (canonical_id, jurisdiction, fact_type, status, regulation_ref, product_category, evidence_id) VALUES ('NAME_d_pantothenamide', 'US_FDA', 'permitted', 'PERMITTED per 21 CFR §172.335 (Food Additives Permitted for Direct Addition to Food for Human Consumption)', '21 CFR §172.335', 'food', (SELECT id FROM fact_evidence WHERE source_url = 'https://www.ecfr.gov/on/2026-04-16/title-21/part-172' AND snapshot_date = '2026-04-16' LIMIT 1));
INSERT INTO ingredient (canonical_id, primary_name, ingredient_class, category, is_natural) VALUES ('NAME_fish_protein_isolate', 'Fish protein isolate', 'substance', 'food', 0) ON CONFLICT(canonical_id) DO NOTHING;
INSERT INTO ingredient_alias (canonical_id, alias, alias_normalized, alias_type, language_code, confidence, source) VALUES ('NAME_fish_protein_isolate', 'Fish protein isolate', 'fish protein isolate', 'synonym', 'en', 1.0, 'FDA CFR 21') ON CONFLICT(alias_normalized, alias_type, COALESCE(language_code, '')) DO NOTHING;
INSERT INTO regulatory_fact (canonical_id, jurisdiction, fact_type, status, regulation_ref, product_category, evidence_id) VALUES ('NAME_fish_protein_isolate', 'US_FDA', 'permitted', 'PERMITTED per 21 CFR §172.340 (Food Additives Permitted for Direct Addition to Food for Human Consumption)', '21 CFR §172.340', 'food', (SELECT id FROM fact_evidence WHERE source_url = 'https://www.ecfr.gov/on/2026-04-16/title-21/part-172' AND snapshot_date = '2026-04-16' LIMIT 1));
INSERT INTO ingredient (canonical_id, primary_name, ingredient_class, category, is_natural) VALUES ('NAME_folic_acid_folacin', 'Folic acid (folacin)', 'substance', 'food', 0) ON CONFLICT(canonical_id) DO NOTHING;
INSERT INTO ingredient_alias (canonical_id, alias, alias_normalized, alias_type, language_code, confidence, source) VALUES ('NAME_folic_acid_folacin', 'Folic acid (folacin)', 'folic acid (folacin)', 'synonym', 'en', 1.0, 'FDA CFR 21') ON CONFLICT(alias_normalized, alias_type, COALESCE(language_code, '')) DO NOTHING;
INSERT INTO regulatory_fact (canonical_id, jurisdiction, fact_type, status, regulation_ref, product_category, evidence_id) VALUES ('NAME_folic_acid_folacin', 'US_FDA', 'permitted', 'PERMITTED per 21 CFR §172.345 (Food Additives Permitted for Direct Addition to Food for Human Consumption)', '21 CFR §172.345', 'food', (SELECT id FROM fact_evidence WHERE source_url = 'https://www.ecfr.gov/on/2026-04-16/title-21/part-172' AND snapshot_date = '2026-04-16' LIMIT 1));
INSERT INTO ingredient (canonical_id, primary_name, ingredient_class, category, is_natural) VALUES ('NAME_fumaric_acid_and_salts_of_fumaric_acid', 'Fumaric acid and salts of fumaric acid', 'substance', 'food', 0) ON CONFLICT(canonical_id) DO NOTHING;
INSERT INTO ingredient_alias (canonical_id, alias, alias_normalized, alias_type, language_code, confidence, source) VALUES ('NAME_fumaric_acid_and_salts_of_fumaric_acid', 'Fumaric acid and salts of fumaric acid', 'fumaric acid and salts of fumaric acid', 'synonym', 'en', 1.0, 'FDA CFR 21') ON CONFLICT(alias_normalized, alias_type, COALESCE(language_code, '')) DO NOTHING;
INSERT INTO regulatory_fact (canonical_id, jurisdiction, fact_type, status, regulation_ref, product_category, evidence_id) VALUES ('NAME_fumaric_acid_and_salts_of_fumaric_acid', 'US_FDA', 'permitted', 'PERMITTED per 21 CFR §172.350 (Food Additives Permitted for Direct Addition to Food for Human Consumption)', '21 CFR §172.350', 'food', (SELECT id FROM fact_evidence WHERE source_url = 'https://www.ecfr.gov/on/2026-04-16/title-21/part-172' AND snapshot_date = '2026-04-16' LIMIT 1));
INSERT INTO ingredient (canonical_id, primary_name, ingredient_class, category, is_natural) VALUES ('NAME_kelp', 'Kelp', 'substance', 'food', 0) ON CONFLICT(canonical_id) DO NOTHING;
INSERT INTO ingredient_alias (canonical_id, alias, alias_normalized, alias_type, language_code, confidence, source) VALUES ('NAME_kelp', 'Kelp', 'kelp', 'synonym', 'en', 1.0, 'FDA CFR 21') ON CONFLICT(alias_normalized, alias_type, COALESCE(language_code, '')) DO NOTHING;
INSERT INTO regulatory_fact (canonical_id, jurisdiction, fact_type, status, regulation_ref, product_category, evidence_id) VALUES ('NAME_kelp', 'US_FDA', 'permitted', 'PERMITTED per 21 CFR §172.365 (Food Additives Permitted for Direct Addition to Food for Human Consumption)', '21 CFR §172.365', 'food', (SELECT id FROM fact_evidence WHERE source_url = 'https://www.ecfr.gov/on/2026-04-16/title-21/part-172' AND snapshot_date = '2026-04-16' LIMIT 1));
INSERT INTO ingredient (canonical_id, primary_name, ingredient_class, category, is_natural) VALUES ('NAME_iron_choline_citrate_complex', 'Iron-choline citrate complex', 'substance', 'food', 0) ON CONFLICT(canonical_id) DO NOTHING;
INSERT INTO ingredient_alias (canonical_id, alias, alias_normalized, alias_type, language_code, confidence, source) VALUES ('NAME_iron_choline_citrate_complex', 'Iron-choline citrate complex', 'iron-choline citrate complex', 'synonym', 'en', 1.0, 'FDA CFR 21') ON CONFLICT(alias_normalized, alias_type, COALESCE(language_code, '')) DO NOTHING;
INSERT INTO regulatory_fact (canonical_id, jurisdiction, fact_type, status, regulation_ref, product_category, evidence_id) VALUES ('NAME_iron_choline_citrate_complex', 'US_FDA', 'permitted', 'PERMITTED per 21 CFR §172.370 (Food Additives Permitted for Direct Addition to Food for Human Consumption)', '21 CFR §172.370', 'food', (SELECT id FROM fact_evidence WHERE source_url = 'https://www.ecfr.gov/on/2026-04-16/title-21/part-172' AND snapshot_date = '2026-04-16' LIMIT 1));
INSERT INTO ingredient (canonical_id, primary_name, ingredient_class, category, is_natural) VALUES ('NAME_potassium_iodide', 'Potassium iodide', 'substance', 'food', 0) ON CONFLICT(canonical_id) DO NOTHING;
INSERT INTO ingredient_alias (canonical_id, alias, alias_normalized, alias_type, language_code, confidence, source) VALUES ('NAME_potassium_iodide', 'Potassium iodide', 'potassium iodide', 'synonym', 'en', 1.0, 'FDA CFR 21') ON CONFLICT(alias_normalized, alias_type, COALESCE(language_code, '')) DO NOTHING;
INSERT INTO regulatory_fact (canonical_id, jurisdiction, fact_type, status, regulation_ref, product_category, evidence_id) VALUES ('NAME_potassium_iodide', 'US_FDA', 'permitted', 'PERMITTED per 21 CFR §172.375 (Food Additives Permitted for Direct Addition to Food for Human Consumption)', '21 CFR §172.375', 'food', (SELECT id FROM fact_evidence WHERE source_url = 'https://www.ecfr.gov/on/2026-04-16/title-21/part-172' AND snapshot_date = '2026-04-16' LIMIT 1));
INSERT INTO ingredient (canonical_id, primary_name, ingredient_class, category, is_natural) VALUES ('NAME_vitamin_d', 'Vitamin D', 'substance', 'food', 0) ON CONFLICT(canonical_id) DO NOTHING;
INSERT INTO ingredient_alias (canonical_id, alias, alias_normalized, alias_type, language_code, confidence, source) VALUES ('NAME_vitamin_d', 'Vitamin D', 'vitamin d', 'synonym', 'en', 1.0, 'FDA CFR 21') ON CONFLICT(alias_normalized, alias_type, COALESCE(language_code, '')) DO NOTHING;
INSERT INTO regulatory_fact (canonical_id, jurisdiction, fact_type, status, regulation_ref, product_category, evidence_id) VALUES ('NAME_vitamin_d', 'US_FDA', 'permitted', 'PERMITTED per 21 CFR §172.379 (Food Additives Permitted for Direct Addition to Food for Human Consumption)', '21 CFR §172.379', 'food', (SELECT id FROM fact_evidence WHERE source_url = 'https://www.ecfr.gov/on/2026-04-16/title-21/part-172' AND snapshot_date = '2026-04-16' LIMIT 1));
INSERT INTO regulatory_fact (canonical_id, jurisdiction, fact_type, status, regulation_ref, product_category, evidence_id) VALUES ('NAME_vitamin_d', 'US_FDA', 'permitted', 'PERMITTED per 21 CFR §172.380 (Food Additives Permitted for Direct Addition to Food for Human Consumption)', '21 CFR §172.380', 'food', (SELECT id FROM fact_evidence WHERE source_url = 'https://www.ecfr.gov/on/2026-04-16/title-21/part-172' AND snapshot_date = '2026-04-16' LIMIT 1));
INSERT INTO regulatory_fact (canonical_id, jurisdiction, fact_type, status, regulation_ref, product_category, evidence_id) VALUES ('NAME_vitamin_d', 'US_FDA', 'permitted', 'PERMITTED per 21 CFR §172.381 (Food Additives Permitted for Direct Addition to Food for Human Consumption)', '21 CFR §172.381', 'food', (SELECT id FROM fact_evidence WHERE source_url = 'https://www.ecfr.gov/on/2026-04-16/title-21/part-172' AND snapshot_date = '2026-04-16' LIMIT 1));
INSERT INTO regulatory_fact (canonical_id, jurisdiction, fact_type, status, regulation_ref, product_category, evidence_id) VALUES ('NAME_vitamin_d', 'US_FDA', 'permitted', 'PERMITTED per 21 CFR §172.382 (Food Additives Permitted for Direct Addition to Food for Human Consumption)', '21 CFR §172.382', 'food', (SELECT id FROM fact_evidence WHERE source_url = 'https://www.ecfr.gov/on/2026-04-16/title-21/part-172' AND snapshot_date = '2026-04-16' LIMIT 1));
INSERT INTO ingredient (canonical_id, primary_name, ingredient_class, category, is_natural) VALUES ('NAME_whole_fish_protein_concentrate', 'Whole fish protein concentrate', 'substance', 'food', 0) ON CONFLICT(canonical_id) DO NOTHING;
INSERT INTO ingredient_alias (canonical_id, alias, alias_normalized, alias_type, language_code, confidence, source) VALUES ('NAME_whole_fish_protein_concentrate', 'Whole fish protein concentrate', 'whole fish protein concentrate', 'synonym', 'en', 1.0, 'FDA CFR 21') ON CONFLICT(alias_normalized, alias_type, COALESCE(language_code, '')) DO NOTHING;
INSERT INTO regulatory_fact (canonical_id, jurisdiction, fact_type, status, regulation_ref, product_category, evidence_id) VALUES ('NAME_whole_fish_protein_concentrate', 'US_FDA', 'permitted', 'PERMITTED per 21 CFR §172.385 (Food Additives Permitted for Direct Addition to Food for Human Consumption)', '21 CFR §172.385', 'food', (SELECT id FROM fact_evidence WHERE source_url = 'https://www.ecfr.gov/on/2026-04-16/title-21/part-172' AND snapshot_date = '2026-04-16' LIMIT 1));
INSERT INTO ingredient (canonical_id, primary_name, ingredient_class, category, is_natural) VALUES ('NAME_xylitol', 'Xylitol', 'substance', 'food', 0) ON CONFLICT(canonical_id) DO NOTHING;
INSERT INTO ingredient_alias (canonical_id, alias, alias_normalized, alias_type, language_code, confidence, source) VALUES ('NAME_xylitol', 'Xylitol', 'xylitol', 'synonym', 'en', 1.0, 'FDA CFR 21') ON CONFLICT(alias_normalized, alias_type, COALESCE(language_code, '')) DO NOTHING;
INSERT INTO regulatory_fact (canonical_id, jurisdiction, fact_type, status, regulation_ref, product_category, evidence_id) VALUES ('NAME_xylitol', 'US_FDA', 'permitted', 'PERMITTED per 21 CFR §172.395 (Food Additives Permitted for Direct Addition to Food for Human Consumption)', '21 CFR §172.395', 'food', (SELECT id FROM fact_evidence WHERE source_url = 'https://www.ecfr.gov/on/2026-04-16/title-21/part-172' AND snapshot_date = '2026-04-16' LIMIT 1));
INSERT INTO ingredient (canonical_id, primary_name, ingredient_class, category, is_natural) VALUES ('NAME_zinc_methionine_sulfate', 'Zinc methionine sulfate', 'substance', 'food', 0) ON CONFLICT(canonical_id) DO NOTHING;
INSERT INTO ingredient_alias (canonical_id, alias, alias_normalized, alias_type, language_code, confidence, source) VALUES ('NAME_zinc_methionine_sulfate', 'Zinc methionine sulfate', 'zinc methionine sulfate', 'synonym', 'en', 1.0, 'FDA CFR 21') ON CONFLICT(alias_normalized, alias_type, COALESCE(language_code, '')) DO NOTHING;
INSERT INTO regulatory_fact (canonical_id, jurisdiction, fact_type, status, regulation_ref, product_category, evidence_id) VALUES ('NAME_zinc_methionine_sulfate', 'US_FDA', 'permitted', 'PERMITTED per 21 CFR §172.399 (Food Additives Permitted for Direct Addition to Food for Human Consumption)', '21 CFR §172.399', 'food', (SELECT id FROM fact_evidence WHERE source_url = 'https://www.ecfr.gov/on/2026-04-16/title-21/part-172' AND snapshot_date = '2026-04-16' LIMIT 1));
INSERT INTO ingredient (canonical_id, primary_name, ingredient_class, category, is_natural) VALUES ('NAME_calcium_silicate', 'Calcium silicate', 'substance', 'food', 0) ON CONFLICT(canonical_id) DO NOTHING;
INSERT INTO ingredient_alias (canonical_id, alias, alias_normalized, alias_type, language_code, confidence, source) VALUES ('NAME_calcium_silicate', 'Calcium silicate', 'calcium silicate', 'synonym', 'en', 1.0, 'FDA CFR 21') ON CONFLICT(alias_normalized, alias_type, COALESCE(language_code, '')) DO NOTHING;
INSERT INTO regulatory_fact (canonical_id, jurisdiction, fact_type, status, regulation_ref, product_category, evidence_id) VALUES ('NAME_calcium_silicate', 'US_FDA', 'permitted', 'PERMITTED per 21 CFR §172.410 (Food Additives Permitted for Direct Addition to Food for Human Consumption)', '21 CFR §172.410', 'food', (SELECT id FROM fact_evidence WHERE source_url = 'https://www.ecfr.gov/on/2026-04-16/title-21/part-172' AND snapshot_date = '2026-04-16' LIMIT 1));
INSERT INTO ingredient (canonical_id, primary_name, ingredient_class, category, is_natural) VALUES ('NAME_iron_ammonium_citrate', 'Iron ammonium citrate', 'substance', 'food', 0) ON CONFLICT(canonical_id) DO NOTHING;
INSERT INTO ingredient_alias (canonical_id, alias, alias_normalized, alias_type, language_code, confidence, source) VALUES ('NAME_iron_ammonium_citrate', 'Iron ammonium citrate', 'iron ammonium citrate', 'synonym', 'en', 1.0, 'FDA CFR 21') ON CONFLICT(alias_normalized, alias_type, COALESCE(language_code, '')) DO NOTHING;
INSERT INTO regulatory_fact (canonical_id, jurisdiction, fact_type, status, regulation_ref, product_category, evidence_id) VALUES ('NAME_iron_ammonium_citrate', 'US_FDA', 'permitted', 'PERMITTED per 21 CFR §172.430 (Food Additives Permitted for Direct Addition to Food for Human Consumption)', '21 CFR §172.430', 'food', (SELECT id FROM fact_evidence WHERE source_url = 'https://www.ecfr.gov/on/2026-04-16/title-21/part-172' AND snapshot_date = '2026-04-16' LIMIT 1));
INSERT INTO ingredient (canonical_id, primary_name, ingredient_class, category, is_natural) VALUES ('NAME_silicon_dioxide', 'Silicon dioxide', 'substance', 'food', 0) ON CONFLICT(canonical_id) DO NOTHING;
INSERT INTO ingredient_alias (canonical_id, alias, alias_normalized, alias_type, language_code, confidence, source) VALUES ('NAME_silicon_dioxide', 'Silicon dioxide', 'silicon dioxide', 'synonym', 'en', 1.0, 'FDA CFR 21') ON CONFLICT(alias_normalized, alias_type, COALESCE(language_code, '')) DO NOTHING;
INSERT INTO regulatory_fact (canonical_id, jurisdiction, fact_type, status, regulation_ref, product_category, evidence_id) VALUES ('NAME_silicon_dioxide', 'US_FDA', 'permitted', 'PERMITTED per 21 CFR §172.480 (Food Additives Permitted for Direct Addition to Food for Human Consumption)', '21 CFR §172.480', 'food', (SELECT id FROM fact_evidence WHERE source_url = 'https://www.ecfr.gov/on/2026-04-16/title-21/part-172' AND snapshot_date = '2026-04-16' LIMIT 1));
INSERT INTO ingredient (canonical_id, primary_name, ingredient_class, category, is_natural) VALUES ('NAME_yellow_prussiate_of_soda', 'Yellow prussiate of soda', 'substance', 'food', 0) ON CONFLICT(canonical_id) DO NOTHING;
INSERT INTO ingredient_alias (canonical_id, alias, alias_normalized, alias_type, language_code, confidence, source) VALUES ('NAME_yellow_prussiate_of_soda', 'Yellow prussiate of soda', 'yellow prussiate of soda', 'synonym', 'en', 1.0, 'FDA CFR 21') ON CONFLICT(alias_normalized, alias_type, COALESCE(language_code, '')) DO NOTHING;
INSERT INTO regulatory_fact (canonical_id, jurisdiction, fact_type, status, regulation_ref, product_category, evidence_id) VALUES ('NAME_yellow_prussiate_of_soda', 'US_FDA', 'permitted', 'PERMITTED per 21 CFR §172.490 (Food Additives Permitted for Direct Addition to Food for Human Consumption)', '21 CFR §172.490', 'food', (SELECT id FROM fact_evidence WHERE source_url = 'https://www.ecfr.gov/on/2026-04-16/title-21/part-172' AND snapshot_date = '2026-04-16' LIMIT 1));
INSERT INTO ingredient (canonical_id, primary_name, ingredient_class, category, is_natural) VALUES ('NAME_natural_flavoring_substances_and_natural_substances_used_in_conjunction_with_fla', 'Natural flavoring substances and natural substances used in conjunction with flavors', 'substance', 'food', 0) ON CONFLICT(canonical_id) DO NOTHING;
INSERT INTO ingredient_alias (canonical_id, alias, alias_normalized, alias_type, language_code, confidence, source) VALUES ('NAME_natural_flavoring_substances_and_natural_substances_used_in_conjunction_with_fla', 'Natural flavoring substances and natural substances used in conjunction with flavors', 'natural flavoring substances and natural substances used in conjunction with flavors', 'synonym', 'en', 1.0, 'FDA CFR 21') ON CONFLICT(alias_normalized, alias_type, COALESCE(language_code, '')) DO NOTHING;
INSERT INTO regulatory_fact (canonical_id, jurisdiction, fact_type, status, regulation_ref, product_category, evidence_id) VALUES ('NAME_natural_flavoring_substances_and_natural_substances_used_in_conjunction_with_fla', 'US_FDA', 'permitted', 'PERMITTED per 21 CFR §172.510 (Food Additives Permitted for Direct Addition to Food for Human Consumption)', '21 CFR §172.510', 'food', (SELECT id FROM fact_evidence WHERE source_url = 'https://www.ecfr.gov/on/2026-04-16/title-21/part-172' AND snapshot_date = '2026-04-16' LIMIT 1));
INSERT INTO ingredient (canonical_id, primary_name, ingredient_class, category, is_natural) VALUES ('NAME_synthetic_flavoring_substances_and_adjuvants', 'Synthetic flavoring substances and adjuvants', 'substance', 'food', 0) ON CONFLICT(canonical_id) DO NOTHING;
INSERT INTO ingredient_alias (canonical_id, alias, alias_normalized, alias_type, language_code, confidence, source) VALUES ('NAME_synthetic_flavoring_substances_and_adjuvants', 'Synthetic flavoring substances and adjuvants', 'synthetic flavoring substances and adjuvants', 'synonym', 'en', 1.0, 'FDA CFR 21') ON CONFLICT(alias_normalized, alias_type, COALESCE(language_code, '')) DO NOTHING;
INSERT INTO regulatory_fact (canonical_id, jurisdiction, fact_type, status, regulation_ref, product_category, evidence_id) VALUES ('NAME_synthetic_flavoring_substances_and_adjuvants', 'US_FDA', 'permitted', 'PERMITTED per 21 CFR §172.515 (Food Additives Permitted for Direct Addition to Food for Human Consumption)', '21 CFR §172.515', 'food', (SELECT id FROM fact_evidence WHERE source_url = 'https://www.ecfr.gov/on/2026-04-16/title-21/part-172' AND snapshot_date = '2026-04-16' LIMIT 1));
INSERT INTO ingredient (canonical_id, primary_name, ingredient_class, category, is_natural) VALUES ('NAME_cocoa_with_dioctyl_sodium_sulfosuccinate_for_manufacturing', 'Cocoa with dioctyl sodium sulfosuccinate for manufacturing', 'substance', 'food', 0) ON CONFLICT(canonical_id) DO NOTHING;
INSERT INTO ingredient_alias (canonical_id, alias, alias_normalized, alias_type, language_code, confidence, source) VALUES ('NAME_cocoa_with_dioctyl_sodium_sulfosuccinate_for_manufacturing', 'Cocoa with dioctyl sodium sulfosuccinate for manufacturing', 'cocoa with dioctyl sodium sulfosuccinate for manufacturing', 'synonym', 'en', 1.0, 'FDA CFR 21') ON CONFLICT(alias_normalized, alias_type, COALESCE(language_code, '')) DO NOTHING;
INSERT INTO regulatory_fact (canonical_id, jurisdiction, fact_type, status, regulation_ref, product_category, evidence_id) VALUES ('NAME_cocoa_with_dioctyl_sodium_sulfosuccinate_for_manufacturing', 'US_FDA', 'permitted', 'PERMITTED per 21 CFR §172.520 (Food Additives Permitted for Direct Addition to Food for Human Consumption)', '21 CFR §172.520', 'food', (SELECT id FROM fact_evidence WHERE source_url = 'https://www.ecfr.gov/on/2026-04-16/title-21/part-172' AND snapshot_date = '2026-04-16' LIMIT 1));
INSERT INTO ingredient (canonical_id, primary_name, ingredient_class, category, is_natural) VALUES ('NAME_disodium_guanylate', 'Disodium guanylate', 'substance', 'food', 0) ON CONFLICT(canonical_id) DO NOTHING;
INSERT INTO ingredient_alias (canonical_id, alias, alias_normalized, alias_type, language_code, confidence, source) VALUES ('NAME_disodium_guanylate', 'Disodium guanylate', 'disodium guanylate', 'synonym', 'en', 1.0, 'FDA CFR 21') ON CONFLICT(alias_normalized, alias_type, COALESCE(language_code, '')) DO NOTHING;
INSERT INTO regulatory_fact (canonical_id, jurisdiction, fact_type, status, regulation_ref, product_category, evidence_id) VALUES ('NAME_disodium_guanylate', 'US_FDA', 'permitted', 'PERMITTED per 21 CFR §172.530 (Food Additives Permitted for Direct Addition to Food for Human Consumption)', '21 CFR §172.530', 'food', (SELECT id FROM fact_evidence WHERE source_url = 'https://www.ecfr.gov/on/2026-04-16/title-21/part-172' AND snapshot_date = '2026-04-16' LIMIT 1));
INSERT INTO ingredient (canonical_id, primary_name, ingredient_class, category, is_natural) VALUES ('NAME_disodium_inosinate', 'Disodium inosinate', 'substance', 'food', 0) ON CONFLICT(canonical_id) DO NOTHING;
INSERT INTO ingredient_alias (canonical_id, alias, alias_normalized, alias_type, language_code, confidence, source) VALUES ('NAME_disodium_inosinate', 'Disodium inosinate', 'disodium inosinate', 'synonym', 'en', 1.0, 'FDA CFR 21') ON CONFLICT(alias_normalized, alias_type, COALESCE(language_code, '')) DO NOTHING;
INSERT INTO regulatory_fact (canonical_id, jurisdiction, fact_type, status, regulation_ref, product_category, evidence_id) VALUES ('NAME_disodium_inosinate', 'US_FDA', 'permitted', 'PERMITTED per 21 CFR §172.535 (Food Additives Permitted for Direct Addition to Food for Human Consumption)', '21 CFR §172.535', 'food', (SELECT id FROM fact_evidence WHERE source_url = 'https://www.ecfr.gov/on/2026-04-16/title-21/part-172' AND snapshot_date = '2026-04-16' LIMIT 1));
INSERT INTO ingredient (canonical_id, primary_name, ingredient_class, category, is_natural) VALUES ('NAME_dl_alanine', 'DL-Alanine', 'substance', 'food', 0) ON CONFLICT(canonical_id) DO NOTHING;
INSERT INTO ingredient_alias (canonical_id, alias, alias_normalized, alias_type, language_code, confidence, source) VALUES ('NAME_dl_alanine', 'DL-Alanine', 'dl-alanine', 'synonym', 'en', 1.0, 'FDA CFR 21') ON CONFLICT(alias_normalized, alias_type, COALESCE(language_code, '')) DO NOTHING;
INSERT INTO regulatory_fact (canonical_id, jurisdiction, fact_type, status, regulation_ref, product_category, evidence_id) VALUES ('NAME_dl_alanine', 'US_FDA', 'permitted', 'PERMITTED per 21 CFR §172.540 (Food Additives Permitted for Direct Addition to Food for Human Consumption)', '21 CFR §172.540', 'food', (SELECT id FROM fact_evidence WHERE source_url = 'https://www.ecfr.gov/on/2026-04-16/title-21/part-172' AND snapshot_date = '2026-04-16' LIMIT 1));
INSERT INTO ingredient (canonical_id, primary_name, ingredient_class, category, is_natural) VALUES ('NAME_modified_hop_extract', 'Modified hop extract', 'substance', 'food', 0) ON CONFLICT(canonical_id) DO NOTHING;
INSERT INTO ingredient_alias (canonical_id, alias, alias_normalized, alias_type, language_code, confidence, source) VALUES ('NAME_modified_hop_extract', 'Modified hop extract', 'modified hop extract', 'synonym', 'en', 1.0, 'FDA CFR 21') ON CONFLICT(alias_normalized, alias_type, COALESCE(language_code, '')) DO NOTHING;
INSERT INTO regulatory_fact (canonical_id, jurisdiction, fact_type, status, regulation_ref, product_category, evidence_id) VALUES ('NAME_modified_hop_extract', 'US_FDA', 'permitted', 'PERMITTED per 21 CFR §172.560 (Food Additives Permitted for Direct Addition to Food for Human Consumption)', '21 CFR §172.560', 'food', (SELECT id FROM fact_evidence WHERE source_url = 'https://www.ecfr.gov/on/2026-04-16/title-21/part-172' AND snapshot_date = '2026-04-16' LIMIT 1));
INSERT INTO ingredient (canonical_id, primary_name, ingredient_class, category, is_natural) VALUES ('NAME_quinine', 'Quinine', 'substance', 'food', 0) ON CONFLICT(canonical_id) DO NOTHING;
INSERT INTO ingredient_alias (canonical_id, alias, alias_normalized, alias_type, language_code, confidence, source) VALUES ('NAME_quinine', 'Quinine', 'quinine', 'synonym', 'en', 1.0, 'FDA CFR 21') ON CONFLICT(alias_normalized, alias_type, COALESCE(language_code, '')) DO NOTHING;
INSERT INTO regulatory_fact (canonical_id, jurisdiction, fact_type, status, regulation_ref, product_category, evidence_id) VALUES ('NAME_quinine', 'US_FDA', 'permitted', 'PERMITTED per 21 CFR §172.575 (Food Additives Permitted for Direct Addition to Food for Human Consumption)', '21 CFR §172.575', 'food', (SELECT id FROM fact_evidence WHERE source_url = 'https://www.ecfr.gov/on/2026-04-16/title-21/part-172' AND snapshot_date = '2026-04-16' LIMIT 1));
INSERT INTO ingredient (canonical_id, primary_name, ingredient_class, category, is_natural) VALUES ('NAME_safrole_free_extract_of_sassafras', 'Safrole-free extract of sassafras', 'substance', 'food', 0) ON CONFLICT(canonical_id) DO NOTHING;
INSERT INTO ingredient_alias (canonical_id, alias, alias_normalized, alias_type, language_code, confidence, source) VALUES ('NAME_safrole_free_extract_of_sassafras', 'Safrole-free extract of sassafras', 'safrole-free extract of sassafras', 'synonym', 'en', 1.0, 'FDA CFR 21') ON CONFLICT(alias_normalized, alias_type, COALESCE(language_code, '')) DO NOTHING;
INSERT INTO regulatory_fact (canonical_id, jurisdiction, fact_type, status, regulation_ref, product_category, evidence_id) VALUES ('NAME_safrole_free_extract_of_sassafras', 'US_FDA', 'permitted', 'PERMITTED per 21 CFR §172.580 (Food Additives Permitted for Direct Addition to Food for Human Consumption)', '21 CFR §172.580', 'food', (SELECT id FROM fact_evidence WHERE source_url = 'https://www.ecfr.gov/on/2026-04-16/title-21/part-172' AND snapshot_date = '2026-04-16' LIMIT 1));
INSERT INTO ingredient (canonical_id, primary_name, ingredient_class, category, is_natural) VALUES ('NAME_sugar_beet_extract_flavor_base', 'Sugar beet extract flavor base', 'substance', 'food', 0) ON CONFLICT(canonical_id) DO NOTHING;
INSERT INTO ingredient_alias (canonical_id, alias, alias_normalized, alias_type, language_code, confidence, source) VALUES ('NAME_sugar_beet_extract_flavor_base', 'Sugar beet extract flavor base', 'sugar beet extract flavor base', 'synonym', 'en', 1.0, 'FDA CFR 21') ON CONFLICT(alias_normalized, alias_type, COALESCE(language_code, '')) DO NOTHING;
INSERT INTO regulatory_fact (canonical_id, jurisdiction, fact_type, status, regulation_ref, product_category, evidence_id) VALUES ('NAME_sugar_beet_extract_flavor_base', 'US_FDA', 'permitted', 'PERMITTED per 21 CFR §172.585 (Food Additives Permitted for Direct Addition to Food for Human Consumption)', '21 CFR §172.585', 'food', (SELECT id FROM fact_evidence WHERE source_url = 'https://www.ecfr.gov/on/2026-04-16/title-21/part-172' AND snapshot_date = '2026-04-16' LIMIT 1));
INSERT INTO ingredient (canonical_id, primary_name, ingredient_class, category, is_natural) VALUES ('NAME_yeast_malt_sprout_extract', 'Yeast-malt sprout extract', 'substance', 'food', 0) ON CONFLICT(canonical_id) DO NOTHING;
INSERT INTO ingredient_alias (canonical_id, alias, alias_normalized, alias_type, language_code, confidence, source) VALUES ('NAME_yeast_malt_sprout_extract', 'Yeast-malt sprout extract', 'yeast-malt sprout extract', 'synonym', 'en', 1.0, 'FDA CFR 21') ON CONFLICT(alias_normalized, alias_type, COALESCE(language_code, '')) DO NOTHING;
INSERT INTO regulatory_fact (canonical_id, jurisdiction, fact_type, status, regulation_ref, product_category, evidence_id) VALUES ('NAME_yeast_malt_sprout_extract', 'US_FDA', 'permitted', 'PERMITTED per 21 CFR §172.590 (Food Additives Permitted for Direct Addition to Food for Human Consumption)', '21 CFR §172.590', 'food', (SELECT id FROM fact_evidence WHERE source_url = 'https://www.ecfr.gov/on/2026-04-16/title-21/part-172' AND snapshot_date = '2026-04-16' LIMIT 1));
INSERT INTO ingredient (canonical_id, primary_name, ingredient_class, category, is_natural) VALUES ('NAME_arabinogalactan', 'Arabinogalactan', 'substance', 'food', 0) ON CONFLICT(canonical_id) DO NOTHING;
INSERT INTO ingredient_alias (canonical_id, alias, alias_normalized, alias_type, language_code, confidence, source) VALUES ('NAME_arabinogalactan', 'Arabinogalactan', 'arabinogalactan', 'synonym', 'en', 1.0, 'FDA CFR 21') ON CONFLICT(alias_normalized, alias_type, COALESCE(language_code, '')) DO NOTHING;
INSERT INTO regulatory_fact (canonical_id, jurisdiction, fact_type, status, regulation_ref, product_category, evidence_id) VALUES ('NAME_arabinogalactan', 'US_FDA', 'permitted', 'PERMITTED per 21 CFR §172.610 (Food Additives Permitted for Direct Addition to Food for Human Consumption)', '21 CFR §172.610', 'food', (SELECT id FROM fact_evidence WHERE source_url = 'https://www.ecfr.gov/on/2026-04-16/title-21/part-172' AND snapshot_date = '2026-04-16' LIMIT 1));
INSERT INTO ingredient (canonical_id, primary_name, ingredient_class, category, is_natural) VALUES ('NAME_chewing_gum_base', 'Chewing gum base', 'substance', 'food', 0) ON CONFLICT(canonical_id) DO NOTHING;
INSERT INTO ingredient_alias (canonical_id, alias, alias_normalized, alias_type, language_code, confidence, source) VALUES ('NAME_chewing_gum_base', 'Chewing gum base', 'chewing gum base', 'synonym', 'en', 1.0, 'FDA CFR 21') ON CONFLICT(alias_normalized, alias_type, COALESCE(language_code, '')) DO NOTHING;
INSERT INTO regulatory_fact (canonical_id, jurisdiction, fact_type, status, regulation_ref, product_category, evidence_id) VALUES ('NAME_chewing_gum_base', 'US_FDA', 'permitted', 'PERMITTED per 21 CFR §172.615 (Food Additives Permitted for Direct Addition to Food for Human Consumption)', '21 CFR §172.615', 'food', (SELECT id FROM fact_evidence WHERE source_url = 'https://www.ecfr.gov/on/2026-04-16/title-21/part-172' AND snapshot_date = '2026-04-16' LIMIT 1));
INSERT INTO ingredient (canonical_id, primary_name, ingredient_class, category, is_natural) VALUES ('NAME_carrageenan', 'Carrageenan', 'substance', 'food', 0) ON CONFLICT(canonical_id) DO NOTHING;
INSERT INTO ingredient_alias (canonical_id, alias, alias_normalized, alias_type, language_code, confidence, source) VALUES ('NAME_carrageenan', 'Carrageenan', 'carrageenan', 'synonym', 'en', 1.0, 'FDA CFR 21') ON CONFLICT(alias_normalized, alias_type, COALESCE(language_code, '')) DO NOTHING;
INSERT INTO regulatory_fact (canonical_id, jurisdiction, fact_type, status, regulation_ref, product_category, evidence_id) VALUES ('NAME_carrageenan', 'US_FDA', 'permitted', 'PERMITTED per 21 CFR §172.620 (Food Additives Permitted for Direct Addition to Food for Human Consumption)', '21 CFR §172.620', 'food', (SELECT id FROM fact_evidence WHERE source_url = 'https://www.ecfr.gov/on/2026-04-16/title-21/part-172' AND snapshot_date = '2026-04-16' LIMIT 1));
INSERT INTO ingredient (canonical_id, primary_name, ingredient_class, category, is_natural) VALUES ('NAME_carrageenan_with_polysorbate_80', 'Carrageenan with polysorbate 80', 'substance', 'food', 0) ON CONFLICT(canonical_id) DO NOTHING;
INSERT INTO ingredient_alias (canonical_id, alias, alias_normalized, alias_type, language_code, confidence, source) VALUES ('NAME_carrageenan_with_polysorbate_80', 'Carrageenan with polysorbate 80', 'carrageenan with polysorbate 80', 'synonym', 'en', 1.0, 'FDA CFR 21') ON CONFLICT(alias_normalized, alias_type, COALESCE(language_code, '')) DO NOTHING;
INSERT INTO regulatory_fact (canonical_id, jurisdiction, fact_type, status, regulation_ref, product_category, evidence_id) VALUES ('NAME_carrageenan_with_polysorbate_80', 'US_FDA', 'permitted', 'PERMITTED per 21 CFR §172.623 (Food Additives Permitted for Direct Addition to Food for Human Consumption)', '21 CFR §172.623', 'food', (SELECT id FROM fact_evidence WHERE source_url = 'https://www.ecfr.gov/on/2026-04-16/title-21/part-172' AND snapshot_date = '2026-04-16' LIMIT 1));
INSERT INTO ingredient (canonical_id, primary_name, ingredient_class, category, is_natural) VALUES ('NAME_salts_of_carrageenan', 'Salts of carrageenan', 'substance', 'food', 0) ON CONFLICT(canonical_id) DO NOTHING;
INSERT INTO ingredient_alias (canonical_id, alias, alias_normalized, alias_type, language_code, confidence, source) VALUES ('NAME_salts_of_carrageenan', 'Salts of carrageenan', 'salts of carrageenan', 'synonym', 'en', 1.0, 'FDA CFR 21') ON CONFLICT(alias_normalized, alias_type, COALESCE(language_code, '')) DO NOTHING;
INSERT INTO regulatory_fact (canonical_id, jurisdiction, fact_type, status, regulation_ref, product_category, evidence_id) VALUES ('NAME_salts_of_carrageenan', 'US_FDA', 'permitted', 'PERMITTED per 21 CFR §172.626 (Food Additives Permitted for Direct Addition to Food for Human Consumption)', '21 CFR §172.626', 'food', (SELECT id FROM fact_evidence WHERE source_url = 'https://www.ecfr.gov/on/2026-04-16/title-21/part-172' AND snapshot_date = '2026-04-16' LIMIT 1));
INSERT INTO ingredient (canonical_id, primary_name, ingredient_class, category, is_natural) VALUES ('NAME_furcelleran', 'Furcelleran', 'substance', 'food', 0) ON CONFLICT(canonical_id) DO NOTHING;
INSERT INTO ingredient_alias (canonical_id, alias, alias_normalized, alias_type, language_code, confidence, source) VALUES ('NAME_furcelleran', 'Furcelleran', 'furcelleran', 'synonym', 'en', 1.0, 'FDA CFR 21') ON CONFLICT(alias_normalized, alias_type, COALESCE(language_code, '')) DO NOTHING;
INSERT INTO regulatory_fact (canonical_id, jurisdiction, fact_type, status, regulation_ref, product_category, evidence_id) VALUES ('NAME_furcelleran', 'US_FDA', 'permitted', 'PERMITTED per 21 CFR §172.655 (Food Additives Permitted for Direct Addition to Food for Human Consumption)', '21 CFR §172.655', 'food', (SELECT id FROM fact_evidence WHERE source_url = 'https://www.ecfr.gov/on/2026-04-16/title-21/part-172' AND snapshot_date = '2026-04-16' LIMIT 1));
INSERT INTO ingredient (canonical_id, primary_name, ingredient_class, category, is_natural) VALUES ('NAME_salts_of_furcelleran', 'Salts of furcelleran', 'substance', 'food', 0) ON CONFLICT(canonical_id) DO NOTHING;
INSERT INTO ingredient_alias (canonical_id, alias, alias_normalized, alias_type, language_code, confidence, source) VALUES ('NAME_salts_of_furcelleran', 'Salts of furcelleran', 'salts of furcelleran', 'synonym', 'en', 1.0, 'FDA CFR 21') ON CONFLICT(alias_normalized, alias_type, COALESCE(language_code, '')) DO NOTHING;
INSERT INTO regulatory_fact (canonical_id, jurisdiction, fact_type, status, regulation_ref, product_category, evidence_id) VALUES ('NAME_salts_of_furcelleran', 'US_FDA', 'permitted', 'PERMITTED per 21 CFR §172.660 (Food Additives Permitted for Direct Addition to Food for Human Consumption)', '21 CFR §172.660', 'food', (SELECT id FROM fact_evidence WHERE source_url = 'https://www.ecfr.gov/on/2026-04-16/title-21/part-172' AND snapshot_date = '2026-04-16' LIMIT 1));
INSERT INTO ingredient (canonical_id, primary_name, ingredient_class, category, is_natural) VALUES ('NAME_gellan_gum', 'Gellan gum', 'substance', 'food', 0) ON CONFLICT(canonical_id) DO NOTHING;
INSERT INTO ingredient_alias (canonical_id, alias, alias_normalized, alias_type, language_code, confidence, source) VALUES ('NAME_gellan_gum', 'Gellan gum', 'gellan gum', 'synonym', 'en', 1.0, 'FDA CFR 21') ON CONFLICT(alias_normalized, alias_type, COALESCE(language_code, '')) DO NOTHING;
INSERT INTO regulatory_fact (canonical_id, jurisdiction, fact_type, status, regulation_ref, product_category, evidence_id) VALUES ('NAME_gellan_gum', 'US_FDA', 'permitted', 'PERMITTED per 21 CFR §172.665 (Food Additives Permitted for Direct Addition to Food for Human Consumption)', '21 CFR §172.665', 'food', (SELECT id FROM fact_evidence WHERE source_url = 'https://www.ecfr.gov/on/2026-04-16/title-21/part-172' AND snapshot_date = '2026-04-16' LIMIT 1));
INSERT INTO ingredient (canonical_id, primary_name, ingredient_class, category, is_natural) VALUES ('NAME_xanthan_gum', 'Xanthan gum', 'substance', 'food', 0) ON CONFLICT(canonical_id) DO NOTHING;
INSERT INTO ingredient_alias (canonical_id, alias, alias_normalized, alias_type, language_code, confidence, source) VALUES ('NAME_xanthan_gum', 'Xanthan gum', 'xanthan gum', 'synonym', 'en', 1.0, 'FDA CFR 21') ON CONFLICT(alias_normalized, alias_type, COALESCE(language_code, '')) DO NOTHING;
INSERT INTO regulatory_fact (canonical_id, jurisdiction, fact_type, status, regulation_ref, product_category, evidence_id) VALUES ('NAME_xanthan_gum', 'US_FDA', 'permitted', 'PERMITTED per 21 CFR §172.695 (Food Additives Permitted for Direct Addition to Food for Human Consumption)', '21 CFR §172.695', 'food', (SELECT id FROM fact_evidence WHERE source_url = 'https://www.ecfr.gov/on/2026-04-16/title-21/part-172' AND snapshot_date = '2026-04-16' LIMIT 1));
INSERT INTO ingredient (canonical_id, primary_name, ingredient_class, category, is_natural) VALUES ('NAME_adjuvants_for_pesticide_use_dilutions', 'Adjuvants for pesticide use dilutions', 'substance', 'food', 0) ON CONFLICT(canonical_id) DO NOTHING;
INSERT INTO ingredient_alias (canonical_id, alias, alias_normalized, alias_type, language_code, confidence, source) VALUES ('NAME_adjuvants_for_pesticide_use_dilutions', 'Adjuvants for pesticide use dilutions', 'adjuvants for pesticide use dilutions', 'synonym', 'en', 1.0, 'FDA CFR 21') ON CONFLICT(alias_normalized, alias_type, COALESCE(language_code, '')) DO NOTHING;
INSERT INTO regulatory_fact (canonical_id, jurisdiction, fact_type, status, regulation_ref, product_category, evidence_id) VALUES ('NAME_adjuvants_for_pesticide_use_dilutions', 'US_FDA', 'permitted', 'PERMITTED per 21 CFR §172.710 (Food Additives Permitted for Direct Addition to Food for Human Consumption)', '21 CFR §172.710', 'food', (SELECT id FROM fact_evidence WHERE source_url = 'https://www.ecfr.gov/on/2026-04-16/title-21/part-172' AND snapshot_date = '2026-04-16' LIMIT 1));
INSERT INTO ingredient (canonical_id, primary_name, ingredient_class, category, is_natural) VALUES ('NAME_13_butylene_glycol', '1,3-Butylene glycol', 'substance', 'food', 0) ON CONFLICT(canonical_id) DO NOTHING;
INSERT INTO ingredient_alias (canonical_id, alias, alias_normalized, alias_type, language_code, confidence, source) VALUES ('NAME_13_butylene_glycol', '1,3-Butylene glycol', '1,3-butylene glycol', 'synonym', 'en', 1.0, 'FDA CFR 21') ON CONFLICT(alias_normalized, alias_type, COALESCE(language_code, '')) DO NOTHING;
INSERT INTO regulatory_fact (canonical_id, jurisdiction, fact_type, status, regulation_ref, product_category, evidence_id) VALUES ('NAME_13_butylene_glycol', 'US_FDA', 'permitted', 'PERMITTED per 21 CFR §172.712 (Food Additives Permitted for Direct Addition to Food for Human Consumption)', '21 CFR §172.712', 'food', (SELECT id FROM fact_evidence WHERE source_url = 'https://www.ecfr.gov/on/2026-04-16/title-21/part-172' AND snapshot_date = '2026-04-16' LIMIT 1));
INSERT INTO ingredient (canonical_id, primary_name, ingredient_class, category, is_natural) VALUES ('NAME_calcium_lignosulfonate', 'Calcium lignosulfonate', 'substance', 'food', 0) ON CONFLICT(canonical_id) DO NOTHING;
INSERT INTO ingredient_alias (canonical_id, alias, alias_normalized, alias_type, language_code, confidence, source) VALUES ('NAME_calcium_lignosulfonate', 'Calcium lignosulfonate', 'calcium lignosulfonate', 'synonym', 'en', 1.0, 'FDA CFR 21') ON CONFLICT(alias_normalized, alias_type, COALESCE(language_code, '')) DO NOTHING;
INSERT INTO regulatory_fact (canonical_id, jurisdiction, fact_type, status, regulation_ref, product_category, evidence_id) VALUES ('NAME_calcium_lignosulfonate', 'US_FDA', 'permitted', 'PERMITTED per 21 CFR §172.715 (Food Additives Permitted for Direct Addition to Food for Human Consumption)', '21 CFR §172.715', 'food', (SELECT id FROM fact_evidence WHERE source_url = 'https://www.ecfr.gov/on/2026-04-16/title-21/part-172' AND snapshot_date = '2026-04-16' LIMIT 1));
INSERT INTO ingredient (canonical_id, primary_name, ingredient_class, category, is_natural) VALUES ('NAME_calcium_lactobionate', 'Calcium lactobionate', 'substance', 'food', 0) ON CONFLICT(canonical_id) DO NOTHING;
INSERT INTO ingredient_alias (canonical_id, alias, alias_normalized, alias_type, language_code, confidence, source) VALUES ('NAME_calcium_lactobionate', 'Calcium lactobionate', 'calcium lactobionate', 'synonym', 'en', 1.0, 'FDA CFR 21') ON CONFLICT(alias_normalized, alias_type, COALESCE(language_code, '')) DO NOTHING;
INSERT INTO regulatory_fact (canonical_id, jurisdiction, fact_type, status, regulation_ref, product_category, evidence_id) VALUES ('NAME_calcium_lactobionate', 'US_FDA', 'permitted', 'PERMITTED per 21 CFR §172.720 (Food Additives Permitted for Direct Addition to Food for Human Consumption)', '21 CFR §172.720', 'food', (SELECT id FROM fact_evidence WHERE source_url = 'https://www.ecfr.gov/on/2026-04-16/title-21/part-172' AND snapshot_date = '2026-04-16' LIMIT 1));
INSERT INTO ingredient (canonical_id, primary_name, ingredient_class, category, is_natural) VALUES ('NAME_epoxidized_soybean_oil', 'Epoxidized soybean oil', 'substance', 'food', 0) ON CONFLICT(canonical_id) DO NOTHING;
INSERT INTO ingredient_alias (canonical_id, alias, alias_normalized, alias_type, language_code, confidence, source) VALUES ('NAME_epoxidized_soybean_oil', 'Epoxidized soybean oil', 'epoxidized soybean oil', 'synonym', 'en', 1.0, 'FDA CFR 21') ON CONFLICT(alias_normalized, alias_type, COALESCE(language_code, '')) DO NOTHING;
INSERT INTO regulatory_fact (canonical_id, jurisdiction, fact_type, status, regulation_ref, product_category, evidence_id) VALUES ('NAME_epoxidized_soybean_oil', 'US_FDA', 'permitted', 'PERMITTED per 21 CFR §172.723 (Food Additives Permitted for Direct Addition to Food for Human Consumption)', '21 CFR §172.723', 'food', (SELECT id FROM fact_evidence WHERE source_url = 'https://www.ecfr.gov/on/2026-04-16/title-21/part-172' AND snapshot_date = '2026-04-16' LIMIT 1));
INSERT INTO ingredient (canonical_id, primary_name, ingredient_class, category, is_natural) VALUES ('NAME_gibberellic_acid_and_its_potassium_salt', 'Gibberellic acid and its potassium salt', 'substance', 'food', 0) ON CONFLICT(canonical_id) DO NOTHING;
INSERT INTO ingredient_alias (canonical_id, alias, alias_normalized, alias_type, language_code, confidence, source) VALUES ('NAME_gibberellic_acid_and_its_potassium_salt', 'Gibberellic acid and its potassium salt', 'gibberellic acid and its potassium salt', 'synonym', 'en', 1.0, 'FDA CFR 21') ON CONFLICT(alias_normalized, alias_type, COALESCE(language_code, '')) DO NOTHING;
INSERT INTO regulatory_fact (canonical_id, jurisdiction, fact_type, status, regulation_ref, product_category, evidence_id) VALUES ('NAME_gibberellic_acid_and_its_potassium_salt', 'US_FDA', 'permitted', 'PERMITTED per 21 CFR §172.725 (Food Additives Permitted for Direct Addition to Food for Human Consumption)', '21 CFR §172.725', 'food', (SELECT id FROM fact_evidence WHERE source_url = 'https://www.ecfr.gov/on/2026-04-16/title-21/part-172' AND snapshot_date = '2026-04-16' LIMIT 1));
INSERT INTO ingredient (canonical_id, primary_name, ingredient_class, category, is_natural) VALUES ('NAME_potassium_bromate', 'Potassium bromate', 'substance', 'food', 0) ON CONFLICT(canonical_id) DO NOTHING;
INSERT INTO ingredient_alias (canonical_id, alias, alias_normalized, alias_type, language_code, confidence, source) VALUES ('NAME_potassium_bromate', 'Potassium bromate', 'potassium bromate', 'synonym', 'en', 1.0, 'FDA CFR 21') ON CONFLICT(alias_normalized, alias_type, COALESCE(language_code, '')) DO NOTHING;
INSERT INTO regulatory_fact (canonical_id, jurisdiction, fact_type, status, regulation_ref, product_category, evidence_id) VALUES ('NAME_potassium_bromate', 'US_FDA', 'permitted', 'PERMITTED per 21 CFR §172.730 (Food Additives Permitted for Direct Addition to Food for Human Consumption)', '21 CFR §172.730', 'food', (SELECT id FROM fact_evidence WHERE source_url = 'https://www.ecfr.gov/on/2026-04-16/title-21/part-172' AND snapshot_date = '2026-04-16' LIMIT 1));
INSERT INTO ingredient (canonical_id, primary_name, ingredient_class, category, is_natural) VALUES ('NAME_glycerol_ester_of_rosin', 'Glycerol ester of rosin', 'substance', 'food', 0) ON CONFLICT(canonical_id) DO NOTHING;
INSERT INTO ingredient_alias (canonical_id, alias, alias_normalized, alias_type, language_code, confidence, source) VALUES ('NAME_glycerol_ester_of_rosin', 'Glycerol ester of rosin', 'glycerol ester of rosin', 'synonym', 'en', 1.0, 'FDA CFR 21') ON CONFLICT(alias_normalized, alias_type, COALESCE(language_code, '')) DO NOTHING;
INSERT INTO regulatory_fact (canonical_id, jurisdiction, fact_type, status, regulation_ref, product_category, evidence_id) VALUES ('NAME_glycerol_ester_of_rosin', 'US_FDA', 'permitted', 'PERMITTED per 21 CFR §172.735 (Food Additives Permitted for Direct Addition to Food for Human Consumption)', '21 CFR §172.735', 'food', (SELECT id FROM fact_evidence WHERE source_url = 'https://www.ecfr.gov/on/2026-04-16/title-21/part-172' AND snapshot_date = '2026-04-16' LIMIT 1));
INSERT INTO ingredient (canonical_id, primary_name, ingredient_class, category, is_natural) VALUES ('NAME_glycerides_and_polyglycides_of_hydrogenated_vegetable_oils', 'Glycerides and polyglycides of hydrogenated vegetable oils', 'substance', 'food', 0) ON CONFLICT(canonical_id) DO NOTHING;
INSERT INTO ingredient_alias (canonical_id, alias, alias_normalized, alias_type, language_code, confidence, source) VALUES ('NAME_glycerides_and_polyglycides_of_hydrogenated_vegetable_oils', 'Glycerides and polyglycides of hydrogenated vegetable oils', 'glycerides and polyglycides of hydrogenated vegetable oils', 'synonym', 'en', 1.0, 'FDA CFR 21') ON CONFLICT(alias_normalized, alias_type, COALESCE(language_code, '')) DO NOTHING;
INSERT INTO regulatory_fact (canonical_id, jurisdiction, fact_type, status, regulation_ref, product_category, evidence_id) VALUES ('NAME_glycerides_and_polyglycides_of_hydrogenated_vegetable_oils', 'US_FDA', 'permitted', 'PERMITTED per 21 CFR §172.736 (Food Additives Permitted for Direct Addition to Food for Human Consumption)', '21 CFR §172.736', 'food', (SELECT id FROM fact_evidence WHERE source_url = 'https://www.ecfr.gov/on/2026-04-16/title-21/part-172' AND snapshot_date = '2026-04-16' LIMIT 1));
INSERT INTO ingredient (canonical_id, primary_name, ingredient_class, category, is_natural) VALUES ('NAME_stearyl_monoglyceridyl_citrate', 'Stearyl monoglyceridyl citrate', 'substance', 'food', 0) ON CONFLICT(canonical_id) DO NOTHING;
INSERT INTO ingredient_alias (canonical_id, alias, alias_normalized, alias_type, language_code, confidence, source) VALUES ('NAME_stearyl_monoglyceridyl_citrate', 'Stearyl monoglyceridyl citrate', 'stearyl monoglyceridyl citrate', 'synonym', 'en', 1.0, 'FDA CFR 21') ON CONFLICT(alias_normalized, alias_type, COALESCE(language_code, '')) DO NOTHING;
INSERT INTO regulatory_fact (canonical_id, jurisdiction, fact_type, status, regulation_ref, product_category, evidence_id) VALUES ('NAME_stearyl_monoglyceridyl_citrate', 'US_FDA', 'permitted', 'PERMITTED per 21 CFR §172.755 (Food Additives Permitted for Direct Addition to Food for Human Consumption)', '21 CFR §172.755', 'food', (SELECT id FROM fact_evidence WHERE source_url = 'https://www.ecfr.gov/on/2026-04-16/title-21/part-172' AND snapshot_date = '2026-04-16' LIMIT 1));
INSERT INTO ingredient (canonical_id, primary_name, ingredient_class, category, is_natural) VALUES ('NAME_succistearin_stearoyl_propylene_glycol_hydrogen_succinate', 'Succistearin (stearoyl propylene glycol hydrogen succinate)', 'substance', 'food', 0) ON CONFLICT(canonical_id) DO NOTHING;
INSERT INTO ingredient_alias (canonical_id, alias, alias_normalized, alias_type, language_code, confidence, source) VALUES ('NAME_succistearin_stearoyl_propylene_glycol_hydrogen_succinate', 'Succistearin (stearoyl propylene glycol hydrogen succinate)', 'succistearin (stearoyl propylene glycol hydrogen succinate)', 'synonym', 'en', 1.0, 'FDA CFR 21') ON CONFLICT(alias_normalized, alias_type, COALESCE(language_code, '')) DO NOTHING;
INSERT INTO regulatory_fact (canonical_id, jurisdiction, fact_type, status, regulation_ref, product_category, evidence_id) VALUES ('NAME_succistearin_stearoyl_propylene_glycol_hydrogen_succinate', 'US_FDA', 'permitted', 'PERMITTED per 21 CFR §172.765 (Food Additives Permitted for Direct Addition to Food for Human Consumption)', '21 CFR §172.765', 'food', (SELECT id FROM fact_evidence WHERE source_url = 'https://www.ecfr.gov/on/2026-04-16/title-21/part-172' AND snapshot_date = '2026-04-16' LIMIT 1));
INSERT INTO ingredient (canonical_id, primary_name, ingredient_class, category, is_natural) VALUES ('NAME_ethylene_oxide_polymer', 'Ethylene oxide polymer', 'substance', 'food', 0) ON CONFLICT(canonical_id) DO NOTHING;
INSERT INTO ingredient_alias (canonical_id, alias, alias_normalized, alias_type, language_code, confidence, source) VALUES ('NAME_ethylene_oxide_polymer', 'Ethylene oxide polymer', 'ethylene oxide polymer', 'synonym', 'en', 1.0, 'FDA CFR 21') ON CONFLICT(alias_normalized, alias_type, COALESCE(language_code, '')) DO NOTHING;
INSERT INTO regulatory_fact (canonical_id, jurisdiction, fact_type, status, regulation_ref, product_category, evidence_id) VALUES ('NAME_ethylene_oxide_polymer', 'US_FDA', 'permitted', 'PERMITTED per 21 CFR §172.770 (Food Additives Permitted for Direct Addition to Food for Human Consumption)', '21 CFR §172.770', 'food', (SELECT id FROM fact_evidence WHERE source_url = 'https://www.ecfr.gov/on/2026-04-16/title-21/part-172' AND snapshot_date = '2026-04-16' LIMIT 1));
INSERT INTO ingredient (canonical_id, primary_name, ingredient_class, category, is_natural) VALUES ('NAME_methacrylic_acid_divinylbenzene_copolymer', 'Methacrylic acid-divinylbenzene copolymer', 'substance', 'food', 0) ON CONFLICT(canonical_id) DO NOTHING;
INSERT INTO ingredient_alias (canonical_id, alias, alias_normalized, alias_type, language_code, confidence, source) VALUES ('NAME_methacrylic_acid_divinylbenzene_copolymer', 'Methacrylic acid-divinylbenzene copolymer', 'methacrylic acid-divinylbenzene copolymer', 'synonym', 'en', 1.0, 'FDA CFR 21') ON CONFLICT(alias_normalized, alias_type, COALESCE(language_code, '')) DO NOTHING;
INSERT INTO regulatory_fact (canonical_id, jurisdiction, fact_type, status, regulation_ref, product_category, evidence_id) VALUES ('NAME_methacrylic_acid_divinylbenzene_copolymer', 'US_FDA', 'permitted', 'PERMITTED per 21 CFR §172.775 (Food Additives Permitted for Direct Addition to Food for Human Consumption)', '21 CFR §172.775', 'food', (SELECT id FROM fact_evidence WHERE source_url = 'https://www.ecfr.gov/on/2026-04-16/title-21/part-172' AND snapshot_date = '2026-04-16' LIMIT 1));
INSERT INTO ingredient (canonical_id, primary_name, ingredient_class, category, is_natural) VALUES ('NAME_acacia_gum_arabic', 'Acacia (gum arabic)', 'substance', 'food', 0) ON CONFLICT(canonical_id) DO NOTHING;
INSERT INTO ingredient_alias (canonical_id, alias, alias_normalized, alias_type, language_code, confidence, source) VALUES ('NAME_acacia_gum_arabic', 'Acacia (gum arabic)', 'acacia (gum arabic)', 'synonym', 'en', 1.0, 'FDA CFR 21') ON CONFLICT(alias_normalized, alias_type, COALESCE(language_code, '')) DO NOTHING;
INSERT INTO regulatory_fact (canonical_id, jurisdiction, fact_type, status, regulation_ref, product_category, evidence_id) VALUES ('NAME_acacia_gum_arabic', 'US_FDA', 'permitted', 'PERMITTED per 21 CFR §172.780 (Food Additives Permitted for Direct Addition to Food for Human Consumption)', '21 CFR §172.780', 'food', (SELECT id FROM fact_evidence WHERE source_url = 'https://www.ecfr.gov/on/2026-04-16/title-21/part-172' AND snapshot_date = '2026-04-16' LIMIT 1));
INSERT INTO ingredient (canonical_id, primary_name, ingredient_class, category, is_natural) VALUES ('NAME_acesulfame_potassium', 'Acesulfame potassium', 'substance', 'food', 0) ON CONFLICT(canonical_id) DO NOTHING;
INSERT INTO ingredient_alias (canonical_id, alias, alias_normalized, alias_type, language_code, confidence, source) VALUES ('NAME_acesulfame_potassium', 'Acesulfame potassium', 'acesulfame potassium', 'synonym', 'en', 1.0, 'FDA CFR 21') ON CONFLICT(alias_normalized, alias_type, COALESCE(language_code, '')) DO NOTHING;
INSERT INTO regulatory_fact (canonical_id, jurisdiction, fact_type, status, regulation_ref, product_category, evidence_id) VALUES ('NAME_acesulfame_potassium', 'US_FDA', 'permitted', 'PERMITTED per 21 CFR §172.800 (Food Additives Permitted for Direct Addition to Food for Human Consumption)', '21 CFR §172.800', 'food', (SELECT id FROM fact_evidence WHERE source_url = 'https://www.ecfr.gov/on/2026-04-16/title-21/part-172' AND snapshot_date = '2026-04-16' LIMIT 1));
INSERT INTO ingredient (canonical_id, primary_name, ingredient_class, category, is_natural) VALUES ('NAME_acetone_peroxides', 'Acetone peroxides', 'substance', 'food', 0) ON CONFLICT(canonical_id) DO NOTHING;
INSERT INTO ingredient_alias (canonical_id, alias, alias_normalized, alias_type, language_code, confidence, source) VALUES ('NAME_acetone_peroxides', 'Acetone peroxides', 'acetone peroxides', 'synonym', 'en', 1.0, 'FDA CFR 21') ON CONFLICT(alias_normalized, alias_type, COALESCE(language_code, '')) DO NOTHING;
INSERT INTO regulatory_fact (canonical_id, jurisdiction, fact_type, status, regulation_ref, product_category, evidence_id) VALUES ('NAME_acetone_peroxides', 'US_FDA', 'permitted', 'PERMITTED per 21 CFR §172.802 (Food Additives Permitted for Direct Addition to Food for Human Consumption)', '21 CFR §172.802', 'food', (SELECT id FROM fact_evidence WHERE source_url = 'https://www.ecfr.gov/on/2026-04-16/title-21/part-172' AND snapshot_date = '2026-04-16' LIMIT 1));
INSERT INTO ingredient (canonical_id, primary_name, ingredient_class, category, is_natural) VALUES ('NAME_advantame', 'Advantame', 'substance', 'food', 0) ON CONFLICT(canonical_id) DO NOTHING;
INSERT INTO ingredient_alias (canonical_id, alias, alias_normalized, alias_type, language_code, confidence, source) VALUES ('NAME_advantame', 'Advantame', 'advantame', 'synonym', 'en', 1.0, 'FDA CFR 21') ON CONFLICT(alias_normalized, alias_type, COALESCE(language_code, '')) DO NOTHING;
INSERT INTO regulatory_fact (canonical_id, jurisdiction, fact_type, status, regulation_ref, product_category, evidence_id) VALUES ('NAME_advantame', 'US_FDA', 'permitted', 'PERMITTED per 21 CFR §172.803 (Food Additives Permitted for Direct Addition to Food for Human Consumption)', '21 CFR §172.803', 'food', (SELECT id FROM fact_evidence WHERE source_url = 'https://www.ecfr.gov/on/2026-04-16/title-21/part-172' AND snapshot_date = '2026-04-16' LIMIT 1));
INSERT INTO ingredient (canonical_id, primary_name, ingredient_class, category, is_natural) VALUES ('NAME_aspartame', 'Aspartame', 'substance', 'food', 0) ON CONFLICT(canonical_id) DO NOTHING;
INSERT INTO ingredient_alias (canonical_id, alias, alias_normalized, alias_type, language_code, confidence, source) VALUES ('NAME_aspartame', 'Aspartame', 'aspartame', 'synonym', 'en', 1.0, 'FDA CFR 21') ON CONFLICT(alias_normalized, alias_type, COALESCE(language_code, '')) DO NOTHING;
INSERT INTO regulatory_fact (canonical_id, jurisdiction, fact_type, status, regulation_ref, product_category, evidence_id) VALUES ('NAME_aspartame', 'US_FDA', 'permitted', 'PERMITTED per 21 CFR §172.804 (Food Additives Permitted for Direct Addition to Food for Human Consumption)', '21 CFR §172.804', 'food', (SELECT id FROM fact_evidence WHERE source_url = 'https://www.ecfr.gov/on/2026-04-16/title-21/part-172' AND snapshot_date = '2026-04-16' LIMIT 1));
INSERT INTO ingredient (canonical_id, primary_name, ingredient_class, category, is_natural) VALUES ('NAME_azodicarbonamide', 'Azodicarbonamide', 'substance', 'food', 0) ON CONFLICT(canonical_id) DO NOTHING;
INSERT INTO ingredient_alias (canonical_id, alias, alias_normalized, alias_type, language_code, confidence, source) VALUES ('NAME_azodicarbonamide', 'Azodicarbonamide', 'azodicarbonamide', 'synonym', 'en', 1.0, 'FDA CFR 21') ON CONFLICT(alias_normalized, alias_type, COALESCE(language_code, '')) DO NOTHING;
INSERT INTO regulatory_fact (canonical_id, jurisdiction, fact_type, status, regulation_ref, product_category, evidence_id) VALUES ('NAME_azodicarbonamide', 'US_FDA', 'permitted', 'PERMITTED per 21 CFR §172.806 (Food Additives Permitted for Direct Addition to Food for Human Consumption)', '21 CFR §172.806', 'food', (SELECT id FROM fact_evidence WHERE source_url = 'https://www.ecfr.gov/on/2026-04-16/title-21/part-172' AND snapshot_date = '2026-04-16' LIMIT 1));
INSERT INTO ingredient (canonical_id, primary_name, ingredient_class, category, is_natural) VALUES ('NAME_copolymer_condensates_of_ethylene_oxide_and_propylene_oxide', 'Copolymer condensates of ethylene oxide and propylene oxide', 'substance', 'food', 0) ON CONFLICT(canonical_id) DO NOTHING;
INSERT INTO ingredient_alias (canonical_id, alias, alias_normalized, alias_type, language_code, confidence, source) VALUES ('NAME_copolymer_condensates_of_ethylene_oxide_and_propylene_oxide', 'Copolymer condensates of ethylene oxide and propylene oxide', 'copolymer condensates of ethylene oxide and propylene oxide', 'synonym', 'en', 1.0, 'FDA CFR 21') ON CONFLICT(alias_normalized, alias_type, COALESCE(language_code, '')) DO NOTHING;
INSERT INTO regulatory_fact (canonical_id, jurisdiction, fact_type, status, regulation_ref, product_category, evidence_id) VALUES ('NAME_copolymer_condensates_of_ethylene_oxide_and_propylene_oxide', 'US_FDA', 'permitted', 'PERMITTED per 21 CFR §172.808 (Food Additives Permitted for Direct Addition to Food for Human Consumption)', '21 CFR §172.808', 'food', (SELECT id FROM fact_evidence WHERE source_url = 'https://www.ecfr.gov/on/2026-04-16/title-21/part-172' AND snapshot_date = '2026-04-16' LIMIT 1));
INSERT INTO ingredient (canonical_id, primary_name, ingredient_class, category, is_natural) VALUES ('NAME_curdlan', 'Curdlan', 'substance', 'food', 0) ON CONFLICT(canonical_id) DO NOTHING;
INSERT INTO ingredient_alias (canonical_id, alias, alias_normalized, alias_type, language_code, confidence, source) VALUES ('NAME_curdlan', 'Curdlan', 'curdlan', 'synonym', 'en', 1.0, 'FDA CFR 21') ON CONFLICT(alias_normalized, alias_type, COALESCE(language_code, '')) DO NOTHING;
INSERT INTO regulatory_fact (canonical_id, jurisdiction, fact_type, status, regulation_ref, product_category, evidence_id) VALUES ('NAME_curdlan', 'US_FDA', 'permitted', 'PERMITTED per 21 CFR §172.809 (Food Additives Permitted for Direct Addition to Food for Human Consumption)', '21 CFR §172.809', 'food', (SELECT id FROM fact_evidence WHERE source_url = 'https://www.ecfr.gov/on/2026-04-16/title-21/part-172' AND snapshot_date = '2026-04-16' LIMIT 1));
INSERT INTO ingredient (canonical_id, primary_name, ingredient_class, category, is_natural) VALUES ('NAME_dioctyl_sodium_sulfosuccinate', 'Dioctyl sodium sulfosuccinate', 'substance', 'food', 0) ON CONFLICT(canonical_id) DO NOTHING;
INSERT INTO ingredient_alias (canonical_id, alias, alias_normalized, alias_type, language_code, confidence, source) VALUES ('NAME_dioctyl_sodium_sulfosuccinate', 'Dioctyl sodium sulfosuccinate', 'dioctyl sodium sulfosuccinate', 'synonym', 'en', 1.0, 'FDA CFR 21') ON CONFLICT(alias_normalized, alias_type, COALESCE(language_code, '')) DO NOTHING;
INSERT INTO regulatory_fact (canonical_id, jurisdiction, fact_type, status, regulation_ref, product_category, evidence_id) VALUES ('NAME_dioctyl_sodium_sulfosuccinate', 'US_FDA', 'permitted', 'PERMITTED per 21 CFR §172.810 (Food Additives Permitted for Direct Addition to Food for Human Consumption)', '21 CFR §172.810', 'food', (SELECT id FROM fact_evidence WHERE source_url = 'https://www.ecfr.gov/on/2026-04-16/title-21/part-172' AND snapshot_date = '2026-04-16' LIMIT 1));
INSERT INTO ingredient (canonical_id, primary_name, ingredient_class, category, is_natural) VALUES ('NAME_glyceryl_tristearate', 'Glyceryl tristearate', 'substance', 'food', 0) ON CONFLICT(canonical_id) DO NOTHING;
INSERT INTO ingredient_alias (canonical_id, alias, alias_normalized, alias_type, language_code, confidence, source) VALUES ('NAME_glyceryl_tristearate', 'Glyceryl tristearate', 'glyceryl tristearate', 'synonym', 'en', 1.0, 'FDA CFR 21') ON CONFLICT(alias_normalized, alias_type, COALESCE(language_code, '')) DO NOTHING;
INSERT INTO regulatory_fact (canonical_id, jurisdiction, fact_type, status, regulation_ref, product_category, evidence_id) VALUES ('NAME_glyceryl_tristearate', 'US_FDA', 'permitted', 'PERMITTED per 21 CFR §172.811 (Food Additives Permitted for Direct Addition to Food for Human Consumption)', '21 CFR §172.811', 'food', (SELECT id FROM fact_evidence WHERE source_url = 'https://www.ecfr.gov/on/2026-04-16/title-21/part-172' AND snapshot_date = '2026-04-16' LIMIT 1));
INSERT INTO ingredient (canonical_id, primary_name, ingredient_class, category, is_natural) VALUES ('NAME_glycine', 'Glycine', 'substance', 'food', 0) ON CONFLICT(canonical_id) DO NOTHING;
INSERT INTO ingredient_alias (canonical_id, alias, alias_normalized, alias_type, language_code, confidence, source) VALUES ('NAME_glycine', 'Glycine', 'glycine', 'synonym', 'en', 1.0, 'FDA CFR 21') ON CONFLICT(alias_normalized, alias_type, COALESCE(language_code, '')) DO NOTHING;
INSERT INTO regulatory_fact (canonical_id, jurisdiction, fact_type, status, regulation_ref, product_category, evidence_id) VALUES ('NAME_glycine', 'US_FDA', 'permitted', 'PERMITTED per 21 CFR §172.812 (Food Additives Permitted for Direct Addition to Food for Human Consumption)', '21 CFR §172.812', 'food', (SELECT id FROM fact_evidence WHERE source_url = 'https://www.ecfr.gov/on/2026-04-16/title-21/part-172' AND snapshot_date = '2026-04-16' LIMIT 1));
INSERT INTO ingredient (canonical_id, primary_name, ingredient_class, category, is_natural) VALUES ('NAME_hydroxylated_lecithin', 'Hydroxylated lecithin', 'substance', 'food', 0) ON CONFLICT(canonical_id) DO NOTHING;
INSERT INTO ingredient_alias (canonical_id, alias, alias_normalized, alias_type, language_code, confidence, source) VALUES ('NAME_hydroxylated_lecithin', 'Hydroxylated lecithin', 'hydroxylated lecithin', 'synonym', 'en', 1.0, 'FDA CFR 21') ON CONFLICT(alias_normalized, alias_type, COALESCE(language_code, '')) DO NOTHING;
INSERT INTO regulatory_fact (canonical_id, jurisdiction, fact_type, status, regulation_ref, product_category, evidence_id) VALUES ('NAME_hydroxylated_lecithin', 'US_FDA', 'permitted', 'PERMITTED per 21 CFR §172.814 (Food Additives Permitted for Direct Addition to Food for Human Consumption)', '21 CFR §172.814', 'food', (SELECT id FROM fact_evidence WHERE source_url = 'https://www.ecfr.gov/on/2026-04-16/title-21/part-172' AND snapshot_date = '2026-04-16' LIMIT 1));
INSERT INTO ingredient (canonical_id, primary_name, ingredient_class, category, is_natural) VALUES ('NAME_methyl_glucoside_coconut_oil_ester', 'Methyl glucoside-coconut oil ester', 'substance', 'food', 0) ON CONFLICT(canonical_id) DO NOTHING;
INSERT INTO ingredient_alias (canonical_id, alias, alias_normalized, alias_type, language_code, confidence, source) VALUES ('NAME_methyl_glucoside_coconut_oil_ester', 'Methyl glucoside-coconut oil ester', 'methyl glucoside-coconut oil ester', 'synonym', 'en', 1.0, 'FDA CFR 21') ON CONFLICT(alias_normalized, alias_type, COALESCE(language_code, '')) DO NOTHING;
INSERT INTO regulatory_fact (canonical_id, jurisdiction, fact_type, status, regulation_ref, product_category, evidence_id) VALUES ('NAME_methyl_glucoside_coconut_oil_ester', 'US_FDA', 'permitted', 'PERMITTED per 21 CFR §172.816 (Food Additives Permitted for Direct Addition to Food for Human Consumption)', '21 CFR §172.816', 'food', (SELECT id FROM fact_evidence WHERE source_url = 'https://www.ecfr.gov/on/2026-04-16/title-21/part-172' AND snapshot_date = '2026-04-16' LIMIT 1));
INSERT INTO ingredient (canonical_id, primary_name, ingredient_class, category, is_natural) VALUES ('NAME_oxystearin', 'Oxystearin', 'substance', 'food', 0) ON CONFLICT(canonical_id) DO NOTHING;
INSERT INTO ingredient_alias (canonical_id, alias, alias_normalized, alias_type, language_code, confidence, source) VALUES ('NAME_oxystearin', 'Oxystearin', 'oxystearin', 'synonym', 'en', 1.0, 'FDA CFR 21') ON CONFLICT(alias_normalized, alias_type, COALESCE(language_code, '')) DO NOTHING;
INSERT INTO regulatory_fact (canonical_id, jurisdiction, fact_type, status, regulation_ref, product_category, evidence_id) VALUES ('NAME_oxystearin', 'US_FDA', 'permitted', 'PERMITTED per 21 CFR §172.818 (Food Additives Permitted for Direct Addition to Food for Human Consumption)', '21 CFR §172.818', 'food', (SELECT id FROM fact_evidence WHERE source_url = 'https://www.ecfr.gov/on/2026-04-16/title-21/part-172' AND snapshot_date = '2026-04-16' LIMIT 1));
INSERT INTO ingredient (canonical_id, primary_name, ingredient_class, category, is_natural) VALUES ('NAME_polyethylene_glycol_mean_molecular_weight_200_9500', 'Polyethylene glycol (mean molecular weight 200-9,500)', 'substance', 'food', 0) ON CONFLICT(canonical_id) DO NOTHING;
INSERT INTO ingredient_alias (canonical_id, alias, alias_normalized, alias_type, language_code, confidence, source) VALUES ('NAME_polyethylene_glycol_mean_molecular_weight_200_9500', 'Polyethylene glycol (mean molecular weight 200-9,500)', 'polyethylene glycol (mean molecular weight 200-9,500)', 'synonym', 'en', 1.0, 'FDA CFR 21') ON CONFLICT(alias_normalized, alias_type, COALESCE(language_code, '')) DO NOTHING;
INSERT INTO regulatory_fact (canonical_id, jurisdiction, fact_type, status, regulation_ref, product_category, evidence_id) VALUES ('NAME_polyethylene_glycol_mean_molecular_weight_200_9500', 'US_FDA', 'permitted', 'PERMITTED per 21 CFR §172.820 (Food Additives Permitted for Direct Addition to Food for Human Consumption)', '21 CFR §172.820', 'food', (SELECT id FROM fact_evidence WHERE source_url = 'https://www.ecfr.gov/on/2026-04-16/title-21/part-172' AND snapshot_date = '2026-04-16' LIMIT 1));
INSERT INTO ingredient (canonical_id, primary_name, ingredient_class, category, is_natural) VALUES ('NAME_sodium_lauryl_sulfate', 'Sodium lauryl sulfate', 'substance', 'food', 0) ON CONFLICT(canonical_id) DO NOTHING;
INSERT INTO ingredient_alias (canonical_id, alias, alias_normalized, alias_type, language_code, confidence, source) VALUES ('NAME_sodium_lauryl_sulfate', 'Sodium lauryl sulfate', 'sodium lauryl sulfate', 'synonym', 'en', 1.0, 'FDA CFR 21') ON CONFLICT(alias_normalized, alias_type, COALESCE(language_code, '')) DO NOTHING;
INSERT INTO regulatory_fact (canonical_id, jurisdiction, fact_type, status, regulation_ref, product_category, evidence_id) VALUES ('NAME_sodium_lauryl_sulfate', 'US_FDA', 'permitted', 'PERMITTED per 21 CFR §172.822 (Food Additives Permitted for Direct Addition to Food for Human Consumption)', '21 CFR §172.822', 'food', (SELECT id FROM fact_evidence WHERE source_url = 'https://www.ecfr.gov/on/2026-04-16/title-21/part-172' AND snapshot_date = '2026-04-16' LIMIT 1));
INSERT INTO ingredient (canonical_id, primary_name, ingredient_class, category, is_natural) VALUES ('NAME_sodium_mono_and_dimethyl_naphthalene_sulfonates', 'Sodium mono- and dimethyl naphthalene sulfonates', 'substance', 'food', 0) ON CONFLICT(canonical_id) DO NOTHING;
INSERT INTO ingredient_alias (canonical_id, alias, alias_normalized, alias_type, language_code, confidence, source) VALUES ('NAME_sodium_mono_and_dimethyl_naphthalene_sulfonates', 'Sodium mono- and dimethyl naphthalene sulfonates', 'sodium mono- and dimethyl naphthalene sulfonates', 'synonym', 'en', 1.0, 'FDA CFR 21') ON CONFLICT(alias_normalized, alias_type, COALESCE(language_code, '')) DO NOTHING;
INSERT INTO regulatory_fact (canonical_id, jurisdiction, fact_type, status, regulation_ref, product_category, evidence_id) VALUES ('NAME_sodium_mono_and_dimethyl_naphthalene_sulfonates', 'US_FDA', 'permitted', 'PERMITTED per 21 CFR §172.824 (Food Additives Permitted for Direct Addition to Food for Human Consumption)', '21 CFR §172.824', 'food', (SELECT id FROM fact_evidence WHERE source_url = 'https://www.ecfr.gov/on/2026-04-16/title-21/part-172' AND snapshot_date = '2026-04-16' LIMIT 1));
INSERT INTO ingredient (canonical_id, primary_name, ingredient_class, category, is_natural) VALUES ('NAME_sodium_stearyl_fumarate', 'Sodium stearyl fumarate', 'substance', 'food', 0) ON CONFLICT(canonical_id) DO NOTHING;
INSERT INTO ingredient_alias (canonical_id, alias, alias_normalized, alias_type, language_code, confidence, source) VALUES ('NAME_sodium_stearyl_fumarate', 'Sodium stearyl fumarate', 'sodium stearyl fumarate', 'synonym', 'en', 1.0, 'FDA CFR 21') ON CONFLICT(alias_normalized, alias_type, COALESCE(language_code, '')) DO NOTHING;
INSERT INTO regulatory_fact (canonical_id, jurisdiction, fact_type, status, regulation_ref, product_category, evidence_id) VALUES ('NAME_sodium_stearyl_fumarate', 'US_FDA', 'permitted', 'PERMITTED per 21 CFR §172.826 (Food Additives Permitted for Direct Addition to Food for Human Consumption)', '21 CFR §172.826', 'food', (SELECT id FROM fact_evidence WHERE source_url = 'https://www.ecfr.gov/on/2026-04-16/title-21/part-172' AND snapshot_date = '2026-04-16' LIMIT 1));
INSERT INTO ingredient (canonical_id, primary_name, ingredient_class, category, is_natural) VALUES ('NAME_acetylated_monoglycerides', 'Acetylated monoglycerides', 'substance', 'food', 0) ON CONFLICT(canonical_id) DO NOTHING;
INSERT INTO ingredient_alias (canonical_id, alias, alias_normalized, alias_type, language_code, confidence, source) VALUES ('NAME_acetylated_monoglycerides', 'Acetylated monoglycerides', 'acetylated monoglycerides', 'synonym', 'en', 1.0, 'FDA CFR 21') ON CONFLICT(alias_normalized, alias_type, COALESCE(language_code, '')) DO NOTHING;
INSERT INTO regulatory_fact (canonical_id, jurisdiction, fact_type, status, regulation_ref, product_category, evidence_id) VALUES ('NAME_acetylated_monoglycerides', 'US_FDA', 'permitted', 'PERMITTED per 21 CFR §172.828 (Food Additives Permitted for Direct Addition to Food for Human Consumption)', '21 CFR §172.828', 'food', (SELECT id FROM fact_evidence WHERE source_url = 'https://www.ecfr.gov/on/2026-04-16/title-21/part-172' AND snapshot_date = '2026-04-16' LIMIT 1));
INSERT INTO ingredient (canonical_id, primary_name, ingredient_class, category, is_natural) VALUES ('NAME_neotame', 'Neotame', 'substance', 'food', 0) ON CONFLICT(canonical_id) DO NOTHING;
INSERT INTO ingredient_alias (canonical_id, alias, alias_normalized, alias_type, language_code, confidence, source) VALUES ('NAME_neotame', 'Neotame', 'neotame', 'synonym', 'en', 1.0, 'FDA CFR 21') ON CONFLICT(alias_normalized, alias_type, COALESCE(language_code, '')) DO NOTHING;
INSERT INTO regulatory_fact (canonical_id, jurisdiction, fact_type, status, regulation_ref, product_category, evidence_id) VALUES ('NAME_neotame', 'US_FDA', 'permitted', 'PERMITTED per 21 CFR §172.829 (Food Additives Permitted for Direct Addition to Food for Human Consumption)', '21 CFR §172.829', 'food', (SELECT id FROM fact_evidence WHERE source_url = 'https://www.ecfr.gov/on/2026-04-16/title-21/part-172' AND snapshot_date = '2026-04-16' LIMIT 1));
INSERT INTO ingredient (canonical_id, primary_name, ingredient_class, category, is_natural) VALUES ('NAME_succinylated_monoglycerides', 'Succinylated monoglycerides', 'substance', 'food', 0) ON CONFLICT(canonical_id) DO NOTHING;
INSERT INTO ingredient_alias (canonical_id, alias, alias_normalized, alias_type, language_code, confidence, source) VALUES ('NAME_succinylated_monoglycerides', 'Succinylated monoglycerides', 'succinylated monoglycerides', 'synonym', 'en', 1.0, 'FDA CFR 21') ON CONFLICT(alias_normalized, alias_type, COALESCE(language_code, '')) DO NOTHING;
INSERT INTO regulatory_fact (canonical_id, jurisdiction, fact_type, status, regulation_ref, product_category, evidence_id) VALUES ('NAME_succinylated_monoglycerides', 'US_FDA', 'permitted', 'PERMITTED per 21 CFR §172.830 (Food Additives Permitted for Direct Addition to Food for Human Consumption)', '21 CFR §172.830', 'food', (SELECT id FROM fact_evidence WHERE source_url = 'https://www.ecfr.gov/on/2026-04-16/title-21/part-172' AND snapshot_date = '2026-04-16' LIMIT 1));
INSERT INTO ingredient (canonical_id, primary_name, ingredient_class, category, is_natural) VALUES ('NAME_sucralose', 'Sucralose', 'substance', 'food', 0) ON CONFLICT(canonical_id) DO NOTHING;
INSERT INTO ingredient_alias (canonical_id, alias, alias_normalized, alias_type, language_code, confidence, source) VALUES ('NAME_sucralose', 'Sucralose', 'sucralose', 'synonym', 'en', 1.0, 'FDA CFR 21') ON CONFLICT(alias_normalized, alias_type, COALESCE(language_code, '')) DO NOTHING;
INSERT INTO regulatory_fact (canonical_id, jurisdiction, fact_type, status, regulation_ref, product_category, evidence_id) VALUES ('NAME_sucralose', 'US_FDA', 'permitted', 'PERMITTED per 21 CFR §172.831 (Food Additives Permitted for Direct Addition to Food for Human Consumption)', '21 CFR §172.831', 'food', (SELECT id FROM fact_evidence WHERE source_url = 'https://www.ecfr.gov/on/2026-04-16/title-21/part-172' AND snapshot_date = '2026-04-16' LIMIT 1));
INSERT INTO ingredient (canonical_id, primary_name, ingredient_class, category, is_natural) VALUES ('NAME_monoglyceride_citrate', 'Monoglyceride citrate', 'substance', 'food', 0) ON CONFLICT(canonical_id) DO NOTHING;
INSERT INTO ingredient_alias (canonical_id, alias, alias_normalized, alias_type, language_code, confidence, source) VALUES ('NAME_monoglyceride_citrate', 'Monoglyceride citrate', 'monoglyceride citrate', 'synonym', 'en', 1.0, 'FDA CFR 21') ON CONFLICT(alias_normalized, alias_type, COALESCE(language_code, '')) DO NOTHING;
INSERT INTO regulatory_fact (canonical_id, jurisdiction, fact_type, status, regulation_ref, product_category, evidence_id) VALUES ('NAME_monoglyceride_citrate', 'US_FDA', 'permitted', 'PERMITTED per 21 CFR §172.832 (Food Additives Permitted for Direct Addition to Food for Human Consumption)', '21 CFR §172.832', 'food', (SELECT id FROM fact_evidence WHERE source_url = 'https://www.ecfr.gov/on/2026-04-16/title-21/part-172' AND snapshot_date = '2026-04-16' LIMIT 1));
INSERT INTO ingredient (canonical_id, primary_name, ingredient_class, category, is_natural) VALUES ('NAME_sucrose_acetate_isobutyrate_saib', 'Sucrose acetate isobutyrate (SAIB)', 'substance', 'food', 0) ON CONFLICT(canonical_id) DO NOTHING;
INSERT INTO ingredient_alias (canonical_id, alias, alias_normalized, alias_type, language_code, confidence, source) VALUES ('NAME_sucrose_acetate_isobutyrate_saib', 'Sucrose acetate isobutyrate (SAIB)', 'sucrose acetate isobutyrate (saib)', 'synonym', 'en', 1.0, 'FDA CFR 21') ON CONFLICT(alias_normalized, alias_type, COALESCE(language_code, '')) DO NOTHING;
INSERT INTO regulatory_fact (canonical_id, jurisdiction, fact_type, status, regulation_ref, product_category, evidence_id) VALUES ('NAME_sucrose_acetate_isobutyrate_saib', 'US_FDA', 'permitted', 'PERMITTED per 21 CFR §172.833 (Food Additives Permitted for Direct Addition to Food for Human Consumption)', '21 CFR §172.833', 'food', (SELECT id FROM fact_evidence WHERE source_url = 'https://www.ecfr.gov/on/2026-04-16/title-21/part-172' AND snapshot_date = '2026-04-16' LIMIT 1));
INSERT INTO ingredient (canonical_id, primary_name, ingredient_class, category, is_natural) VALUES ('NAME_ethoxylated_mono_and_diglycerides', 'Ethoxylated mono- and diglycerides', 'substance', 'food', 0) ON CONFLICT(canonical_id) DO NOTHING;
INSERT INTO ingredient_alias (canonical_id, alias, alias_normalized, alias_type, language_code, confidence, source) VALUES ('NAME_ethoxylated_mono_and_diglycerides', 'Ethoxylated mono- and diglycerides', 'ethoxylated mono- and diglycerides', 'synonym', 'en', 1.0, 'FDA CFR 21') ON CONFLICT(alias_normalized, alias_type, COALESCE(language_code, '')) DO NOTHING;
INSERT INTO regulatory_fact (canonical_id, jurisdiction, fact_type, status, regulation_ref, product_category, evidence_id) VALUES ('NAME_ethoxylated_mono_and_diglycerides', 'US_FDA', 'permitted', 'PERMITTED per 21 CFR §172.834 (Food Additives Permitted for Direct Addition to Food for Human Consumption)', '21 CFR §172.834', 'food', (SELECT id FROM fact_evidence WHERE source_url = 'https://www.ecfr.gov/on/2026-04-16/title-21/part-172' AND snapshot_date = '2026-04-16' LIMIT 1));
INSERT INTO ingredient (canonical_id, primary_name, ingredient_class, category, is_natural) VALUES ('NAME_polysorbate_60', 'Polysorbate 60', 'substance', 'food', 0) ON CONFLICT(canonical_id) DO NOTHING;
INSERT INTO ingredient_alias (canonical_id, alias, alias_normalized, alias_type, language_code, confidence, source) VALUES ('NAME_polysorbate_60', 'Polysorbate 60', 'polysorbate 60', 'synonym', 'en', 1.0, 'FDA CFR 21') ON CONFLICT(alias_normalized, alias_type, COALESCE(language_code, '')) DO NOTHING;
INSERT INTO regulatory_fact (canonical_id, jurisdiction, fact_type, status, regulation_ref, product_category, evidence_id) VALUES ('NAME_polysorbate_60', 'US_FDA', 'permitted', 'PERMITTED per 21 CFR §172.836 (Food Additives Permitted for Direct Addition to Food for Human Consumption)', '21 CFR §172.836', 'food', (SELECT id FROM fact_evidence WHERE source_url = 'https://www.ecfr.gov/on/2026-04-16/title-21/part-172' AND snapshot_date = '2026-04-16' LIMIT 1));
INSERT INTO ingredient (canonical_id, primary_name, ingredient_class, category, is_natural) VALUES ('NAME_polysorbate_65', 'Polysorbate 65', 'substance', 'food', 0) ON CONFLICT(canonical_id) DO NOTHING;
INSERT INTO ingredient_alias (canonical_id, alias, alias_normalized, alias_type, language_code, confidence, source) VALUES ('NAME_polysorbate_65', 'Polysorbate 65', 'polysorbate 65', 'synonym', 'en', 1.0, 'FDA CFR 21') ON CONFLICT(alias_normalized, alias_type, COALESCE(language_code, '')) DO NOTHING;
INSERT INTO regulatory_fact (canonical_id, jurisdiction, fact_type, status, regulation_ref, product_category, evidence_id) VALUES ('NAME_polysorbate_65', 'US_FDA', 'permitted', 'PERMITTED per 21 CFR §172.838 (Food Additives Permitted for Direct Addition to Food for Human Consumption)', '21 CFR §172.838', 'food', (SELECT id FROM fact_evidence WHERE source_url = 'https://www.ecfr.gov/on/2026-04-16/title-21/part-172' AND snapshot_date = '2026-04-16' LIMIT 1));
INSERT INTO ingredient (canonical_id, primary_name, ingredient_class, category, is_natural) VALUES ('NAME_polysorbate_80', 'Polysorbate 80', 'substance', 'food', 0) ON CONFLICT(canonical_id) DO NOTHING;
INSERT INTO ingredient_alias (canonical_id, alias, alias_normalized, alias_type, language_code, confidence, source) VALUES ('NAME_polysorbate_80', 'Polysorbate 80', 'polysorbate 80', 'synonym', 'en', 1.0, 'FDA CFR 21') ON CONFLICT(alias_normalized, alias_type, COALESCE(language_code, '')) DO NOTHING;
INSERT INTO regulatory_fact (canonical_id, jurisdiction, fact_type, status, regulation_ref, product_category, evidence_id) VALUES ('NAME_polysorbate_80', 'US_FDA', 'permitted', 'PERMITTED per 21 CFR §172.840 (Food Additives Permitted for Direct Addition to Food for Human Consumption)', '21 CFR §172.840', 'food', (SELECT id FROM fact_evidence WHERE source_url = 'https://www.ecfr.gov/on/2026-04-16/title-21/part-172' AND snapshot_date = '2026-04-16' LIMIT 1));
INSERT INTO ingredient (canonical_id, primary_name, ingredient_class, category, is_natural) VALUES ('NAME_polydextrose', 'Polydextrose', 'substance', 'food', 0) ON CONFLICT(canonical_id) DO NOTHING;
INSERT INTO ingredient_alias (canonical_id, alias, alias_normalized, alias_type, language_code, confidence, source) VALUES ('NAME_polydextrose', 'Polydextrose', 'polydextrose', 'synonym', 'en', 1.0, 'FDA CFR 21') ON CONFLICT(alias_normalized, alias_type, COALESCE(language_code, '')) DO NOTHING;
INSERT INTO regulatory_fact (canonical_id, jurisdiction, fact_type, status, regulation_ref, product_category, evidence_id) VALUES ('NAME_polydextrose', 'US_FDA', 'permitted', 'PERMITTED per 21 CFR §172.841 (Food Additives Permitted for Direct Addition to Food for Human Consumption)', '21 CFR §172.841', 'food', (SELECT id FROM fact_evidence WHERE source_url = 'https://www.ecfr.gov/on/2026-04-16/title-21/part-172' AND snapshot_date = '2026-04-16' LIMIT 1));
INSERT INTO ingredient (canonical_id, primary_name, ingredient_class, category, is_natural) VALUES ('NAME_sorbitan_monostearate', 'Sorbitan monostearate', 'substance', 'food', 0) ON CONFLICT(canonical_id) DO NOTHING;
INSERT INTO ingredient_alias (canonical_id, alias, alias_normalized, alias_type, language_code, confidence, source) VALUES ('NAME_sorbitan_monostearate', 'Sorbitan monostearate', 'sorbitan monostearate', 'synonym', 'en', 1.0, 'FDA CFR 21') ON CONFLICT(alias_normalized, alias_type, COALESCE(language_code, '')) DO NOTHING;
INSERT INTO regulatory_fact (canonical_id, jurisdiction, fact_type, status, regulation_ref, product_category, evidence_id) VALUES ('NAME_sorbitan_monostearate', 'US_FDA', 'permitted', 'PERMITTED per 21 CFR §172.842 (Food Additives Permitted for Direct Addition to Food for Human Consumption)', '21 CFR §172.842', 'food', (SELECT id FROM fact_evidence WHERE source_url = 'https://www.ecfr.gov/on/2026-04-16/title-21/part-172' AND snapshot_date = '2026-04-16' LIMIT 1));
INSERT INTO ingredient (canonical_id, primary_name, ingredient_class, category, is_natural) VALUES ('NAME_calcium_stearoyl_2_lactylate', 'Calcium stearoyl-2-lactylate', 'substance', 'food', 0) ON CONFLICT(canonical_id) DO NOTHING;
INSERT INTO ingredient_alias (canonical_id, alias, alias_normalized, alias_type, language_code, confidence, source) VALUES ('NAME_calcium_stearoyl_2_lactylate', 'Calcium stearoyl-2-lactylate', 'calcium stearoyl-2-lactylate', 'synonym', 'en', 1.0, 'FDA CFR 21') ON CONFLICT(alias_normalized, alias_type, COALESCE(language_code, '')) DO NOTHING;
INSERT INTO regulatory_fact (canonical_id, jurisdiction, fact_type, status, regulation_ref, product_category, evidence_id) VALUES ('NAME_calcium_stearoyl_2_lactylate', 'US_FDA', 'permitted', 'PERMITTED per 21 CFR §172.844 (Food Additives Permitted for Direct Addition to Food for Human Consumption)', '21 CFR §172.844', 'food', (SELECT id FROM fact_evidence WHERE source_url = 'https://www.ecfr.gov/on/2026-04-16/title-21/part-172' AND snapshot_date = '2026-04-16' LIMIT 1));
INSERT INTO ingredient (canonical_id, primary_name, ingredient_class, category, is_natural) VALUES ('NAME_sodium_stearoyl_lactylate', 'Sodium stearoyl lactylate', 'substance', 'food', 0) ON CONFLICT(canonical_id) DO NOTHING;
INSERT INTO ingredient_alias (canonical_id, alias, alias_normalized, alias_type, language_code, confidence, source) VALUES ('NAME_sodium_stearoyl_lactylate', 'Sodium stearoyl lactylate', 'sodium stearoyl lactylate', 'synonym', 'en', 1.0, 'FDA CFR 21') ON CONFLICT(alias_normalized, alias_type, COALESCE(language_code, '')) DO NOTHING;
INSERT INTO regulatory_fact (canonical_id, jurisdiction, fact_type, status, regulation_ref, product_category, evidence_id) VALUES ('NAME_sodium_stearoyl_lactylate', 'US_FDA', 'permitted', 'PERMITTED per 21 CFR §172.846 (Food Additives Permitted for Direct Addition to Food for Human Consumption)', '21 CFR §172.846', 'food', (SELECT id FROM fact_evidence WHERE source_url = 'https://www.ecfr.gov/on/2026-04-16/title-21/part-172' AND snapshot_date = '2026-04-16' LIMIT 1));
INSERT INTO ingredient (canonical_id, primary_name, ingredient_class, category, is_natural) VALUES ('NAME_lactylic_esters_of_fatty_acids', 'Lactylic esters of fatty acids', 'substance', 'food', 0) ON CONFLICT(canonical_id) DO NOTHING;
INSERT INTO ingredient_alias (canonical_id, alias, alias_normalized, alias_type, language_code, confidence, source) VALUES ('NAME_lactylic_esters_of_fatty_acids', 'Lactylic esters of fatty acids', 'lactylic esters of fatty acids', 'synonym', 'en', 1.0, 'FDA CFR 21') ON CONFLICT(alias_normalized, alias_type, COALESCE(language_code, '')) DO NOTHING;
INSERT INTO regulatory_fact (canonical_id, jurisdiction, fact_type, status, regulation_ref, product_category, evidence_id) VALUES ('NAME_lactylic_esters_of_fatty_acids', 'US_FDA', 'permitted', 'PERMITTED per 21 CFR §172.848 (Food Additives Permitted for Direct Addition to Food for Human Consumption)', '21 CFR §172.848', 'food', (SELECT id FROM fact_evidence WHERE source_url = 'https://www.ecfr.gov/on/2026-04-16/title-21/part-172' AND snapshot_date = '2026-04-16' LIMIT 1));
INSERT INTO ingredient (canonical_id, primary_name, ingredient_class, category, is_natural) VALUES ('NAME_lactylated_fatty_acid_esters_of_glycerol_and_propylene_glycol', 'Lactylated fatty acid esters of glycerol and propylene glycol', 'substance', 'food', 0) ON CONFLICT(canonical_id) DO NOTHING;
INSERT INTO ingredient_alias (canonical_id, alias, alias_normalized, alias_type, language_code, confidence, source) VALUES ('NAME_lactylated_fatty_acid_esters_of_glycerol_and_propylene_glycol', 'Lactylated fatty acid esters of glycerol and propylene glycol', 'lactylated fatty acid esters of glycerol and propylene glycol', 'synonym', 'en', 1.0, 'FDA CFR 21') ON CONFLICT(alias_normalized, alias_type, COALESCE(language_code, '')) DO NOTHING;
INSERT INTO regulatory_fact (canonical_id, jurisdiction, fact_type, status, regulation_ref, product_category, evidence_id) VALUES ('NAME_lactylated_fatty_acid_esters_of_glycerol_and_propylene_glycol', 'US_FDA', 'permitted', 'PERMITTED per 21 CFR §172.850 (Food Additives Permitted for Direct Addition to Food for Human Consumption)', '21 CFR §172.850', 'food', (SELECT id FROM fact_evidence WHERE source_url = 'https://www.ecfr.gov/on/2026-04-16/title-21/part-172' AND snapshot_date = '2026-04-16' LIMIT 1));
INSERT INTO ingredient (canonical_id, primary_name, ingredient_class, category, is_natural) VALUES ('NAME_glyceryl_lacto_esters_of_fatty_acids', 'Glyceryl-lacto esters of fatty acids', 'substance', 'food', 0) ON CONFLICT(canonical_id) DO NOTHING;
INSERT INTO ingredient_alias (canonical_id, alias, alias_normalized, alias_type, language_code, confidence, source) VALUES ('NAME_glyceryl_lacto_esters_of_fatty_acids', 'Glyceryl-lacto esters of fatty acids', 'glyceryl-lacto esters of fatty acids', 'synonym', 'en', 1.0, 'FDA CFR 21') ON CONFLICT(alias_normalized, alias_type, COALESCE(language_code, '')) DO NOTHING;
INSERT INTO regulatory_fact (canonical_id, jurisdiction, fact_type, status, regulation_ref, product_category, evidence_id) VALUES ('NAME_glyceryl_lacto_esters_of_fatty_acids', 'US_FDA', 'permitted', 'PERMITTED per 21 CFR §172.852 (Food Additives Permitted for Direct Addition to Food for Human Consumption)', '21 CFR §172.852', 'food', (SELECT id FROM fact_evidence WHERE source_url = 'https://www.ecfr.gov/on/2026-04-16/title-21/part-172' AND snapshot_date = '2026-04-16' LIMIT 1));
INSERT INTO ingredient (canonical_id, primary_name, ingredient_class, category, is_natural) VALUES ('NAME_polyglycerol_esters_of_fatty_acids', 'Polyglycerol esters of fatty acids', 'substance', 'food', 0) ON CONFLICT(canonical_id) DO NOTHING;
INSERT INTO ingredient_alias (canonical_id, alias, alias_normalized, alias_type, language_code, confidence, source) VALUES ('NAME_polyglycerol_esters_of_fatty_acids', 'Polyglycerol esters of fatty acids', 'polyglycerol esters of fatty acids', 'synonym', 'en', 1.0, 'FDA CFR 21') ON CONFLICT(alias_normalized, alias_type, COALESCE(language_code, '')) DO NOTHING;
INSERT INTO regulatory_fact (canonical_id, jurisdiction, fact_type, status, regulation_ref, product_category, evidence_id) VALUES ('NAME_polyglycerol_esters_of_fatty_acids', 'US_FDA', 'permitted', 'PERMITTED per 21 CFR §172.854 (Food Additives Permitted for Direct Addition to Food for Human Consumption)', '21 CFR §172.854', 'food', (SELECT id FROM fact_evidence WHERE source_url = 'https://www.ecfr.gov/on/2026-04-16/title-21/part-172' AND snapshot_date = '2026-04-16' LIMIT 1));
INSERT INTO ingredient (canonical_id, primary_name, ingredient_class, category, is_natural) VALUES ('NAME_propylene_glycol_mono_and_diesters_of_fats_and_fatty_acids', 'Propylene glycol mono- and diesters of fats and fatty acids', 'substance', 'food', 0) ON CONFLICT(canonical_id) DO NOTHING;
INSERT INTO ingredient_alias (canonical_id, alias, alias_normalized, alias_type, language_code, confidence, source) VALUES ('NAME_propylene_glycol_mono_and_diesters_of_fats_and_fatty_acids', 'Propylene glycol mono- and diesters of fats and fatty acids', 'propylene glycol mono- and diesters of fats and fatty acids', 'synonym', 'en', 1.0, 'FDA CFR 21') ON CONFLICT(alias_normalized, alias_type, COALESCE(language_code, '')) DO NOTHING;
INSERT INTO regulatory_fact (canonical_id, jurisdiction, fact_type, status, regulation_ref, product_category, evidence_id) VALUES ('NAME_propylene_glycol_mono_and_diesters_of_fats_and_fatty_acids', 'US_FDA', 'permitted', 'PERMITTED per 21 CFR §172.856 (Food Additives Permitted for Direct Addition to Food for Human Consumption)', '21 CFR §172.856', 'food', (SELECT id FROM fact_evidence WHERE source_url = 'https://www.ecfr.gov/on/2026-04-16/title-21/part-172' AND snapshot_date = '2026-04-16' LIMIT 1));
INSERT INTO ingredient (canonical_id, primary_name, ingredient_class, category, is_natural) VALUES ('NAME_propylene_glycol_alginate', 'Propylene glycol alginate', 'substance', 'food', 0) ON CONFLICT(canonical_id) DO NOTHING;
INSERT INTO ingredient_alias (canonical_id, alias, alias_normalized, alias_type, language_code, confidence, source) VALUES ('NAME_propylene_glycol_alginate', 'Propylene glycol alginate', 'propylene glycol alginate', 'synonym', 'en', 1.0, 'FDA CFR 21') ON CONFLICT(alias_normalized, alias_type, COALESCE(language_code, '')) DO NOTHING;
INSERT INTO regulatory_fact (canonical_id, jurisdiction, fact_type, status, regulation_ref, product_category, evidence_id) VALUES ('NAME_propylene_glycol_alginate', 'US_FDA', 'permitted', 'PERMITTED per 21 CFR §172.858 (Food Additives Permitted for Direct Addition to Food for Human Consumption)', '21 CFR §172.858', 'food', (SELECT id FROM fact_evidence WHERE source_url = 'https://www.ecfr.gov/on/2026-04-16/title-21/part-172' AND snapshot_date = '2026-04-16' LIMIT 1));
INSERT INTO ingredient (canonical_id, primary_name, ingredient_class, category, is_natural) VALUES ('NAME_sucrose_fatty_acid_esters', 'Sucrose fatty acid esters', 'substance', 'food', 0) ON CONFLICT(canonical_id) DO NOTHING;
INSERT INTO ingredient_alias (canonical_id, alias, alias_normalized, alias_type, language_code, confidence, source) VALUES ('NAME_sucrose_fatty_acid_esters', 'Sucrose fatty acid esters', 'sucrose fatty acid esters', 'synonym', 'en', 1.0, 'FDA CFR 21') ON CONFLICT(alias_normalized, alias_type, COALESCE(language_code, '')) DO NOTHING;
INSERT INTO regulatory_fact (canonical_id, jurisdiction, fact_type, status, regulation_ref, product_category, evidence_id) VALUES ('NAME_sucrose_fatty_acid_esters', 'US_FDA', 'permitted', 'PERMITTED per 21 CFR §172.859 (Food Additives Permitted for Direct Addition to Food for Human Consumption)', '21 CFR §172.859', 'food', (SELECT id FROM fact_evidence WHERE source_url = 'https://www.ecfr.gov/on/2026-04-16/title-21/part-172' AND snapshot_date = '2026-04-16' LIMIT 1));
INSERT INTO ingredient (canonical_id, primary_name, ingredient_class, category, is_natural) VALUES ('NAME_fatty_acids', 'Fatty acids', 'substance', 'food', 0) ON CONFLICT(canonical_id) DO NOTHING;
INSERT INTO ingredient_alias (canonical_id, alias, alias_normalized, alias_type, language_code, confidence, source) VALUES ('NAME_fatty_acids', 'Fatty acids', 'fatty acids', 'synonym', 'en', 1.0, 'FDA CFR 21') ON CONFLICT(alias_normalized, alias_type, COALESCE(language_code, '')) DO NOTHING;
INSERT INTO regulatory_fact (canonical_id, jurisdiction, fact_type, status, regulation_ref, product_category, evidence_id) VALUES ('NAME_fatty_acids', 'US_FDA', 'permitted', 'PERMITTED per 21 CFR §172.860 (Food Additives Permitted for Direct Addition to Food for Human Consumption)', '21 CFR §172.860', 'food', (SELECT id FROM fact_evidence WHERE source_url = 'https://www.ecfr.gov/on/2026-04-16/title-21/part-172' AND snapshot_date = '2026-04-16' LIMIT 1));
INSERT INTO ingredient (canonical_id, primary_name, ingredient_class, category, is_natural) VALUES ('NAME_cocoa_butter_substitute_from_coconut_oil_palm_kernel_oil_or_both_oils', 'Cocoa butter substitute from coconut oil, palm kernel oil, or both oils', 'substance', 'food', 0) ON CONFLICT(canonical_id) DO NOTHING;
INSERT INTO ingredient_alias (canonical_id, alias, alias_normalized, alias_type, language_code, confidence, source) VALUES ('NAME_cocoa_butter_substitute_from_coconut_oil_palm_kernel_oil_or_both_oils', 'Cocoa butter substitute from coconut oil, palm kernel oil, or both oils', 'cocoa butter substitute from coconut oil, palm kernel oil, or both oils', 'synonym', 'en', 1.0, 'FDA CFR 21') ON CONFLICT(alias_normalized, alias_type, COALESCE(language_code, '')) DO NOTHING;
INSERT INTO regulatory_fact (canonical_id, jurisdiction, fact_type, status, regulation_ref, product_category, evidence_id) VALUES ('NAME_cocoa_butter_substitute_from_coconut_oil_palm_kernel_oil_or_both_oils', 'US_FDA', 'permitted', 'PERMITTED per 21 CFR §172.861 (Food Additives Permitted for Direct Addition to Food for Human Consumption)', '21 CFR §172.861', 'food', (SELECT id FROM fact_evidence WHERE source_url = 'https://www.ecfr.gov/on/2026-04-16/title-21/part-172' AND snapshot_date = '2026-04-16' LIMIT 1));
INSERT INTO ingredient (canonical_id, primary_name, ingredient_class, category, is_natural) VALUES ('NAME_oleic_acid_derived_from_tall_oil_fatty_acids', 'Oleic acid derived from tall oil fatty acids', 'substance', 'food', 0) ON CONFLICT(canonical_id) DO NOTHING;
INSERT INTO ingredient_alias (canonical_id, alias, alias_normalized, alias_type, language_code, confidence, source) VALUES ('NAME_oleic_acid_derived_from_tall_oil_fatty_acids', 'Oleic acid derived from tall oil fatty acids', 'oleic acid derived from tall oil fatty acids', 'synonym', 'en', 1.0, 'FDA CFR 21') ON CONFLICT(alias_normalized, alias_type, COALESCE(language_code, '')) DO NOTHING;
INSERT INTO regulatory_fact (canonical_id, jurisdiction, fact_type, status, regulation_ref, product_category, evidence_id) VALUES ('NAME_oleic_acid_derived_from_tall_oil_fatty_acids', 'US_FDA', 'permitted', 'PERMITTED per 21 CFR §172.862 (Food Additives Permitted for Direct Addition to Food for Human Consumption)', '21 CFR §172.862', 'food', (SELECT id FROM fact_evidence WHERE source_url = 'https://www.ecfr.gov/on/2026-04-16/title-21/part-172' AND snapshot_date = '2026-04-16' LIMIT 1));
INSERT INTO ingredient (canonical_id, primary_name, ingredient_class, category, is_natural) VALUES ('NAME_salts_of_fatty_acids', 'Salts of fatty acids', 'substance', 'food', 0) ON CONFLICT(canonical_id) DO NOTHING;
INSERT INTO ingredient_alias (canonical_id, alias, alias_normalized, alias_type, language_code, confidence, source) VALUES ('NAME_salts_of_fatty_acids', 'Salts of fatty acids', 'salts of fatty acids', 'synonym', 'en', 1.0, 'FDA CFR 21') ON CONFLICT(alias_normalized, alias_type, COALESCE(language_code, '')) DO NOTHING;
INSERT INTO regulatory_fact (canonical_id, jurisdiction, fact_type, status, regulation_ref, product_category, evidence_id) VALUES ('NAME_salts_of_fatty_acids', 'US_FDA', 'permitted', 'PERMITTED per 21 CFR §172.863 (Food Additives Permitted for Direct Addition to Food for Human Consumption)', '21 CFR §172.863', 'food', (SELECT id FROM fact_evidence WHERE source_url = 'https://www.ecfr.gov/on/2026-04-16/title-21/part-172' AND snapshot_date = '2026-04-16' LIMIT 1));
INSERT INTO ingredient (canonical_id, primary_name, ingredient_class, category, is_natural) VALUES ('NAME_synthetic_fatty_alcohols', 'Synthetic fatty alcohols', 'substance', 'food', 0) ON CONFLICT(canonical_id) DO NOTHING;
INSERT INTO ingredient_alias (canonical_id, alias, alias_normalized, alias_type, language_code, confidence, source) VALUES ('NAME_synthetic_fatty_alcohols', 'Synthetic fatty alcohols', 'synthetic fatty alcohols', 'synonym', 'en', 1.0, 'FDA CFR 21') ON CONFLICT(alias_normalized, alias_type, COALESCE(language_code, '')) DO NOTHING;
INSERT INTO regulatory_fact (canonical_id, jurisdiction, fact_type, status, regulation_ref, product_category, evidence_id) VALUES ('NAME_synthetic_fatty_alcohols', 'US_FDA', 'permitted', 'PERMITTED per 21 CFR §172.864 (Food Additives Permitted for Direct Addition to Food for Human Consumption)', '21 CFR §172.864', 'food', (SELECT id FROM fact_evidence WHERE source_url = 'https://www.ecfr.gov/on/2026-04-16/title-21/part-172' AND snapshot_date = '2026-04-16' LIMIT 1));
INSERT INTO ingredient (canonical_id, primary_name, ingredient_class, category, is_natural) VALUES ('NAME_synthetic_glycerin_produced_by_the_hydrogenolysis_of_carbohydrates', 'Synthetic glycerin produced by the hydrogenolysis of carbohydrates', 'substance', 'food', 0) ON CONFLICT(canonical_id) DO NOTHING;
INSERT INTO ingredient_alias (canonical_id, alias, alias_normalized, alias_type, language_code, confidence, source) VALUES ('NAME_synthetic_glycerin_produced_by_the_hydrogenolysis_of_carbohydrates', 'Synthetic glycerin produced by the hydrogenolysis of carbohydrates', 'synthetic glycerin produced by the hydrogenolysis of carbohydrates', 'synonym', 'en', 1.0, 'FDA CFR 21') ON CONFLICT(alias_normalized, alias_type, COALESCE(language_code, '')) DO NOTHING;
INSERT INTO regulatory_fact (canonical_id, jurisdiction, fact_type, status, regulation_ref, product_category, evidence_id) VALUES ('NAME_synthetic_glycerin_produced_by_the_hydrogenolysis_of_carbohydrates', 'US_FDA', 'permitted', 'PERMITTED per 21 CFR §172.866 (Food Additives Permitted for Direct Addition to Food for Human Consumption)', '21 CFR §172.866', 'food', (SELECT id FROM fact_evidence WHERE source_url = 'https://www.ecfr.gov/on/2026-04-16/title-21/part-172' AND snapshot_date = '2026-04-16' LIMIT 1));
INSERT INTO ingredient (canonical_id, primary_name, ingredient_class, category, is_natural) VALUES ('NAME_olestra', 'Olestra', 'substance', 'food', 0) ON CONFLICT(canonical_id) DO NOTHING;
INSERT INTO ingredient_alias (canonical_id, alias, alias_normalized, alias_type, language_code, confidence, source) VALUES ('NAME_olestra', 'Olestra', 'olestra', 'synonym', 'en', 1.0, 'FDA CFR 21') ON CONFLICT(alias_normalized, alias_type, COALESCE(language_code, '')) DO NOTHING;
INSERT INTO regulatory_fact (canonical_id, jurisdiction, fact_type, status, regulation_ref, product_category, evidence_id) VALUES ('NAME_olestra', 'US_FDA', 'permitted', 'PERMITTED per 21 CFR §172.867 (Food Additives Permitted for Direct Addition to Food for Human Consumption)', '21 CFR §172.867', 'food', (SELECT id FROM fact_evidence WHERE source_url = 'https://www.ecfr.gov/on/2026-04-16/title-21/part-172' AND snapshot_date = '2026-04-16' LIMIT 1));
INSERT INTO ingredient (canonical_id, primary_name, ingredient_class, category, is_natural) VALUES ('NAME_ethyl_cellulose', 'Ethyl cellulose', 'substance', 'food', 0) ON CONFLICT(canonical_id) DO NOTHING;
INSERT INTO ingredient_alias (canonical_id, alias, alias_normalized, alias_type, language_code, confidence, source) VALUES ('NAME_ethyl_cellulose', 'Ethyl cellulose', 'ethyl cellulose', 'synonym', 'en', 1.0, 'FDA CFR 21') ON CONFLICT(alias_normalized, alias_type, COALESCE(language_code, '')) DO NOTHING;
INSERT INTO regulatory_fact (canonical_id, jurisdiction, fact_type, status, regulation_ref, product_category, evidence_id) VALUES ('NAME_ethyl_cellulose', 'US_FDA', 'permitted', 'PERMITTED per 21 CFR §172.868 (Food Additives Permitted for Direct Addition to Food for Human Consumption)', '21 CFR §172.868', 'food', (SELECT id FROM fact_evidence WHERE source_url = 'https://www.ecfr.gov/on/2026-04-16/title-21/part-172' AND snapshot_date = '2026-04-16' LIMIT 1));
INSERT INTO ingredient (canonical_id, primary_name, ingredient_class, category, is_natural) VALUES ('NAME_sucrose_oligoesters', 'Sucrose oligoesters', 'substance', 'food', 0) ON CONFLICT(canonical_id) DO NOTHING;
INSERT INTO ingredient_alias (canonical_id, alias, alias_normalized, alias_type, language_code, confidence, source) VALUES ('NAME_sucrose_oligoesters', 'Sucrose oligoesters', 'sucrose oligoesters', 'synonym', 'en', 1.0, 'FDA CFR 21') ON CONFLICT(alias_normalized, alias_type, COALESCE(language_code, '')) DO NOTHING;
INSERT INTO regulatory_fact (canonical_id, jurisdiction, fact_type, status, regulation_ref, product_category, evidence_id) VALUES ('NAME_sucrose_oligoesters', 'US_FDA', 'permitted', 'PERMITTED per 21 CFR §172.869 (Food Additives Permitted for Direct Addition to Food for Human Consumption)', '21 CFR §172.869', 'food', (SELECT id FROM fact_evidence WHERE source_url = 'https://www.ecfr.gov/on/2026-04-16/title-21/part-172' AND snapshot_date = '2026-04-16' LIMIT 1));
INSERT INTO ingredient (canonical_id, primary_name, ingredient_class, category, is_natural) VALUES ('NAME_hydroxypropyl_cellulose', 'Hydroxypropyl cellulose', 'substance', 'food', 0) ON CONFLICT(canonical_id) DO NOTHING;
INSERT INTO ingredient_alias (canonical_id, alias, alias_normalized, alias_type, language_code, confidence, source) VALUES ('NAME_hydroxypropyl_cellulose', 'Hydroxypropyl cellulose', 'hydroxypropyl cellulose', 'synonym', 'en', 1.0, 'FDA CFR 21') ON CONFLICT(alias_normalized, alias_type, COALESCE(language_code, '')) DO NOTHING;
INSERT INTO regulatory_fact (canonical_id, jurisdiction, fact_type, status, regulation_ref, product_category, evidence_id) VALUES ('NAME_hydroxypropyl_cellulose', 'US_FDA', 'permitted', 'PERMITTED per 21 CFR §172.870 (Food Additives Permitted for Direct Addition to Food for Human Consumption)', '21 CFR §172.870', 'food', (SELECT id FROM fact_evidence WHERE source_url = 'https://www.ecfr.gov/on/2026-04-16/title-21/part-172' AND snapshot_date = '2026-04-16' LIMIT 1));
INSERT INTO ingredient (canonical_id, primary_name, ingredient_class, category, is_natural) VALUES ('NAME_methyl_ethyl_cellulose', 'Methyl ethyl cellulose', 'substance', 'food', 0) ON CONFLICT(canonical_id) DO NOTHING;
INSERT INTO ingredient_alias (canonical_id, alias, alias_normalized, alias_type, language_code, confidence, source) VALUES ('NAME_methyl_ethyl_cellulose', 'Methyl ethyl cellulose', 'methyl ethyl cellulose', 'synonym', 'en', 1.0, 'FDA CFR 21') ON CONFLICT(alias_normalized, alias_type, COALESCE(language_code, '')) DO NOTHING;
INSERT INTO regulatory_fact (canonical_id, jurisdiction, fact_type, status, regulation_ref, product_category, evidence_id) VALUES ('NAME_methyl_ethyl_cellulose', 'US_FDA', 'permitted', 'PERMITTED per 21 CFR §172.872 (Food Additives Permitted for Direct Addition to Food for Human Consumption)', '21 CFR §172.872', 'food', (SELECT id FROM fact_evidence WHERE source_url = 'https://www.ecfr.gov/on/2026-04-16/title-21/part-172' AND snapshot_date = '2026-04-16' LIMIT 1));
INSERT INTO ingredient (canonical_id, primary_name, ingredient_class, category, is_natural) VALUES ('NAME_hydroxypropyl_methylcellulose', 'Hydroxypropyl methylcellulose', 'substance', 'food', 0) ON CONFLICT(canonical_id) DO NOTHING;
INSERT INTO ingredient_alias (canonical_id, alias, alias_normalized, alias_type, language_code, confidence, source) VALUES ('NAME_hydroxypropyl_methylcellulose', 'Hydroxypropyl methylcellulose', 'hydroxypropyl methylcellulose', 'synonym', 'en', 1.0, 'FDA CFR 21') ON CONFLICT(alias_normalized, alias_type, COALESCE(language_code, '')) DO NOTHING;
INSERT INTO regulatory_fact (canonical_id, jurisdiction, fact_type, status, regulation_ref, product_category, evidence_id) VALUES ('NAME_hydroxypropyl_methylcellulose', 'US_FDA', 'permitted', 'PERMITTED per 21 CFR §172.874 (Food Additives Permitted for Direct Addition to Food for Human Consumption)', '21 CFR §172.874', 'food', (SELECT id FROM fact_evidence WHERE source_url = 'https://www.ecfr.gov/on/2026-04-16/title-21/part-172' AND snapshot_date = '2026-04-16' LIMIT 1));
INSERT INTO ingredient (canonical_id, primary_name, ingredient_class, category, is_natural) VALUES ('NAME_castor_oil', 'Castor oil', 'substance', 'food', 0) ON CONFLICT(canonical_id) DO NOTHING;
INSERT INTO ingredient_alias (canonical_id, alias, alias_normalized, alias_type, language_code, confidence, source) VALUES ('NAME_castor_oil', 'Castor oil', 'castor oil', 'synonym', 'en', 1.0, 'FDA CFR 21') ON CONFLICT(alias_normalized, alias_type, COALESCE(language_code, '')) DO NOTHING;
INSERT INTO regulatory_fact (canonical_id, jurisdiction, fact_type, status, regulation_ref, product_category, evidence_id) VALUES ('NAME_castor_oil', 'US_FDA', 'permitted', 'PERMITTED per 21 CFR §172.876 (Food Additives Permitted for Direct Addition to Food for Human Consumption)', '21 CFR §172.876', 'food', (SELECT id FROM fact_evidence WHERE source_url = 'https://www.ecfr.gov/on/2026-04-16/title-21/part-172' AND snapshot_date = '2026-04-16' LIMIT 1));
INSERT INTO ingredient (canonical_id, primary_name, ingredient_class, category, is_natural) VALUES ('NAME_white_mineral_oil', 'White mineral oil', 'substance', 'food', 0) ON CONFLICT(canonical_id) DO NOTHING;
INSERT INTO ingredient_alias (canonical_id, alias, alias_normalized, alias_type, language_code, confidence, source) VALUES ('NAME_white_mineral_oil', 'White mineral oil', 'white mineral oil', 'synonym', 'en', 1.0, 'FDA CFR 21') ON CONFLICT(alias_normalized, alias_type, COALESCE(language_code, '')) DO NOTHING;
INSERT INTO regulatory_fact (canonical_id, jurisdiction, fact_type, status, regulation_ref, product_category, evidence_id) VALUES ('NAME_white_mineral_oil', 'US_FDA', 'permitted', 'PERMITTED per 21 CFR §172.878 (Food Additives Permitted for Direct Addition to Food for Human Consumption)', '21 CFR §172.878', 'food', (SELECT id FROM fact_evidence WHERE source_url = 'https://www.ecfr.gov/on/2026-04-16/title-21/part-172' AND snapshot_date = '2026-04-16' LIMIT 1));
INSERT INTO ingredient (canonical_id, primary_name, ingredient_class, category, is_natural) VALUES ('NAME_petrolatum', 'Petrolatum', 'substance', 'food', 0) ON CONFLICT(canonical_id) DO NOTHING;
INSERT INTO ingredient_alias (canonical_id, alias, alias_normalized, alias_type, language_code, confidence, source) VALUES ('NAME_petrolatum', 'Petrolatum', 'petrolatum', 'synonym', 'en', 1.0, 'FDA CFR 21') ON CONFLICT(alias_normalized, alias_type, COALESCE(language_code, '')) DO NOTHING;
INSERT INTO regulatory_fact (canonical_id, jurisdiction, fact_type, status, regulation_ref, product_category, evidence_id) VALUES ('NAME_petrolatum', 'US_FDA', 'permitted', 'PERMITTED per 21 CFR §172.880 (Food Additives Permitted for Direct Addition to Food for Human Consumption)', '21 CFR §172.880', 'food', (SELECT id FROM fact_evidence WHERE source_url = 'https://www.ecfr.gov/on/2026-04-16/title-21/part-172' AND snapshot_date = '2026-04-16' LIMIT 1));
INSERT INTO ingredient (canonical_id, primary_name, ingredient_class, category, is_natural) VALUES ('NAME_synthetic_isoparaffinic_petroleum_hydrocarbons', 'Synthetic isoparaffinic petroleum hydrocarbons', 'substance', 'food', 0) ON CONFLICT(canonical_id) DO NOTHING;
INSERT INTO ingredient_alias (canonical_id, alias, alias_normalized, alias_type, language_code, confidence, source) VALUES ('NAME_synthetic_isoparaffinic_petroleum_hydrocarbons', 'Synthetic isoparaffinic petroleum hydrocarbons', 'synthetic isoparaffinic petroleum hydrocarbons', 'synonym', 'en', 1.0, 'FDA CFR 21') ON CONFLICT(alias_normalized, alias_type, COALESCE(language_code, '')) DO NOTHING;
INSERT INTO regulatory_fact (canonical_id, jurisdiction, fact_type, status, regulation_ref, product_category, evidence_id) VALUES ('NAME_synthetic_isoparaffinic_petroleum_hydrocarbons', 'US_FDA', 'permitted', 'PERMITTED per 21 CFR §172.882 (Food Additives Permitted for Direct Addition to Food for Human Consumption)', '21 CFR §172.882', 'food', (SELECT id FROM fact_evidence WHERE source_url = 'https://www.ecfr.gov/on/2026-04-16/title-21/part-172' AND snapshot_date = '2026-04-16' LIMIT 1));
INSERT INTO ingredient (canonical_id, primary_name, ingredient_class, category, is_natural) VALUES ('NAME_odorless_light_petroleum_hydrocarbons', 'Odorless light petroleum hydrocarbons', 'substance', 'food', 0) ON CONFLICT(canonical_id) DO NOTHING;
INSERT INTO ingredient_alias (canonical_id, alias, alias_normalized, alias_type, language_code, confidence, source) VALUES ('NAME_odorless_light_petroleum_hydrocarbons', 'Odorless light petroleum hydrocarbons', 'odorless light petroleum hydrocarbons', 'synonym', 'en', 1.0, 'FDA CFR 21') ON CONFLICT(alias_normalized, alias_type, COALESCE(language_code, '')) DO NOTHING;
INSERT INTO regulatory_fact (canonical_id, jurisdiction, fact_type, status, regulation_ref, product_category, evidence_id) VALUES ('NAME_odorless_light_petroleum_hydrocarbons', 'US_FDA', 'permitted', 'PERMITTED per 21 CFR §172.884 (Food Additives Permitted for Direct Addition to Food for Human Consumption)', '21 CFR §172.884', 'food', (SELECT id FROM fact_evidence WHERE source_url = 'https://www.ecfr.gov/on/2026-04-16/title-21/part-172' AND snapshot_date = '2026-04-16' LIMIT 1));
INSERT INTO ingredient (canonical_id, primary_name, ingredient_class, category, is_natural) VALUES ('NAME_petroleum_wax', 'Petroleum wax', 'substance', 'food', 0) ON CONFLICT(canonical_id) DO NOTHING;
INSERT INTO ingredient_alias (canonical_id, alias, alias_normalized, alias_type, language_code, confidence, source) VALUES ('NAME_petroleum_wax', 'Petroleum wax', 'petroleum wax', 'synonym', 'en', 1.0, 'FDA CFR 21') ON CONFLICT(alias_normalized, alias_type, COALESCE(language_code, '')) DO NOTHING;
INSERT INTO regulatory_fact (canonical_id, jurisdiction, fact_type, status, regulation_ref, product_category, evidence_id) VALUES ('NAME_petroleum_wax', 'US_FDA', 'permitted', 'PERMITTED per 21 CFR §172.886 (Food Additives Permitted for Direct Addition to Food for Human Consumption)', '21 CFR §172.886', 'food', (SELECT id FROM fact_evidence WHERE source_url = 'https://www.ecfr.gov/on/2026-04-16/title-21/part-172' AND snapshot_date = '2026-04-16' LIMIT 1));
INSERT INTO ingredient (canonical_id, primary_name, ingredient_class, category, is_natural) VALUES ('NAME_synthetic_petroleum_wax', 'Synthetic petroleum wax', 'substance', 'food', 0) ON CONFLICT(canonical_id) DO NOTHING;
INSERT INTO ingredient_alias (canonical_id, alias, alias_normalized, alias_type, language_code, confidence, source) VALUES ('NAME_synthetic_petroleum_wax', 'Synthetic petroleum wax', 'synthetic petroleum wax', 'synonym', 'en', 1.0, 'FDA CFR 21') ON CONFLICT(alias_normalized, alias_type, COALESCE(language_code, '')) DO NOTHING;
INSERT INTO regulatory_fact (canonical_id, jurisdiction, fact_type, status, regulation_ref, product_category, evidence_id) VALUES ('NAME_synthetic_petroleum_wax', 'US_FDA', 'permitted', 'PERMITTED per 21 CFR §172.888 (Food Additives Permitted for Direct Addition to Food for Human Consumption)', '21 CFR §172.888', 'food', (SELECT id FROM fact_evidence WHERE source_url = 'https://www.ecfr.gov/on/2026-04-16/title-21/part-172' AND snapshot_date = '2026-04-16' LIMIT 1));
INSERT INTO ingredient (canonical_id, primary_name, ingredient_class, category, is_natural) VALUES ('NAME_rice_bran_wax', 'Rice bran wax', 'substance', 'food', 0) ON CONFLICT(canonical_id) DO NOTHING;
INSERT INTO ingredient_alias (canonical_id, alias, alias_normalized, alias_type, language_code, confidence, source) VALUES ('NAME_rice_bran_wax', 'Rice bran wax', 'rice bran wax', 'synonym', 'en', 1.0, 'FDA CFR 21') ON CONFLICT(alias_normalized, alias_type, COALESCE(language_code, '')) DO NOTHING;
INSERT INTO regulatory_fact (canonical_id, jurisdiction, fact_type, status, regulation_ref, product_category, evidence_id) VALUES ('NAME_rice_bran_wax', 'US_FDA', 'permitted', 'PERMITTED per 21 CFR §172.890 (Food Additives Permitted for Direct Addition to Food for Human Consumption)', '21 CFR §172.890', 'food', (SELECT id FROM fact_evidence WHERE source_url = 'https://www.ecfr.gov/on/2026-04-16/title-21/part-172' AND snapshot_date = '2026-04-16' LIMIT 1));
INSERT INTO ingredient (canonical_id, primary_name, ingredient_class, category, is_natural) VALUES ('NAME_food_starch_modified', 'Food starch-modified', 'substance', 'food', 0) ON CONFLICT(canonical_id) DO NOTHING;
INSERT INTO ingredient_alias (canonical_id, alias, alias_normalized, alias_type, language_code, confidence, source) VALUES ('NAME_food_starch_modified', 'Food starch-modified', 'food starch-modified', 'synonym', 'en', 1.0, 'FDA CFR 21') ON CONFLICT(alias_normalized, alias_type, COALESCE(language_code, '')) DO NOTHING;
INSERT INTO regulatory_fact (canonical_id, jurisdiction, fact_type, status, regulation_ref, product_category, evidence_id) VALUES ('NAME_food_starch_modified', 'US_FDA', 'permitted', 'PERMITTED per 21 CFR §172.892 (Food Additives Permitted for Direct Addition to Food for Human Consumption)', '21 CFR §172.892', 'food', (SELECT id FROM fact_evidence WHERE source_url = 'https://www.ecfr.gov/on/2026-04-16/title-21/part-172' AND snapshot_date = '2026-04-16' LIMIT 1));
INSERT INTO ingredient (canonical_id, primary_name, ingredient_class, category, is_natural) VALUES ('NAME_modified_cottonseed_products_intended_for_human_consumption', 'Modified cottonseed products intended for human consumption', 'substance', 'food', 0) ON CONFLICT(canonical_id) DO NOTHING;
INSERT INTO ingredient_alias (canonical_id, alias, alias_normalized, alias_type, language_code, confidence, source) VALUES ('NAME_modified_cottonseed_products_intended_for_human_consumption', 'Modified cottonseed products intended for human consumption', 'modified cottonseed products intended for human consumption', 'synonym', 'en', 1.0, 'FDA CFR 21') ON CONFLICT(alias_normalized, alias_type, COALESCE(language_code, '')) DO NOTHING;
INSERT INTO regulatory_fact (canonical_id, jurisdiction, fact_type, status, regulation_ref, product_category, evidence_id) VALUES ('NAME_modified_cottonseed_products_intended_for_human_consumption', 'US_FDA', 'permitted', 'PERMITTED per 21 CFR §172.894 (Food Additives Permitted for Direct Addition to Food for Human Consumption)', '21 CFR §172.894', 'food', (SELECT id FROM fact_evidence WHERE source_url = 'https://www.ecfr.gov/on/2026-04-16/title-21/part-172' AND snapshot_date = '2026-04-16' LIMIT 1));
INSERT INTO ingredient (canonical_id, primary_name, ingredient_class, category, is_natural) VALUES ('NAME_dried_yeasts', 'Dried yeasts', 'substance', 'food', 0) ON CONFLICT(canonical_id) DO NOTHING;
INSERT INTO ingredient_alias (canonical_id, alias, alias_normalized, alias_type, language_code, confidence, source) VALUES ('NAME_dried_yeasts', 'Dried yeasts', 'dried yeasts', 'synonym', 'en', 1.0, 'FDA CFR 21') ON CONFLICT(alias_normalized, alias_type, COALESCE(language_code, '')) DO NOTHING;
INSERT INTO regulatory_fact (canonical_id, jurisdiction, fact_type, status, regulation_ref, product_category, evidence_id) VALUES ('NAME_dried_yeasts', 'US_FDA', 'permitted', 'PERMITTED per 21 CFR §172.896 (Food Additives Permitted for Direct Addition to Food for Human Consumption)', '21 CFR §172.896', 'food', (SELECT id FROM fact_evidence WHERE source_url = 'https://www.ecfr.gov/on/2026-04-16/title-21/part-172' AND snapshot_date = '2026-04-16' LIMIT 1));
INSERT INTO ingredient (canonical_id, primary_name, ingredient_class, category, is_natural) VALUES ('NAME_bakers_yeast_glycan', 'Bakers yeast glycan', 'substance', 'food', 0) ON CONFLICT(canonical_id) DO NOTHING;
INSERT INTO ingredient_alias (canonical_id, alias, alias_normalized, alias_type, language_code, confidence, source) VALUES ('NAME_bakers_yeast_glycan', 'Bakers yeast glycan', 'bakers yeast glycan', 'synonym', 'en', 1.0, 'FDA CFR 21') ON CONFLICT(alias_normalized, alias_type, COALESCE(language_code, '')) DO NOTHING;
INSERT INTO regulatory_fact (canonical_id, jurisdiction, fact_type, status, regulation_ref, product_category, evidence_id) VALUES ('NAME_bakers_yeast_glycan', 'US_FDA', 'permitted', 'PERMITTED per 21 CFR §172.898 (Food Additives Permitted for Direct Addition to Food for Human Consumption)', '21 CFR §172.898', 'food', (SELECT id FROM fact_evidence WHERE source_url = 'https://www.ecfr.gov/on/2026-04-16/title-21/part-172' AND snapshot_date = '2026-04-16' LIMIT 1));
INSERT INTO ingredient (canonical_id, primary_name, ingredient_class, category, is_natural) VALUES ('NAME_modified_polyacrylamide_resin', 'Modified polyacrylamide resin', 'substance', 'food', 0) ON CONFLICT(canonical_id) DO NOTHING;
INSERT INTO ingredient_alias (canonical_id, alias, alias_normalized, alias_type, language_code, confidence, source) VALUES ('NAME_modified_polyacrylamide_resin', 'Modified polyacrylamide resin', 'modified polyacrylamide resin', 'synonym', 'en', 1.0, 'FDA CFR 21') ON CONFLICT(alias_normalized, alias_type, COALESCE(language_code, '')) DO NOTHING;
INSERT INTO regulatory_fact (canonical_id, jurisdiction, fact_type, status, regulation_ref, product_category, evidence_id) VALUES ('NAME_modified_polyacrylamide_resin', 'US_FDA', 'permitted', 'PERMITTED per 21 CFR §173.10 (Secondary Direct Food Additives Permitted in Food for Human Consumption)', '21 CFR §173.10', 'food', (SELECT id FROM fact_evidence WHERE source_url = 'https://www.ecfr.gov/on/2026-04-16/title-21/part-173' AND snapshot_date = '2026-04-16' LIMIT 1));
INSERT INTO ingredient (canonical_id, primary_name, ingredient_class, category, is_natural) VALUES ('NAME_ion_exchange_membranes', 'Ion-exchange membranes', 'substance', 'food', 0) ON CONFLICT(canonical_id) DO NOTHING;
INSERT INTO ingredient_alias (canonical_id, alias, alias_normalized, alias_type, language_code, confidence, source) VALUES ('NAME_ion_exchange_membranes', 'Ion-exchange membranes', 'ion-exchange membranes', 'synonym', 'en', 1.0, 'FDA CFR 21') ON CONFLICT(alias_normalized, alias_type, COALESCE(language_code, '')) DO NOTHING;
INSERT INTO regulatory_fact (canonical_id, jurisdiction, fact_type, status, regulation_ref, product_category, evidence_id) VALUES ('NAME_ion_exchange_membranes', 'US_FDA', 'permitted', 'PERMITTED per 21 CFR §173.20 (Secondary Direct Food Additives Permitted in Food for Human Consumption)', '21 CFR §173.20', 'food', (SELECT id FROM fact_evidence WHERE source_url = 'https://www.ecfr.gov/on/2026-04-16/title-21/part-173' AND snapshot_date = '2026-04-16' LIMIT 1));
INSERT INTO ingredient (canonical_id, primary_name, ingredient_class, category, is_natural) VALUES ('NAME_perfluorinated_ion_exchange_membranes', 'Perfluorinated ion exchange membranes', 'substance', 'food', 0) ON CONFLICT(canonical_id) DO NOTHING;
INSERT INTO ingredient_alias (canonical_id, alias, alias_normalized, alias_type, language_code, confidence, source) VALUES ('NAME_perfluorinated_ion_exchange_membranes', 'Perfluorinated ion exchange membranes', 'perfluorinated ion exchange membranes', 'synonym', 'en', 1.0, 'FDA CFR 21') ON CONFLICT(alias_normalized, alias_type, COALESCE(language_code, '')) DO NOTHING;
INSERT INTO regulatory_fact (canonical_id, jurisdiction, fact_type, status, regulation_ref, product_category, evidence_id) VALUES ('NAME_perfluorinated_ion_exchange_membranes', 'US_FDA', 'permitted', 'PERMITTED per 21 CFR §173.21 (Secondary Direct Food Additives Permitted in Food for Human Consumption)', '21 CFR §173.21', 'food', (SELECT id FROM fact_evidence WHERE source_url = 'https://www.ecfr.gov/on/2026-04-16/title-21/part-173' AND snapshot_date = '2026-04-16' LIMIT 1));
INSERT INTO ingredient (canonical_id, primary_name, ingredient_class, category, is_natural) VALUES ('NAME_ion_exchange_resins', 'Ion-exchange resins', 'substance', 'food', 0) ON CONFLICT(canonical_id) DO NOTHING;
INSERT INTO ingredient_alias (canonical_id, alias, alias_normalized, alias_type, language_code, confidence, source) VALUES ('NAME_ion_exchange_resins', 'Ion-exchange resins', 'ion-exchange resins', 'synonym', 'en', 1.0, 'FDA CFR 21') ON CONFLICT(alias_normalized, alias_type, COALESCE(language_code, '')) DO NOTHING;
INSERT INTO regulatory_fact (canonical_id, jurisdiction, fact_type, status, regulation_ref, product_category, evidence_id) VALUES ('NAME_ion_exchange_resins', 'US_FDA', 'permitted', 'PERMITTED per 21 CFR §173.25 (Secondary Direct Food Additives Permitted in Food for Human Consumption)', '21 CFR §173.25', 'food', (SELECT id FROM fact_evidence WHERE source_url = 'https://www.ecfr.gov/on/2026-04-16/title-21/part-173' AND snapshot_date = '2026-04-16' LIMIT 1));
INSERT INTO ingredient (canonical_id, primary_name, ingredient_class, category, is_natural) VALUES ('NAME_molecular_sieve_resins', 'Molecular sieve resins', 'substance', 'food', 0) ON CONFLICT(canonical_id) DO NOTHING;
INSERT INTO ingredient_alias (canonical_id, alias, alias_normalized, alias_type, language_code, confidence, source) VALUES ('NAME_molecular_sieve_resins', 'Molecular sieve resins', 'molecular sieve resins', 'synonym', 'en', 1.0, 'FDA CFR 21') ON CONFLICT(alias_normalized, alias_type, COALESCE(language_code, '')) DO NOTHING;
INSERT INTO regulatory_fact (canonical_id, jurisdiction, fact_type, status, regulation_ref, product_category, evidence_id) VALUES ('NAME_molecular_sieve_resins', 'US_FDA', 'permitted', 'PERMITTED per 21 CFR §173.40 (Secondary Direct Food Additives Permitted in Food for Human Consumption)', '21 CFR §173.40', 'food', (SELECT id FROM fact_evidence WHERE source_url = 'https://www.ecfr.gov/on/2026-04-16/title-21/part-173' AND snapshot_date = '2026-04-16' LIMIT 1));
INSERT INTO ingredient (canonical_id, primary_name, ingredient_class, category, is_natural) VALUES ('NAME_polymaleic_acid_and_its_sodium_salt', 'Polymaleic acid and its sodium salt', 'substance', 'food', 0) ON CONFLICT(canonical_id) DO NOTHING;
INSERT INTO ingredient_alias (canonical_id, alias, alias_normalized, alias_type, language_code, confidence, source) VALUES ('NAME_polymaleic_acid_and_its_sodium_salt', 'Polymaleic acid and its sodium salt', 'polymaleic acid and its sodium salt', 'synonym', 'en', 1.0, 'FDA CFR 21') ON CONFLICT(alias_normalized, alias_type, COALESCE(language_code, '')) DO NOTHING;
INSERT INTO regulatory_fact (canonical_id, jurisdiction, fact_type, status, regulation_ref, product_category, evidence_id) VALUES ('NAME_polymaleic_acid_and_its_sodium_salt', 'US_FDA', 'permitted', 'PERMITTED per 21 CFR §173.45 (Secondary Direct Food Additives Permitted in Food for Human Consumption)', '21 CFR §173.45', 'food', (SELECT id FROM fact_evidence WHERE source_url = 'https://www.ecfr.gov/on/2026-04-16/title-21/part-173' AND snapshot_date = '2026-04-16' LIMIT 1));
INSERT INTO ingredient (canonical_id, primary_name, ingredient_class, category, is_natural) VALUES ('NAME_polyvinylpolypyrrolidone', 'Polyvinylpolypyrrolidone', 'substance', 'food', 0) ON CONFLICT(canonical_id) DO NOTHING;
INSERT INTO ingredient_alias (canonical_id, alias, alias_normalized, alias_type, language_code, confidence, source) VALUES ('NAME_polyvinylpolypyrrolidone', 'Polyvinylpolypyrrolidone', 'polyvinylpolypyrrolidone', 'synonym', 'en', 1.0, 'FDA CFR 21') ON CONFLICT(alias_normalized, alias_type, COALESCE(language_code, '')) DO NOTHING;
INSERT INTO regulatory_fact (canonical_id, jurisdiction, fact_type, status, regulation_ref, product_category, evidence_id) VALUES ('NAME_polyvinylpolypyrrolidone', 'US_FDA', 'permitted', 'PERMITTED per 21 CFR §173.50 (Secondary Direct Food Additives Permitted in Food for Human Consumption)', '21 CFR §173.50', 'food', (SELECT id FROM fact_evidence WHERE source_url = 'https://www.ecfr.gov/on/2026-04-16/title-21/part-173' AND snapshot_date = '2026-04-16' LIMIT 1));
INSERT INTO ingredient (canonical_id, primary_name, ingredient_class, category, is_natural) VALUES ('NAME_polyvinylpyrrolidone', 'Polyvinylpyrrolidone', 'substance', 'food', 0) ON CONFLICT(canonical_id) DO NOTHING;
INSERT INTO ingredient_alias (canonical_id, alias, alias_normalized, alias_type, language_code, confidence, source) VALUES ('NAME_polyvinylpyrrolidone', 'Polyvinylpyrrolidone', 'polyvinylpyrrolidone', 'synonym', 'en', 1.0, 'FDA CFR 21') ON CONFLICT(alias_normalized, alias_type, COALESCE(language_code, '')) DO NOTHING;
INSERT INTO regulatory_fact (canonical_id, jurisdiction, fact_type, status, regulation_ref, product_category, evidence_id) VALUES ('NAME_polyvinylpyrrolidone', 'US_FDA', 'permitted', 'PERMITTED per 21 CFR §173.55 (Secondary Direct Food Additives Permitted in Food for Human Consumption)', '21 CFR §173.55', 'food', (SELECT id FROM fact_evidence WHERE source_url = 'https://www.ecfr.gov/on/2026-04-16/title-21/part-173' AND snapshot_date = '2026-04-16' LIMIT 1));
INSERT INTO ingredient (canonical_id, primary_name, ingredient_class, category, is_natural) VALUES ('NAME_dimethylamine_epichlorohydrin_copolymer', 'Dimethylamine-epichlorohydrin copolymer', 'substance', 'food', 0) ON CONFLICT(canonical_id) DO NOTHING;
INSERT INTO ingredient_alias (canonical_id, alias, alias_normalized, alias_type, language_code, confidence, source) VALUES ('NAME_dimethylamine_epichlorohydrin_copolymer', 'Dimethylamine-epichlorohydrin copolymer', 'dimethylamine-epichlorohydrin copolymer', 'synonym', 'en', 1.0, 'FDA CFR 21') ON CONFLICT(alias_normalized, alias_type, COALESCE(language_code, '')) DO NOTHING;
INSERT INTO regulatory_fact (canonical_id, jurisdiction, fact_type, status, regulation_ref, product_category, evidence_id) VALUES ('NAME_dimethylamine_epichlorohydrin_copolymer', 'US_FDA', 'permitted', 'PERMITTED per 21 CFR §173.60 (Secondary Direct Food Additives Permitted in Food for Human Consumption)', '21 CFR §173.60', 'food', (SELECT id FROM fact_evidence WHERE source_url = 'https://www.ecfr.gov/on/2026-04-16/title-21/part-173' AND snapshot_date = '2026-04-16' LIMIT 1));
INSERT INTO ingredient (canonical_id, primary_name, ingredient_class, category, is_natural) VALUES ('NAME_divinylbenzene_copolymer', 'Divinylbenzene copolymer', 'substance', 'food', 0) ON CONFLICT(canonical_id) DO NOTHING;
INSERT INTO ingredient_alias (canonical_id, alias, alias_normalized, alias_type, language_code, confidence, source) VALUES ('NAME_divinylbenzene_copolymer', 'Divinylbenzene copolymer', 'divinylbenzene copolymer', 'synonym', 'en', 1.0, 'FDA CFR 21') ON CONFLICT(alias_normalized, alias_type, COALESCE(language_code, '')) DO NOTHING;
INSERT INTO regulatory_fact (canonical_id, jurisdiction, fact_type, status, regulation_ref, product_category, evidence_id) VALUES ('NAME_divinylbenzene_copolymer', 'US_FDA', 'permitted', 'PERMITTED per 21 CFR §173.65 (Secondary Direct Food Additives Permitted in Food for Human Consumption)', '21 CFR §173.65', 'food', (SELECT id FROM fact_evidence WHERE source_url = 'https://www.ecfr.gov/on/2026-04-16/title-21/part-173' AND snapshot_date = '2026-04-16' LIMIT 1));
INSERT INTO ingredient (canonical_id, primary_name, ingredient_class, category, is_natural) VALUES ('NAME_chloromethylated_aminated_styrene_divinylbenzene_resin', 'Chloromethylated aminated styrene-divinylbenzene resin', 'substance', 'food', 0) ON CONFLICT(canonical_id) DO NOTHING;
INSERT INTO ingredient_alias (canonical_id, alias, alias_normalized, alias_type, language_code, confidence, source) VALUES ('NAME_chloromethylated_aminated_styrene_divinylbenzene_resin', 'Chloromethylated aminated styrene-divinylbenzene resin', 'chloromethylated aminated styrene-divinylbenzene resin', 'synonym', 'en', 1.0, 'FDA CFR 21') ON CONFLICT(alias_normalized, alias_type, COALESCE(language_code, '')) DO NOTHING;
INSERT INTO regulatory_fact (canonical_id, jurisdiction, fact_type, status, regulation_ref, product_category, evidence_id) VALUES ('NAME_chloromethylated_aminated_styrene_divinylbenzene_resin', 'US_FDA', 'permitted', 'PERMITTED per 21 CFR §173.70 (Secondary Direct Food Additives Permitted in Food for Human Consumption)', '21 CFR §173.70', 'food', (SELECT id FROM fact_evidence WHERE source_url = 'https://www.ecfr.gov/on/2026-04-16/title-21/part-173' AND snapshot_date = '2026-04-16' LIMIT 1));
INSERT INTO ingredient (canonical_id, primary_name, ingredient_class, category, is_natural) VALUES ('NAME_sodium_polyacrylate', 'Sodium polyacrylate', 'substance', 'food', 0) ON CONFLICT(canonical_id) DO NOTHING;
INSERT INTO ingredient_alias (canonical_id, alias, alias_normalized, alias_type, language_code, confidence, source) VALUES ('NAME_sodium_polyacrylate', 'Sodium polyacrylate', 'sodium polyacrylate', 'synonym', 'en', 1.0, 'FDA CFR 21') ON CONFLICT(alias_normalized, alias_type, COALESCE(language_code, '')) DO NOTHING;
INSERT INTO regulatory_fact (canonical_id, jurisdiction, fact_type, status, regulation_ref, product_category, evidence_id) VALUES ('NAME_sodium_polyacrylate', 'US_FDA', 'permitted', 'PERMITTED per 21 CFR §173.73 (Secondary Direct Food Additives Permitted in Food for Human Consumption)', '21 CFR §173.73', 'food', (SELECT id FROM fact_evidence WHERE source_url = 'https://www.ecfr.gov/on/2026-04-16/title-21/part-173' AND snapshot_date = '2026-04-16' LIMIT 1));
INSERT INTO ingredient (canonical_id, primary_name, ingredient_class, category, is_natural) VALUES ('NAME_sorbitan_monooleate', 'Sorbitan monooleate', 'substance', 'food', 0) ON CONFLICT(canonical_id) DO NOTHING;
INSERT INTO ingredient_alias (canonical_id, alias, alias_normalized, alias_type, language_code, confidence, source) VALUES ('NAME_sorbitan_monooleate', 'Sorbitan monooleate', 'sorbitan monooleate', 'synonym', 'en', 1.0, 'FDA CFR 21') ON CONFLICT(alias_normalized, alias_type, COALESCE(language_code, '')) DO NOTHING;
INSERT INTO regulatory_fact (canonical_id, jurisdiction, fact_type, status, regulation_ref, product_category, evidence_id) VALUES ('NAME_sorbitan_monooleate', 'US_FDA', 'permitted', 'PERMITTED per 21 CFR §173.75 (Secondary Direct Food Additives Permitted in Food for Human Consumption)', '21 CFR §173.75', 'food', (SELECT id FROM fact_evidence WHERE source_url = 'https://www.ecfr.gov/on/2026-04-16/title-21/part-173' AND snapshot_date = '2026-04-16' LIMIT 1));
INSERT INTO ingredient (canonical_id, primary_name, ingredient_class, category, is_natural) VALUES ('NAME_amyloglucosidase_derived_from', 'Amyloglucosidase derived from', 'substance', 'food', 0) ON CONFLICT(canonical_id) DO NOTHING;
INSERT INTO ingredient_alias (canonical_id, alias, alias_normalized, alias_type, language_code, confidence, source) VALUES ('NAME_amyloglucosidase_derived_from', 'Amyloglucosidase derived from', 'amyloglucosidase derived from', 'synonym', 'en', 1.0, 'FDA CFR 21') ON CONFLICT(alias_normalized, alias_type, COALESCE(language_code, '')) DO NOTHING;
INSERT INTO regulatory_fact (canonical_id, jurisdiction, fact_type, status, regulation_ref, product_category, evidence_id) VALUES ('NAME_amyloglucosidase_derived_from', 'US_FDA', 'permitted', 'PERMITTED per 21 CFR §173.110 (Secondary Direct Food Additives Permitted in Food for Human Consumption)', '21 CFR §173.110', 'food', (SELECT id FROM fact_evidence WHERE source_url = 'https://www.ecfr.gov/on/2026-04-16/title-21/part-173' AND snapshot_date = '2026-04-16' LIMIT 1));
INSERT INTO ingredient (canonical_id, primary_name, ingredient_class, category, is_natural) VALUES ('NAME_alpha_acetolactate_decarboxylase_α_aldc_enzyme_preparation_derived_from_a_recomb', 'Alpha-acetolactate decarboxylase (α-ALDC) enzyme preparation derived from a recombinant Bacillus subtilis', 'substance', 'food', 0) ON CONFLICT(canonical_id) DO NOTHING;
INSERT INTO ingredient_alias (canonical_id, alias, alias_normalized, alias_type, language_code, confidence, source) VALUES ('NAME_alpha_acetolactate_decarboxylase_α_aldc_enzyme_preparation_derived_from_a_recomb', 'Alpha-acetolactate decarboxylase (α-ALDC) enzyme preparation derived from a recombinant Bacillus subtilis', 'alpha-acetolactate decarboxylase (α-aldc) enzyme preparation derived from a recombinant bacillus subtilis', 'synonym', 'en', 1.0, 'FDA CFR 21') ON CONFLICT(alias_normalized, alias_type, COALESCE(language_code, '')) DO NOTHING;
INSERT INTO regulatory_fact (canonical_id, jurisdiction, fact_type, status, regulation_ref, product_category, evidence_id) VALUES ('NAME_alpha_acetolactate_decarboxylase_α_aldc_enzyme_preparation_derived_from_a_recomb', 'US_FDA', 'permitted', 'PERMITTED per 21 CFR §173.115 (Secondary Direct Food Additives Permitted in Food for Human Consumption)', '21 CFR §173.115', 'food', (SELECT id FROM fact_evidence WHERE source_url = 'https://www.ecfr.gov/on/2026-04-16/title-21/part-173' AND snapshot_date = '2026-04-16' LIMIT 1));
INSERT INTO ingredient (canonical_id, primary_name, ingredient_class, category, is_natural) VALUES ('NAME_carbohydrase_and_cellulase_derived_from', 'Carbohydrase and cellulase derived from', 'substance', 'food', 0) ON CONFLICT(canonical_id) DO NOTHING;
INSERT INTO ingredient_alias (canonical_id, alias, alias_normalized, alias_type, language_code, confidence, source) VALUES ('NAME_carbohydrase_and_cellulase_derived_from', 'Carbohydrase and cellulase derived from', 'carbohydrase and cellulase derived from', 'synonym', 'en', 1.0, 'FDA CFR 21') ON CONFLICT(alias_normalized, alias_type, COALESCE(language_code, '')) DO NOTHING;
INSERT INTO regulatory_fact (canonical_id, jurisdiction, fact_type, status, regulation_ref, product_category, evidence_id) VALUES ('NAME_carbohydrase_and_cellulase_derived_from', 'US_FDA', 'permitted', 'PERMITTED per 21 CFR §173.120 (Secondary Direct Food Additives Permitted in Food for Human Consumption)', '21 CFR §173.120', 'food', (SELECT id FROM fact_evidence WHERE source_url = 'https://www.ecfr.gov/on/2026-04-16/title-21/part-173' AND snapshot_date = '2026-04-16' LIMIT 1));
INSERT INTO ingredient (canonical_id, primary_name, ingredient_class, category, is_natural) VALUES ('NAME_carbohydrase_derived_from', 'Carbohydrase derived from', 'substance', 'food', 0) ON CONFLICT(canonical_id) DO NOTHING;
INSERT INTO ingredient_alias (canonical_id, alias, alias_normalized, alias_type, language_code, confidence, source) VALUES ('NAME_carbohydrase_derived_from', 'Carbohydrase derived from', 'carbohydrase derived from', 'synonym', 'en', 1.0, 'FDA CFR 21') ON CONFLICT(alias_normalized, alias_type, COALESCE(language_code, '')) DO NOTHING;
INSERT INTO regulatory_fact (canonical_id, jurisdiction, fact_type, status, regulation_ref, product_category, evidence_id) VALUES ('NAME_carbohydrase_derived_from', 'US_FDA', 'permitted', 'PERMITTED per 21 CFR §173.130 (Secondary Direct Food Additives Permitted in Food for Human Consumption)', '21 CFR §173.130', 'food', (SELECT id FROM fact_evidence WHERE source_url = 'https://www.ecfr.gov/on/2026-04-16/title-21/part-173' AND snapshot_date = '2026-04-16' LIMIT 1));
INSERT INTO ingredient (canonical_id, primary_name, ingredient_class, category, is_natural) VALUES ('NAME_catalase_derived_from', 'Catalase derived from', 'substance', 'food', 0) ON CONFLICT(canonical_id) DO NOTHING;
INSERT INTO ingredient_alias (canonical_id, alias, alias_normalized, alias_type, language_code, confidence, source) VALUES ('NAME_catalase_derived_from', 'Catalase derived from', 'catalase derived from', 'synonym', 'en', 1.0, 'FDA CFR 21') ON CONFLICT(alias_normalized, alias_type, COALESCE(language_code, '')) DO NOTHING;
INSERT INTO regulatory_fact (canonical_id, jurisdiction, fact_type, status, regulation_ref, product_category, evidence_id) VALUES ('NAME_catalase_derived_from', 'US_FDA', 'permitted', 'PERMITTED per 21 CFR §173.135 (Secondary Direct Food Additives Permitted in Food for Human Consumption)', '21 CFR §173.135', 'food', (SELECT id FROM fact_evidence WHERE source_url = 'https://www.ecfr.gov/on/2026-04-16/title-21/part-173' AND snapshot_date = '2026-04-16' LIMIT 1));
INSERT INTO ingredient (canonical_id, primary_name, ingredient_class, category, is_natural) VALUES ('NAME_esterase_lipase_derived_from', 'Esterase-lipase derived from', 'substance', 'food', 0) ON CONFLICT(canonical_id) DO NOTHING;
INSERT INTO ingredient_alias (canonical_id, alias, alias_normalized, alias_type, language_code, confidence, source) VALUES ('NAME_esterase_lipase_derived_from', 'Esterase-lipase derived from', 'esterase-lipase derived from', 'synonym', 'en', 1.0, 'FDA CFR 21') ON CONFLICT(alias_normalized, alias_type, COALESCE(language_code, '')) DO NOTHING;
INSERT INTO regulatory_fact (canonical_id, jurisdiction, fact_type, status, regulation_ref, product_category, evidence_id) VALUES ('NAME_esterase_lipase_derived_from', 'US_FDA', 'permitted', 'PERMITTED per 21 CFR §173.140 (Secondary Direct Food Additives Permitted in Food for Human Consumption)', '21 CFR §173.140', 'food', (SELECT id FROM fact_evidence WHERE source_url = 'https://www.ecfr.gov/on/2026-04-16/title-21/part-173' AND snapshot_date = '2026-04-16' LIMIT 1));
INSERT INTO ingredient (canonical_id, primary_name, ingredient_class, category, is_natural) VALUES ('NAME_alpha_galactosidase_derived_from', 'Alpha-Galactosidase derived from', 'substance', 'food', 0) ON CONFLICT(canonical_id) DO NOTHING;
INSERT INTO ingredient_alias (canonical_id, alias, alias_normalized, alias_type, language_code, confidence, source) VALUES ('NAME_alpha_galactosidase_derived_from', 'Alpha-Galactosidase derived from', 'alpha-galactosidase derived from', 'synonym', 'en', 1.0, 'FDA CFR 21') ON CONFLICT(alias_normalized, alias_type, COALESCE(language_code, '')) DO NOTHING;
INSERT INTO regulatory_fact (canonical_id, jurisdiction, fact_type, status, regulation_ref, product_category, evidence_id) VALUES ('NAME_alpha_galactosidase_derived_from', 'US_FDA', 'permitted', 'PERMITTED per 21 CFR §173.145 (Secondary Direct Food Additives Permitted in Food for Human Consumption)', '21 CFR §173.145', 'food', (SELECT id FROM fact_evidence WHERE source_url = 'https://www.ecfr.gov/on/2026-04-16/title-21/part-173' AND snapshot_date = '2026-04-16' LIMIT 1));
INSERT INTO ingredient (canonical_id, primary_name, ingredient_class, category, is_natural) VALUES ('NAME_milk_clotting_enzymes_microbial', 'Milk-clotting enzymes, microbial', 'substance', 'food', 0) ON CONFLICT(canonical_id) DO NOTHING;
INSERT INTO ingredient_alias (canonical_id, alias, alias_normalized, alias_type, language_code, confidence, source) VALUES ('NAME_milk_clotting_enzymes_microbial', 'Milk-clotting enzymes, microbial', 'milk-clotting enzymes, microbial', 'synonym', 'en', 1.0, 'FDA CFR 21') ON CONFLICT(alias_normalized, alias_type, COALESCE(language_code, '')) DO NOTHING;
INSERT INTO regulatory_fact (canonical_id, jurisdiction, fact_type, status, regulation_ref, product_category, evidence_id) VALUES ('NAME_milk_clotting_enzymes_microbial', 'US_FDA', 'permitted', 'PERMITTED per 21 CFR §173.150 (Secondary Direct Food Additives Permitted in Food for Human Consumption)', '21 CFR §173.150', 'food', (SELECT id FROM fact_evidence WHERE source_url = 'https://www.ecfr.gov/on/2026-04-16/title-21/part-173' AND snapshot_date = '2026-04-16' LIMIT 1));
INSERT INTO ingredient (canonical_id, primary_name, ingredient_class, category, is_natural) VALUES ('NAME_aminoglycoside_3_phosphotransferase_ii', 'Aminoglycoside 3′-phosphotransferase II', 'substance', 'food', 0) ON CONFLICT(canonical_id) DO NOTHING;
INSERT INTO ingredient_alias (canonical_id, alias, alias_normalized, alias_type, language_code, confidence, source) VALUES ('NAME_aminoglycoside_3_phosphotransferase_ii', 'Aminoglycoside 3′-phosphotransferase II', 'aminoglycoside 3′-phosphotransferase ii', 'synonym', 'en', 1.0, 'FDA CFR 21') ON CONFLICT(alias_normalized, alias_type, COALESCE(language_code, '')) DO NOTHING;
INSERT INTO regulatory_fact (canonical_id, jurisdiction, fact_type, status, regulation_ref, product_category, evidence_id) VALUES ('NAME_aminoglycoside_3_phosphotransferase_ii', 'US_FDA', 'permitted', 'PERMITTED per 21 CFR §173.170 (Secondary Direct Food Additives Permitted in Food for Human Consumption)', '21 CFR §173.170', 'food', (SELECT id FROM fact_evidence WHERE source_url = 'https://www.ecfr.gov/on/2026-04-16/title-21/part-173' AND snapshot_date = '2026-04-16' LIMIT 1));
INSERT INTO ingredient (canonical_id, primary_name, ingredient_class, category, is_natural) VALUES ('NAME_acetone', 'Acetone', 'substance', 'food', 0) ON CONFLICT(canonical_id) DO NOTHING;
INSERT INTO ingredient_alias (canonical_id, alias, alias_normalized, alias_type, language_code, confidence, source) VALUES ('NAME_acetone', 'Acetone', 'acetone', 'synonym', 'en', 1.0, 'FDA CFR 21') ON CONFLICT(alias_normalized, alias_type, COALESCE(language_code, '')) DO NOTHING;
INSERT INTO regulatory_fact (canonical_id, jurisdiction, fact_type, status, regulation_ref, product_category, evidence_id) VALUES ('NAME_acetone', 'US_FDA', 'permitted', 'PERMITTED per 21 CFR §173.210 (Secondary Direct Food Additives Permitted in Food for Human Consumption)', '21 CFR §173.210', 'food', (SELECT id FROM fact_evidence WHERE source_url = 'https://www.ecfr.gov/on/2026-04-16/title-21/part-173' AND snapshot_date = '2026-04-16' LIMIT 1));
INSERT INTO regulatory_fact (canonical_id, jurisdiction, fact_type, status, regulation_ref, product_category, evidence_id) VALUES ('NAME_13_butylene_glycol', 'US_FDA', 'permitted', 'PERMITTED per 21 CFR §173.220 (Secondary Direct Food Additives Permitted in Food for Human Consumption)', '21 CFR §173.220', 'food', (SELECT id FROM fact_evidence WHERE source_url = 'https://www.ecfr.gov/on/2026-04-16/title-21/part-173' AND snapshot_date = '2026-04-16' LIMIT 1));
INSERT INTO ingredient (canonical_id, primary_name, ingredient_class, category, is_natural) VALUES ('NAME_ethyl_acetate', 'Ethyl acetate', 'substance', 'food', 0) ON CONFLICT(canonical_id) DO NOTHING;
INSERT INTO ingredient_alias (canonical_id, alias, alias_normalized, alias_type, language_code, confidence, source) VALUES ('NAME_ethyl_acetate', 'Ethyl acetate', 'ethyl acetate', 'synonym', 'en', 1.0, 'FDA CFR 21') ON CONFLICT(alias_normalized, alias_type, COALESCE(language_code, '')) DO NOTHING;
INSERT INTO regulatory_fact (canonical_id, jurisdiction, fact_type, status, regulation_ref, product_category, evidence_id) VALUES ('NAME_ethyl_acetate', 'US_FDA', 'permitted', 'PERMITTED per 21 CFR §173.228 (Secondary Direct Food Additives Permitted in Food for Human Consumption)', '21 CFR §173.228', 'food', (SELECT id FROM fact_evidence WHERE source_url = 'https://www.ecfr.gov/on/2026-04-16/title-21/part-173' AND snapshot_date = '2026-04-16' LIMIT 1));
INSERT INTO ingredient (canonical_id, primary_name, ingredient_class, category, is_natural) VALUES ('NAME_ethylene_dichloride', 'Ethylene dichloride', 'substance', 'food', 0) ON CONFLICT(canonical_id) DO NOTHING;
INSERT INTO ingredient_alias (canonical_id, alias, alias_normalized, alias_type, language_code, confidence, source) VALUES ('NAME_ethylene_dichloride', 'Ethylene dichloride', 'ethylene dichloride', 'synonym', 'en', 1.0, 'FDA CFR 21') ON CONFLICT(alias_normalized, alias_type, COALESCE(language_code, '')) DO NOTHING;
INSERT INTO regulatory_fact (canonical_id, jurisdiction, fact_type, status, regulation_ref, product_category, evidence_id) VALUES ('NAME_ethylene_dichloride', 'US_FDA', 'permitted', 'PERMITTED per 21 CFR §173.230 (Secondary Direct Food Additives Permitted in Food for Human Consumption)', '21 CFR §173.230', 'food', (SELECT id FROM fact_evidence WHERE source_url = 'https://www.ecfr.gov/on/2026-04-16/title-21/part-173' AND snapshot_date = '2026-04-16' LIMIT 1));
INSERT INTO ingredient (canonical_id, primary_name, ingredient_class, category, is_natural) VALUES ('NAME_isopropyl_alcohol', 'Isopropyl alcohol', 'substance', 'food', 0) ON CONFLICT(canonical_id) DO NOTHING;
INSERT INTO ingredient_alias (canonical_id, alias, alias_normalized, alias_type, language_code, confidence, source) VALUES ('NAME_isopropyl_alcohol', 'Isopropyl alcohol', 'isopropyl alcohol', 'synonym', 'en', 1.0, 'FDA CFR 21') ON CONFLICT(alias_normalized, alias_type, COALESCE(language_code, '')) DO NOTHING;
INSERT INTO regulatory_fact (canonical_id, jurisdiction, fact_type, status, regulation_ref, product_category, evidence_id) VALUES ('NAME_isopropyl_alcohol', 'US_FDA', 'permitted', 'PERMITTED per 21 CFR §173.240 (Secondary Direct Food Additives Permitted in Food for Human Consumption)', '21 CFR §173.240', 'food', (SELECT id FROM fact_evidence WHERE source_url = 'https://www.ecfr.gov/on/2026-04-16/title-21/part-173' AND snapshot_date = '2026-04-16' LIMIT 1));
INSERT INTO ingredient (canonical_id, primary_name, ingredient_class, category, is_natural) VALUES ('NAME_methyl_alcohol_residues', 'Methyl alcohol residues', 'substance', 'food', 0) ON CONFLICT(canonical_id) DO NOTHING;
INSERT INTO ingredient_alias (canonical_id, alias, alias_normalized, alias_type, language_code, confidence, source) VALUES ('NAME_methyl_alcohol_residues', 'Methyl alcohol residues', 'methyl alcohol residues', 'synonym', 'en', 1.0, 'FDA CFR 21') ON CONFLICT(alias_normalized, alias_type, COALESCE(language_code, '')) DO NOTHING;
INSERT INTO regulatory_fact (canonical_id, jurisdiction, fact_type, status, regulation_ref, product_category, evidence_id) VALUES ('NAME_methyl_alcohol_residues', 'US_FDA', 'permitted', 'PERMITTED per 21 CFR §173.250 (Secondary Direct Food Additives Permitted in Food for Human Consumption)', '21 CFR §173.250', 'food', (SELECT id FROM fact_evidence WHERE source_url = 'https://www.ecfr.gov/on/2026-04-16/title-21/part-173' AND snapshot_date = '2026-04-16' LIMIT 1));
INSERT INTO ingredient (canonical_id, primary_name, ingredient_class, category, is_natural) VALUES ('NAME_methylene_chloride', 'Methylene chloride', 'substance', 'food', 0) ON CONFLICT(canonical_id) DO NOTHING;
INSERT INTO ingredient_alias (canonical_id, alias, alias_normalized, alias_type, language_code, confidence, source) VALUES ('NAME_methylene_chloride', 'Methylene chloride', 'methylene chloride', 'synonym', 'en', 1.0, 'FDA CFR 21') ON CONFLICT(alias_normalized, alias_type, COALESCE(language_code, '')) DO NOTHING;
INSERT INTO regulatory_fact (canonical_id, jurisdiction, fact_type, status, regulation_ref, product_category, evidence_id) VALUES ('NAME_methylene_chloride', 'US_FDA', 'permitted', 'PERMITTED per 21 CFR §173.255 (Secondary Direct Food Additives Permitted in Food for Human Consumption)', '21 CFR §173.255', 'food', (SELECT id FROM fact_evidence WHERE source_url = 'https://www.ecfr.gov/on/2026-04-16/title-21/part-173' AND snapshot_date = '2026-04-16' LIMIT 1));
INSERT INTO ingredient (canonical_id, primary_name, ingredient_class, category, is_natural) VALUES ('NAME_hexane', 'Hexane', 'substance', 'food', 0) ON CONFLICT(canonical_id) DO NOTHING;
INSERT INTO ingredient_alias (canonical_id, alias, alias_normalized, alias_type, language_code, confidence, source) VALUES ('NAME_hexane', 'Hexane', 'hexane', 'synonym', 'en', 1.0, 'FDA CFR 21') ON CONFLICT(alias_normalized, alias_type, COALESCE(language_code, '')) DO NOTHING;
INSERT INTO regulatory_fact (canonical_id, jurisdiction, fact_type, status, regulation_ref, product_category, evidence_id) VALUES ('NAME_hexane', 'US_FDA', 'permitted', 'PERMITTED per 21 CFR §173.270 (Secondary Direct Food Additives Permitted in Food for Human Consumption)', '21 CFR §173.270', 'food', (SELECT id FROM fact_evidence WHERE source_url = 'https://www.ecfr.gov/on/2026-04-16/title-21/part-173' AND snapshot_date = '2026-04-16' LIMIT 1));
INSERT INTO ingredient (canonical_id, primary_name, ingredient_class, category, is_natural) VALUES ('NAME_hydrogenated_sperm_oil', 'Hydrogenated sperm oil', 'substance', 'food', 0) ON CONFLICT(canonical_id) DO NOTHING;
INSERT INTO ingredient_alias (canonical_id, alias, alias_normalized, alias_type, language_code, confidence, source) VALUES ('NAME_hydrogenated_sperm_oil', 'Hydrogenated sperm oil', 'hydrogenated sperm oil', 'synonym', 'en', 1.0, 'FDA CFR 21') ON CONFLICT(alias_normalized, alias_type, COALESCE(language_code, '')) DO NOTHING;
INSERT INTO regulatory_fact (canonical_id, jurisdiction, fact_type, status, regulation_ref, product_category, evidence_id) VALUES ('NAME_hydrogenated_sperm_oil', 'US_FDA', 'permitted', 'PERMITTED per 21 CFR §173.275 (Secondary Direct Food Additives Permitted in Food for Human Consumption)', '21 CFR §173.275', 'food', (SELECT id FROM fact_evidence WHERE source_url = 'https://www.ecfr.gov/on/2026-04-16/title-21/part-173' AND snapshot_date = '2026-04-16' LIMIT 1));
INSERT INTO ingredient (canonical_id, primary_name, ingredient_class, category, is_natural) VALUES ('NAME_solvent_extraction_process_for_citric_acid', 'Solvent extraction process for citric acid', 'substance', 'food', 0) ON CONFLICT(canonical_id) DO NOTHING;
INSERT INTO ingredient_alias (canonical_id, alias, alias_normalized, alias_type, language_code, confidence, source) VALUES ('NAME_solvent_extraction_process_for_citric_acid', 'Solvent extraction process for citric acid', 'solvent extraction process for citric acid', 'synonym', 'en', 1.0, 'FDA CFR 21') ON CONFLICT(alias_normalized, alias_type, COALESCE(language_code, '')) DO NOTHING;
INSERT INTO regulatory_fact (canonical_id, jurisdiction, fact_type, status, regulation_ref, product_category, evidence_id) VALUES ('NAME_solvent_extraction_process_for_citric_acid', 'US_FDA', 'permitted', 'PERMITTED per 21 CFR §173.280 (Secondary Direct Food Additives Permitted in Food for Human Consumption)', '21 CFR §173.280', 'food', (SELECT id FROM fact_evidence WHERE source_url = 'https://www.ecfr.gov/on/2026-04-16/title-21/part-173' AND snapshot_date = '2026-04-16' LIMIT 1));
INSERT INTO ingredient (canonical_id, primary_name, ingredient_class, category, is_natural) VALUES ('NAME_trichloroethylene', 'Trichloroethylene', 'substance', 'food', 0) ON CONFLICT(canonical_id) DO NOTHING;
INSERT INTO ingredient_alias (canonical_id, alias, alias_normalized, alias_type, language_code, confidence, source) VALUES ('NAME_trichloroethylene', 'Trichloroethylene', 'trichloroethylene', 'synonym', 'en', 1.0, 'FDA CFR 21') ON CONFLICT(alias_normalized, alias_type, COALESCE(language_code, '')) DO NOTHING;
INSERT INTO regulatory_fact (canonical_id, jurisdiction, fact_type, status, regulation_ref, product_category, evidence_id) VALUES ('NAME_trichloroethylene', 'US_FDA', 'permitted', 'PERMITTED per 21 CFR §173.290 (Secondary Direct Food Additives Permitted in Food for Human Consumption)', '21 CFR §173.290', 'food', (SELECT id FROM fact_evidence WHERE source_url = 'https://www.ecfr.gov/on/2026-04-16/title-21/part-173' AND snapshot_date = '2026-04-16' LIMIT 1));
INSERT INTO ingredient (canonical_id, primary_name, ingredient_class, category, is_natural) VALUES ('NAME_chlorine_dioxide', 'Chlorine dioxide', 'substance', 'food', 0) ON CONFLICT(canonical_id) DO NOTHING;
INSERT INTO ingredient_alias (canonical_id, alias, alias_normalized, alias_type, language_code, confidence, source) VALUES ('NAME_chlorine_dioxide', 'Chlorine dioxide', 'chlorine dioxide', 'synonym', 'en', 1.0, 'FDA CFR 21') ON CONFLICT(alias_normalized, alias_type, COALESCE(language_code, '')) DO NOTHING;
INSERT INTO regulatory_fact (canonical_id, jurisdiction, fact_type, status, regulation_ref, product_category, evidence_id) VALUES ('NAME_chlorine_dioxide', 'US_FDA', 'permitted', 'PERMITTED per 21 CFR §173.300 (Secondary Direct Food Additives Permitted in Food for Human Consumption)', '21 CFR §173.300', 'food', (SELECT id FROM fact_evidence WHERE source_url = 'https://www.ecfr.gov/on/2026-04-16/title-21/part-173' AND snapshot_date = '2026-04-16' LIMIT 1));
INSERT INTO ingredient (canonical_id, primary_name, ingredient_class, category, is_natural) VALUES ('NAME_boiler_water_additives', 'Boiler water additives', 'substance', 'food', 0) ON CONFLICT(canonical_id) DO NOTHING;
INSERT INTO ingredient_alias (canonical_id, alias, alias_normalized, alias_type, language_code, confidence, source) VALUES ('NAME_boiler_water_additives', 'Boiler water additives', 'boiler water additives', 'synonym', 'en', 1.0, 'FDA CFR 21') ON CONFLICT(alias_normalized, alias_type, COALESCE(language_code, '')) DO NOTHING;
INSERT INTO regulatory_fact (canonical_id, jurisdiction, fact_type, status, regulation_ref, product_category, evidence_id) VALUES ('NAME_boiler_water_additives', 'US_FDA', 'permitted', 'PERMITTED per 21 CFR §173.310 (Secondary Direct Food Additives Permitted in Food for Human Consumption)', '21 CFR §173.310', 'food', (SELECT id FROM fact_evidence WHERE source_url = 'https://www.ecfr.gov/on/2026-04-16/title-21/part-173' AND snapshot_date = '2026-04-16' LIMIT 1));
INSERT INTO ingredient (canonical_id, primary_name, ingredient_class, category, is_natural) VALUES ('NAME_chemicals_used_in_washing_or_to_assist_in_the_peeling_of_fruits_and_vegetables', 'Chemicals used in washing or to assist in the peeling of fruits and vegetables', 'substance', 'food', 0) ON CONFLICT(canonical_id) DO NOTHING;
INSERT INTO ingredient_alias (canonical_id, alias, alias_normalized, alias_type, language_code, confidence, source) VALUES ('NAME_chemicals_used_in_washing_or_to_assist_in_the_peeling_of_fruits_and_vegetables', 'Chemicals used in washing or to assist in the peeling of fruits and vegetables', 'chemicals used in washing or to assist in the peeling of fruits and vegetables', 'synonym', 'en', 1.0, 'FDA CFR 21') ON CONFLICT(alias_normalized, alias_type, COALESCE(language_code, '')) DO NOTHING;
INSERT INTO regulatory_fact (canonical_id, jurisdiction, fact_type, status, regulation_ref, product_category, evidence_id) VALUES ('NAME_chemicals_used_in_washing_or_to_assist_in_the_peeling_of_fruits_and_vegetables', 'US_FDA', 'permitted', 'PERMITTED per 21 CFR §173.315 (Secondary Direct Food Additives Permitted in Food for Human Consumption)', '21 CFR §173.315', 'food', (SELECT id FROM fact_evidence WHERE source_url = 'https://www.ecfr.gov/on/2026-04-16/title-21/part-173' AND snapshot_date = '2026-04-16' LIMIT 1));
INSERT INTO ingredient (canonical_id, primary_name, ingredient_class, category, is_natural) VALUES ('NAME_chemicals_for_controlling_microorganisms_in_cane_sugar_and_beet_sugar_mills', 'Chemicals for controlling microorganisms in cane-sugar and beet-sugar mills', 'substance', 'food', 0) ON CONFLICT(canonical_id) DO NOTHING;
INSERT INTO ingredient_alias (canonical_id, alias, alias_normalized, alias_type, language_code, confidence, source) VALUES ('NAME_chemicals_for_controlling_microorganisms_in_cane_sugar_and_beet_sugar_mills', 'Chemicals for controlling microorganisms in cane-sugar and beet-sugar mills', 'chemicals for controlling microorganisms in cane-sugar and beet-sugar mills', 'synonym', 'en', 1.0, 'FDA CFR 21') ON CONFLICT(alias_normalized, alias_type, COALESCE(language_code, '')) DO NOTHING;
INSERT INTO regulatory_fact (canonical_id, jurisdiction, fact_type, status, regulation_ref, product_category, evidence_id) VALUES ('NAME_chemicals_for_controlling_microorganisms_in_cane_sugar_and_beet_sugar_mills', 'US_FDA', 'permitted', 'PERMITTED per 21 CFR §173.320 (Secondary Direct Food Additives Permitted in Food for Human Consumption)', '21 CFR §173.320', 'food', (SELECT id FROM fact_evidence WHERE source_url = 'https://www.ecfr.gov/on/2026-04-16/title-21/part-173' AND snapshot_date = '2026-04-16' LIMIT 1));
INSERT INTO ingredient (canonical_id, primary_name, ingredient_class, category, is_natural) VALUES ('NAME_chemicals_used_in_delinting_cottonseed', 'Chemicals used in delinting cottonseed', 'substance', 'food', 0) ON CONFLICT(canonical_id) DO NOTHING;
INSERT INTO ingredient_alias (canonical_id, alias, alias_normalized, alias_type, language_code, confidence, source) VALUES ('NAME_chemicals_used_in_delinting_cottonseed', 'Chemicals used in delinting cottonseed', 'chemicals used in delinting cottonseed', 'synonym', 'en', 1.0, 'FDA CFR 21') ON CONFLICT(alias_normalized, alias_type, COALESCE(language_code, '')) DO NOTHING;
INSERT INTO regulatory_fact (canonical_id, jurisdiction, fact_type, status, regulation_ref, product_category, evidence_id) VALUES ('NAME_chemicals_used_in_delinting_cottonseed', 'US_FDA', 'permitted', 'PERMITTED per 21 CFR §173.322 (Secondary Direct Food Additives Permitted in Food for Human Consumption)', '21 CFR §173.322', 'food', (SELECT id FROM fact_evidence WHERE source_url = 'https://www.ecfr.gov/on/2026-04-16/title-21/part-173' AND snapshot_date = '2026-04-16' LIMIT 1));
INSERT INTO ingredient (canonical_id, primary_name, ingredient_class, category, is_natural) VALUES ('NAME_acidified_sodium_chlorite_solutions', 'Acidified sodium chlorite solutions', 'substance', 'food', 0) ON CONFLICT(canonical_id) DO NOTHING;
INSERT INTO ingredient_alias (canonical_id, alias, alias_normalized, alias_type, language_code, confidence, source) VALUES ('NAME_acidified_sodium_chlorite_solutions', 'Acidified sodium chlorite solutions', 'acidified sodium chlorite solutions', 'synonym', 'en', 1.0, 'FDA CFR 21') ON CONFLICT(alias_normalized, alias_type, COALESCE(language_code, '')) DO NOTHING;
INSERT INTO regulatory_fact (canonical_id, jurisdiction, fact_type, status, regulation_ref, product_category, evidence_id) VALUES ('NAME_acidified_sodium_chlorite_solutions', 'US_FDA', 'permitted', 'PERMITTED per 21 CFR §173.325 (Secondary Direct Food Additives Permitted in Food for Human Consumption)', '21 CFR §173.325', 'food', (SELECT id FROM fact_evidence WHERE source_url = 'https://www.ecfr.gov/on/2026-04-16/title-21/part-173' AND snapshot_date = '2026-04-16' LIMIT 1));
INSERT INTO ingredient (canonical_id, primary_name, ingredient_class, category, is_natural) VALUES ('NAME_defoaming_agents', 'Defoaming agents', 'substance', 'food', 0) ON CONFLICT(canonical_id) DO NOTHING;
INSERT INTO ingredient_alias (canonical_id, alias, alias_normalized, alias_type, language_code, confidence, source) VALUES ('NAME_defoaming_agents', 'Defoaming agents', 'defoaming agents', 'synonym', 'en', 1.0, 'FDA CFR 21') ON CONFLICT(alias_normalized, alias_type, COALESCE(language_code, '')) DO NOTHING;
INSERT INTO regulatory_fact (canonical_id, jurisdiction, fact_type, status, regulation_ref, product_category, evidence_id) VALUES ('NAME_defoaming_agents', 'US_FDA', 'permitted', 'PERMITTED per 21 CFR §173.340 (Secondary Direct Food Additives Permitted in Food for Human Consumption)', '21 CFR §173.340', 'food', (SELECT id FROM fact_evidence WHERE source_url = 'https://www.ecfr.gov/on/2026-04-16/title-21/part-173' AND snapshot_date = '2026-04-16' LIMIT 1));
INSERT INTO ingredient (canonical_id, primary_name, ingredient_class, category, is_natural) VALUES ('NAME_chlorofluorocarbon_113_and_perfluorohexane', 'Chlorofluorocarbon 113 and perfluorohexane', 'substance', 'food', 0) ON CONFLICT(canonical_id) DO NOTHING;
INSERT INTO ingredient_alias (canonical_id, alias, alias_normalized, alias_type, language_code, confidence, source) VALUES ('NAME_chlorofluorocarbon_113_and_perfluorohexane', 'Chlorofluorocarbon 113 and perfluorohexane', 'chlorofluorocarbon 113 and perfluorohexane', 'synonym', 'en', 1.0, 'FDA CFR 21') ON CONFLICT(alias_normalized, alias_type, COALESCE(language_code, '')) DO NOTHING;
INSERT INTO regulatory_fact (canonical_id, jurisdiction, fact_type, status, regulation_ref, product_category, evidence_id) VALUES ('NAME_chlorofluorocarbon_113_and_perfluorohexane', 'US_FDA', 'permitted', 'PERMITTED per 21 CFR §173.342 (Secondary Direct Food Additives Permitted in Food for Human Consumption)', '21 CFR §173.342', 'food', (SELECT id FROM fact_evidence WHERE source_url = 'https://www.ecfr.gov/on/2026-04-16/title-21/part-173' AND snapshot_date = '2026-04-16' LIMIT 1));
INSERT INTO ingredient (canonical_id, primary_name, ingredient_class, category, is_natural) VALUES ('NAME_chloropentafluoroethane', 'Chloropentafluoroethane', 'substance', 'food', 0) ON CONFLICT(canonical_id) DO NOTHING;
INSERT INTO ingredient_alias (canonical_id, alias, alias_normalized, alias_type, language_code, confidence, source) VALUES ('NAME_chloropentafluoroethane', 'Chloropentafluoroethane', 'chloropentafluoroethane', 'synonym', 'en', 1.0, 'FDA CFR 21') ON CONFLICT(alias_normalized, alias_type, COALESCE(language_code, '')) DO NOTHING;
INSERT INTO regulatory_fact (canonical_id, jurisdiction, fact_type, status, regulation_ref, product_category, evidence_id) VALUES ('NAME_chloropentafluoroethane', 'US_FDA', 'permitted', 'PERMITTED per 21 CFR §173.345 (Secondary Direct Food Additives Permitted in Food for Human Consumption)', '21 CFR §173.345', 'food', (SELECT id FROM fact_evidence WHERE source_url = 'https://www.ecfr.gov/on/2026-04-16/title-21/part-173' AND snapshot_date = '2026-04-16' LIMIT 1));
INSERT INTO ingredient (canonical_id, primary_name, ingredient_class, category, is_natural) VALUES ('NAME_combustion_product_gas', 'Combustion product gas', 'substance', 'food', 0) ON CONFLICT(canonical_id) DO NOTHING;
INSERT INTO ingredient_alias (canonical_id, alias, alias_normalized, alias_type, language_code, confidence, source) VALUES ('NAME_combustion_product_gas', 'Combustion product gas', 'combustion product gas', 'synonym', 'en', 1.0, 'FDA CFR 21') ON CONFLICT(alias_normalized, alias_type, COALESCE(language_code, '')) DO NOTHING;
INSERT INTO regulatory_fact (canonical_id, jurisdiction, fact_type, status, regulation_ref, product_category, evidence_id) VALUES ('NAME_combustion_product_gas', 'US_FDA', 'permitted', 'PERMITTED per 21 CFR §173.350 (Secondary Direct Food Additives Permitted in Food for Human Consumption)', '21 CFR §173.350', 'food', (SELECT id FROM fact_evidence WHERE source_url = 'https://www.ecfr.gov/on/2026-04-16/title-21/part-173' AND snapshot_date = '2026-04-16' LIMIT 1));
INSERT INTO ingredient (canonical_id, primary_name, ingredient_class, category, is_natural) VALUES ('NAME_dichlorodifluoromethane', 'Dichlorodifluoromethane', 'substance', 'food', 0) ON CONFLICT(canonical_id) DO NOTHING;
INSERT INTO ingredient_alias (canonical_id, alias, alias_normalized, alias_type, language_code, confidence, source) VALUES ('NAME_dichlorodifluoromethane', 'Dichlorodifluoromethane', 'dichlorodifluoromethane', 'synonym', 'en', 1.0, 'FDA CFR 21') ON CONFLICT(alias_normalized, alias_type, COALESCE(language_code, '')) DO NOTHING;
INSERT INTO regulatory_fact (canonical_id, jurisdiction, fact_type, status, regulation_ref, product_category, evidence_id) VALUES ('NAME_dichlorodifluoromethane', 'US_FDA', 'permitted', 'PERMITTED per 21 CFR §173.355 (Secondary Direct Food Additives Permitted in Food for Human Consumption)', '21 CFR §173.355', 'food', (SELECT id FROM fact_evidence WHERE source_url = 'https://www.ecfr.gov/on/2026-04-16/title-21/part-173' AND snapshot_date = '2026-04-16' LIMIT 1));
INSERT INTO ingredient (canonical_id, primary_name, ingredient_class, category, is_natural) VALUES ('NAME_hydrogen_peroxide', 'Hydrogen peroxide', 'substance', 'food', 0) ON CONFLICT(canonical_id) DO NOTHING;
INSERT INTO ingredient_alias (canonical_id, alias, alias_normalized, alias_type, language_code, confidence, source) VALUES ('NAME_hydrogen_peroxide', 'Hydrogen peroxide', 'hydrogen peroxide', 'synonym', 'en', 1.0, 'FDA CFR 21') ON CONFLICT(alias_normalized, alias_type, COALESCE(language_code, '')) DO NOTHING;
INSERT INTO regulatory_fact (canonical_id, jurisdiction, fact_type, status, regulation_ref, product_category, evidence_id) VALUES ('NAME_hydrogen_peroxide', 'US_FDA', 'permitted', 'PERMITTED per 21 CFR §173.356 (Secondary Direct Food Additives Permitted in Food for Human Consumption)', '21 CFR §173.356', 'food', (SELECT id FROM fact_evidence WHERE source_url = 'https://www.ecfr.gov/on/2026-04-16/title-21/part-173' AND snapshot_date = '2026-04-16' LIMIT 1));
INSERT INTO ingredient (canonical_id, primary_name, ingredient_class, category, is_natural) VALUES ('NAME_materials_used_as_fixing_agents_in_the_immobilization_of_enzyme_preparations', 'Materials used as fixing agents in the immobilization of enzyme preparations', 'substance', 'food', 0) ON CONFLICT(canonical_id) DO NOTHING;
INSERT INTO ingredient_alias (canonical_id, alias, alias_normalized, alias_type, language_code, confidence, source) VALUES ('NAME_materials_used_as_fixing_agents_in_the_immobilization_of_enzyme_preparations', 'Materials used as fixing agents in the immobilization of enzyme preparations', 'materials used as fixing agents in the immobilization of enzyme preparations', 'synonym', 'en', 1.0, 'FDA CFR 21') ON CONFLICT(alias_normalized, alias_type, COALESCE(language_code, '')) DO NOTHING;
INSERT INTO regulatory_fact (canonical_id, jurisdiction, fact_type, status, regulation_ref, product_category, evidence_id) VALUES ('NAME_materials_used_as_fixing_agents_in_the_immobilization_of_enzyme_preparations', 'US_FDA', 'permitted', 'PERMITTED per 21 CFR §173.357 (Secondary Direct Food Additives Permitted in Food for Human Consumption)', '21 CFR §173.357', 'food', (SELECT id FROM fact_evidence WHERE source_url = 'https://www.ecfr.gov/on/2026-04-16/title-21/part-173' AND snapshot_date = '2026-04-16' LIMIT 1));
INSERT INTO ingredient (canonical_id, primary_name, ingredient_class, category, is_natural) VALUES ('NAME_octafluorocyclobutane', 'Octafluorocyclobutane', 'substance', 'food', 0) ON CONFLICT(canonical_id) DO NOTHING;
INSERT INTO ingredient_alias (canonical_id, alias, alias_normalized, alias_type, language_code, confidence, source) VALUES ('NAME_octafluorocyclobutane', 'Octafluorocyclobutane', 'octafluorocyclobutane', 'synonym', 'en', 1.0, 'FDA CFR 21') ON CONFLICT(alias_normalized, alias_type, COALESCE(language_code, '')) DO NOTHING;
INSERT INTO regulatory_fact (canonical_id, jurisdiction, fact_type, status, regulation_ref, product_category, evidence_id) VALUES ('NAME_octafluorocyclobutane', 'US_FDA', 'permitted', 'PERMITTED per 21 CFR §173.360 (Secondary Direct Food Additives Permitted in Food for Human Consumption)', '21 CFR §173.360', 'food', (SELECT id FROM fact_evidence WHERE source_url = 'https://www.ecfr.gov/on/2026-04-16/title-21/part-173' AND snapshot_date = '2026-04-16' LIMIT 1));
INSERT INTO ingredient (canonical_id, primary_name, ingredient_class, category, is_natural) VALUES ('NAME_ozone', 'Ozone', 'substance', 'food', 0) ON CONFLICT(canonical_id) DO NOTHING;
INSERT INTO ingredient_alias (canonical_id, alias, alias_normalized, alias_type, language_code, confidence, source) VALUES ('NAME_ozone', 'Ozone', 'ozone', 'synonym', 'en', 1.0, 'FDA CFR 21') ON CONFLICT(alias_normalized, alias_type, COALESCE(language_code, '')) DO NOTHING;
INSERT INTO regulatory_fact (canonical_id, jurisdiction, fact_type, status, regulation_ref, product_category, evidence_id) VALUES ('NAME_ozone', 'US_FDA', 'permitted', 'PERMITTED per 21 CFR §173.368 (Secondary Direct Food Additives Permitted in Food for Human Consumption)', '21 CFR §173.368', 'food', (SELECT id FROM fact_evidence WHERE source_url = 'https://www.ecfr.gov/on/2026-04-16/title-21/part-173' AND snapshot_date = '2026-04-16' LIMIT 1));
INSERT INTO ingredient (canonical_id, primary_name, ingredient_class, category, is_natural) VALUES ('NAME_peroxyacids', 'Peroxyacids', 'substance', 'food', 0) ON CONFLICT(canonical_id) DO NOTHING;
INSERT INTO ingredient_alias (canonical_id, alias, alias_normalized, alias_type, language_code, confidence, source) VALUES ('NAME_peroxyacids', 'Peroxyacids', 'peroxyacids', 'synonym', 'en', 1.0, 'FDA CFR 21') ON CONFLICT(alias_normalized, alias_type, COALESCE(language_code, '')) DO NOTHING;
INSERT INTO regulatory_fact (canonical_id, jurisdiction, fact_type, status, regulation_ref, product_category, evidence_id) VALUES ('NAME_peroxyacids', 'US_FDA', 'permitted', 'PERMITTED per 21 CFR §173.370 (Secondary Direct Food Additives Permitted in Food for Human Consumption)', '21 CFR §173.370', 'food', (SELECT id FROM fact_evidence WHERE source_url = 'https://www.ecfr.gov/on/2026-04-16/title-21/part-173' AND snapshot_date = '2026-04-16' LIMIT 1));
INSERT INTO ingredient (canonical_id, primary_name, ingredient_class, category, is_natural) VALUES ('NAME_cetylpyridinium_chloride', 'Cetylpyridinium chloride', 'substance', 'food', 0) ON CONFLICT(canonical_id) DO NOTHING;
INSERT INTO ingredient_alias (canonical_id, alias, alias_normalized, alias_type, language_code, confidence, source) VALUES ('NAME_cetylpyridinium_chloride', 'Cetylpyridinium chloride', 'cetylpyridinium chloride', 'synonym', 'en', 1.0, 'FDA CFR 21') ON CONFLICT(alias_normalized, alias_type, COALESCE(language_code, '')) DO NOTHING;
INSERT INTO regulatory_fact (canonical_id, jurisdiction, fact_type, status, regulation_ref, product_category, evidence_id) VALUES ('NAME_cetylpyridinium_chloride', 'US_FDA', 'permitted', 'PERMITTED per 21 CFR §173.375 (Secondary Direct Food Additives Permitted in Food for Human Consumption)', '21 CFR §173.375', 'food', (SELECT id FROM fact_evidence WHERE source_url = 'https://www.ecfr.gov/on/2026-04-16/title-21/part-173' AND snapshot_date = '2026-04-16' LIMIT 1));
INSERT INTO ingredient (canonical_id, primary_name, ingredient_class, category, is_natural) VALUES ('NAME_sodium_methyl_sulfate', 'Sodium methyl sulfate', 'substance', 'food', 0) ON CONFLICT(canonical_id) DO NOTHING;
INSERT INTO ingredient_alias (canonical_id, alias, alias_normalized, alias_type, language_code, confidence, source) VALUES ('NAME_sodium_methyl_sulfate', 'Sodium methyl sulfate', 'sodium methyl sulfate', 'synonym', 'en', 1.0, 'FDA CFR 21') ON CONFLICT(alias_normalized, alias_type, COALESCE(language_code, '')) DO NOTHING;
INSERT INTO regulatory_fact (canonical_id, jurisdiction, fact_type, status, regulation_ref, product_category, evidence_id) VALUES ('NAME_sodium_methyl_sulfate', 'US_FDA', 'permitted', 'PERMITTED per 21 CFR §173.385 (Secondary Direct Food Additives Permitted in Food for Human Consumption)', '21 CFR §173.385', 'food', (SELECT id FROM fact_evidence WHERE source_url = 'https://www.ecfr.gov/on/2026-04-16/title-21/part-173' AND snapshot_date = '2026-04-16' LIMIT 1));
INSERT INTO ingredient (canonical_id, primary_name, ingredient_class, category, is_natural) VALUES ('NAME_trifluoromethane_sulfonic_acid', 'Trifluoromethane sulfonic acid', 'substance', 'food', 0) ON CONFLICT(canonical_id) DO NOTHING;
INSERT INTO ingredient_alias (canonical_id, alias, alias_normalized, alias_type, language_code, confidence, source) VALUES ('NAME_trifluoromethane_sulfonic_acid', 'Trifluoromethane sulfonic acid', 'trifluoromethane sulfonic acid', 'synonym', 'en', 1.0, 'FDA CFR 21') ON CONFLICT(alias_normalized, alias_type, COALESCE(language_code, '')) DO NOTHING;
INSERT INTO regulatory_fact (canonical_id, jurisdiction, fact_type, status, regulation_ref, product_category, evidence_id) VALUES ('NAME_trifluoromethane_sulfonic_acid', 'US_FDA', 'permitted', 'PERMITTED per 21 CFR §173.395 (Secondary Direct Food Additives Permitted in Food for Human Consumption)', '21 CFR §173.395', 'food', (SELECT id FROM fact_evidence WHERE source_url = 'https://www.ecfr.gov/on/2026-04-16/title-21/part-173' AND snapshot_date = '2026-04-16' LIMIT 1));
INSERT INTO ingredient (canonical_id, primary_name, ingredient_class, category, is_natural) VALUES ('NAME_dimethyldialkylammonium_chloride', 'Dimethyldialkylammonium chloride', 'substance', 'food', 0) ON CONFLICT(canonical_id) DO NOTHING;
INSERT INTO ingredient_alias (canonical_id, alias, alias_normalized, alias_type, language_code, confidence, source) VALUES ('NAME_dimethyldialkylammonium_chloride', 'Dimethyldialkylammonium chloride', 'dimethyldialkylammonium chloride', 'synonym', 'en', 1.0, 'FDA CFR 21') ON CONFLICT(alias_normalized, alias_type, COALESCE(language_code, '')) DO NOTHING;
INSERT INTO regulatory_fact (canonical_id, jurisdiction, fact_type, status, regulation_ref, product_category, evidence_id) VALUES ('NAME_dimethyldialkylammonium_chloride', 'US_FDA', 'permitted', 'PERMITTED per 21 CFR §173.400 (Secondary Direct Food Additives Permitted in Food for Human Consumption)', '21 CFR §173.400', 'food', (SELECT id FROM fact_evidence WHERE source_url = 'https://www.ecfr.gov/on/2026-04-16/title-21/part-173' AND snapshot_date = '2026-04-16' LIMIT 1));
INSERT INTO ingredient (canonical_id, primary_name, ingredient_class, category, is_natural) VALUES ('NAME_sodium_dodecylbenzenesulfonate', 'Sodium dodecylbenzenesulfonate', 'substance', 'food', 0) ON CONFLICT(canonical_id) DO NOTHING;
INSERT INTO ingredient_alias (canonical_id, alias, alias_normalized, alias_type, language_code, confidence, source) VALUES ('NAME_sodium_dodecylbenzenesulfonate', 'Sodium dodecylbenzenesulfonate', 'sodium dodecylbenzenesulfonate', 'synonym', 'en', 1.0, 'FDA CFR 21') ON CONFLICT(alias_normalized, alias_type, COALESCE(language_code, '')) DO NOTHING;
INSERT INTO regulatory_fact (canonical_id, jurisdiction, fact_type, status, regulation_ref, product_category, evidence_id) VALUES ('NAME_sodium_dodecylbenzenesulfonate', 'US_FDA', 'permitted', 'PERMITTED per 21 CFR §173.405 (Secondary Direct Food Additives Permitted in Food for Human Consumption)', '21 CFR §173.405', 'food', (SELECT id FROM fact_evidence WHERE source_url = 'https://www.ecfr.gov/on/2026-04-16/title-21/part-173' AND snapshot_date = '2026-04-16' LIMIT 1));
INSERT INTO ingredient (canonical_id, primary_name, ingredient_class, category, is_natural) VALUES ('NAME_adhesives', 'Adhesives', 'substance', 'food', 0) ON CONFLICT(canonical_id) DO NOTHING;
INSERT INTO ingredient_alias (canonical_id, alias, alias_normalized, alias_type, language_code, confidence, source) VALUES ('NAME_adhesives', 'Adhesives', 'adhesives', 'synonym', 'en', 1.0, 'FDA CFR 21') ON CONFLICT(alias_normalized, alias_type, COALESCE(language_code, '')) DO NOTHING;
INSERT INTO regulatory_fact (canonical_id, jurisdiction, fact_type, status, regulation_ref, product_category, evidence_id) VALUES ('NAME_adhesives', 'US_FDA', 'permitted', 'PERMITTED per 21 CFR §175.105 (Indirect Food Additives: Adhesives and Components of Coatings)', '21 CFR §175.105', 'food', (SELECT id FROM fact_evidence WHERE source_url = 'https://www.ecfr.gov/on/2026-04-16/title-21/part-175' AND snapshot_date = '2026-04-16' LIMIT 1));
INSERT INTO ingredient (canonical_id, primary_name, ingredient_class, category, is_natural) VALUES ('NAME_pressure_sensitive_adhesives', 'Pressure-sensitive adhesives', 'substance', 'food', 0) ON CONFLICT(canonical_id) DO NOTHING;
INSERT INTO ingredient_alias (canonical_id, alias, alias_normalized, alias_type, language_code, confidence, source) VALUES ('NAME_pressure_sensitive_adhesives', 'Pressure-sensitive adhesives', 'pressure-sensitive adhesives', 'synonym', 'en', 1.0, 'FDA CFR 21') ON CONFLICT(alias_normalized, alias_type, COALESCE(language_code, '')) DO NOTHING;
INSERT INTO regulatory_fact (canonical_id, jurisdiction, fact_type, status, regulation_ref, product_category, evidence_id) VALUES ('NAME_pressure_sensitive_adhesives', 'US_FDA', 'permitted', 'PERMITTED per 21 CFR §175.125 (Indirect Food Additives: Adhesives and Components of Coatings)', '21 CFR §175.125', 'food', (SELECT id FROM fact_evidence WHERE source_url = 'https://www.ecfr.gov/on/2026-04-16/title-21/part-175' AND snapshot_date = '2026-04-16' LIMIT 1));
INSERT INTO ingredient (canonical_id, primary_name, ingredient_class, category, is_natural) VALUES ('NAME_acrylate_ester_copolymer_coating', 'Acrylate ester copolymer coating', 'substance', 'food', 0) ON CONFLICT(canonical_id) DO NOTHING;
INSERT INTO ingredient_alias (canonical_id, alias, alias_normalized, alias_type, language_code, confidence, source) VALUES ('NAME_acrylate_ester_copolymer_coating', 'Acrylate ester copolymer coating', 'acrylate ester copolymer coating', 'synonym', 'en', 1.0, 'FDA CFR 21') ON CONFLICT(alias_normalized, alias_type, COALESCE(language_code, '')) DO NOTHING;
INSERT INTO regulatory_fact (canonical_id, jurisdiction, fact_type, status, regulation_ref, product_category, evidence_id) VALUES ('NAME_acrylate_ester_copolymer_coating', 'US_FDA', 'permitted', 'PERMITTED per 21 CFR §175.210 (Indirect Food Additives: Adhesives and Components of Coatings)', '21 CFR §175.210', 'food', (SELECT id FROM fact_evidence WHERE source_url = 'https://www.ecfr.gov/on/2026-04-16/title-21/part-175' AND snapshot_date = '2026-04-16' LIMIT 1));
INSERT INTO ingredient (canonical_id, primary_name, ingredient_class, category, is_natural) VALUES ('NAME_hot_melt_strippable_food_coatings', 'Hot-melt strippable food coatings', 'substance', 'food', 0) ON CONFLICT(canonical_id) DO NOTHING;
INSERT INTO ingredient_alias (canonical_id, alias, alias_normalized, alias_type, language_code, confidence, source) VALUES ('NAME_hot_melt_strippable_food_coatings', 'Hot-melt strippable food coatings', 'hot-melt strippable food coatings', 'synonym', 'en', 1.0, 'FDA CFR 21') ON CONFLICT(alias_normalized, alias_type, COALESCE(language_code, '')) DO NOTHING;
INSERT INTO regulatory_fact (canonical_id, jurisdiction, fact_type, status, regulation_ref, product_category, evidence_id) VALUES ('NAME_hot_melt_strippable_food_coatings', 'US_FDA', 'permitted', 'PERMITTED per 21 CFR §175.230 (Indirect Food Additives: Adhesives and Components of Coatings)', '21 CFR §175.230', 'food', (SELECT id FROM fact_evidence WHERE source_url = 'https://www.ecfr.gov/on/2026-04-16/title-21/part-175' AND snapshot_date = '2026-04-16' LIMIT 1));
INSERT INTO ingredient (canonical_id, primary_name, ingredient_class, category, is_natural) VALUES ('NAME_paraffin_synthetic', 'Paraffin (synthetic)', 'substance', 'food', 0) ON CONFLICT(canonical_id) DO NOTHING;
INSERT INTO ingredient_alias (canonical_id, alias, alias_normalized, alias_type, language_code, confidence, source) VALUES ('NAME_paraffin_synthetic', 'Paraffin (synthetic)', 'paraffin (synthetic)', 'synonym', 'en', 1.0, 'FDA CFR 21') ON CONFLICT(alias_normalized, alias_type, COALESCE(language_code, '')) DO NOTHING;
INSERT INTO regulatory_fact (canonical_id, jurisdiction, fact_type, status, regulation_ref, product_category, evidence_id) VALUES ('NAME_paraffin_synthetic', 'US_FDA', 'permitted', 'PERMITTED per 21 CFR §175.250 (Indirect Food Additives: Adhesives and Components of Coatings)', '21 CFR §175.250', 'food', (SELECT id FROM fact_evidence WHERE source_url = 'https://www.ecfr.gov/on/2026-04-16/title-21/part-175' AND snapshot_date = '2026-04-16' LIMIT 1));
INSERT INTO ingredient (canonical_id, primary_name, ingredient_class, category, is_natural) VALUES ('NAME_partial_phosphoric_acid_esters_of_polyester_resins', 'Partial phosphoric acid esters of polyester resins', 'substance', 'food', 0) ON CONFLICT(canonical_id) DO NOTHING;
INSERT INTO ingredient_alias (canonical_id, alias, alias_normalized, alias_type, language_code, confidence, source) VALUES ('NAME_partial_phosphoric_acid_esters_of_polyester_resins', 'Partial phosphoric acid esters of polyester resins', 'partial phosphoric acid esters of polyester resins', 'synonym', 'en', 1.0, 'FDA CFR 21') ON CONFLICT(alias_normalized, alias_type, COALESCE(language_code, '')) DO NOTHING;
INSERT INTO regulatory_fact (canonical_id, jurisdiction, fact_type, status, regulation_ref, product_category, evidence_id) VALUES ('NAME_partial_phosphoric_acid_esters_of_polyester_resins', 'US_FDA', 'permitted', 'PERMITTED per 21 CFR §175.260 (Indirect Food Additives: Adhesives and Components of Coatings)', '21 CFR §175.260', 'food', (SELECT id FROM fact_evidence WHERE source_url = 'https://www.ecfr.gov/on/2026-04-16/title-21/part-175' AND snapshot_date = '2026-04-16' LIMIT 1));
INSERT INTO ingredient (canonical_id, primary_name, ingredient_class, category, is_natural) VALUES ('NAME_polyvinyl_fluoride_resins', 'Poly(vinyl fluoride) resins', 'substance', 'food', 0) ON CONFLICT(canonical_id) DO NOTHING;
INSERT INTO ingredient_alias (canonical_id, alias, alias_normalized, alias_type, language_code, confidence, source) VALUES ('NAME_polyvinyl_fluoride_resins', 'Poly(vinyl fluoride) resins', 'poly(vinyl fluoride) resins', 'synonym', 'en', 1.0, 'FDA CFR 21') ON CONFLICT(alias_normalized, alias_type, COALESCE(language_code, '')) DO NOTHING;
INSERT INTO regulatory_fact (canonical_id, jurisdiction, fact_type, status, regulation_ref, product_category, evidence_id) VALUES ('NAME_polyvinyl_fluoride_resins', 'US_FDA', 'permitted', 'PERMITTED per 21 CFR §175.270 (Indirect Food Additives: Adhesives and Components of Coatings)', '21 CFR §175.270', 'food', (SELECT id FROM fact_evidence WHERE source_url = 'https://www.ecfr.gov/on/2026-04-16/title-21/part-175' AND snapshot_date = '2026-04-16' LIMIT 1));
INSERT INTO ingredient (canonical_id, primary_name, ingredient_class, category, is_natural) VALUES ('NAME_resinous_and_polymeric_coatings', 'Resinous and polymeric coatings', 'substance', 'food', 0) ON CONFLICT(canonical_id) DO NOTHING;
INSERT INTO ingredient_alias (canonical_id, alias, alias_normalized, alias_type, language_code, confidence, source) VALUES ('NAME_resinous_and_polymeric_coatings', 'Resinous and polymeric coatings', 'resinous and polymeric coatings', 'synonym', 'en', 1.0, 'FDA CFR 21') ON CONFLICT(alias_normalized, alias_type, COALESCE(language_code, '')) DO NOTHING;
INSERT INTO regulatory_fact (canonical_id, jurisdiction, fact_type, status, regulation_ref, product_category, evidence_id) VALUES ('NAME_resinous_and_polymeric_coatings', 'US_FDA', 'permitted', 'PERMITTED per 21 CFR §175.300 (Indirect Food Additives: Adhesives and Components of Coatings)', '21 CFR §175.300', 'food', (SELECT id FROM fact_evidence WHERE source_url = 'https://www.ecfr.gov/on/2026-04-16/title-21/part-175' AND snapshot_date = '2026-04-16' LIMIT 1));
INSERT INTO ingredient (canonical_id, primary_name, ingredient_class, category, is_natural) VALUES ('NAME_resinous_and_polymeric_coatings_for_polyolefin_films', 'Resinous and polymeric coatings for polyolefin films', 'substance', 'food', 0) ON CONFLICT(canonical_id) DO NOTHING;
INSERT INTO ingredient_alias (canonical_id, alias, alias_normalized, alias_type, language_code, confidence, source) VALUES ('NAME_resinous_and_polymeric_coatings_for_polyolefin_films', 'Resinous and polymeric coatings for polyolefin films', 'resinous and polymeric coatings for polyolefin films', 'synonym', 'en', 1.0, 'FDA CFR 21') ON CONFLICT(alias_normalized, alias_type, COALESCE(language_code, '')) DO NOTHING;
INSERT INTO regulatory_fact (canonical_id, jurisdiction, fact_type, status, regulation_ref, product_category, evidence_id) VALUES ('NAME_resinous_and_polymeric_coatings_for_polyolefin_films', 'US_FDA', 'permitted', 'PERMITTED per 21 CFR §175.320 (Indirect Food Additives: Adhesives and Components of Coatings)', '21 CFR §175.320', 'food', (SELECT id FROM fact_evidence WHERE source_url = 'https://www.ecfr.gov/on/2026-04-16/title-21/part-175' AND snapshot_date = '2026-04-16' LIMIT 1));
INSERT INTO ingredient (canonical_id, primary_name, ingredient_class, category, is_natural) VALUES ('NAME_vinyl_acetatecrotonic_acid_copolymer', 'Vinyl acetate/crotonic acid copolymer', 'substance', 'food', 0) ON CONFLICT(canonical_id) DO NOTHING;
INSERT INTO ingredient_alias (canonical_id, alias, alias_normalized, alias_type, language_code, confidence, source) VALUES ('NAME_vinyl_acetatecrotonic_acid_copolymer', 'Vinyl acetate/crotonic acid copolymer', 'vinyl acetate/crotonic acid copolymer', 'synonym', 'en', 1.0, 'FDA CFR 21') ON CONFLICT(alias_normalized, alias_type, COALESCE(language_code, '')) DO NOTHING;
INSERT INTO regulatory_fact (canonical_id, jurisdiction, fact_type, status, regulation_ref, product_category, evidence_id) VALUES ('NAME_vinyl_acetatecrotonic_acid_copolymer', 'US_FDA', 'permitted', 'PERMITTED per 21 CFR §175.350 (Indirect Food Additives: Adhesives and Components of Coatings)', '21 CFR §175.350', 'food', (SELECT id FROM fact_evidence WHERE source_url = 'https://www.ecfr.gov/on/2026-04-16/title-21/part-175' AND snapshot_date = '2026-04-16' LIMIT 1));
INSERT INTO ingredient (canonical_id, primary_name, ingredient_class, category, is_natural) VALUES ('NAME_vinylidene_chloride_copolymer_coatings_for_nylon_film', 'Vinylidene chloride copolymer coatings for nylon film', 'substance', 'food', 0) ON CONFLICT(canonical_id) DO NOTHING;
INSERT INTO ingredient_alias (canonical_id, alias, alias_normalized, alias_type, language_code, confidence, source) VALUES ('NAME_vinylidene_chloride_copolymer_coatings_for_nylon_film', 'Vinylidene chloride copolymer coatings for nylon film', 'vinylidene chloride copolymer coatings for nylon film', 'synonym', 'en', 1.0, 'FDA CFR 21') ON CONFLICT(alias_normalized, alias_type, COALESCE(language_code, '')) DO NOTHING;
INSERT INTO regulatory_fact (canonical_id, jurisdiction, fact_type, status, regulation_ref, product_category, evidence_id) VALUES ('NAME_vinylidene_chloride_copolymer_coatings_for_nylon_film', 'US_FDA', 'permitted', 'PERMITTED per 21 CFR §175.360 (Indirect Food Additives: Adhesives and Components of Coatings)', '21 CFR §175.360', 'food', (SELECT id FROM fact_evidence WHERE source_url = 'https://www.ecfr.gov/on/2026-04-16/title-21/part-175' AND snapshot_date = '2026-04-16' LIMIT 1));
INSERT INTO ingredient (canonical_id, primary_name, ingredient_class, category, is_natural) VALUES ('NAME_vinylidene_chloride_copolymer_coatings_for_polycarbonate_film', 'Vinylidene chloride copolymer coatings for polycarbonate film', 'substance', 'food', 0) ON CONFLICT(canonical_id) DO NOTHING;
INSERT INTO ingredient_alias (canonical_id, alias, alias_normalized, alias_type, language_code, confidence, source) VALUES ('NAME_vinylidene_chloride_copolymer_coatings_for_polycarbonate_film', 'Vinylidene chloride copolymer coatings for polycarbonate film', 'vinylidene chloride copolymer coatings for polycarbonate film', 'synonym', 'en', 1.0, 'FDA CFR 21') ON CONFLICT(alias_normalized, alias_type, COALESCE(language_code, '')) DO NOTHING;
INSERT INTO regulatory_fact (canonical_id, jurisdiction, fact_type, status, regulation_ref, product_category, evidence_id) VALUES ('NAME_vinylidene_chloride_copolymer_coatings_for_polycarbonate_film', 'US_FDA', 'permitted', 'PERMITTED per 21 CFR §175.365 (Indirect Food Additives: Adhesives and Components of Coatings)', '21 CFR §175.365', 'food', (SELECT id FROM fact_evidence WHERE source_url = 'https://www.ecfr.gov/on/2026-04-16/title-21/part-175' AND snapshot_date = '2026-04-16' LIMIT 1));
INSERT INTO ingredient (canonical_id, primary_name, ingredient_class, category, is_natural) VALUES ('NAME_xylene_formaldehyde_resins_condensed_with_44_isopropylidenediphenol_epichlorohyd', 'Xylene-formaldehyde resins condensed with 4,4′-isopropylidenediphenol-epichlorohydrin epoxy resins', 'substance', 'food', 0) ON CONFLICT(canonical_id) DO NOTHING;
INSERT INTO ingredient_alias (canonical_id, alias, alias_normalized, alias_type, language_code, confidence, source) VALUES ('NAME_xylene_formaldehyde_resins_condensed_with_44_isopropylidenediphenol_epichlorohyd', 'Xylene-formaldehyde resins condensed with 4,4′-isopropylidenediphenol-epichlorohydrin epoxy resins', 'xylene-formaldehyde resins condensed with 4,4′-isopropylidenediphenol-epichlorohydrin epoxy resins', 'synonym', 'en', 1.0, 'FDA CFR 21') ON CONFLICT(alias_normalized, alias_type, COALESCE(language_code, '')) DO NOTHING;
INSERT INTO regulatory_fact (canonical_id, jurisdiction, fact_type, status, regulation_ref, product_category, evidence_id) VALUES ('NAME_xylene_formaldehyde_resins_condensed_with_44_isopropylidenediphenol_epichlorohyd', 'US_FDA', 'permitted', 'PERMITTED per 21 CFR §175.380 (Indirect Food Additives: Adhesives and Components of Coatings)', '21 CFR §175.380', 'food', (SELECT id FROM fact_evidence WHERE source_url = 'https://www.ecfr.gov/on/2026-04-16/title-21/part-175' AND snapshot_date = '2026-04-16' LIMIT 1));
INSERT INTO ingredient (canonical_id, primary_name, ingredient_class, category, is_natural) VALUES ('NAME_zinc_silicon_dioxide_matrix_coatings', 'Zinc-silicon dioxide matrix coatings', 'substance', 'food', 0) ON CONFLICT(canonical_id) DO NOTHING;
INSERT INTO ingredient_alias (canonical_id, alias, alias_normalized, alias_type, language_code, confidence, source) VALUES ('NAME_zinc_silicon_dioxide_matrix_coatings', 'Zinc-silicon dioxide matrix coatings', 'zinc-silicon dioxide matrix coatings', 'synonym', 'en', 1.0, 'FDA CFR 21') ON CONFLICT(alias_normalized, alias_type, COALESCE(language_code, '')) DO NOTHING;
INSERT INTO regulatory_fact (canonical_id, jurisdiction, fact_type, status, regulation_ref, product_category, evidence_id) VALUES ('NAME_zinc_silicon_dioxide_matrix_coatings', 'US_FDA', 'permitted', 'PERMITTED per 21 CFR §175.390 (Indirect Food Additives: Adhesives and Components of Coatings)', '21 CFR §175.390', 'food', (SELECT id FROM fact_evidence WHERE source_url = 'https://www.ecfr.gov/on/2026-04-16/title-21/part-175' AND snapshot_date = '2026-04-16' LIMIT 1));
INSERT INTO ingredient (canonical_id, primary_name, ingredient_class, category, is_natural) VALUES ('NAME_acrylamide_acrylic_acid_resins', 'Acrylamide-acrylic acid resins', 'substance', 'food', 0) ON CONFLICT(canonical_id) DO NOTHING;
INSERT INTO ingredient_alias (canonical_id, alias, alias_normalized, alias_type, language_code, confidence, source) VALUES ('NAME_acrylamide_acrylic_acid_resins', 'Acrylamide-acrylic acid resins', 'acrylamide-acrylic acid resins', 'synonym', 'en', 1.0, 'FDA CFR 21') ON CONFLICT(alias_normalized, alias_type, COALESCE(language_code, '')) DO NOTHING;
INSERT INTO regulatory_fact (canonical_id, jurisdiction, fact_type, status, regulation_ref, product_category, evidence_id) VALUES ('NAME_acrylamide_acrylic_acid_resins', 'US_FDA', 'permitted', 'PERMITTED per 21 CFR §176.110 (Indirect Food Additives: Paper and Paperboard Components)', '21 CFR §176.110', 'food', (SELECT id FROM fact_evidence WHERE source_url = 'https://www.ecfr.gov/on/2026-04-16/title-21/part-176' AND snapshot_date = '2026-04-16' LIMIT 1));
INSERT INTO ingredient (canonical_id, primary_name, ingredient_class, category, is_natural) VALUES ('NAME_alkyl_ketene_dimers', 'Alkyl ketene dimers', 'substance', 'food', 0) ON CONFLICT(canonical_id) DO NOTHING;
INSERT INTO ingredient_alias (canonical_id, alias, alias_normalized, alias_type, language_code, confidence, source) VALUES ('NAME_alkyl_ketene_dimers', 'Alkyl ketene dimers', 'alkyl ketene dimers', 'synonym', 'en', 1.0, 'FDA CFR 21') ON CONFLICT(alias_normalized, alias_type, COALESCE(language_code, '')) DO NOTHING;
INSERT INTO regulatory_fact (canonical_id, jurisdiction, fact_type, status, regulation_ref, product_category, evidence_id) VALUES ('NAME_alkyl_ketene_dimers', 'US_FDA', 'permitted', 'PERMITTED per 21 CFR §176.120 (Indirect Food Additives: Paper and Paperboard Components)', '21 CFR §176.120', 'food', (SELECT id FROM fact_evidence WHERE source_url = 'https://www.ecfr.gov/on/2026-04-16/title-21/part-176' AND snapshot_date = '2026-04-16' LIMIT 1));
INSERT INTO ingredient (canonical_id, primary_name, ingredient_class, category, is_natural) VALUES ('NAME_anti_offset_substances', 'Anti-offset substances', 'substance', 'food', 0) ON CONFLICT(canonical_id) DO NOTHING;
INSERT INTO ingredient_alias (canonical_id, alias, alias_normalized, alias_type, language_code, confidence, source) VALUES ('NAME_anti_offset_substances', 'Anti-offset substances', 'anti-offset substances', 'synonym', 'en', 1.0, 'FDA CFR 21') ON CONFLICT(alias_normalized, alias_type, COALESCE(language_code, '')) DO NOTHING;
INSERT INTO regulatory_fact (canonical_id, jurisdiction, fact_type, status, regulation_ref, product_category, evidence_id) VALUES ('NAME_anti_offset_substances', 'US_FDA', 'permitted', 'PERMITTED per 21 CFR §176.130 (Indirect Food Additives: Paper and Paperboard Components)', '21 CFR §176.130', 'food', (SELECT id FROM fact_evidence WHERE source_url = 'https://www.ecfr.gov/on/2026-04-16/title-21/part-176' AND snapshot_date = '2026-04-16' LIMIT 1));
INSERT INTO ingredient (canonical_id, primary_name, ingredient_class, category, is_natural) VALUES ('NAME_chelating_agents_used_in_the_manufacture_of_paper_and_paperboard', 'Chelating agents used in the manufacture of paper and paperboard', 'substance', 'food', 0) ON CONFLICT(canonical_id) DO NOTHING;
INSERT INTO ingredient_alias (canonical_id, alias, alias_normalized, alias_type, language_code, confidence, source) VALUES ('NAME_chelating_agents_used_in_the_manufacture_of_paper_and_paperboard', 'Chelating agents used in the manufacture of paper and paperboard', 'chelating agents used in the manufacture of paper and paperboard', 'synonym', 'en', 1.0, 'FDA CFR 21') ON CONFLICT(alias_normalized, alias_type, COALESCE(language_code, '')) DO NOTHING;
INSERT INTO regulatory_fact (canonical_id, jurisdiction, fact_type, status, regulation_ref, product_category, evidence_id) VALUES ('NAME_chelating_agents_used_in_the_manufacture_of_paper_and_paperboard', 'US_FDA', 'permitted', 'PERMITTED per 21 CFR §176.150 (Indirect Food Additives: Paper and Paperboard Components)', '21 CFR §176.150', 'food', (SELECT id FROM fact_evidence WHERE source_url = 'https://www.ecfr.gov/on/2026-04-16/title-21/part-176' AND snapshot_date = '2026-04-16' LIMIT 1));
INSERT INTO ingredient (canonical_id, primary_name, ingredient_class, category, is_natural) VALUES ('NAME_chromium_cr_iii_complex_of', 'Chromium (Cr III) complex of', 'substance', 'food', 0) ON CONFLICT(canonical_id) DO NOTHING;
INSERT INTO ingredient_alias (canonical_id, alias, alias_normalized, alias_type, language_code, confidence, source) VALUES ('NAME_chromium_cr_iii_complex_of', 'Chromium (Cr III) complex of', 'chromium (cr iii) complex of', 'synonym', 'en', 1.0, 'FDA CFR 21') ON CONFLICT(alias_normalized, alias_type, COALESCE(language_code, '')) DO NOTHING;
INSERT INTO regulatory_fact (canonical_id, jurisdiction, fact_type, status, regulation_ref, product_category, evidence_id) VALUES ('NAME_chromium_cr_iii_complex_of', 'US_FDA', 'permitted', 'PERMITTED per 21 CFR §176.160 (Indirect Food Additives: Paper and Paperboard Components)', '21 CFR §176.160', 'food', (SELECT id FROM fact_evidence WHERE source_url = 'https://www.ecfr.gov/on/2026-04-16/title-21/part-176' AND snapshot_date = '2026-04-16' LIMIT 1));
INSERT INTO ingredient (canonical_id, primary_name, ingredient_class, category, is_natural) VALUES ('NAME_components_of_paper_and_paperboard_in_contact_with_aqueous_and_fatty_foods', 'Components of paper and paperboard in contact with aqueous and fatty foods', 'substance', 'food', 0) ON CONFLICT(canonical_id) DO NOTHING;
INSERT INTO ingredient_alias (canonical_id, alias, alias_normalized, alias_type, language_code, confidence, source) VALUES ('NAME_components_of_paper_and_paperboard_in_contact_with_aqueous_and_fatty_foods', 'Components of paper and paperboard in contact with aqueous and fatty foods', 'components of paper and paperboard in contact with aqueous and fatty foods', 'synonym', 'en', 1.0, 'FDA CFR 21') ON CONFLICT(alias_normalized, alias_type, COALESCE(language_code, '')) DO NOTHING;
INSERT INTO regulatory_fact (canonical_id, jurisdiction, fact_type, status, regulation_ref, product_category, evidence_id) VALUES ('NAME_components_of_paper_and_paperboard_in_contact_with_aqueous_and_fatty_foods', 'US_FDA', 'permitted', 'PERMITTED per 21 CFR §176.170 (Indirect Food Additives: Paper and Paperboard Components)', '21 CFR §176.170', 'food', (SELECT id FROM fact_evidence WHERE source_url = 'https://www.ecfr.gov/on/2026-04-16/title-21/part-176' AND snapshot_date = '2026-04-16' LIMIT 1));
INSERT INTO ingredient (canonical_id, primary_name, ingredient_class, category, is_natural) VALUES ('NAME_components_of_paper_and_paperboard_in_contact_with_dry_food', 'Components of paper and paperboard in contact with dry food', 'substance', 'food', 0) ON CONFLICT(canonical_id) DO NOTHING;
INSERT INTO ingredient_alias (canonical_id, alias, alias_normalized, alias_type, language_code, confidence, source) VALUES ('NAME_components_of_paper_and_paperboard_in_contact_with_dry_food', 'Components of paper and paperboard in contact with dry food', 'components of paper and paperboard in contact with dry food', 'synonym', 'en', 1.0, 'FDA CFR 21') ON CONFLICT(alias_normalized, alias_type, COALESCE(language_code, '')) DO NOTHING;
INSERT INTO regulatory_fact (canonical_id, jurisdiction, fact_type, status, regulation_ref, product_category, evidence_id) VALUES ('NAME_components_of_paper_and_paperboard_in_contact_with_dry_food', 'US_FDA', 'permitted', 'PERMITTED per 21 CFR §176.180 (Indirect Food Additives: Paper and Paperboard Components)', '21 CFR §176.180', 'food', (SELECT id FROM fact_evidence WHERE source_url = 'https://www.ecfr.gov/on/2026-04-16/title-21/part-176' AND snapshot_date = '2026-04-16' LIMIT 1));
INSERT INTO ingredient (canonical_id, primary_name, ingredient_class, category, is_natural) VALUES ('NAME_defoaming_agents_used_in_coatings', 'Defoaming agents used in coatings', 'substance', 'food', 0) ON CONFLICT(canonical_id) DO NOTHING;
INSERT INTO ingredient_alias (canonical_id, alias, alias_normalized, alias_type, language_code, confidence, source) VALUES ('NAME_defoaming_agents_used_in_coatings', 'Defoaming agents used in coatings', 'defoaming agents used in coatings', 'synonym', 'en', 1.0, 'FDA CFR 21') ON CONFLICT(alias_normalized, alias_type, COALESCE(language_code, '')) DO NOTHING;
INSERT INTO regulatory_fact (canonical_id, jurisdiction, fact_type, status, regulation_ref, product_category, evidence_id) VALUES ('NAME_defoaming_agents_used_in_coatings', 'US_FDA', 'permitted', 'PERMITTED per 21 CFR §176.200 (Indirect Food Additives: Paper and Paperboard Components)', '21 CFR §176.200', 'food', (SELECT id FROM fact_evidence WHERE source_url = 'https://www.ecfr.gov/on/2026-04-16/title-21/part-176' AND snapshot_date = '2026-04-16' LIMIT 1));
INSERT INTO ingredient (canonical_id, primary_name, ingredient_class, category, is_natural) VALUES ('NAME_defoaming_agents_used_in_the_manufacture_of_paper_and_paperboard', 'Defoaming agents used in the manufacture of paper and paperboard', 'substance', 'food', 0) ON CONFLICT(canonical_id) DO NOTHING;
INSERT INTO ingredient_alias (canonical_id, alias, alias_normalized, alias_type, language_code, confidence, source) VALUES ('NAME_defoaming_agents_used_in_the_manufacture_of_paper_and_paperboard', 'Defoaming agents used in the manufacture of paper and paperboard', 'defoaming agents used in the manufacture of paper and paperboard', 'synonym', 'en', 1.0, 'FDA CFR 21') ON CONFLICT(alias_normalized, alias_type, COALESCE(language_code, '')) DO NOTHING;
INSERT INTO regulatory_fact (canonical_id, jurisdiction, fact_type, status, regulation_ref, product_category, evidence_id) VALUES ('NAME_defoaming_agents_used_in_the_manufacture_of_paper_and_paperboard', 'US_FDA', 'permitted', 'PERMITTED per 21 CFR §176.210 (Indirect Food Additives: Paper and Paperboard Components)', '21 CFR §176.210', 'food', (SELECT id FROM fact_evidence WHERE source_url = 'https://www.ecfr.gov/on/2026-04-16/title-21/part-176' AND snapshot_date = '2026-04-16' LIMIT 1));
INSERT INTO ingredient (canonical_id, primary_name, ingredient_class, category, is_natural) VALUES ('NAME_35_dimethyl_1352', '3,5-Dimethyl-1,3,5,2', 'substance', 'food', 0) ON CONFLICT(canonical_id) DO NOTHING;
INSERT INTO ingredient_alias (canonical_id, alias, alias_normalized, alias_type, language_code, confidence, source) VALUES ('NAME_35_dimethyl_1352', '3,5-Dimethyl-1,3,5,2', '3,5-dimethyl-1,3,5,2', 'synonym', 'en', 1.0, 'FDA CFR 21') ON CONFLICT(alias_normalized, alias_type, COALESCE(language_code, '')) DO NOTHING;
INSERT INTO regulatory_fact (canonical_id, jurisdiction, fact_type, status, regulation_ref, product_category, evidence_id) VALUES ('NAME_35_dimethyl_1352', 'US_FDA', 'permitted', 'PERMITTED per 21 CFR §176.230 (Indirect Food Additives: Paper and Paperboard Components)', '21 CFR §176.230', 'food', (SELECT id FROM fact_evidence WHERE source_url = 'https://www.ecfr.gov/on/2026-04-16/title-21/part-176' AND snapshot_date = '2026-04-16' LIMIT 1));
INSERT INTO ingredient (canonical_id, primary_name, ingredient_class, category, is_natural) VALUES ('NAME_poly_1471013_pentaaza_15_hydroxyhexadecane', 'Poly-1,4,7,10,13-pentaaza-15-hydroxyhexadecane', 'substance', 'food', 0) ON CONFLICT(canonical_id) DO NOTHING;
INSERT INTO ingredient_alias (canonical_id, alias, alias_normalized, alias_type, language_code, confidence, source) VALUES ('NAME_poly_1471013_pentaaza_15_hydroxyhexadecane', 'Poly-1,4,7,10,13-pentaaza-15-hydroxyhexadecane', 'poly-1,4,7,10,13-pentaaza-15-hydroxyhexadecane', 'synonym', 'en', 1.0, 'FDA CFR 21') ON CONFLICT(alias_normalized, alias_type, COALESCE(language_code, '')) DO NOTHING;
INSERT INTO regulatory_fact (canonical_id, jurisdiction, fact_type, status, regulation_ref, product_category, evidence_id) VALUES ('NAME_poly_1471013_pentaaza_15_hydroxyhexadecane', 'US_FDA', 'permitted', 'PERMITTED per 21 CFR §176.250 (Indirect Food Additives: Paper and Paperboard Components)', '21 CFR §176.250', 'food', (SELECT id FROM fact_evidence WHERE source_url = 'https://www.ecfr.gov/on/2026-04-16/title-21/part-176' AND snapshot_date = '2026-04-16' LIMIT 1));
INSERT INTO ingredient (canonical_id, primary_name, ingredient_class, category, is_natural) VALUES ('NAME_pulp_from_reclaimed_fiber', 'Pulp from reclaimed fiber', 'substance', 'food', 0) ON CONFLICT(canonical_id) DO NOTHING;
INSERT INTO ingredient_alias (canonical_id, alias, alias_normalized, alias_type, language_code, confidence, source) VALUES ('NAME_pulp_from_reclaimed_fiber', 'Pulp from reclaimed fiber', 'pulp from reclaimed fiber', 'synonym', 'en', 1.0, 'FDA CFR 21') ON CONFLICT(alias_normalized, alias_type, COALESCE(language_code, '')) DO NOTHING;
INSERT INTO regulatory_fact (canonical_id, jurisdiction, fact_type, status, regulation_ref, product_category, evidence_id) VALUES ('NAME_pulp_from_reclaimed_fiber', 'US_FDA', 'permitted', 'PERMITTED per 21 CFR §176.260 (Indirect Food Additives: Paper and Paperboard Components)', '21 CFR §176.260', 'food', (SELECT id FROM fact_evidence WHERE source_url = 'https://www.ecfr.gov/on/2026-04-16/title-21/part-176' AND snapshot_date = '2026-04-16' LIMIT 1));
INSERT INTO ingredient (canonical_id, primary_name, ingredient_class, category, is_natural) VALUES ('NAME_slimicides', 'Slimicides', 'substance', 'food', 0) ON CONFLICT(canonical_id) DO NOTHING;
INSERT INTO ingredient_alias (canonical_id, alias, alias_normalized, alias_type, language_code, confidence, source) VALUES ('NAME_slimicides', 'Slimicides', 'slimicides', 'synonym', 'en', 1.0, 'FDA CFR 21') ON CONFLICT(alias_normalized, alias_type, COALESCE(language_code, '')) DO NOTHING;
INSERT INTO regulatory_fact (canonical_id, jurisdiction, fact_type, status, regulation_ref, product_category, evidence_id) VALUES ('NAME_slimicides', 'US_FDA', 'permitted', 'PERMITTED per 21 CFR §176.300 (Indirect Food Additives: Paper and Paperboard Components)', '21 CFR §176.300', 'food', (SELECT id FROM fact_evidence WHERE source_url = 'https://www.ecfr.gov/on/2026-04-16/title-21/part-176' AND snapshot_date = '2026-04-16' LIMIT 1));
INSERT INTO ingredient (canonical_id, primary_name, ingredient_class, category, is_natural) VALUES ('NAME_sodium_nitrate_urea_complex', 'Sodium nitrate-urea complex', 'substance', 'food', 0) ON CONFLICT(canonical_id) DO NOTHING;
INSERT INTO ingredient_alias (canonical_id, alias, alias_normalized, alias_type, language_code, confidence, source) VALUES ('NAME_sodium_nitrate_urea_complex', 'Sodium nitrate-urea complex', 'sodium nitrate-urea complex', 'synonym', 'en', 1.0, 'FDA CFR 21') ON CONFLICT(alias_normalized, alias_type, COALESCE(language_code, '')) DO NOTHING;
INSERT INTO regulatory_fact (canonical_id, jurisdiction, fact_type, status, regulation_ref, product_category, evidence_id) VALUES ('NAME_sodium_nitrate_urea_complex', 'US_FDA', 'permitted', 'PERMITTED per 21 CFR §176.320 (Indirect Food Additives: Paper and Paperboard Components)', '21 CFR §176.320', 'food', (SELECT id FROM fact_evidence WHERE source_url = 'https://www.ecfr.gov/on/2026-04-16/title-21/part-176' AND snapshot_date = '2026-04-16' LIMIT 1));
INSERT INTO ingredient (canonical_id, primary_name, ingredient_class, category, is_natural) VALUES ('NAME_tamarind_seed_kernel_powder', 'Tamarind seed kernel powder', 'substance', 'food', 0) ON CONFLICT(canonical_id) DO NOTHING;
INSERT INTO ingredient_alias (canonical_id, alias, alias_normalized, alias_type, language_code, confidence, source) VALUES ('NAME_tamarind_seed_kernel_powder', 'Tamarind seed kernel powder', 'tamarind seed kernel powder', 'synonym', 'en', 1.0, 'FDA CFR 21') ON CONFLICT(alias_normalized, alias_type, COALESCE(language_code, '')) DO NOTHING;
INSERT INTO regulatory_fact (canonical_id, jurisdiction, fact_type, status, regulation_ref, product_category, evidence_id) VALUES ('NAME_tamarind_seed_kernel_powder', 'US_FDA', 'permitted', 'PERMITTED per 21 CFR §176.350 (Indirect Food Additives: Paper and Paperboard Components)', '21 CFR §176.350', 'food', (SELECT id FROM fact_evidence WHERE source_url = 'https://www.ecfr.gov/on/2026-04-16/title-21/part-176' AND snapshot_date = '2026-04-16' LIMIT 1));
INSERT INTO ingredient (canonical_id, primary_name, ingredient_class, category, is_natural) VALUES ('NAME_acrylic_and_modified_acrylic_plastics_semirigid_and_rigid', 'Acrylic and modified acrylic plastics, semirigid and rigid', 'substance', 'food', 0) ON CONFLICT(canonical_id) DO NOTHING;
INSERT INTO ingredient_alias (canonical_id, alias, alias_normalized, alias_type, language_code, confidence, source) VALUES ('NAME_acrylic_and_modified_acrylic_plastics_semirigid_and_rigid', 'Acrylic and modified acrylic plastics, semirigid and rigid', 'acrylic and modified acrylic plastics, semirigid and rigid', 'synonym', 'en', 1.0, 'FDA CFR 21') ON CONFLICT(alias_normalized, alias_type, COALESCE(language_code, '')) DO NOTHING;
INSERT INTO regulatory_fact (canonical_id, jurisdiction, fact_type, status, regulation_ref, product_category, evidence_id) VALUES ('NAME_acrylic_and_modified_acrylic_plastics_semirigid_and_rigid', 'US_FDA', 'permitted', 'PERMITTED per 21 CFR §177.1010 (Indirect Food Additives: Polymers)', '21 CFR §177.1010', 'food', (SELECT id FROM fact_evidence WHERE source_url = 'https://www.ecfr.gov/on/2026-04-16/title-21/part-177' AND snapshot_date = '2026-04-16' LIMIT 1));
INSERT INTO ingredient (canonical_id, primary_name, ingredient_class, category, is_natural) VALUES ('NAME_acrylonitrilebutadienestyrene_co_polymer', 'Acrylonitrile/butadiene/styrene co-polymer', 'substance', 'food', 0) ON CONFLICT(canonical_id) DO NOTHING;
INSERT INTO ingredient_alias (canonical_id, alias, alias_normalized, alias_type, language_code, confidence, source) VALUES ('NAME_acrylonitrilebutadienestyrene_co_polymer', 'Acrylonitrile/butadiene/styrene co-polymer', 'acrylonitrile/butadiene/styrene co-polymer', 'synonym', 'en', 1.0, 'FDA CFR 21') ON CONFLICT(alias_normalized, alias_type, COALESCE(language_code, '')) DO NOTHING;
INSERT INTO regulatory_fact (canonical_id, jurisdiction, fact_type, status, regulation_ref, product_category, evidence_id) VALUES ('NAME_acrylonitrilebutadienestyrene_co_polymer', 'US_FDA', 'permitted', 'PERMITTED per 21 CFR §177.1020 (Indirect Food Additives: Polymers)', '21 CFR §177.1020', 'food', (SELECT id FROM fact_evidence WHERE source_url = 'https://www.ecfr.gov/on/2026-04-16/title-21/part-177' AND snapshot_date = '2026-04-16' LIMIT 1));
INSERT INTO ingredient (canonical_id, primary_name, ingredient_class, category, is_natural) VALUES ('NAME_acrylonitrilebutadienestyrenemethyl_methacrylate_copolymer', 'Acrylonitrile/butadiene/styrene/methyl methacrylate copolymer', 'substance', 'food', 0) ON CONFLICT(canonical_id) DO NOTHING;
INSERT INTO ingredient_alias (canonical_id, alias, alias_normalized, alias_type, language_code, confidence, source) VALUES ('NAME_acrylonitrilebutadienestyrenemethyl_methacrylate_copolymer', 'Acrylonitrile/butadiene/styrene/methyl methacrylate copolymer', 'acrylonitrile/butadiene/styrene/methyl methacrylate copolymer', 'synonym', 'en', 1.0, 'FDA CFR 21') ON CONFLICT(alias_normalized, alias_type, COALESCE(language_code, '')) DO NOTHING;
INSERT INTO regulatory_fact (canonical_id, jurisdiction, fact_type, status, regulation_ref, product_category, evidence_id) VALUES ('NAME_acrylonitrilebutadienestyrenemethyl_methacrylate_copolymer', 'US_FDA', 'permitted', 'PERMITTED per 21 CFR §177.1030 (Indirect Food Additives: Polymers)', '21 CFR §177.1030', 'food', (SELECT id FROM fact_evidence WHERE source_url = 'https://www.ecfr.gov/on/2026-04-16/title-21/part-177' AND snapshot_date = '2026-04-16' LIMIT 1));
INSERT INTO ingredient (canonical_id, primary_name, ingredient_class, category, is_natural) VALUES ('NAME_acrylonitrilestyrene_copoly_mer', 'Acrylonitrile/styrene copoly-mer', 'substance', 'food', 0) ON CONFLICT(canonical_id) DO NOTHING;
INSERT INTO ingredient_alias (canonical_id, alias, alias_normalized, alias_type, language_code, confidence, source) VALUES ('NAME_acrylonitrilestyrene_copoly_mer', 'Acrylonitrile/styrene copoly-mer', 'acrylonitrile/styrene copoly-mer', 'synonym', 'en', 1.0, 'FDA CFR 21') ON CONFLICT(alias_normalized, alias_type, COALESCE(language_code, '')) DO NOTHING;
INSERT INTO regulatory_fact (canonical_id, jurisdiction, fact_type, status, regulation_ref, product_category, evidence_id) VALUES ('NAME_acrylonitrilestyrene_copoly_mer', 'US_FDA', 'permitted', 'PERMITTED per 21 CFR §177.1040 (Indirect Food Additives: Polymers)', '21 CFR §177.1040', 'food', (SELECT id FROM fact_evidence WHERE source_url = 'https://www.ecfr.gov/on/2026-04-16/title-21/part-177' AND snapshot_date = '2026-04-16' LIMIT 1));
INSERT INTO ingredient (canonical_id, primary_name, ingredient_class, category, is_natural) VALUES ('NAME_acrylonitrilestyrene_copoly_mer_modified_with_butadienestyrene_elastomer', 'Acrylonitrile/styrene copoly-mer modified with butadiene/styrene elastomer', 'substance', 'food', 0) ON CONFLICT(canonical_id) DO NOTHING;
INSERT INTO ingredient_alias (canonical_id, alias, alias_normalized, alias_type, language_code, confidence, source) VALUES ('NAME_acrylonitrilestyrene_copoly_mer_modified_with_butadienestyrene_elastomer', 'Acrylonitrile/styrene copoly-mer modified with butadiene/styrene elastomer', 'acrylonitrile/styrene copoly-mer modified with butadiene/styrene elastomer', 'synonym', 'en', 1.0, 'FDA CFR 21') ON CONFLICT(alias_normalized, alias_type, COALESCE(language_code, '')) DO NOTHING;
INSERT INTO regulatory_fact (canonical_id, jurisdiction, fact_type, status, regulation_ref, product_category, evidence_id) VALUES ('NAME_acrylonitrilestyrene_copoly_mer_modified_with_butadienestyrene_elastomer', 'US_FDA', 'permitted', 'PERMITTED per 21 CFR §177.1050 (Indirect Food Additives: Polymers)', '21 CFR §177.1050', 'food', (SELECT id FROM fact_evidence WHERE source_url = 'https://www.ecfr.gov/on/2026-04-16/title-21/part-177' AND snapshot_date = '2026-04-16' LIMIT 1));
INSERT INTO ingredient (canonical_id, primary_name, ingredient_class, category, is_natural) VALUES ('NAME_cellophane', 'Cellophane', 'substance', 'food', 0) ON CONFLICT(canonical_id) DO NOTHING;
INSERT INTO ingredient_alias (canonical_id, alias, alias_normalized, alias_type, language_code, confidence, source) VALUES ('NAME_cellophane', 'Cellophane', 'cellophane', 'synonym', 'en', 1.0, 'FDA CFR 21') ON CONFLICT(alias_normalized, alias_type, COALESCE(language_code, '')) DO NOTHING;
INSERT INTO regulatory_fact (canonical_id, jurisdiction, fact_type, status, regulation_ref, product_category, evidence_id) VALUES ('NAME_cellophane', 'US_FDA', 'permitted', 'PERMITTED per 21 CFR §177.1200 (Indirect Food Additives: Polymers)', '21 CFR §177.1200', 'food', (SELECT id FROM fact_evidence WHERE source_url = 'https://www.ecfr.gov/on/2026-04-16/title-21/part-177' AND snapshot_date = '2026-04-16' LIMIT 1));
INSERT INTO ingredient (canonical_id, primary_name, ingredient_class, category, is_natural) VALUES ('NAME_closures_with_sealing_gaskets_for_food_containers', 'Closures with sealing gaskets for food containers', 'substance', 'food', 0) ON CONFLICT(canonical_id) DO NOTHING;
INSERT INTO ingredient_alias (canonical_id, alias, alias_normalized, alias_type, language_code, confidence, source) VALUES ('NAME_closures_with_sealing_gaskets_for_food_containers', 'Closures with sealing gaskets for food containers', 'closures with sealing gaskets for food containers', 'synonym', 'en', 1.0, 'FDA CFR 21') ON CONFLICT(alias_normalized, alias_type, COALESCE(language_code, '')) DO NOTHING;
INSERT INTO regulatory_fact (canonical_id, jurisdiction, fact_type, status, regulation_ref, product_category, evidence_id) VALUES ('NAME_closures_with_sealing_gaskets_for_food_containers', 'US_FDA', 'permitted', 'PERMITTED per 21 CFR §177.1210 (Indirect Food Additives: Polymers)', '21 CFR §177.1210', 'food', (SELECT id FROM fact_evidence WHERE source_url = 'https://www.ecfr.gov/on/2026-04-16/title-21/part-177' AND snapshot_date = '2026-04-16' LIMIT 1));
INSERT INTO ingredient (canonical_id, primary_name, ingredient_class, category, is_natural) VALUES ('NAME_cross_linked_polyacrylate_copolymers', 'Cross-linked polyacrylate copolymers', 'substance', 'food', 0) ON CONFLICT(canonical_id) DO NOTHING;
INSERT INTO ingredient_alias (canonical_id, alias, alias_normalized, alias_type, language_code, confidence, source) VALUES ('NAME_cross_linked_polyacrylate_copolymers', 'Cross-linked polyacrylate copolymers', 'cross-linked polyacrylate copolymers', 'synonym', 'en', 1.0, 'FDA CFR 21') ON CONFLICT(alias_normalized, alias_type, COALESCE(language_code, '')) DO NOTHING;
INSERT INTO regulatory_fact (canonical_id, jurisdiction, fact_type, status, regulation_ref, product_category, evidence_id) VALUES ('NAME_cross_linked_polyacrylate_copolymers', 'US_FDA', 'permitted', 'PERMITTED per 21 CFR §177.1211 (Indirect Food Additives: Polymers)', '21 CFR §177.1211', 'food', (SELECT id FROM fact_evidence WHERE source_url = 'https://www.ecfr.gov/on/2026-04-16/title-21/part-177' AND snapshot_date = '2026-04-16' LIMIT 1));
INSERT INTO ingredient (canonical_id, primary_name, ingredient_class, category, is_natural) VALUES ('NAME_14_cyclohexylene_dimethylene_terephthalate_and_14_cyclohexylene_dimethylene_isop', '1,4-Cyclohexylene dimethylene terephthalate and 1,4-cyclohexylene dimethylene isophthalate copolymer', 'substance', 'food', 0) ON CONFLICT(canonical_id) DO NOTHING;
INSERT INTO ingredient_alias (canonical_id, alias, alias_normalized, alias_type, language_code, confidence, source) VALUES ('NAME_14_cyclohexylene_dimethylene_terephthalate_and_14_cyclohexylene_dimethylene_isop', '1,4-Cyclohexylene dimethylene terephthalate and 1,4-cyclohexylene dimethylene isophthalate copolymer', '1,4-cyclohexylene dimethylene terephthalate and 1,4-cyclohexylene dimethylene isophthalate copolymer', 'synonym', 'en', 1.0, 'FDA CFR 21') ON CONFLICT(alias_normalized, alias_type, COALESCE(language_code, '')) DO NOTHING;
INSERT INTO regulatory_fact (canonical_id, jurisdiction, fact_type, status, regulation_ref, product_category, evidence_id) VALUES ('NAME_14_cyclohexylene_dimethylene_terephthalate_and_14_cyclohexylene_dimethylene_isop', 'US_FDA', 'permitted', 'PERMITTED per 21 CFR §177.1240 (Indirect Food Additives: Polymers)', '21 CFR §177.1240', 'food', (SELECT id FROM fact_evidence WHERE source_url = 'https://www.ecfr.gov/on/2026-04-16/title-21/part-177' AND snapshot_date = '2026-04-16' LIMIT 1));
INSERT INTO ingredient (canonical_id, primary_name, ingredient_class, category, is_natural) VALUES ('NAME_ethylene_acrylic_acid_copolymers', 'Ethylene-acrylic acid copolymers', 'substance', 'food', 0) ON CONFLICT(canonical_id) DO NOTHING;
INSERT INTO ingredient_alias (canonical_id, alias, alias_normalized, alias_type, language_code, confidence, source) VALUES ('NAME_ethylene_acrylic_acid_copolymers', 'Ethylene-acrylic acid copolymers', 'ethylene-acrylic acid copolymers', 'synonym', 'en', 1.0, 'FDA CFR 21') ON CONFLICT(alias_normalized, alias_type, COALESCE(language_code, '')) DO NOTHING;
INSERT INTO regulatory_fact (canonical_id, jurisdiction, fact_type, status, regulation_ref, product_category, evidence_id) VALUES ('NAME_ethylene_acrylic_acid_copolymers', 'US_FDA', 'permitted', 'PERMITTED per 21 CFR §177.1310 (Indirect Food Additives: Polymers)', '21 CFR §177.1310', 'food', (SELECT id FROM fact_evidence WHERE source_url = 'https://www.ecfr.gov/on/2026-04-16/title-21/part-177' AND snapshot_date = '2026-04-16' LIMIT 1));
INSERT INTO ingredient (canonical_id, primary_name, ingredient_class, category, is_natural) VALUES ('NAME_ethylene_carbon_monoxide_copolymers', 'Ethylene-carbon monoxide copolymers', 'substance', 'food', 0) ON CONFLICT(canonical_id) DO NOTHING;
INSERT INTO ingredient_alias (canonical_id, alias, alias_normalized, alias_type, language_code, confidence, source) VALUES ('NAME_ethylene_carbon_monoxide_copolymers', 'Ethylene-carbon monoxide copolymers', 'ethylene-carbon monoxide copolymers', 'synonym', 'en', 1.0, 'FDA CFR 21') ON CONFLICT(alias_normalized, alias_type, COALESCE(language_code, '')) DO NOTHING;
INSERT INTO regulatory_fact (canonical_id, jurisdiction, fact_type, status, regulation_ref, product_category, evidence_id) VALUES ('NAME_ethylene_carbon_monoxide_copolymers', 'US_FDA', 'permitted', 'PERMITTED per 21 CFR §177.1312 (Indirect Food Additives: Polymers)', '21 CFR §177.1312', 'food', (SELECT id FROM fact_evidence WHERE source_url = 'https://www.ecfr.gov/on/2026-04-16/title-21/part-177' AND snapshot_date = '2026-04-16' LIMIT 1));
INSERT INTO ingredient (canonical_id, primary_name, ingredient_class, category, is_natural) VALUES ('NAME_ethylene_1_4_cyclohexylene_dimethylene_terephthalate_copolymers', 'Ethylene-1, 4-cyclohexylene dimethylene terephthalate copolymers', 'substance', 'food', 0) ON CONFLICT(canonical_id) DO NOTHING;
INSERT INTO ingredient_alias (canonical_id, alias, alias_normalized, alias_type, language_code, confidence, source) VALUES ('NAME_ethylene_1_4_cyclohexylene_dimethylene_terephthalate_copolymers', 'Ethylene-1, 4-cyclohexylene dimethylene terephthalate copolymers', 'ethylene-1, 4-cyclohexylene dimethylene terephthalate copolymers', 'synonym', 'en', 1.0, 'FDA CFR 21') ON CONFLICT(alias_normalized, alias_type, COALESCE(language_code, '')) DO NOTHING;
INSERT INTO regulatory_fact (canonical_id, jurisdiction, fact_type, status, regulation_ref, product_category, evidence_id) VALUES ('NAME_ethylene_1_4_cyclohexylene_dimethylene_terephthalate_copolymers', 'US_FDA', 'permitted', 'PERMITTED per 21 CFR §177.1315 (Indirect Food Additives: Polymers)', '21 CFR §177.1315', 'food', (SELECT id FROM fact_evidence WHERE source_url = 'https://www.ecfr.gov/on/2026-04-16/title-21/part-177' AND snapshot_date = '2026-04-16' LIMIT 1));
INSERT INTO ingredient (canonical_id, primary_name, ingredient_class, category, is_natural) VALUES ('NAME_ethylene_ethyl_acrylate_copolymers', 'Ethylene-ethyl acrylate copolymers', 'substance', 'food', 0) ON CONFLICT(canonical_id) DO NOTHING;
INSERT INTO ingredient_alias (canonical_id, alias, alias_normalized, alias_type, language_code, confidence, source) VALUES ('NAME_ethylene_ethyl_acrylate_copolymers', 'Ethylene-ethyl acrylate copolymers', 'ethylene-ethyl acrylate copolymers', 'synonym', 'en', 1.0, 'FDA CFR 21') ON CONFLICT(alias_normalized, alias_type, COALESCE(language_code, '')) DO NOTHING;
INSERT INTO regulatory_fact (canonical_id, jurisdiction, fact_type, status, regulation_ref, product_category, evidence_id) VALUES ('NAME_ethylene_ethyl_acrylate_copolymers', 'US_FDA', 'permitted', 'PERMITTED per 21 CFR §177.1320 (Indirect Food Additives: Polymers)', '21 CFR §177.1320', 'food', (SELECT id FROM fact_evidence WHERE source_url = 'https://www.ecfr.gov/on/2026-04-16/title-21/part-177' AND snapshot_date = '2026-04-16' LIMIT 1));
INSERT INTO ingredient (canonical_id, primary_name, ingredient_class, category, is_natural) VALUES ('NAME_ionomeric_resins', 'Ionomeric resins', 'substance', 'food', 0) ON CONFLICT(canonical_id) DO NOTHING;
INSERT INTO ingredient_alias (canonical_id, alias, alias_normalized, alias_type, language_code, confidence, source) VALUES ('NAME_ionomeric_resins', 'Ionomeric resins', 'ionomeric resins', 'synonym', 'en', 1.0, 'FDA CFR 21') ON CONFLICT(alias_normalized, alias_type, COALESCE(language_code, '')) DO NOTHING;
INSERT INTO regulatory_fact (canonical_id, jurisdiction, fact_type, status, regulation_ref, product_category, evidence_id) VALUES ('NAME_ionomeric_resins', 'US_FDA', 'permitted', 'PERMITTED per 21 CFR §177.1330 (Indirect Food Additives: Polymers)', '21 CFR §177.1330', 'food', (SELECT id FROM fact_evidence WHERE source_url = 'https://www.ecfr.gov/on/2026-04-16/title-21/part-177' AND snapshot_date = '2026-04-16' LIMIT 1));
INSERT INTO ingredient (canonical_id, primary_name, ingredient_class, category, is_natural) VALUES ('NAME_ethylene_methyl_acrylate_copolymer_resins', 'Ethylene-methyl acrylate copolymer resins', 'substance', 'food', 0) ON CONFLICT(canonical_id) DO NOTHING;
INSERT INTO ingredient_alias (canonical_id, alias, alias_normalized, alias_type, language_code, confidence, source) VALUES ('NAME_ethylene_methyl_acrylate_copolymer_resins', 'Ethylene-methyl acrylate copolymer resins', 'ethylene-methyl acrylate copolymer resins', 'synonym', 'en', 1.0, 'FDA CFR 21') ON CONFLICT(alias_normalized, alias_type, COALESCE(language_code, '')) DO NOTHING;
INSERT INTO regulatory_fact (canonical_id, jurisdiction, fact_type, status, regulation_ref, product_category, evidence_id) VALUES ('NAME_ethylene_methyl_acrylate_copolymer_resins', 'US_FDA', 'permitted', 'PERMITTED per 21 CFR §177.1340 (Indirect Food Additives: Polymers)', '21 CFR §177.1340', 'food', (SELECT id FROM fact_evidence WHERE source_url = 'https://www.ecfr.gov/on/2026-04-16/title-21/part-177' AND snapshot_date = '2026-04-16' LIMIT 1));
INSERT INTO ingredient (canonical_id, primary_name, ingredient_class, category, is_natural) VALUES ('NAME_ethylene13_phenylene_oxyethylene_isophthalate_terephthalate_copolymer', 'Ethylene/1,3-phenylene oxyethylene isophthalate/ terephthalate copolymer', 'substance', 'food', 0) ON CONFLICT(canonical_id) DO NOTHING;
INSERT INTO ingredient_alias (canonical_id, alias, alias_normalized, alias_type, language_code, confidence, source) VALUES ('NAME_ethylene13_phenylene_oxyethylene_isophthalate_terephthalate_copolymer', 'Ethylene/1,3-phenylene oxyethylene isophthalate/ terephthalate copolymer', 'ethylene/1,3-phenylene oxyethylene isophthalate/ terephthalate copolymer', 'synonym', 'en', 1.0, 'FDA CFR 21') ON CONFLICT(alias_normalized, alias_type, COALESCE(language_code, '')) DO NOTHING;
INSERT INTO regulatory_fact (canonical_id, jurisdiction, fact_type, status, regulation_ref, product_category, evidence_id) VALUES ('NAME_ethylene13_phenylene_oxyethylene_isophthalate_terephthalate_copolymer', 'US_FDA', 'permitted', 'PERMITTED per 21 CFR §177.1345 (Indirect Food Additives: Polymers)', '21 CFR §177.1345', 'food', (SELECT id FROM fact_evidence WHERE source_url = 'https://www.ecfr.gov/on/2026-04-16/title-21/part-177' AND snapshot_date = '2026-04-16' LIMIT 1));
INSERT INTO ingredient (canonical_id, primary_name, ingredient_class, category, is_natural) VALUES ('NAME_ethylene_vinyl_acetate_copolymers', 'Ethylene-vinyl acetate copolymers', 'substance', 'food', 0) ON CONFLICT(canonical_id) DO NOTHING;
INSERT INTO ingredient_alias (canonical_id, alias, alias_normalized, alias_type, language_code, confidence, source) VALUES ('NAME_ethylene_vinyl_acetate_copolymers', 'Ethylene-vinyl acetate copolymers', 'ethylene-vinyl acetate copolymers', 'synonym', 'en', 1.0, 'FDA CFR 21') ON CONFLICT(alias_normalized, alias_type, COALESCE(language_code, '')) DO NOTHING;
INSERT INTO regulatory_fact (canonical_id, jurisdiction, fact_type, status, regulation_ref, product_category, evidence_id) VALUES ('NAME_ethylene_vinyl_acetate_copolymers', 'US_FDA', 'permitted', 'PERMITTED per 21 CFR §177.1350 (Indirect Food Additives: Polymers)', '21 CFR §177.1350', 'food', (SELECT id FROM fact_evidence WHERE source_url = 'https://www.ecfr.gov/on/2026-04-16/title-21/part-177' AND snapshot_date = '2026-04-16' LIMIT 1));
INSERT INTO ingredient (canonical_id, primary_name, ingredient_class, category, is_natural) VALUES ('NAME_ethylene_vinyl_acetate_vinyl_alcohol_copolymers', 'Ethylene-vinyl acetate-vinyl alcohol copolymers', 'substance', 'food', 0) ON CONFLICT(canonical_id) DO NOTHING;
INSERT INTO ingredient_alias (canonical_id, alias, alias_normalized, alias_type, language_code, confidence, source) VALUES ('NAME_ethylene_vinyl_acetate_vinyl_alcohol_copolymers', 'Ethylene-vinyl acetate-vinyl alcohol copolymers', 'ethylene-vinyl acetate-vinyl alcohol copolymers', 'synonym', 'en', 1.0, 'FDA CFR 21') ON CONFLICT(alias_normalized, alias_type, COALESCE(language_code, '')) DO NOTHING;
INSERT INTO regulatory_fact (canonical_id, jurisdiction, fact_type, status, regulation_ref, product_category, evidence_id) VALUES ('NAME_ethylene_vinyl_acetate_vinyl_alcohol_copolymers', 'US_FDA', 'permitted', 'PERMITTED per 21 CFR §177.1360 (Indirect Food Additives: Polymers)', '21 CFR §177.1360', 'food', (SELECT id FROM fact_evidence WHERE source_url = 'https://www.ecfr.gov/on/2026-04-16/title-21/part-177' AND snapshot_date = '2026-04-16' LIMIT 1));
INSERT INTO ingredient (canonical_id, primary_name, ingredient_class, category, is_natural) VALUES ('NAME_fluorocarbon_resins', 'Fluorocarbon resins', 'substance', 'food', 0) ON CONFLICT(canonical_id) DO NOTHING;
INSERT INTO ingredient_alias (canonical_id, alias, alias_normalized, alias_type, language_code, confidence, source) VALUES ('NAME_fluorocarbon_resins', 'Fluorocarbon resins', 'fluorocarbon resins', 'synonym', 'en', 1.0, 'FDA CFR 21') ON CONFLICT(alias_normalized, alias_type, COALESCE(language_code, '')) DO NOTHING;
INSERT INTO regulatory_fact (canonical_id, jurisdiction, fact_type, status, regulation_ref, product_category, evidence_id) VALUES ('NAME_fluorocarbon_resins', 'US_FDA', 'permitted', 'PERMITTED per 21 CFR §177.1380 (Indirect Food Additives: Polymers)', '21 CFR §177.1380', 'food', (SELECT id FROM fact_evidence WHERE source_url = 'https://www.ecfr.gov/on/2026-04-16/title-21/part-177' AND snapshot_date = '2026-04-16' LIMIT 1));
INSERT INTO ingredient (canonical_id, primary_name, ingredient_class, category, is_natural) VALUES ('NAME_laminate_structures_for_use_at_temperatures_of_250_f_and_above', 'Laminate structures for use at temperatures of 250 °F and above', 'substance', 'food', 0) ON CONFLICT(canonical_id) DO NOTHING;
INSERT INTO ingredient_alias (canonical_id, alias, alias_normalized, alias_type, language_code, confidence, source) VALUES ('NAME_laminate_structures_for_use_at_temperatures_of_250_f_and_above', 'Laminate structures for use at temperatures of 250 °F and above', 'laminate structures for use at temperatures of 250 °f and above', 'synonym', 'en', 1.0, 'FDA CFR 21') ON CONFLICT(alias_normalized, alias_type, COALESCE(language_code, '')) DO NOTHING;
INSERT INTO regulatory_fact (canonical_id, jurisdiction, fact_type, status, regulation_ref, product_category, evidence_id) VALUES ('NAME_laminate_structures_for_use_at_temperatures_of_250_f_and_above', 'US_FDA', 'permitted', 'PERMITTED per 21 CFR §177.1390 (Indirect Food Additives: Polymers)', '21 CFR §177.1390', 'food', (SELECT id FROM fact_evidence WHERE source_url = 'https://www.ecfr.gov/on/2026-04-16/title-21/part-177' AND snapshot_date = '2026-04-16' LIMIT 1));
INSERT INTO ingredient (canonical_id, primary_name, ingredient_class, category, is_natural) VALUES ('NAME_laminate_structures_for_use_at_temperatures_between_120_f_and_250_f', 'Laminate structures for use at temperatures between 120 °F and 250 °F', 'substance', 'food', 0) ON CONFLICT(canonical_id) DO NOTHING;
INSERT INTO ingredient_alias (canonical_id, alias, alias_normalized, alias_type, language_code, confidence, source) VALUES ('NAME_laminate_structures_for_use_at_temperatures_between_120_f_and_250_f', 'Laminate structures for use at temperatures between 120 °F and 250 °F', 'laminate structures for use at temperatures between 120 °f and 250 °f', 'synonym', 'en', 1.0, 'FDA CFR 21') ON CONFLICT(alias_normalized, alias_type, COALESCE(language_code, '')) DO NOTHING;
INSERT INTO regulatory_fact (canonical_id, jurisdiction, fact_type, status, regulation_ref, product_category, evidence_id) VALUES ('NAME_laminate_structures_for_use_at_temperatures_between_120_f_and_250_f', 'US_FDA', 'permitted', 'PERMITTED per 21 CFR §177.1395 (Indirect Food Additives: Polymers)', '21 CFR §177.1395', 'food', (SELECT id FROM fact_evidence WHERE source_url = 'https://www.ecfr.gov/on/2026-04-16/title-21/part-177' AND snapshot_date = '2026-04-16' LIMIT 1));
INSERT INTO ingredient (canonical_id, primary_name, ingredient_class, category, is_natural) VALUES ('NAME_hydroxyethyl_cellulose_film_water_insoluble', 'Hydroxyethyl cellulose film, water-insoluble', 'substance', 'food', 0) ON CONFLICT(canonical_id) DO NOTHING;
INSERT INTO ingredient_alias (canonical_id, alias, alias_normalized, alias_type, language_code, confidence, source) VALUES ('NAME_hydroxyethyl_cellulose_film_water_insoluble', 'Hydroxyethyl cellulose film, water-insoluble', 'hydroxyethyl cellulose film, water-insoluble', 'synonym', 'en', 1.0, 'FDA CFR 21') ON CONFLICT(alias_normalized, alias_type, COALESCE(language_code, '')) DO NOTHING;
INSERT INTO regulatory_fact (canonical_id, jurisdiction, fact_type, status, regulation_ref, product_category, evidence_id) VALUES ('NAME_hydroxyethyl_cellulose_film_water_insoluble', 'US_FDA', 'permitted', 'PERMITTED per 21 CFR §177.1400 (Indirect Food Additives: Polymers)', '21 CFR §177.1400', 'food', (SELECT id FROM fact_evidence WHERE source_url = 'https://www.ecfr.gov/on/2026-04-16/title-21/part-177' AND snapshot_date = '2026-04-16' LIMIT 1));
INSERT INTO ingredient (canonical_id, primary_name, ingredient_class, category, is_natural) VALUES ('NAME_isobutylene_polymers', 'Isobutylene polymers', 'substance', 'food', 0) ON CONFLICT(canonical_id) DO NOTHING;
INSERT INTO ingredient_alias (canonical_id, alias, alias_normalized, alias_type, language_code, confidence, source) VALUES ('NAME_isobutylene_polymers', 'Isobutylene polymers', 'isobutylene polymers', 'synonym', 'en', 1.0, 'FDA CFR 21') ON CONFLICT(alias_normalized, alias_type, COALESCE(language_code, '')) DO NOTHING;
INSERT INTO regulatory_fact (canonical_id, jurisdiction, fact_type, status, regulation_ref, product_category, evidence_id) VALUES ('NAME_isobutylene_polymers', 'US_FDA', 'permitted', 'PERMITTED per 21 CFR §177.1420 (Indirect Food Additives: Polymers)', '21 CFR §177.1420', 'food', (SELECT id FROM fact_evidence WHERE source_url = 'https://www.ecfr.gov/on/2026-04-16/title-21/part-177' AND snapshot_date = '2026-04-16' LIMIT 1));
INSERT INTO ingredient (canonical_id, primary_name, ingredient_class, category, is_natural) VALUES ('NAME_isobutylene_butene_copolymers', 'Isobutylene-butene copolymers', 'substance', 'food', 0) ON CONFLICT(canonical_id) DO NOTHING;
INSERT INTO ingredient_alias (canonical_id, alias, alias_normalized, alias_type, language_code, confidence, source) VALUES ('NAME_isobutylene_butene_copolymers', 'Isobutylene-butene copolymers', 'isobutylene-butene copolymers', 'synonym', 'en', 1.0, 'FDA CFR 21') ON CONFLICT(alias_normalized, alias_type, COALESCE(language_code, '')) DO NOTHING;
INSERT INTO regulatory_fact (canonical_id, jurisdiction, fact_type, status, regulation_ref, product_category, evidence_id) VALUES ('NAME_isobutylene_butene_copolymers', 'US_FDA', 'permitted', 'PERMITTED per 21 CFR §177.1430 (Indirect Food Additives: Polymers)', '21 CFR §177.1430', 'food', (SELECT id FROM fact_evidence WHERE source_url = 'https://www.ecfr.gov/on/2026-04-16/title-21/part-177' AND snapshot_date = '2026-04-16' LIMIT 1));
INSERT INTO ingredient (canonical_id, primary_name, ingredient_class, category, is_natural) VALUES ('NAME_44_isopropylidenediphenol_epichlorohydrin_resins_minimum_molecular_weight_10000', '4,4′-Isopropylidenediphenol-epichlorohydrin resins minimum molecular weight 10,000', 'substance', 'food', 0) ON CONFLICT(canonical_id) DO NOTHING;
INSERT INTO ingredient_alias (canonical_id, alias, alias_normalized, alias_type, language_code, confidence, source) VALUES ('NAME_44_isopropylidenediphenol_epichlorohydrin_resins_minimum_molecular_weight_10000', '4,4′-Isopropylidenediphenol-epichlorohydrin resins minimum molecular weight 10,000', '4,4′-isopropylidenediphenol-epichlorohydrin resins minimum molecular weight 10,000', 'synonym', 'en', 1.0, 'FDA CFR 21') ON CONFLICT(alias_normalized, alias_type, COALESCE(language_code, '')) DO NOTHING;
INSERT INTO regulatory_fact (canonical_id, jurisdiction, fact_type, status, regulation_ref, product_category, evidence_id) VALUES ('NAME_44_isopropylidenediphenol_epichlorohydrin_resins_minimum_molecular_weight_10000', 'US_FDA', 'permitted', 'PERMITTED per 21 CFR §177.1440 (Indirect Food Additives: Polymers)', '21 CFR §177.1440', 'food', (SELECT id FROM fact_evidence WHERE source_url = 'https://www.ecfr.gov/on/2026-04-16/title-21/part-177' AND snapshot_date = '2026-04-16' LIMIT 1));
INSERT INTO ingredient (canonical_id, primary_name, ingredient_class, category, is_natural) VALUES ('NAME_melamine_formaldehyde_resins_in_molded_articles', 'Melamine-formaldehyde resins in molded articles', 'substance', 'food', 0) ON CONFLICT(canonical_id) DO NOTHING;
INSERT INTO ingredient_alias (canonical_id, alias, alias_normalized, alias_type, language_code, confidence, source) VALUES ('NAME_melamine_formaldehyde_resins_in_molded_articles', 'Melamine-formaldehyde resins in molded articles', 'melamine-formaldehyde resins in molded articles', 'synonym', 'en', 1.0, 'FDA CFR 21') ON CONFLICT(alias_normalized, alias_type, COALESCE(language_code, '')) DO NOTHING;
INSERT INTO regulatory_fact (canonical_id, jurisdiction, fact_type, status, regulation_ref, product_category, evidence_id) VALUES ('NAME_melamine_formaldehyde_resins_in_molded_articles', 'US_FDA', 'permitted', 'PERMITTED per 21 CFR §177.1460 (Indirect Food Additives: Polymers)', '21 CFR §177.1460', 'food', (SELECT id FROM fact_evidence WHERE source_url = 'https://www.ecfr.gov/on/2026-04-16/title-21/part-177' AND snapshot_date = '2026-04-16' LIMIT 1));
INSERT INTO ingredient (canonical_id, primary_name, ingredient_class, category, is_natural) VALUES ('NAME_nitrile_rubber_modified_acrylonitrile_methyl_acrylate_copolymers', 'Nitrile rubber modified acrylonitrile-methyl acrylate copolymers', 'substance', 'food', 0) ON CONFLICT(canonical_id) DO NOTHING;
INSERT INTO ingredient_alias (canonical_id, alias, alias_normalized, alias_type, language_code, confidence, source) VALUES ('NAME_nitrile_rubber_modified_acrylonitrile_methyl_acrylate_copolymers', 'Nitrile rubber modified acrylonitrile-methyl acrylate copolymers', 'nitrile rubber modified acrylonitrile-methyl acrylate copolymers', 'synonym', 'en', 1.0, 'FDA CFR 21') ON CONFLICT(alias_normalized, alias_type, COALESCE(language_code, '')) DO NOTHING;
INSERT INTO regulatory_fact (canonical_id, jurisdiction, fact_type, status, regulation_ref, product_category, evidence_id) VALUES ('NAME_nitrile_rubber_modified_acrylonitrile_methyl_acrylate_copolymers', 'US_FDA', 'permitted', 'PERMITTED per 21 CFR §177.1480 (Indirect Food Additives: Polymers)', '21 CFR §177.1480', 'food', (SELECT id FROM fact_evidence WHERE source_url = 'https://www.ecfr.gov/on/2026-04-16/title-21/part-177' AND snapshot_date = '2026-04-16' LIMIT 1));
INSERT INTO ingredient (canonical_id, primary_name, ingredient_class, category, is_natural) VALUES ('NAME_nylon_resins', 'Nylon resins', 'substance', 'food', 0) ON CONFLICT(canonical_id) DO NOTHING;
INSERT INTO ingredient_alias (canonical_id, alias, alias_normalized, alias_type, language_code, confidence, source) VALUES ('NAME_nylon_resins', 'Nylon resins', 'nylon resins', 'synonym', 'en', 1.0, 'FDA CFR 21') ON CONFLICT(alias_normalized, alias_type, COALESCE(language_code, '')) DO NOTHING;
INSERT INTO regulatory_fact (canonical_id, jurisdiction, fact_type, status, regulation_ref, product_category, evidence_id) VALUES ('NAME_nylon_resins', 'US_FDA', 'permitted', 'PERMITTED per 21 CFR §177.1500 (Indirect Food Additives: Polymers)', '21 CFR §177.1500', 'food', (SELECT id FROM fact_evidence WHERE source_url = 'https://www.ecfr.gov/on/2026-04-16/title-21/part-177' AND snapshot_date = '2026-04-16' LIMIT 1));
INSERT INTO ingredient (canonical_id, primary_name, ingredient_class, category, is_natural) VALUES ('NAME_olefin_polymers', 'Olefin polymers', 'substance', 'food', 0) ON CONFLICT(canonical_id) DO NOTHING;
INSERT INTO ingredient_alias (canonical_id, alias, alias_normalized, alias_type, language_code, confidence, source) VALUES ('NAME_olefin_polymers', 'Olefin polymers', 'olefin polymers', 'synonym', 'en', 1.0, 'FDA CFR 21') ON CONFLICT(alias_normalized, alias_type, COALESCE(language_code, '')) DO NOTHING;
INSERT INTO regulatory_fact (canonical_id, jurisdiction, fact_type, status, regulation_ref, product_category, evidence_id) VALUES ('NAME_olefin_polymers', 'US_FDA', 'permitted', 'PERMITTED per 21 CFR §177.1520 (Indirect Food Additives: Polymers)', '21 CFR §177.1520', 'food', (SELECT id FROM fact_evidence WHERE source_url = 'https://www.ecfr.gov/on/2026-04-16/title-21/part-177' AND snapshot_date = '2026-04-16' LIMIT 1));
INSERT INTO ingredient (canonical_id, primary_name, ingredient_class, category, is_natural) VALUES ('NAME_perfluorocarbon_resins', 'Perfluorocarbon resins', 'substance', 'food', 0) ON CONFLICT(canonical_id) DO NOTHING;
INSERT INTO ingredient_alias (canonical_id, alias, alias_normalized, alias_type, language_code, confidence, source) VALUES ('NAME_perfluorocarbon_resins', 'Perfluorocarbon resins', 'perfluorocarbon resins', 'synonym', 'en', 1.0, 'FDA CFR 21') ON CONFLICT(alias_normalized, alias_type, COALESCE(language_code, '')) DO NOTHING;
INSERT INTO regulatory_fact (canonical_id, jurisdiction, fact_type, status, regulation_ref, product_category, evidence_id) VALUES ('NAME_perfluorocarbon_resins', 'US_FDA', 'permitted', 'PERMITTED per 21 CFR §177.1550 (Indirect Food Additives: Polymers)', '21 CFR §177.1550', 'food', (SELECT id FROM fact_evidence WHERE source_url = 'https://www.ecfr.gov/on/2026-04-16/title-21/part-177' AND snapshot_date = '2026-04-16' LIMIT 1));
INSERT INTO ingredient (canonical_id, primary_name, ingredient_class, category, is_natural) VALUES ('NAME_polyarylate_resins', 'Polyarylate resins', 'substance', 'food', 0) ON CONFLICT(canonical_id) DO NOTHING;
INSERT INTO ingredient_alias (canonical_id, alias, alias_normalized, alias_type, language_code, confidence, source) VALUES ('NAME_polyarylate_resins', 'Polyarylate resins', 'polyarylate resins', 'synonym', 'en', 1.0, 'FDA CFR 21') ON CONFLICT(alias_normalized, alias_type, COALESCE(language_code, '')) DO NOTHING;
INSERT INTO regulatory_fact (canonical_id, jurisdiction, fact_type, status, regulation_ref, product_category, evidence_id) VALUES ('NAME_polyarylate_resins', 'US_FDA', 'permitted', 'PERMITTED per 21 CFR §177.1555 (Indirect Food Additives: Polymers)', '21 CFR §177.1555', 'food', (SELECT id FROM fact_evidence WHERE source_url = 'https://www.ecfr.gov/on/2026-04-16/title-21/part-177' AND snapshot_date = '2026-04-16' LIMIT 1));
INSERT INTO ingredient (canonical_id, primary_name, ingredient_class, category, is_natural) VALUES ('NAME_polyaryletherketone_resins', 'Polyaryletherketone resins', 'substance', 'food', 0) ON CONFLICT(canonical_id) DO NOTHING;
INSERT INTO ingredient_alias (canonical_id, alias, alias_normalized, alias_type, language_code, confidence, source) VALUES ('NAME_polyaryletherketone_resins', 'Polyaryletherketone resins', 'polyaryletherketone resins', 'synonym', 'en', 1.0, 'FDA CFR 21') ON CONFLICT(alias_normalized, alias_type, COALESCE(language_code, '')) DO NOTHING;
INSERT INTO regulatory_fact (canonical_id, jurisdiction, fact_type, status, regulation_ref, product_category, evidence_id) VALUES ('NAME_polyaryletherketone_resins', 'US_FDA', 'permitted', 'PERMITTED per 21 CFR §177.1556 (Indirect Food Additives: Polymers)', '21 CFR §177.1556', 'food', (SELECT id FROM fact_evidence WHERE source_url = 'https://www.ecfr.gov/on/2026-04-16/title-21/part-177' AND snapshot_date = '2026-04-16' LIMIT 1));
INSERT INTO ingredient (canonical_id, primary_name, ingredient_class, category, is_natural) VALUES ('NAME_polyarylsulfone_resins', 'Polyarylsulfone resins', 'substance', 'food', 0) ON CONFLICT(canonical_id) DO NOTHING;
INSERT INTO ingredient_alias (canonical_id, alias, alias_normalized, alias_type, language_code, confidence, source) VALUES ('NAME_polyarylsulfone_resins', 'Polyarylsulfone resins', 'polyarylsulfone resins', 'synonym', 'en', 1.0, 'FDA CFR 21') ON CONFLICT(alias_normalized, alias_type, COALESCE(language_code, '')) DO NOTHING;
INSERT INTO regulatory_fact (canonical_id, jurisdiction, fact_type, status, regulation_ref, product_category, evidence_id) VALUES ('NAME_polyarylsulfone_resins', 'US_FDA', 'permitted', 'PERMITTED per 21 CFR §177.1560 (Indirect Food Additives: Polymers)', '21 CFR §177.1560', 'food', (SELECT id FROM fact_evidence WHERE source_url = 'https://www.ecfr.gov/on/2026-04-16/title-21/part-177' AND snapshot_date = '2026-04-16' LIMIT 1));
INSERT INTO ingredient (canonical_id, primary_name, ingredient_class, category, is_natural) VALUES ('NAME_poly_1_butene_resins_and_buteneethylene_copolymers', 'Poly-1-butene resins and butene/ethylene copolymers', 'substance', 'food', 0) ON CONFLICT(canonical_id) DO NOTHING;
INSERT INTO ingredient_alias (canonical_id, alias, alias_normalized, alias_type, language_code, confidence, source) VALUES ('NAME_poly_1_butene_resins_and_buteneethylene_copolymers', 'Poly-1-butene resins and butene/ethylene copolymers', 'poly-1-butene resins and butene/ethylene copolymers', 'synonym', 'en', 1.0, 'FDA CFR 21') ON CONFLICT(alias_normalized, alias_type, COALESCE(language_code, '')) DO NOTHING;
INSERT INTO regulatory_fact (canonical_id, jurisdiction, fact_type, status, regulation_ref, product_category, evidence_id) VALUES ('NAME_poly_1_butene_resins_and_buteneethylene_copolymers', 'US_FDA', 'permitted', 'PERMITTED per 21 CFR §177.1570 (Indirect Food Additives: Polymers)', '21 CFR §177.1570', 'food', (SELECT id FROM fact_evidence WHERE source_url = 'https://www.ecfr.gov/on/2026-04-16/title-21/part-177' AND snapshot_date = '2026-04-16' LIMIT 1));
INSERT INTO ingredient (canonical_id, primary_name, ingredient_class, category, is_natural) VALUES ('NAME_polycarbonate_resins', 'Polycarbonate resins', 'substance', 'food', 0) ON CONFLICT(canonical_id) DO NOTHING;
INSERT INTO ingredient_alias (canonical_id, alias, alias_normalized, alias_type, language_code, confidence, source) VALUES ('NAME_polycarbonate_resins', 'Polycarbonate resins', 'polycarbonate resins', 'synonym', 'en', 1.0, 'FDA CFR 21') ON CONFLICT(alias_normalized, alias_type, COALESCE(language_code, '')) DO NOTHING;
INSERT INTO regulatory_fact (canonical_id, jurisdiction, fact_type, status, regulation_ref, product_category, evidence_id) VALUES ('NAME_polycarbonate_resins', 'US_FDA', 'permitted', 'PERMITTED per 21 CFR §177.1580 (Indirect Food Additives: Polymers)', '21 CFR §177.1580', 'food', (SELECT id FROM fact_evidence WHERE source_url = 'https://www.ecfr.gov/on/2026-04-16/title-21/part-177' AND snapshot_date = '2026-04-16' LIMIT 1));
INSERT INTO ingredient (canonical_id, primary_name, ingredient_class, category, is_natural) VALUES ('NAME_polyestercarbonate_resins', 'Polyestercarbonate resins', 'substance', 'food', 0) ON CONFLICT(canonical_id) DO NOTHING;
INSERT INTO ingredient_alias (canonical_id, alias, alias_normalized, alias_type, language_code, confidence, source) VALUES ('NAME_polyestercarbonate_resins', 'Polyestercarbonate resins', 'polyestercarbonate resins', 'synonym', 'en', 1.0, 'FDA CFR 21') ON CONFLICT(alias_normalized, alias_type, COALESCE(language_code, '')) DO NOTHING;
INSERT INTO regulatory_fact (canonical_id, jurisdiction, fact_type, status, regulation_ref, product_category, evidence_id) VALUES ('NAME_polyestercarbonate_resins', 'US_FDA', 'permitted', 'PERMITTED per 21 CFR §177.1585 (Indirect Food Additives: Polymers)', '21 CFR §177.1585', 'food', (SELECT id FROM fact_evidence WHERE source_url = 'https://www.ecfr.gov/on/2026-04-16/title-21/part-177' AND snapshot_date = '2026-04-16' LIMIT 1));
INSERT INTO ingredient (canonical_id, primary_name, ingredient_class, category, is_natural) VALUES ('NAME_polyester_elastomers', 'Polyester elastomers', 'substance', 'food', 0) ON CONFLICT(canonical_id) DO NOTHING;
INSERT INTO ingredient_alias (canonical_id, alias, alias_normalized, alias_type, language_code, confidence, source) VALUES ('NAME_polyester_elastomers', 'Polyester elastomers', 'polyester elastomers', 'synonym', 'en', 1.0, 'FDA CFR 21') ON CONFLICT(alias_normalized, alias_type, COALESCE(language_code, '')) DO NOTHING;
INSERT INTO regulatory_fact (canonical_id, jurisdiction, fact_type, status, regulation_ref, product_category, evidence_id) VALUES ('NAME_polyester_elastomers', 'US_FDA', 'permitted', 'PERMITTED per 21 CFR §177.1590 (Indirect Food Additives: Polymers)', '21 CFR §177.1590', 'food', (SELECT id FROM fact_evidence WHERE source_url = 'https://www.ecfr.gov/on/2026-04-16/title-21/part-177' AND snapshot_date = '2026-04-16' LIMIT 1));
INSERT INTO ingredient (canonical_id, primary_name, ingredient_class, category, is_natural) VALUES ('NAME_polyetherimide_resin', 'Polyetherimide resin', 'substance', 'food', 0) ON CONFLICT(canonical_id) DO NOTHING;
INSERT INTO ingredient_alias (canonical_id, alias, alias_normalized, alias_type, language_code, confidence, source) VALUES ('NAME_polyetherimide_resin', 'Polyetherimide resin', 'polyetherimide resin', 'synonym', 'en', 1.0, 'FDA CFR 21') ON CONFLICT(alias_normalized, alias_type, COALESCE(language_code, '')) DO NOTHING;
INSERT INTO regulatory_fact (canonical_id, jurisdiction, fact_type, status, regulation_ref, product_category, evidence_id) VALUES ('NAME_polyetherimide_resin', 'US_FDA', 'permitted', 'PERMITTED per 21 CFR §177.1595 (Indirect Food Additives: Polymers)', '21 CFR §177.1595', 'food', (SELECT id FROM fact_evidence WHERE source_url = 'https://www.ecfr.gov/on/2026-04-16/title-21/part-177' AND snapshot_date = '2026-04-16' LIMIT 1));
INSERT INTO ingredient (canonical_id, primary_name, ingredient_class, category, is_natural) VALUES ('NAME_polyethylene_resins_carboxyl_modified', 'Polyethylene resins, carboxyl modified', 'substance', 'food', 0) ON CONFLICT(canonical_id) DO NOTHING;
INSERT INTO ingredient_alias (canonical_id, alias, alias_normalized, alias_type, language_code, confidence, source) VALUES ('NAME_polyethylene_resins_carboxyl_modified', 'Polyethylene resins, carboxyl modified', 'polyethylene resins, carboxyl modified', 'synonym', 'en', 1.0, 'FDA CFR 21') ON CONFLICT(alias_normalized, alias_type, COALESCE(language_code, '')) DO NOTHING;
INSERT INTO regulatory_fact (canonical_id, jurisdiction, fact_type, status, regulation_ref, product_category, evidence_id) VALUES ('NAME_polyethylene_resins_carboxyl_modified', 'US_FDA', 'permitted', 'PERMITTED per 21 CFR §177.1600 (Indirect Food Additives: Polymers)', '21 CFR §177.1600', 'food', (SELECT id FROM fact_evidence WHERE source_url = 'https://www.ecfr.gov/on/2026-04-16/title-21/part-177' AND snapshot_date = '2026-04-16' LIMIT 1));
INSERT INTO ingredient (canonical_id, primary_name, ingredient_class, category, is_natural) VALUES ('NAME_polyethylene_chlorinated', 'Polyethylene, chlorinated', 'substance', 'food', 0) ON CONFLICT(canonical_id) DO NOTHING;
INSERT INTO ingredient_alias (canonical_id, alias, alias_normalized, alias_type, language_code, confidence, source) VALUES ('NAME_polyethylene_chlorinated', 'Polyethylene, chlorinated', 'polyethylene, chlorinated', 'synonym', 'en', 1.0, 'FDA CFR 21') ON CONFLICT(alias_normalized, alias_type, COALESCE(language_code, '')) DO NOTHING;
INSERT INTO regulatory_fact (canonical_id, jurisdiction, fact_type, status, regulation_ref, product_category, evidence_id) VALUES ('NAME_polyethylene_chlorinated', 'US_FDA', 'permitted', 'PERMITTED per 21 CFR §177.1610 (Indirect Food Additives: Polymers)', '21 CFR §177.1610', 'food', (SELECT id FROM fact_evidence WHERE source_url = 'https://www.ecfr.gov/on/2026-04-16/title-21/part-177' AND snapshot_date = '2026-04-16' LIMIT 1));
INSERT INTO ingredient (canonical_id, primary_name, ingredient_class, category, is_natural) VALUES ('NAME_polyethylene_fluorinated', 'Polyethylene, fluorinated', 'substance', 'food', 0) ON CONFLICT(canonical_id) DO NOTHING;
INSERT INTO ingredient_alias (canonical_id, alias, alias_normalized, alias_type, language_code, confidence, source) VALUES ('NAME_polyethylene_fluorinated', 'Polyethylene, fluorinated', 'polyethylene, fluorinated', 'synonym', 'en', 1.0, 'FDA CFR 21') ON CONFLICT(alias_normalized, alias_type, COALESCE(language_code, '')) DO NOTHING;
INSERT INTO regulatory_fact (canonical_id, jurisdiction, fact_type, status, regulation_ref, product_category, evidence_id) VALUES ('NAME_polyethylene_fluorinated', 'US_FDA', 'permitted', 'PERMITTED per 21 CFR §177.1615 (Indirect Food Additives: Polymers)', '21 CFR §177.1615', 'food', (SELECT id FROM fact_evidence WHERE source_url = 'https://www.ecfr.gov/on/2026-04-16/title-21/part-177' AND snapshot_date = '2026-04-16' LIMIT 1));
INSERT INTO ingredient (canonical_id, primary_name, ingredient_class, category, is_natural) VALUES ('NAME_polyethylene_oxidized', 'Polyethylene, oxidized', 'substance', 'food', 0) ON CONFLICT(canonical_id) DO NOTHING;
INSERT INTO ingredient_alias (canonical_id, alias, alias_normalized, alias_type, language_code, confidence, source) VALUES ('NAME_polyethylene_oxidized', 'Polyethylene, oxidized', 'polyethylene, oxidized', 'synonym', 'en', 1.0, 'FDA CFR 21') ON CONFLICT(alias_normalized, alias_type, COALESCE(language_code, '')) DO NOTHING;
INSERT INTO regulatory_fact (canonical_id, jurisdiction, fact_type, status, regulation_ref, product_category, evidence_id) VALUES ('NAME_polyethylene_oxidized', 'US_FDA', 'permitted', 'PERMITTED per 21 CFR §177.1620 (Indirect Food Additives: Polymers)', '21 CFR §177.1620', 'food', (SELECT id FROM fact_evidence WHERE source_url = 'https://www.ecfr.gov/on/2026-04-16/title-21/part-177' AND snapshot_date = '2026-04-16' LIMIT 1));
INSERT INTO ingredient (canonical_id, primary_name, ingredient_class, category, is_natural) VALUES ('NAME_polyethylene_phthalate_polymers', 'Polyethylene phthalate polymers', 'substance', 'food', 0) ON CONFLICT(canonical_id) DO NOTHING;
INSERT INTO ingredient_alias (canonical_id, alias, alias_normalized, alias_type, language_code, confidence, source) VALUES ('NAME_polyethylene_phthalate_polymers', 'Polyethylene phthalate polymers', 'polyethylene phthalate polymers', 'synonym', 'en', 1.0, 'FDA CFR 21') ON CONFLICT(alias_normalized, alias_type, COALESCE(language_code, '')) DO NOTHING;
INSERT INTO regulatory_fact (canonical_id, jurisdiction, fact_type, status, regulation_ref, product_category, evidence_id) VALUES ('NAME_polyethylene_phthalate_polymers', 'US_FDA', 'permitted', 'PERMITTED per 21 CFR §177.1630 (Indirect Food Additives: Polymers)', '21 CFR §177.1630', 'food', (SELECT id FROM fact_evidence WHERE source_url = 'https://www.ecfr.gov/on/2026-04-16/title-21/part-177' AND snapshot_date = '2026-04-16' LIMIT 1));
INSERT INTO ingredient (canonical_id, primary_name, ingredient_class, category, is_natural) VALUES ('NAME_polyphenyleneterephthalamide_resins', 'Poly(phenyleneterephthalamide) resins', 'substance', 'food', 0) ON CONFLICT(canonical_id) DO NOTHING;
INSERT INTO ingredient_alias (canonical_id, alias, alias_normalized, alias_type, language_code, confidence, source) VALUES ('NAME_polyphenyleneterephthalamide_resins', 'Poly(phenyleneterephthalamide) resins', 'poly(phenyleneterephthalamide) resins', 'synonym', 'en', 1.0, 'FDA CFR 21') ON CONFLICT(alias_normalized, alias_type, COALESCE(language_code, '')) DO NOTHING;
INSERT INTO regulatory_fact (canonical_id, jurisdiction, fact_type, status, regulation_ref, product_category, evidence_id) VALUES ('NAME_polyphenyleneterephthalamide_resins', 'US_FDA', 'permitted', 'PERMITTED per 21 CFR §177.1632 (Indirect Food Additives: Polymers)', '21 CFR §177.1632', 'food', (SELECT id FROM fact_evidence WHERE source_url = 'https://www.ecfr.gov/on/2026-04-16/title-21/part-177' AND snapshot_date = '2026-04-16' LIMIT 1));
INSERT INTO ingredient (canonical_id, primary_name, ingredient_class, category, is_natural) VALUES ('NAME_polyp_methylstyrene_and_rubber_modified_polyp_methylstyrene', 'Poly(p-methylstyrene) and rubber-modified poly(p-methylstyrene)', 'substance', 'food', 0) ON CONFLICT(canonical_id) DO NOTHING;
INSERT INTO ingredient_alias (canonical_id, alias, alias_normalized, alias_type, language_code, confidence, source) VALUES ('NAME_polyp_methylstyrene_and_rubber_modified_polyp_methylstyrene', 'Poly(p-methylstyrene) and rubber-modified poly(p-methylstyrene)', 'poly(p-methylstyrene) and rubber-modified poly(p-methylstyrene)', 'synonym', 'en', 1.0, 'FDA CFR 21') ON CONFLICT(alias_normalized, alias_type, COALESCE(language_code, '')) DO NOTHING;
INSERT INTO regulatory_fact (canonical_id, jurisdiction, fact_type, status, regulation_ref, product_category, evidence_id) VALUES ('NAME_polyp_methylstyrene_and_rubber_modified_polyp_methylstyrene', 'US_FDA', 'permitted', 'PERMITTED per 21 CFR §177.1635 (Indirect Food Additives: Polymers)', '21 CFR §177.1635', 'food', (SELECT id FROM fact_evidence WHERE source_url = 'https://www.ecfr.gov/on/2026-04-16/title-21/part-177' AND snapshot_date = '2026-04-16' LIMIT 1));
INSERT INTO ingredient (canonical_id, primary_name, ingredient_class, category, is_natural) VALUES ('NAME_polyoxy_12_ethanediyloxycarbonyl_26_naphthalenediylcarbonyl_resins', 'Poly(oxy-1,2-ethanediyloxycarbonyl-2,6-naphthalenediylcarbonyl) resins', 'substance', 'food', 0) ON CONFLICT(canonical_id) DO NOTHING;
INSERT INTO ingredient_alias (canonical_id, alias, alias_normalized, alias_type, language_code, confidence, source) VALUES ('NAME_polyoxy_12_ethanediyloxycarbonyl_26_naphthalenediylcarbonyl_resins', 'Poly(oxy-1,2-ethanediyloxycarbonyl-2,6-naphthalenediylcarbonyl) resins', 'poly(oxy-1,2-ethanediyloxycarbonyl-2,6-naphthalenediylcarbonyl) resins', 'synonym', 'en', 1.0, 'FDA CFR 21') ON CONFLICT(alias_normalized, alias_type, COALESCE(language_code, '')) DO NOTHING;
INSERT INTO regulatory_fact (canonical_id, jurisdiction, fact_type, status, regulation_ref, product_category, evidence_id) VALUES ('NAME_polyoxy_12_ethanediyloxycarbonyl_26_naphthalenediylcarbonyl_resins', 'US_FDA', 'permitted', 'PERMITTED per 21 CFR §177.1637 (Indirect Food Additives: Polymers)', '21 CFR §177.1637', 'food', (SELECT id FROM fact_evidence WHERE source_url = 'https://www.ecfr.gov/on/2026-04-16/title-21/part-177' AND snapshot_date = '2026-04-16' LIMIT 1));
INSERT INTO ingredient (canonical_id, primary_name, ingredient_class, category, is_natural) VALUES ('NAME_polystyrene_and_rubber_modified_polystyrene', 'Polystyrene and rubber-modified polystyrene', 'substance', 'food', 0) ON CONFLICT(canonical_id) DO NOTHING;
INSERT INTO ingredient_alias (canonical_id, alias, alias_normalized, alias_type, language_code, confidence, source) VALUES ('NAME_polystyrene_and_rubber_modified_polystyrene', 'Polystyrene and rubber-modified polystyrene', 'polystyrene and rubber-modified polystyrene', 'synonym', 'en', 1.0, 'FDA CFR 21') ON CONFLICT(alias_normalized, alias_type, COALESCE(language_code, '')) DO NOTHING;
INSERT INTO regulatory_fact (canonical_id, jurisdiction, fact_type, status, regulation_ref, product_category, evidence_id) VALUES ('NAME_polystyrene_and_rubber_modified_polystyrene', 'US_FDA', 'permitted', 'PERMITTED per 21 CFR §177.1640 (Indirect Food Additives: Polymers)', '21 CFR §177.1640', 'food', (SELECT id FROM fact_evidence WHERE source_url = 'https://www.ecfr.gov/on/2026-04-16/title-21/part-177' AND snapshot_date = '2026-04-16' LIMIT 1));
INSERT INTO ingredient (canonical_id, primary_name, ingredient_class, category, is_natural) VALUES ('NAME_polysulfide_polymer_polyepoxy_resins', 'Polysulfide polymer-polyepoxy resins', 'substance', 'food', 0) ON CONFLICT(canonical_id) DO NOTHING;
INSERT INTO ingredient_alias (canonical_id, alias, alias_normalized, alias_type, language_code, confidence, source) VALUES ('NAME_polysulfide_polymer_polyepoxy_resins', 'Polysulfide polymer-polyepoxy resins', 'polysulfide polymer-polyepoxy resins', 'synonym', 'en', 1.0, 'FDA CFR 21') ON CONFLICT(alias_normalized, alias_type, COALESCE(language_code, '')) DO NOTHING;
INSERT INTO regulatory_fact (canonical_id, jurisdiction, fact_type, status, regulation_ref, product_category, evidence_id) VALUES ('NAME_polysulfide_polymer_polyepoxy_resins', 'US_FDA', 'permitted', 'PERMITTED per 21 CFR §177.1650 (Indirect Food Additives: Polymers)', '21 CFR §177.1650', 'food', (SELECT id FROM fact_evidence WHERE source_url = 'https://www.ecfr.gov/on/2026-04-16/title-21/part-177' AND snapshot_date = '2026-04-16' LIMIT 1));
INSERT INTO ingredient (canonical_id, primary_name, ingredient_class, category, is_natural) VALUES ('NAME_polysulfone_resins', 'Polysulfone resins', 'substance', 'food', 0) ON CONFLICT(canonical_id) DO NOTHING;
INSERT INTO ingredient_alias (canonical_id, alias, alias_normalized, alias_type, language_code, confidence, source) VALUES ('NAME_polysulfone_resins', 'Polysulfone resins', 'polysulfone resins', 'synonym', 'en', 1.0, 'FDA CFR 21') ON CONFLICT(alias_normalized, alias_type, COALESCE(language_code, '')) DO NOTHING;
INSERT INTO regulatory_fact (canonical_id, jurisdiction, fact_type, status, regulation_ref, product_category, evidence_id) VALUES ('NAME_polysulfone_resins', 'US_FDA', 'permitted', 'PERMITTED per 21 CFR §177.1655 (Indirect Food Additives: Polymers)', '21 CFR §177.1655', 'food', (SELECT id FROM fact_evidence WHERE source_url = 'https://www.ecfr.gov/on/2026-04-16/title-21/part-177' AND snapshot_date = '2026-04-16' LIMIT 1));
INSERT INTO ingredient (canonical_id, primary_name, ingredient_class, category, is_natural) VALUES ('NAME_poly_tetramethylene_terephthalate', 'Poly (tetramethylene terephthalate)', 'substance', 'food', 0) ON CONFLICT(canonical_id) DO NOTHING;
INSERT INTO ingredient_alias (canonical_id, alias, alias_normalized, alias_type, language_code, confidence, source) VALUES ('NAME_poly_tetramethylene_terephthalate', 'Poly (tetramethylene terephthalate)', 'poly (tetramethylene terephthalate)', 'synonym', 'en', 1.0, 'FDA CFR 21') ON CONFLICT(alias_normalized, alias_type, COALESCE(language_code, '')) DO NOTHING;
INSERT INTO regulatory_fact (canonical_id, jurisdiction, fact_type, status, regulation_ref, product_category, evidence_id) VALUES ('NAME_poly_tetramethylene_terephthalate', 'US_FDA', 'permitted', 'PERMITTED per 21 CFR §177.1660 (Indirect Food Additives: Polymers)', '21 CFR §177.1660', 'food', (SELECT id FROM fact_evidence WHERE source_url = 'https://www.ecfr.gov/on/2026-04-16/title-21/part-177' AND snapshot_date = '2026-04-16' LIMIT 1));
INSERT INTO ingredient (canonical_id, primary_name, ingredient_class, category, is_natural) VALUES ('NAME_polyvinyl_alcohol_film', 'Polyvinyl alcohol film', 'substance', 'food', 0) ON CONFLICT(canonical_id) DO NOTHING;
INSERT INTO ingredient_alias (canonical_id, alias, alias_normalized, alias_type, language_code, confidence, source) VALUES ('NAME_polyvinyl_alcohol_film', 'Polyvinyl alcohol film', 'polyvinyl alcohol film', 'synonym', 'en', 1.0, 'FDA CFR 21') ON CONFLICT(alias_normalized, alias_type, COALESCE(language_code, '')) DO NOTHING;
INSERT INTO regulatory_fact (canonical_id, jurisdiction, fact_type, status, regulation_ref, product_category, evidence_id) VALUES ('NAME_polyvinyl_alcohol_film', 'US_FDA', 'permitted', 'PERMITTED per 21 CFR §177.1670 (Indirect Food Additives: Polymers)', '21 CFR §177.1670', 'food', (SELECT id FROM fact_evidence WHERE source_url = 'https://www.ecfr.gov/on/2026-04-16/title-21/part-177' AND snapshot_date = '2026-04-16' LIMIT 1));
INSERT INTO ingredient (canonical_id, primary_name, ingredient_class, category, is_natural) VALUES ('NAME_polyurethane_resins', 'Polyurethane resins', 'substance', 'food', 0) ON CONFLICT(canonical_id) DO NOTHING;
INSERT INTO ingredient_alias (canonical_id, alias, alias_normalized, alias_type, language_code, confidence, source) VALUES ('NAME_polyurethane_resins', 'Polyurethane resins', 'polyurethane resins', 'synonym', 'en', 1.0, 'FDA CFR 21') ON CONFLICT(alias_normalized, alias_type, COALESCE(language_code, '')) DO NOTHING;
INSERT INTO regulatory_fact (canonical_id, jurisdiction, fact_type, status, regulation_ref, product_category, evidence_id) VALUES ('NAME_polyurethane_resins', 'US_FDA', 'permitted', 'PERMITTED per 21 CFR §177.1680 (Indirect Food Additives: Polymers)', '21 CFR §177.1680', 'food', (SELECT id FROM fact_evidence WHERE source_url = 'https://www.ecfr.gov/on/2026-04-16/title-21/part-177' AND snapshot_date = '2026-04-16' LIMIT 1));
INSERT INTO ingredient (canonical_id, primary_name, ingredient_class, category, is_natural) VALUES ('NAME_styrene_block_polymers', 'Styrene block polymers', 'substance', 'food', 0) ON CONFLICT(canonical_id) DO NOTHING;
INSERT INTO ingredient_alias (canonical_id, alias, alias_normalized, alias_type, language_code, confidence, source) VALUES ('NAME_styrene_block_polymers', 'Styrene block polymers', 'styrene block polymers', 'synonym', 'en', 1.0, 'FDA CFR 21') ON CONFLICT(alias_normalized, alias_type, COALESCE(language_code, '')) DO NOTHING;
INSERT INTO regulatory_fact (canonical_id, jurisdiction, fact_type, status, regulation_ref, product_category, evidence_id) VALUES ('NAME_styrene_block_polymers', 'US_FDA', 'permitted', 'PERMITTED per 21 CFR §177.1810 (Indirect Food Additives: Polymers)', '21 CFR §177.1810', 'food', (SELECT id FROM fact_evidence WHERE source_url = 'https://www.ecfr.gov/on/2026-04-16/title-21/part-177' AND snapshot_date = '2026-04-16' LIMIT 1));
INSERT INTO ingredient (canonical_id, primary_name, ingredient_class, category, is_natural) VALUES ('NAME_styrene_maleic_anhydride_copolymers', 'Styrene-maleic anhydride copolymers', 'substance', 'food', 0) ON CONFLICT(canonical_id) DO NOTHING;
INSERT INTO ingredient_alias (canonical_id, alias, alias_normalized, alias_type, language_code, confidence, source) VALUES ('NAME_styrene_maleic_anhydride_copolymers', 'Styrene-maleic anhydride copolymers', 'styrene-maleic anhydride copolymers', 'synonym', 'en', 1.0, 'FDA CFR 21') ON CONFLICT(alias_normalized, alias_type, COALESCE(language_code, '')) DO NOTHING;
INSERT INTO regulatory_fact (canonical_id, jurisdiction, fact_type, status, regulation_ref, product_category, evidence_id) VALUES ('NAME_styrene_maleic_anhydride_copolymers', 'US_FDA', 'permitted', 'PERMITTED per 21 CFR §177.1820 (Indirect Food Additives: Polymers)', '21 CFR §177.1820', 'food', (SELECT id FROM fact_evidence WHERE source_url = 'https://www.ecfr.gov/on/2026-04-16/title-21/part-177' AND snapshot_date = '2026-04-16' LIMIT 1));
INSERT INTO ingredient (canonical_id, primary_name, ingredient_class, category, is_natural) VALUES ('NAME_styrene_methyl_methacrylate_copolymers', 'Styrene-methyl methacrylate copolymers', 'substance', 'food', 0) ON CONFLICT(canonical_id) DO NOTHING;
INSERT INTO ingredient_alias (canonical_id, alias, alias_normalized, alias_type, language_code, confidence, source) VALUES ('NAME_styrene_methyl_methacrylate_copolymers', 'Styrene-methyl methacrylate copolymers', 'styrene-methyl methacrylate copolymers', 'synonym', 'en', 1.0, 'FDA CFR 21') ON CONFLICT(alias_normalized, alias_type, COALESCE(language_code, '')) DO NOTHING;
INSERT INTO regulatory_fact (canonical_id, jurisdiction, fact_type, status, regulation_ref, product_category, evidence_id) VALUES ('NAME_styrene_methyl_methacrylate_copolymers', 'US_FDA', 'permitted', 'PERMITTED per 21 CFR §177.1830 (Indirect Food Additives: Polymers)', '21 CFR §177.1830', 'food', (SELECT id FROM fact_evidence WHERE source_url = 'https://www.ecfr.gov/on/2026-04-16/title-21/part-177' AND snapshot_date = '2026-04-16' LIMIT 1));
INSERT INTO ingredient (canonical_id, primary_name, ingredient_class, category, is_natural) VALUES ('NAME_textryls', 'Textryls', 'substance', 'food', 0) ON CONFLICT(canonical_id) DO NOTHING;
INSERT INTO ingredient_alias (canonical_id, alias, alias_normalized, alias_type, language_code, confidence, source) VALUES ('NAME_textryls', 'Textryls', 'textryls', 'synonym', 'en', 1.0, 'FDA CFR 21') ON CONFLICT(alias_normalized, alias_type, COALESCE(language_code, '')) DO NOTHING;
INSERT INTO regulatory_fact (canonical_id, jurisdiction, fact_type, status, regulation_ref, product_category, evidence_id) VALUES ('NAME_textryls', 'US_FDA', 'permitted', 'PERMITTED per 21 CFR §177.1850 (Indirect Food Additives: Polymers)', '21 CFR §177.1850', 'food', (SELECT id FROM fact_evidence WHERE source_url = 'https://www.ecfr.gov/on/2026-04-16/title-21/part-177' AND snapshot_date = '2026-04-16' LIMIT 1));
INSERT INTO ingredient (canonical_id, primary_name, ingredient_class, category, is_natural) VALUES ('NAME_urea_formaldehyde_resins_in_molded_articles', 'Urea-formaldehyde resins in molded articles', 'substance', 'food', 0) ON CONFLICT(canonical_id) DO NOTHING;
INSERT INTO ingredient_alias (canonical_id, alias, alias_normalized, alias_type, language_code, confidence, source) VALUES ('NAME_urea_formaldehyde_resins_in_molded_articles', 'Urea-formaldehyde resins in molded articles', 'urea-formaldehyde resins in molded articles', 'synonym', 'en', 1.0, 'FDA CFR 21') ON CONFLICT(alias_normalized, alias_type, COALESCE(language_code, '')) DO NOTHING;
INSERT INTO regulatory_fact (canonical_id, jurisdiction, fact_type, status, regulation_ref, product_category, evidence_id) VALUES ('NAME_urea_formaldehyde_resins_in_molded_articles', 'US_FDA', 'permitted', 'PERMITTED per 21 CFR §177.1900 (Indirect Food Additives: Polymers)', '21 CFR §177.1900', 'food', (SELECT id FROM fact_evidence WHERE source_url = 'https://www.ecfr.gov/on/2026-04-16/title-21/part-177' AND snapshot_date = '2026-04-16' LIMIT 1));
INSERT INTO ingredient (canonical_id, primary_name, ingredient_class, category, is_natural) VALUES ('NAME_vinyl_chloride_ethylene_copolymers', 'Vinyl chloride-ethylene copolymers', 'substance', 'food', 0) ON CONFLICT(canonical_id) DO NOTHING;
INSERT INTO ingredient_alias (canonical_id, alias, alias_normalized, alias_type, language_code, confidence, source) VALUES ('NAME_vinyl_chloride_ethylene_copolymers', 'Vinyl chloride-ethylene copolymers', 'vinyl chloride-ethylene copolymers', 'synonym', 'en', 1.0, 'FDA CFR 21') ON CONFLICT(alias_normalized, alias_type, COALESCE(language_code, '')) DO NOTHING;
INSERT INTO regulatory_fact (canonical_id, jurisdiction, fact_type, status, regulation_ref, product_category, evidence_id) VALUES ('NAME_vinyl_chloride_ethylene_copolymers', 'US_FDA', 'permitted', 'PERMITTED per 21 CFR §177.1950 (Indirect Food Additives: Polymers)', '21 CFR §177.1950', 'food', (SELECT id FROM fact_evidence WHERE source_url = 'https://www.ecfr.gov/on/2026-04-16/title-21/part-177' AND snapshot_date = '2026-04-16' LIMIT 1));
INSERT INTO ingredient (canonical_id, primary_name, ingredient_class, category, is_natural) VALUES ('NAME_vinyl_chloride_hexene_1_copolymers', 'Vinyl chloride-hexene-1 copolymers', 'substance', 'food', 0) ON CONFLICT(canonical_id) DO NOTHING;
INSERT INTO ingredient_alias (canonical_id, alias, alias_normalized, alias_type, language_code, confidence, source) VALUES ('NAME_vinyl_chloride_hexene_1_copolymers', 'Vinyl chloride-hexene-1 copolymers', 'vinyl chloride-hexene-1 copolymers', 'synonym', 'en', 1.0, 'FDA CFR 21') ON CONFLICT(alias_normalized, alias_type, COALESCE(language_code, '')) DO NOTHING;
INSERT INTO regulatory_fact (canonical_id, jurisdiction, fact_type, status, regulation_ref, product_category, evidence_id) VALUES ('NAME_vinyl_chloride_hexene_1_copolymers', 'US_FDA', 'permitted', 'PERMITTED per 21 CFR §177.1960 (Indirect Food Additives: Polymers)', '21 CFR §177.1960', 'food', (SELECT id FROM fact_evidence WHERE source_url = 'https://www.ecfr.gov/on/2026-04-16/title-21/part-177' AND snapshot_date = '2026-04-16' LIMIT 1));
INSERT INTO ingredient (canonical_id, primary_name, ingredient_class, category, is_natural) VALUES ('NAME_vinyl_chloride_lauryl_vinyl_ether_copolymers', 'Vinyl chloride-lauryl vinyl ether copolymers', 'substance', 'food', 0) ON CONFLICT(canonical_id) DO NOTHING;
INSERT INTO ingredient_alias (canonical_id, alias, alias_normalized, alias_type, language_code, confidence, source) VALUES ('NAME_vinyl_chloride_lauryl_vinyl_ether_copolymers', 'Vinyl chloride-lauryl vinyl ether copolymers', 'vinyl chloride-lauryl vinyl ether copolymers', 'synonym', 'en', 1.0, 'FDA CFR 21') ON CONFLICT(alias_normalized, alias_type, COALESCE(language_code, '')) DO NOTHING;
INSERT INTO regulatory_fact (canonical_id, jurisdiction, fact_type, status, regulation_ref, product_category, evidence_id) VALUES ('NAME_vinyl_chloride_lauryl_vinyl_ether_copolymers', 'US_FDA', 'permitted', 'PERMITTED per 21 CFR §177.1970 (Indirect Food Additives: Polymers)', '21 CFR §177.1970', 'food', (SELECT id FROM fact_evidence WHERE source_url = 'https://www.ecfr.gov/on/2026-04-16/title-21/part-177' AND snapshot_date = '2026-04-16' LIMIT 1));
INSERT INTO ingredient (canonical_id, primary_name, ingredient_class, category, is_natural) VALUES ('NAME_vinyl_chloride_propylene_copolymers', 'Vinyl chloride-propylene copolymers', 'substance', 'food', 0) ON CONFLICT(canonical_id) DO NOTHING;
INSERT INTO ingredient_alias (canonical_id, alias, alias_normalized, alias_type, language_code, confidence, source) VALUES ('NAME_vinyl_chloride_propylene_copolymers', 'Vinyl chloride-propylene copolymers', 'vinyl chloride-propylene copolymers', 'synonym', 'en', 1.0, 'FDA CFR 21') ON CONFLICT(alias_normalized, alias_type, COALESCE(language_code, '')) DO NOTHING;
INSERT INTO regulatory_fact (canonical_id, jurisdiction, fact_type, status, regulation_ref, product_category, evidence_id) VALUES ('NAME_vinyl_chloride_propylene_copolymers', 'US_FDA', 'permitted', 'PERMITTED per 21 CFR §177.1980 (Indirect Food Additives: Polymers)', '21 CFR §177.1980', 'food', (SELECT id FROM fact_evidence WHERE source_url = 'https://www.ecfr.gov/on/2026-04-16/title-21/part-177' AND snapshot_date = '2026-04-16' LIMIT 1));
INSERT INTO ingredient (canonical_id, primary_name, ingredient_class, category, is_natural) VALUES ('NAME_vinylidene_chloridemethyl_acrylate_copolymers', 'Vinylidene chloride/methyl acrylate copolymers', 'substance', 'food', 0) ON CONFLICT(canonical_id) DO NOTHING;
INSERT INTO ingredient_alias (canonical_id, alias, alias_normalized, alias_type, language_code, confidence, source) VALUES ('NAME_vinylidene_chloridemethyl_acrylate_copolymers', 'Vinylidene chloride/methyl acrylate copolymers', 'vinylidene chloride/methyl acrylate copolymers', 'synonym', 'en', 1.0, 'FDA CFR 21') ON CONFLICT(alias_normalized, alias_type, COALESCE(language_code, '')) DO NOTHING;
INSERT INTO regulatory_fact (canonical_id, jurisdiction, fact_type, status, regulation_ref, product_category, evidence_id) VALUES ('NAME_vinylidene_chloridemethyl_acrylate_copolymers', 'US_FDA', 'permitted', 'PERMITTED per 21 CFR §177.1990 (Indirect Food Additives: Polymers)', '21 CFR §177.1990', 'food', (SELECT id FROM fact_evidence WHERE source_url = 'https://www.ecfr.gov/on/2026-04-16/title-21/part-177' AND snapshot_date = '2026-04-16' LIMIT 1));
INSERT INTO ingredient (canonical_id, primary_name, ingredient_class, category, is_natural) VALUES ('NAME_vinylidene_chloridemethyl_acrylatemethyl_methacrylate_polymers', 'Vinylidene chloride/methyl acrylate/methyl methacrylate polymers', 'substance', 'food', 0) ON CONFLICT(canonical_id) DO NOTHING;
INSERT INTO ingredient_alias (canonical_id, alias, alias_normalized, alias_type, language_code, confidence, source) VALUES ('NAME_vinylidene_chloridemethyl_acrylatemethyl_methacrylate_polymers', 'Vinylidene chloride/methyl acrylate/methyl methacrylate polymers', 'vinylidene chloride/methyl acrylate/methyl methacrylate polymers', 'synonym', 'en', 1.0, 'FDA CFR 21') ON CONFLICT(alias_normalized, alias_type, COALESCE(language_code, '')) DO NOTHING;
INSERT INTO regulatory_fact (canonical_id, jurisdiction, fact_type, status, regulation_ref, product_category, evidence_id) VALUES ('NAME_vinylidene_chloridemethyl_acrylatemethyl_methacrylate_polymers', 'US_FDA', 'permitted', 'PERMITTED per 21 CFR §177.2000 (Indirect Food Additives: Polymers)', '21 CFR §177.2000', 'food', (SELECT id FROM fact_evidence WHERE source_url = 'https://www.ecfr.gov/on/2026-04-16/title-21/part-177' AND snapshot_date = '2026-04-16' LIMIT 1));
INSERT INTO ingredient (canonical_id, primary_name, ingredient_class, category, is_natural) VALUES ('NAME_ethylene_polymer_chlorosulfonated', 'Ethylene polymer, chlorosulfonated', 'substance', 'food', 0) ON CONFLICT(canonical_id) DO NOTHING;
INSERT INTO ingredient_alias (canonical_id, alias, alias_normalized, alias_type, language_code, confidence, source) VALUES ('NAME_ethylene_polymer_chlorosulfonated', 'Ethylene polymer, chlorosulfonated', 'ethylene polymer, chlorosulfonated', 'synonym', 'en', 1.0, 'FDA CFR 21') ON CONFLICT(alias_normalized, alias_type, COALESCE(language_code, '')) DO NOTHING;
INSERT INTO regulatory_fact (canonical_id, jurisdiction, fact_type, status, regulation_ref, product_category, evidence_id) VALUES ('NAME_ethylene_polymer_chlorosulfonated', 'US_FDA', 'permitted', 'PERMITTED per 21 CFR §177.2210 (Indirect Food Additives: Polymers)', '21 CFR §177.2210', 'food', (SELECT id FROM fact_evidence WHERE source_url = 'https://www.ecfr.gov/on/2026-04-16/title-21/part-177' AND snapshot_date = '2026-04-16' LIMIT 1));
INSERT INTO ingredient (canonical_id, primary_name, ingredient_class, category, is_natural) VALUES ('NAME_filters_microporous_polymeric', 'Filters, microporous polymeric', 'substance', 'food', 0) ON CONFLICT(canonical_id) DO NOTHING;
INSERT INTO ingredient_alias (canonical_id, alias, alias_normalized, alias_type, language_code, confidence, source) VALUES ('NAME_filters_microporous_polymeric', 'Filters, microporous polymeric', 'filters, microporous polymeric', 'synonym', 'en', 1.0, 'FDA CFR 21') ON CONFLICT(alias_normalized, alias_type, COALESCE(language_code, '')) DO NOTHING;
INSERT INTO regulatory_fact (canonical_id, jurisdiction, fact_type, status, regulation_ref, product_category, evidence_id) VALUES ('NAME_filters_microporous_polymeric', 'US_FDA', 'permitted', 'PERMITTED per 21 CFR §177.2250 (Indirect Food Additives: Polymers)', '21 CFR §177.2250', 'food', (SELECT id FROM fact_evidence WHERE source_url = 'https://www.ecfr.gov/on/2026-04-16/title-21/part-177' AND snapshot_date = '2026-04-16' LIMIT 1));
INSERT INTO ingredient (canonical_id, primary_name, ingredient_class, category, is_natural) VALUES ('NAME_filters_resin_bonded', 'Filters, resin-bonded', 'substance', 'food', 0) ON CONFLICT(canonical_id) DO NOTHING;
INSERT INTO ingredient_alias (canonical_id, alias, alias_normalized, alias_type, language_code, confidence, source) VALUES ('NAME_filters_resin_bonded', 'Filters, resin-bonded', 'filters, resin-bonded', 'synonym', 'en', 1.0, 'FDA CFR 21') ON CONFLICT(alias_normalized, alias_type, COALESCE(language_code, '')) DO NOTHING;
INSERT INTO regulatory_fact (canonical_id, jurisdiction, fact_type, status, regulation_ref, product_category, evidence_id) VALUES ('NAME_filters_resin_bonded', 'US_FDA', 'permitted', 'PERMITTED per 21 CFR §177.2260 (Indirect Food Additives: Polymers)', '21 CFR §177.2260', 'food', (SELECT id FROM fact_evidence WHERE source_url = 'https://www.ecfr.gov/on/2026-04-16/title-21/part-177' AND snapshot_date = '2026-04-16' LIMIT 1));
INSERT INTO ingredient (canonical_id, primary_name, ingredient_class, category, is_natural) VALUES ('NAME_44_isopropylidenediphenolepichlorohydrin_thermosetting_epoxy_resins', '4,4′-Isopropylidenediphenolepichlorohydrin thermosetting epoxy resins', 'substance', 'food', 0) ON CONFLICT(canonical_id) DO NOTHING;
INSERT INTO ingredient_alias (canonical_id, alias, alias_normalized, alias_type, language_code, confidence, source) VALUES ('NAME_44_isopropylidenediphenolepichlorohydrin_thermosetting_epoxy_resins', '4,4′-Isopropylidenediphenolepichlorohydrin thermosetting epoxy resins', '4,4′-isopropylidenediphenolepichlorohydrin thermosetting epoxy resins', 'synonym', 'en', 1.0, 'FDA CFR 21') ON CONFLICT(alias_normalized, alias_type, COALESCE(language_code, '')) DO NOTHING;
INSERT INTO regulatory_fact (canonical_id, jurisdiction, fact_type, status, regulation_ref, product_category, evidence_id) VALUES ('NAME_44_isopropylidenediphenolepichlorohydrin_thermosetting_epoxy_resins', 'US_FDA', 'permitted', 'PERMITTED per 21 CFR §177.2280 (Indirect Food Additives: Polymers)', '21 CFR §177.2280', 'food', (SELECT id FROM fact_evidence WHERE source_url = 'https://www.ecfr.gov/on/2026-04-16/title-21/part-177' AND snapshot_date = '2026-04-16' LIMIT 1));
INSERT INTO ingredient (canonical_id, primary_name, ingredient_class, category, is_natural) VALUES ('NAME_mineral_reinforced_nylon_resins', 'Mineral reinforced nylon resins', 'substance', 'food', 0) ON CONFLICT(canonical_id) DO NOTHING;
INSERT INTO ingredient_alias (canonical_id, alias, alias_normalized, alias_type, language_code, confidence, source) VALUES ('NAME_mineral_reinforced_nylon_resins', 'Mineral reinforced nylon resins', 'mineral reinforced nylon resins', 'synonym', 'en', 1.0, 'FDA CFR 21') ON CONFLICT(alias_normalized, alias_type, COALESCE(language_code, '')) DO NOTHING;
INSERT INTO regulatory_fact (canonical_id, jurisdiction, fact_type, status, regulation_ref, product_category, evidence_id) VALUES ('NAME_mineral_reinforced_nylon_resins', 'US_FDA', 'permitted', 'PERMITTED per 21 CFR §177.2355 (Indirect Food Additives: Polymers)', '21 CFR §177.2355', 'food', (SELECT id FROM fact_evidence WHERE source_url = 'https://www.ecfr.gov/on/2026-04-16/title-21/part-177' AND snapshot_date = '2026-04-16' LIMIT 1));
INSERT INTO ingredient (canonical_id, primary_name, ingredient_class, category, is_natural) VALUES ('NAME_perfluorocarbon_cured_elastomers', 'Perfluorocarbon cured elastomers', 'substance', 'food', 0) ON CONFLICT(canonical_id) DO NOTHING;
INSERT INTO ingredient_alias (canonical_id, alias, alias_normalized, alias_type, language_code, confidence, source) VALUES ('NAME_perfluorocarbon_cured_elastomers', 'Perfluorocarbon cured elastomers', 'perfluorocarbon cured elastomers', 'synonym', 'en', 1.0, 'FDA CFR 21') ON CONFLICT(alias_normalized, alias_type, COALESCE(language_code, '')) DO NOTHING;
INSERT INTO regulatory_fact (canonical_id, jurisdiction, fact_type, status, regulation_ref, product_category, evidence_id) VALUES ('NAME_perfluorocarbon_cured_elastomers', 'US_FDA', 'permitted', 'PERMITTED per 21 CFR §177.2400 (Indirect Food Additives: Polymers)', '21 CFR §177.2400', 'food', (SELECT id FROM fact_evidence WHERE source_url = 'https://www.ecfr.gov/on/2026-04-16/title-21/part-177' AND snapshot_date = '2026-04-16' LIMIT 1));
INSERT INTO ingredient (canonical_id, primary_name, ingredient_class, category, is_natural) VALUES ('NAME_phenolic_resins_in_molded_articles', 'Phenolic resins in molded articles', 'substance', 'food', 0) ON CONFLICT(canonical_id) DO NOTHING;
INSERT INTO ingredient_alias (canonical_id, alias, alias_normalized, alias_type, language_code, confidence, source) VALUES ('NAME_phenolic_resins_in_molded_articles', 'Phenolic resins in molded articles', 'phenolic resins in molded articles', 'synonym', 'en', 1.0, 'FDA CFR 21') ON CONFLICT(alias_normalized, alias_type, COALESCE(language_code, '')) DO NOTHING;
INSERT INTO regulatory_fact (canonical_id, jurisdiction, fact_type, status, regulation_ref, product_category, evidence_id) VALUES ('NAME_phenolic_resins_in_molded_articles', 'US_FDA', 'permitted', 'PERMITTED per 21 CFR §177.2410 (Indirect Food Additives: Polymers)', '21 CFR §177.2410', 'food', (SELECT id FROM fact_evidence WHERE source_url = 'https://www.ecfr.gov/on/2026-04-16/title-21/part-177' AND snapshot_date = '2026-04-16' LIMIT 1));
INSERT INTO regulatory_fact (canonical_id, jurisdiction, fact_type, status, regulation_ref, product_category, evidence_id) VALUES ('NAME_polyaryletherketone_resins', 'US_FDA', 'permitted', 'PERMITTED per 21 CFR §177.2415 (Indirect Food Additives: Polymers)', '21 CFR §177.2415', 'food', (SELECT id FROM fact_evidence WHERE source_url = 'https://www.ecfr.gov/on/2026-04-16/title-21/part-177' AND snapshot_date = '2026-04-16' LIMIT 1));
INSERT INTO ingredient (canonical_id, primary_name, ingredient_class, category, is_natural) VALUES ('NAME_polyester_resins_cross_linked', 'Polyester resins, cross-linked', 'substance', 'food', 0) ON CONFLICT(canonical_id) DO NOTHING;
INSERT INTO ingredient_alias (canonical_id, alias, alias_normalized, alias_type, language_code, confidence, source) VALUES ('NAME_polyester_resins_cross_linked', 'Polyester resins, cross-linked', 'polyester resins, cross-linked', 'synonym', 'en', 1.0, 'FDA CFR 21') ON CONFLICT(alias_normalized, alias_type, COALESCE(language_code, '')) DO NOTHING;
INSERT INTO regulatory_fact (canonical_id, jurisdiction, fact_type, status, regulation_ref, product_category, evidence_id) VALUES ('NAME_polyester_resins_cross_linked', 'US_FDA', 'permitted', 'PERMITTED per 21 CFR §177.2420 (Indirect Food Additives: Polymers)', '21 CFR §177.2420', 'food', (SELECT id FROM fact_evidence WHERE source_url = 'https://www.ecfr.gov/on/2026-04-16/title-21/part-177' AND snapshot_date = '2026-04-16' LIMIT 1));
INSERT INTO ingredient (canonical_id, primary_name, ingredient_class, category, is_natural) VALUES ('NAME_polyether_resins_chlorinated', 'Polyether resins, chlorinated', 'substance', 'food', 0) ON CONFLICT(canonical_id) DO NOTHING;
INSERT INTO ingredient_alias (canonical_id, alias, alias_normalized, alias_type, language_code, confidence, source) VALUES ('NAME_polyether_resins_chlorinated', 'Polyether resins, chlorinated', 'polyether resins, chlorinated', 'synonym', 'en', 1.0, 'FDA CFR 21') ON CONFLICT(alias_normalized, alias_type, COALESCE(language_code, '')) DO NOTHING;
INSERT INTO regulatory_fact (canonical_id, jurisdiction, fact_type, status, regulation_ref, product_category, evidence_id) VALUES ('NAME_polyether_resins_chlorinated', 'US_FDA', 'permitted', 'PERMITTED per 21 CFR §177.2430 (Indirect Food Additives: Polymers)', '21 CFR §177.2430', 'food', (SELECT id FROM fact_evidence WHERE source_url = 'https://www.ecfr.gov/on/2026-04-16/title-21/part-177' AND snapshot_date = '2026-04-16' LIMIT 1));
INSERT INTO ingredient (canonical_id, primary_name, ingredient_class, category, is_natural) VALUES ('NAME_polyethersulfone_resins', 'Polyethersulfone resins', 'substance', 'food', 0) ON CONFLICT(canonical_id) DO NOTHING;
INSERT INTO ingredient_alias (canonical_id, alias, alias_normalized, alias_type, language_code, confidence, source) VALUES ('NAME_polyethersulfone_resins', 'Polyethersulfone resins', 'polyethersulfone resins', 'synonym', 'en', 1.0, 'FDA CFR 21') ON CONFLICT(alias_normalized, alias_type, COALESCE(language_code, '')) DO NOTHING;
INSERT INTO regulatory_fact (canonical_id, jurisdiction, fact_type, status, regulation_ref, product_category, evidence_id) VALUES ('NAME_polyethersulfone_resins', 'US_FDA', 'permitted', 'PERMITTED per 21 CFR §177.2440 (Indirect Food Additives: Polymers)', '21 CFR §177.2440', 'food', (SELECT id FROM fact_evidence WHERE source_url = 'https://www.ecfr.gov/on/2026-04-16/title-21/part-177' AND snapshot_date = '2026-04-16' LIMIT 1));
INSERT INTO ingredient (canonical_id, primary_name, ingredient_class, category, is_natural) VALUES ('NAME_polyamide_imide_resins', 'Polyamide-imide resins', 'substance', 'food', 0) ON CONFLICT(canonical_id) DO NOTHING;
INSERT INTO ingredient_alias (canonical_id, alias, alias_normalized, alias_type, language_code, confidence, source) VALUES ('NAME_polyamide_imide_resins', 'Polyamide-imide resins', 'polyamide-imide resins', 'synonym', 'en', 1.0, 'FDA CFR 21') ON CONFLICT(alias_normalized, alias_type, COALESCE(language_code, '')) DO NOTHING;
INSERT INTO regulatory_fact (canonical_id, jurisdiction, fact_type, status, regulation_ref, product_category, evidence_id) VALUES ('NAME_polyamide_imide_resins', 'US_FDA', 'permitted', 'PERMITTED per 21 CFR §177.2450 (Indirect Food Additives: Polymers)', '21 CFR §177.2450', 'food', (SELECT id FROM fact_evidence WHERE source_url = 'https://www.ecfr.gov/on/2026-04-16/title-21/part-177' AND snapshot_date = '2026-04-16' LIMIT 1));
INSERT INTO ingredient (canonical_id, primary_name, ingredient_class, category, is_natural) VALUES ('NAME_poly26_dimethyl_14_phenylene_oxide_resins', 'Poly(2,6-dimethyl-1,4-phenylene) oxide resins', 'substance', 'food', 0) ON CONFLICT(canonical_id) DO NOTHING;
INSERT INTO ingredient_alias (canonical_id, alias, alias_normalized, alias_type, language_code, confidence, source) VALUES ('NAME_poly26_dimethyl_14_phenylene_oxide_resins', 'Poly(2,6-dimethyl-1,4-phenylene) oxide resins', 'poly(2,6-dimethyl-1,4-phenylene) oxide resins', 'synonym', 'en', 1.0, 'FDA CFR 21') ON CONFLICT(alias_normalized, alias_type, COALESCE(language_code, '')) DO NOTHING;
INSERT INTO regulatory_fact (canonical_id, jurisdiction, fact_type, status, regulation_ref, product_category, evidence_id) VALUES ('NAME_poly26_dimethyl_14_phenylene_oxide_resins', 'US_FDA', 'permitted', 'PERMITTED per 21 CFR §177.2460 (Indirect Food Additives: Polymers)', '21 CFR §177.2460', 'food', (SELECT id FROM fact_evidence WHERE source_url = 'https://www.ecfr.gov/on/2026-04-16/title-21/part-177' AND snapshot_date = '2026-04-16' LIMIT 1));
INSERT INTO ingredient (canonical_id, primary_name, ingredient_class, category, is_natural) VALUES ('NAME_polymethylmethacrylatepolytrimethoxysilylpropylmethacrylate_copolymers', 'Polymethylmethacrylate/poly(trimethoxysilylpropyl)methacrylate copolymers', 'substance', 'food', 0) ON CONFLICT(canonical_id) DO NOTHING;
INSERT INTO ingredient_alias (canonical_id, alias, alias_normalized, alias_type, language_code, confidence, source) VALUES ('NAME_polymethylmethacrylatepolytrimethoxysilylpropylmethacrylate_copolymers', 'Polymethylmethacrylate/poly(trimethoxysilylpropyl)methacrylate copolymers', 'polymethylmethacrylate/poly(trimethoxysilylpropyl)methacrylate copolymers', 'synonym', 'en', 1.0, 'FDA CFR 21') ON CONFLICT(alias_normalized, alias_type, COALESCE(language_code, '')) DO NOTHING;
INSERT INTO regulatory_fact (canonical_id, jurisdiction, fact_type, status, regulation_ref, product_category, evidence_id) VALUES ('NAME_polymethylmethacrylatepolytrimethoxysilylpropylmethacrylate_copolymers', 'US_FDA', 'permitted', 'PERMITTED per 21 CFR §177.2465 (Indirect Food Additives: Polymers)', '21 CFR §177.2465', 'food', (SELECT id FROM fact_evidence WHERE source_url = 'https://www.ecfr.gov/on/2026-04-16/title-21/part-177' AND snapshot_date = '2026-04-16' LIMIT 1));
INSERT INTO ingredient (canonical_id, primary_name, ingredient_class, category, is_natural) VALUES ('NAME_polyoxymethylene_copolymer', 'Polyoxymethylene copolymer', 'substance', 'food', 0) ON CONFLICT(canonical_id) DO NOTHING;
INSERT INTO ingredient_alias (canonical_id, alias, alias_normalized, alias_type, language_code, confidence, source) VALUES ('NAME_polyoxymethylene_copolymer', 'Polyoxymethylene copolymer', 'polyoxymethylene copolymer', 'synonym', 'en', 1.0, 'FDA CFR 21') ON CONFLICT(alias_normalized, alias_type, COALESCE(language_code, '')) DO NOTHING;
INSERT INTO regulatory_fact (canonical_id, jurisdiction, fact_type, status, regulation_ref, product_category, evidence_id) VALUES ('NAME_polyoxymethylene_copolymer', 'US_FDA', 'permitted', 'PERMITTED per 21 CFR §177.2470 (Indirect Food Additives: Polymers)', '21 CFR §177.2470', 'food', (SELECT id FROM fact_evidence WHERE source_url = 'https://www.ecfr.gov/on/2026-04-16/title-21/part-177' AND snapshot_date = '2026-04-16' LIMIT 1));
INSERT INTO ingredient (canonical_id, primary_name, ingredient_class, category, is_natural) VALUES ('NAME_polyoxymethylene_homopolymer', 'Polyoxymethylene homopolymer', 'substance', 'food', 0) ON CONFLICT(canonical_id) DO NOTHING;
INSERT INTO ingredient_alias (canonical_id, alias, alias_normalized, alias_type, language_code, confidence, source) VALUES ('NAME_polyoxymethylene_homopolymer', 'Polyoxymethylene homopolymer', 'polyoxymethylene homopolymer', 'synonym', 'en', 1.0, 'FDA CFR 21') ON CONFLICT(alias_normalized, alias_type, COALESCE(language_code, '')) DO NOTHING;
INSERT INTO regulatory_fact (canonical_id, jurisdiction, fact_type, status, regulation_ref, product_category, evidence_id) VALUES ('NAME_polyoxymethylene_homopolymer', 'US_FDA', 'permitted', 'PERMITTED per 21 CFR §177.2480 (Indirect Food Additives: Polymers)', '21 CFR §177.2480', 'food', (SELECT id FROM fact_evidence WHERE source_url = 'https://www.ecfr.gov/on/2026-04-16/title-21/part-177' AND snapshot_date = '2026-04-16' LIMIT 1));
INSERT INTO ingredient (canonical_id, primary_name, ingredient_class, category, is_natural) VALUES ('NAME_polyphenylene_sulfide_resins', 'Polyphenylene sulfide resins', 'substance', 'food', 0) ON CONFLICT(canonical_id) DO NOTHING;
INSERT INTO ingredient_alias (canonical_id, alias, alias_normalized, alias_type, language_code, confidence, source) VALUES ('NAME_polyphenylene_sulfide_resins', 'Polyphenylene sulfide resins', 'polyphenylene sulfide resins', 'synonym', 'en', 1.0, 'FDA CFR 21') ON CONFLICT(alias_normalized, alias_type, COALESCE(language_code, '')) DO NOTHING;
INSERT INTO regulatory_fact (canonical_id, jurisdiction, fact_type, status, regulation_ref, product_category, evidence_id) VALUES ('NAME_polyphenylene_sulfide_resins', 'US_FDA', 'permitted', 'PERMITTED per 21 CFR §177.2490 (Indirect Food Additives: Polymers)', '21 CFR §177.2490', 'food', (SELECT id FROM fact_evidence WHERE source_url = 'https://www.ecfr.gov/on/2026-04-16/title-21/part-177' AND snapshot_date = '2026-04-16' LIMIT 1));
INSERT INTO ingredient (canonical_id, primary_name, ingredient_class, category, is_natural) VALUES ('NAME_polyphenylene_sulfone_resins', 'Polyphenylene sulfone resins', 'substance', 'food', 0) ON CONFLICT(canonical_id) DO NOTHING;
INSERT INTO ingredient_alias (canonical_id, alias, alias_normalized, alias_type, language_code, confidence, source) VALUES ('NAME_polyphenylene_sulfone_resins', 'Polyphenylene sulfone resins', 'polyphenylene sulfone resins', 'synonym', 'en', 1.0, 'FDA CFR 21') ON CONFLICT(alias_normalized, alias_type, COALESCE(language_code, '')) DO NOTHING;
INSERT INTO regulatory_fact (canonical_id, jurisdiction, fact_type, status, regulation_ref, product_category, evidence_id) VALUES ('NAME_polyphenylene_sulfone_resins', 'US_FDA', 'permitted', 'PERMITTED per 21 CFR §177.2500 (Indirect Food Additives: Polymers)', '21 CFR §177.2500', 'food', (SELECT id FROM fact_evidence WHERE source_url = 'https://www.ecfr.gov/on/2026-04-16/title-21/part-177' AND snapshot_date = '2026-04-16' LIMIT 1));
INSERT INTO ingredient (canonical_id, primary_name, ingredient_class, category, is_natural) VALUES ('NAME_polyvinylidene_fluoride_resins', 'Polyvinylidene fluoride resins', 'substance', 'food', 0) ON CONFLICT(canonical_id) DO NOTHING;
INSERT INTO ingredient_alias (canonical_id, alias, alias_normalized, alias_type, language_code, confidence, source) VALUES ('NAME_polyvinylidene_fluoride_resins', 'Polyvinylidene fluoride resins', 'polyvinylidene fluoride resins', 'synonym', 'en', 1.0, 'FDA CFR 21') ON CONFLICT(alias_normalized, alias_type, COALESCE(language_code, '')) DO NOTHING;
INSERT INTO regulatory_fact (canonical_id, jurisdiction, fact_type, status, regulation_ref, product_category, evidence_id) VALUES ('NAME_polyvinylidene_fluoride_resins', 'US_FDA', 'permitted', 'PERMITTED per 21 CFR §177.2510 (Indirect Food Additives: Polymers)', '21 CFR §177.2510', 'food', (SELECT id FROM fact_evidence WHERE source_url = 'https://www.ecfr.gov/on/2026-04-16/title-21/part-177' AND snapshot_date = '2026-04-16' LIMIT 1));
INSERT INTO ingredient (canonical_id, primary_name, ingredient_class, category, is_natural) VALUES ('NAME_reverse_osmosis_membranes', 'Reverse osmosis membranes', 'substance', 'food', 0) ON CONFLICT(canonical_id) DO NOTHING;
INSERT INTO ingredient_alias (canonical_id, alias, alias_normalized, alias_type, language_code, confidence, source) VALUES ('NAME_reverse_osmosis_membranes', 'Reverse osmosis membranes', 'reverse osmosis membranes', 'synonym', 'en', 1.0, 'FDA CFR 21') ON CONFLICT(alias_normalized, alias_type, COALESCE(language_code, '')) DO NOTHING;
INSERT INTO regulatory_fact (canonical_id, jurisdiction, fact_type, status, regulation_ref, product_category, evidence_id) VALUES ('NAME_reverse_osmosis_membranes', 'US_FDA', 'permitted', 'PERMITTED per 21 CFR §177.2550 (Indirect Food Additives: Polymers)', '21 CFR §177.2550', 'food', (SELECT id FROM fact_evidence WHERE source_url = 'https://www.ecfr.gov/on/2026-04-16/title-21/part-177' AND snapshot_date = '2026-04-16' LIMIT 1));
INSERT INTO ingredient (canonical_id, primary_name, ingredient_class, category, is_natural) VALUES ('NAME_rubber_articles_intended_for_repeated_use', 'Rubber articles intended for repeated use', 'substance', 'food', 0) ON CONFLICT(canonical_id) DO NOTHING;
INSERT INTO ingredient_alias (canonical_id, alias, alias_normalized, alias_type, language_code, confidence, source) VALUES ('NAME_rubber_articles_intended_for_repeated_use', 'Rubber articles intended for repeated use', 'rubber articles intended for repeated use', 'synonym', 'en', 1.0, 'FDA CFR 21') ON CONFLICT(alias_normalized, alias_type, COALESCE(language_code, '')) DO NOTHING;
INSERT INTO regulatory_fact (canonical_id, jurisdiction, fact_type, status, regulation_ref, product_category, evidence_id) VALUES ('NAME_rubber_articles_intended_for_repeated_use', 'US_FDA', 'permitted', 'PERMITTED per 21 CFR §177.2600 (Indirect Food Additives: Polymers)', '21 CFR §177.2600', 'food', (SELECT id FROM fact_evidence WHERE source_url = 'https://www.ecfr.gov/on/2026-04-16/title-21/part-177' AND snapshot_date = '2026-04-16' LIMIT 1));
INSERT INTO ingredient (canonical_id, primary_name, ingredient_class, category, is_natural) VALUES ('NAME_styrene_divinylbenzene_resins_cross_linked', 'Styrene-divinylbenzene resins, cross-linked', 'substance', 'food', 0) ON CONFLICT(canonical_id) DO NOTHING;
INSERT INTO ingredient_alias (canonical_id, alias, alias_normalized, alias_type, language_code, confidence, source) VALUES ('NAME_styrene_divinylbenzene_resins_cross_linked', 'Styrene-divinylbenzene resins, cross-linked', 'styrene-divinylbenzene resins, cross-linked', 'synonym', 'en', 1.0, 'FDA CFR 21') ON CONFLICT(alias_normalized, alias_type, COALESCE(language_code, '')) DO NOTHING;
INSERT INTO regulatory_fact (canonical_id, jurisdiction, fact_type, status, regulation_ref, product_category, evidence_id) VALUES ('NAME_styrene_divinylbenzene_resins_cross_linked', 'US_FDA', 'permitted', 'PERMITTED per 21 CFR §177.2710 (Indirect Food Additives: Polymers)', '21 CFR §177.2710', 'food', (SELECT id FROM fact_evidence WHERE source_url = 'https://www.ecfr.gov/on/2026-04-16/title-21/part-177' AND snapshot_date = '2026-04-16' LIMIT 1));
INSERT INTO ingredient (canonical_id, primary_name, ingredient_class, category, is_natural) VALUES ('NAME_textiles_and_textile_fibers', 'Textiles and textile fibers', 'substance', 'food', 0) ON CONFLICT(canonical_id) DO NOTHING;
INSERT INTO ingredient_alias (canonical_id, alias, alias_normalized, alias_type, language_code, confidence, source) VALUES ('NAME_textiles_and_textile_fibers', 'Textiles and textile fibers', 'textiles and textile fibers', 'synonym', 'en', 1.0, 'FDA CFR 21') ON CONFLICT(alias_normalized, alias_type, COALESCE(language_code, '')) DO NOTHING;
INSERT INTO regulatory_fact (canonical_id, jurisdiction, fact_type, status, regulation_ref, product_category, evidence_id) VALUES ('NAME_textiles_and_textile_fibers', 'US_FDA', 'permitted', 'PERMITTED per 21 CFR §177.2800 (Indirect Food Additives: Polymers)', '21 CFR §177.2800', 'food', (SELECT id FROM fact_evidence WHERE source_url = 'https://www.ecfr.gov/on/2026-04-16/title-21/part-177' AND snapshot_date = '2026-04-16' LIMIT 1));
INSERT INTO ingredient (canonical_id, primary_name, ingredient_class, category, is_natural) VALUES ('NAME_ultra_filtration_membranes', 'Ultra-filtration membranes', 'substance', 'food', 0) ON CONFLICT(canonical_id) DO NOTHING;
INSERT INTO ingredient_alias (canonical_id, alias, alias_normalized, alias_type, language_code, confidence, source) VALUES ('NAME_ultra_filtration_membranes', 'Ultra-filtration membranes', 'ultra-filtration membranes', 'synonym', 'en', 1.0, 'FDA CFR 21') ON CONFLICT(alias_normalized, alias_type, COALESCE(language_code, '')) DO NOTHING;
INSERT INTO regulatory_fact (canonical_id, jurisdiction, fact_type, status, regulation_ref, product_category, evidence_id) VALUES ('NAME_ultra_filtration_membranes', 'US_FDA', 'permitted', 'PERMITTED per 21 CFR §177.2910 (Indirect Food Additives: Polymers)', '21 CFR §177.2910', 'food', (SELECT id FROM fact_evidence WHERE source_url = 'https://www.ecfr.gov/on/2026-04-16/title-21/part-177' AND snapshot_date = '2026-04-16' LIMIT 1));
INSERT INTO ingredient (canonical_id, primary_name, ingredient_class, category, is_natural) VALUES ('NAME_hydrogen_peroxide_solution', 'Hydrogen peroxide solution', 'substance', 'food', 0) ON CONFLICT(canonical_id) DO NOTHING;
INSERT INTO ingredient_alias (canonical_id, alias, alias_normalized, alias_type, language_code, confidence, source) VALUES ('NAME_hydrogen_peroxide_solution', 'Hydrogen peroxide solution', 'hydrogen peroxide solution', 'synonym', 'en', 1.0, 'FDA CFR 21') ON CONFLICT(alias_normalized, alias_type, COALESCE(language_code, '')) DO NOTHING;
INSERT INTO regulatory_fact (canonical_id, jurisdiction, fact_type, status, regulation_ref, product_category, evidence_id) VALUES ('NAME_hydrogen_peroxide_solution', 'US_FDA', 'permitted', 'PERMITTED per 21 CFR §178.1005 (Indirect Food Additives: Adjuvants, Production Aids, and Sanitizers)', '21 CFR §178.1005', 'food', (SELECT id FROM fact_evidence WHERE source_url = 'https://www.ecfr.gov/on/2026-04-16/title-21/part-178' AND snapshot_date = '2026-04-16' LIMIT 1));
INSERT INTO ingredient (canonical_id, primary_name, ingredient_class, category, is_natural) VALUES ('NAME_sanitizing_solutions', 'Sanitizing solutions', 'substance', 'food', 0) ON CONFLICT(canonical_id) DO NOTHING;
INSERT INTO ingredient_alias (canonical_id, alias, alias_normalized, alias_type, language_code, confidence, source) VALUES ('NAME_sanitizing_solutions', 'Sanitizing solutions', 'sanitizing solutions', 'synonym', 'en', 1.0, 'FDA CFR 21') ON CONFLICT(alias_normalized, alias_type, COALESCE(language_code, '')) DO NOTHING;
INSERT INTO regulatory_fact (canonical_id, jurisdiction, fact_type, status, regulation_ref, product_category, evidence_id) VALUES ('NAME_sanitizing_solutions', 'US_FDA', 'permitted', 'PERMITTED per 21 CFR §178.1010 (Indirect Food Additives: Adjuvants, Production Aids, and Sanitizers)', '21 CFR §178.1010', 'food', (SELECT id FROM fact_evidence WHERE source_url = 'https://www.ecfr.gov/on/2026-04-16/title-21/part-178' AND snapshot_date = '2026-04-16' LIMIT 1));
INSERT INTO ingredient (canonical_id, primary_name, ingredient_class, category, is_natural) VALUES ('NAME_antioxidants_andor_stabilizers_for_polymers', 'Antioxidants and/or stabilizers for polymers', 'substance', 'food', 0) ON CONFLICT(canonical_id) DO NOTHING;
INSERT INTO ingredient_alias (canonical_id, alias, alias_normalized, alias_type, language_code, confidence, source) VALUES ('NAME_antioxidants_andor_stabilizers_for_polymers', 'Antioxidants and/or stabilizers for polymers', 'antioxidants and/or stabilizers for polymers', 'synonym', 'en', 1.0, 'FDA CFR 21') ON CONFLICT(alias_normalized, alias_type, COALESCE(language_code, '')) DO NOTHING;
INSERT INTO regulatory_fact (canonical_id, jurisdiction, fact_type, status, regulation_ref, product_category, evidence_id) VALUES ('NAME_antioxidants_andor_stabilizers_for_polymers', 'US_FDA', 'permitted', 'PERMITTED per 21 CFR §178.2010 (Indirect Food Additives: Adjuvants, Production Aids, and Sanitizers)', '21 CFR §178.2010', 'food', (SELECT id FROM fact_evidence WHERE source_url = 'https://www.ecfr.gov/on/2026-04-16/title-21/part-178' AND snapshot_date = '2026-04-16' LIMIT 1));
INSERT INTO regulatory_fact (canonical_id, jurisdiction, fact_type, status, regulation_ref, product_category, evidence_id) VALUES ('NAME_4_hydroxymethyl_26_di', 'US_FDA', 'permitted', 'PERMITTED per 21 CFR §178.2550 (Indirect Food Additives: Adjuvants, Production Aids, and Sanitizers)', '21 CFR §178.2550', 'food', (SELECT id FROM fact_evidence WHERE source_url = 'https://www.ecfr.gov/on/2026-04-16/title-21/part-178' AND snapshot_date = '2026-04-16' LIMIT 1));
INSERT INTO ingredient (canonical_id, primary_name, ingredient_class, category, is_natural) VALUES ('NAME_organotin_stabilizers_in_vinyl_chloride_plastics', 'Organotin stabilizers in vinyl chloride plastics', 'substance', 'food', 0) ON CONFLICT(canonical_id) DO NOTHING;
INSERT INTO ingredient_alias (canonical_id, alias, alias_normalized, alias_type, language_code, confidence, source) VALUES ('NAME_organotin_stabilizers_in_vinyl_chloride_plastics', 'Organotin stabilizers in vinyl chloride plastics', 'organotin stabilizers in vinyl chloride plastics', 'synonym', 'en', 1.0, 'FDA CFR 21') ON CONFLICT(alias_normalized, alias_type, COALESCE(language_code, '')) DO NOTHING;
INSERT INTO regulatory_fact (canonical_id, jurisdiction, fact_type, status, regulation_ref, product_category, evidence_id) VALUES ('NAME_organotin_stabilizers_in_vinyl_chloride_plastics', 'US_FDA', 'permitted', 'PERMITTED per 21 CFR §178.2650 (Indirect Food Additives: Adjuvants, Production Aids, and Sanitizers)', '21 CFR §178.2650', 'food', (SELECT id FROM fact_evidence WHERE source_url = 'https://www.ecfr.gov/on/2026-04-16/title-21/part-178' AND snapshot_date = '2026-04-16' LIMIT 1));
INSERT INTO ingredient (canonical_id, primary_name, ingredient_class, category, is_natural) VALUES ('NAME_adjuvant_substances_used_in_the_manufacture_of_foamed_plastics', 'Adjuvant substances used in the manufacture of foamed plastics', 'substance', 'food', 0) ON CONFLICT(canonical_id) DO NOTHING;
INSERT INTO ingredient_alias (canonical_id, alias, alias_normalized, alias_type, language_code, confidence, source) VALUES ('NAME_adjuvant_substances_used_in_the_manufacture_of_foamed_plastics', 'Adjuvant substances used in the manufacture of foamed plastics', 'adjuvant substances used in the manufacture of foamed plastics', 'synonym', 'en', 1.0, 'FDA CFR 21') ON CONFLICT(alias_normalized, alias_type, COALESCE(language_code, '')) DO NOTHING;
INSERT INTO regulatory_fact (canonical_id, jurisdiction, fact_type, status, regulation_ref, product_category, evidence_id) VALUES ('NAME_adjuvant_substances_used_in_the_manufacture_of_foamed_plastics', 'US_FDA', 'permitted', 'PERMITTED per 21 CFR §178.3010 (Indirect Food Additives: Adjuvants, Production Aids, and Sanitizers)', '21 CFR §178.3010', 'food', (SELECT id FROM fact_evidence WHERE source_url = 'https://www.ecfr.gov/on/2026-04-16/title-21/part-178' AND snapshot_date = '2026-04-16' LIMIT 1));
INSERT INTO ingredient (canonical_id, primary_name, ingredient_class, category, is_natural) VALUES ('NAME_animal_glue', 'Animal glue', 'substance', 'food', 0) ON CONFLICT(canonical_id) DO NOTHING;
INSERT INTO ingredient_alias (canonical_id, alias, alias_normalized, alias_type, language_code, confidence, source) VALUES ('NAME_animal_glue', 'Animal glue', 'animal glue', 'synonym', 'en', 1.0, 'FDA CFR 21') ON CONFLICT(alias_normalized, alias_type, COALESCE(language_code, '')) DO NOTHING;
INSERT INTO regulatory_fact (canonical_id, jurisdiction, fact_type, status, regulation_ref, product_category, evidence_id) VALUES ('NAME_animal_glue', 'US_FDA', 'permitted', 'PERMITTED per 21 CFR §178.3120 (Indirect Food Additives: Adjuvants, Production Aids, and Sanitizers)', '21 CFR §178.3120', 'food', (SELECT id FROM fact_evidence WHERE source_url = 'https://www.ecfr.gov/on/2026-04-16/title-21/part-178' AND snapshot_date = '2026-04-16' LIMIT 1));
INSERT INTO ingredient (canonical_id, primary_name, ingredient_class, category, is_natural) VALUES ('NAME_anticorrosive_agents', 'Anticorrosive agents', 'substance', 'food', 0) ON CONFLICT(canonical_id) DO NOTHING;
INSERT INTO ingredient_alias (canonical_id, alias, alias_normalized, alias_type, language_code, confidence, source) VALUES ('NAME_anticorrosive_agents', 'Anticorrosive agents', 'anticorrosive agents', 'synonym', 'en', 1.0, 'FDA CFR 21') ON CONFLICT(alias_normalized, alias_type, COALESCE(language_code, '')) DO NOTHING;
INSERT INTO regulatory_fact (canonical_id, jurisdiction, fact_type, status, regulation_ref, product_category, evidence_id) VALUES ('NAME_anticorrosive_agents', 'US_FDA', 'permitted', 'PERMITTED per 21 CFR §178.3125 (Indirect Food Additives: Adjuvants, Production Aids, and Sanitizers)', '21 CFR §178.3125', 'food', (SELECT id FROM fact_evidence WHERE source_url = 'https://www.ecfr.gov/on/2026-04-16/title-21/part-178' AND snapshot_date = '2026-04-16' LIMIT 1));
INSERT INTO ingredient (canonical_id, primary_name, ingredient_class, category, is_natural) VALUES ('NAME_antistatic_andor_antifogging_agents_in_food_packaging_materials', 'Antistatic and/or antifogging agents in food-packaging materials', 'substance', 'food', 0) ON CONFLICT(canonical_id) DO NOTHING;
INSERT INTO ingredient_alias (canonical_id, alias, alias_normalized, alias_type, language_code, confidence, source) VALUES ('NAME_antistatic_andor_antifogging_agents_in_food_packaging_materials', 'Antistatic and/or antifogging agents in food-packaging materials', 'antistatic and/or antifogging agents in food-packaging materials', 'synonym', 'en', 1.0, 'FDA CFR 21') ON CONFLICT(alias_normalized, alias_type, COALESCE(language_code, '')) DO NOTHING;
INSERT INTO regulatory_fact (canonical_id, jurisdiction, fact_type, status, regulation_ref, product_category, evidence_id) VALUES ('NAME_antistatic_andor_antifogging_agents_in_food_packaging_materials', 'US_FDA', 'permitted', 'PERMITTED per 21 CFR §178.3130 (Indirect Food Additives: Adjuvants, Production Aids, and Sanitizers)', '21 CFR §178.3130', 'food', (SELECT id FROM fact_evidence WHERE source_url = 'https://www.ecfr.gov/on/2026-04-16/title-21/part-178' AND snapshot_date = '2026-04-16' LIMIT 1));
INSERT INTO ingredient (canonical_id, primary_name, ingredient_class, category, is_natural) VALUES ('NAME_castor_oil_hydrogenated', 'Castor oil, hydrogenated', 'substance', 'food', 0) ON CONFLICT(canonical_id) DO NOTHING;
INSERT INTO ingredient_alias (canonical_id, alias, alias_normalized, alias_type, language_code, confidence, source) VALUES ('NAME_castor_oil_hydrogenated', 'Castor oil, hydrogenated', 'castor oil, hydrogenated', 'synonym', 'en', 1.0, 'FDA CFR 21') ON CONFLICT(alias_normalized, alias_type, COALESCE(language_code, '')) DO NOTHING;
INSERT INTO regulatory_fact (canonical_id, jurisdiction, fact_type, status, regulation_ref, product_category, evidence_id) VALUES ('NAME_castor_oil_hydrogenated', 'US_FDA', 'permitted', 'PERMITTED per 21 CFR §178.3280 (Indirect Food Additives: Adjuvants, Production Aids, and Sanitizers)', '21 CFR §178.3280', 'food', (SELECT id FROM fact_evidence WHERE source_url = 'https://www.ecfr.gov/on/2026-04-16/title-21/part-178' AND snapshot_date = '2026-04-16' LIMIT 1));
INSERT INTO ingredient (canonical_id, primary_name, ingredient_class, category, is_natural) VALUES ('NAME_chromic_chloride_complexes', 'Chromic chloride complexes', 'substance', 'food', 0) ON CONFLICT(canonical_id) DO NOTHING;
INSERT INTO ingredient_alias (canonical_id, alias, alias_normalized, alias_type, language_code, confidence, source) VALUES ('NAME_chromic_chloride_complexes', 'Chromic chloride complexes', 'chromic chloride complexes', 'synonym', 'en', 1.0, 'FDA CFR 21') ON CONFLICT(alias_normalized, alias_type, COALESCE(language_code, '')) DO NOTHING;
INSERT INTO regulatory_fact (canonical_id, jurisdiction, fact_type, status, regulation_ref, product_category, evidence_id) VALUES ('NAME_chromic_chloride_complexes', 'US_FDA', 'permitted', 'PERMITTED per 21 CFR §178.3290 (Indirect Food Additives: Adjuvants, Production Aids, and Sanitizers)', '21 CFR §178.3290', 'food', (SELECT id FROM fact_evidence WHERE source_url = 'https://www.ecfr.gov/on/2026-04-16/title-21/part-178' AND snapshot_date = '2026-04-16' LIMIT 1));
INSERT INTO ingredient (canonical_id, primary_name, ingredient_class, category, is_natural) VALUES ('NAME_clarifying_agents_for_polymers', 'Clarifying agents for polymers', 'substance', 'food', 0) ON CONFLICT(canonical_id) DO NOTHING;
INSERT INTO ingredient_alias (canonical_id, alias, alias_normalized, alias_type, language_code, confidence, source) VALUES ('NAME_clarifying_agents_for_polymers', 'Clarifying agents for polymers', 'clarifying agents for polymers', 'synonym', 'en', 1.0, 'FDA CFR 21') ON CONFLICT(alias_normalized, alias_type, COALESCE(language_code, '')) DO NOTHING;
INSERT INTO regulatory_fact (canonical_id, jurisdiction, fact_type, status, regulation_ref, product_category, evidence_id) VALUES ('NAME_clarifying_agents_for_polymers', 'US_FDA', 'permitted', 'PERMITTED per 21 CFR §178.3295 (Indirect Food Additives: Adjuvants, Production Aids, and Sanitizers)', '21 CFR §178.3295', 'food', (SELECT id FROM fact_evidence WHERE source_url = 'https://www.ecfr.gov/on/2026-04-16/title-21/part-178' AND snapshot_date = '2026-04-16' LIMIT 1));
INSERT INTO ingredient (canonical_id, primary_name, ingredient_class, category, is_natural) VALUES ('NAME_colorants_for_polymers', 'Colorants for polymers', 'substance', 'food', 0) ON CONFLICT(canonical_id) DO NOTHING;
INSERT INTO ingredient_alias (canonical_id, alias, alias_normalized, alias_type, language_code, confidence, source) VALUES ('NAME_colorants_for_polymers', 'Colorants for polymers', 'colorants for polymers', 'synonym', 'en', 1.0, 'FDA CFR 21') ON CONFLICT(alias_normalized, alias_type, COALESCE(language_code, '')) DO NOTHING;
INSERT INTO regulatory_fact (canonical_id, jurisdiction, fact_type, status, regulation_ref, product_category, evidence_id) VALUES ('NAME_colorants_for_polymers', 'US_FDA', 'permitted', 'PERMITTED per 21 CFR §178.3297 (Indirect Food Additives: Adjuvants, Production Aids, and Sanitizers)', '21 CFR §178.3297', 'food', (SELECT id FROM fact_evidence WHERE source_url = 'https://www.ecfr.gov/on/2026-04-16/title-21/part-178' AND snapshot_date = '2026-04-16' LIMIT 1));
INSERT INTO ingredient (canonical_id, primary_name, ingredient_class, category, is_natural) VALUES ('NAME_corrosion_inhibitors_used_for_steel_or_tinplate', 'Corrosion inhibitors used for steel or tinplate', 'substance', 'food', 0) ON CONFLICT(canonical_id) DO NOTHING;
INSERT INTO ingredient_alias (canonical_id, alias, alias_normalized, alias_type, language_code, confidence, source) VALUES ('NAME_corrosion_inhibitors_used_for_steel_or_tinplate', 'Corrosion inhibitors used for steel or tinplate', 'corrosion inhibitors used for steel or tinplate', 'synonym', 'en', 1.0, 'FDA CFR 21') ON CONFLICT(alias_normalized, alias_type, COALESCE(language_code, '')) DO NOTHING;
INSERT INTO regulatory_fact (canonical_id, jurisdiction, fact_type, status, regulation_ref, product_category, evidence_id) VALUES ('NAME_corrosion_inhibitors_used_for_steel_or_tinplate', 'US_FDA', 'permitted', 'PERMITTED per 21 CFR §178.3300 (Indirect Food Additives: Adjuvants, Production Aids, and Sanitizers)', '21 CFR §178.3300', 'food', (SELECT id FROM fact_evidence WHERE source_url = 'https://www.ecfr.gov/on/2026-04-16/title-21/part-178' AND snapshot_date = '2026-04-16' LIMIT 1));
INSERT INTO ingredient (canonical_id, primary_name, ingredient_class, category, is_natural) VALUES ('NAME_emulsifiers_andor_surface_active_agents', 'Emulsifiers and/or surface-active agents', 'substance', 'food', 0) ON CONFLICT(canonical_id) DO NOTHING;
INSERT INTO ingredient_alias (canonical_id, alias, alias_normalized, alias_type, language_code, confidence, source) VALUES ('NAME_emulsifiers_andor_surface_active_agents', 'Emulsifiers and/or surface-active agents', 'emulsifiers and/or surface-active agents', 'synonym', 'en', 1.0, 'FDA CFR 21') ON CONFLICT(alias_normalized, alias_type, COALESCE(language_code, '')) DO NOTHING;
INSERT INTO regulatory_fact (canonical_id, jurisdiction, fact_type, status, regulation_ref, product_category, evidence_id) VALUES ('NAME_emulsifiers_andor_surface_active_agents', 'US_FDA', 'permitted', 'PERMITTED per 21 CFR §178.3400 (Indirect Food Additives: Adjuvants, Production Aids, and Sanitizers)', '21 CFR §178.3400', 'food', (SELECT id FROM fact_evidence WHERE source_url = 'https://www.ecfr.gov/on/2026-04-16/title-21/part-178' AND snapshot_date = '2026-04-16' LIMIT 1));
INSERT INTO ingredient (canonical_id, primary_name, ingredient_class, category, is_natural) VALUES ('NAME_esters_of_stearic_and_palmitic_acids', 'Esters of stearic and palmitic acids', 'substance', 'food', 0) ON CONFLICT(canonical_id) DO NOTHING;
INSERT INTO ingredient_alias (canonical_id, alias, alias_normalized, alias_type, language_code, confidence, source) VALUES ('NAME_esters_of_stearic_and_palmitic_acids', 'Esters of stearic and palmitic acids', 'esters of stearic and palmitic acids', 'synonym', 'en', 1.0, 'FDA CFR 21') ON CONFLICT(alias_normalized, alias_type, COALESCE(language_code, '')) DO NOTHING;
INSERT INTO regulatory_fact (canonical_id, jurisdiction, fact_type, status, regulation_ref, product_category, evidence_id) VALUES ('NAME_esters_of_stearic_and_palmitic_acids', 'US_FDA', 'permitted', 'PERMITTED per 21 CFR §178.3450 (Indirect Food Additives: Adjuvants, Production Aids, and Sanitizers)', '21 CFR §178.3450', 'food', (SELECT id FROM fact_evidence WHERE source_url = 'https://www.ecfr.gov/on/2026-04-16/title-21/part-178' AND snapshot_date = '2026-04-16' LIMIT 1));
INSERT INTO ingredient (canonical_id, primary_name, ingredient_class, category, is_natural) VALUES ('NAME_fatty_alcohols_synthetic', 'Fatty alcohols, synthetic', 'substance', 'food', 0) ON CONFLICT(canonical_id) DO NOTHING;
INSERT INTO ingredient_alias (canonical_id, alias, alias_normalized, alias_type, language_code, confidence, source) VALUES ('NAME_fatty_alcohols_synthetic', 'Fatty alcohols, synthetic', 'fatty alcohols, synthetic', 'synonym', 'en', 1.0, 'FDA CFR 21') ON CONFLICT(alias_normalized, alias_type, COALESCE(language_code, '')) DO NOTHING;
INSERT INTO regulatory_fact (canonical_id, jurisdiction, fact_type, status, regulation_ref, product_category, evidence_id) VALUES ('NAME_fatty_alcohols_synthetic', 'US_FDA', 'permitted', 'PERMITTED per 21 CFR §178.3480 (Indirect Food Additives: Adjuvants, Production Aids, and Sanitizers)', '21 CFR §178.3480', 'food', (SELECT id FROM fact_evidence WHERE source_url = 'https://www.ecfr.gov/on/2026-04-16/title-21/part-178' AND snapshot_date = '2026-04-16' LIMIT 1));
INSERT INTO ingredient (canonical_id, primary_name, ingredient_class, category, is_natural) VALUES ('NAME_glycerin_synthetic', 'Glycerin, synthetic', 'substance', 'food', 0) ON CONFLICT(canonical_id) DO NOTHING;
INSERT INTO ingredient_alias (canonical_id, alias, alias_normalized, alias_type, language_code, confidence, source) VALUES ('NAME_glycerin_synthetic', 'Glycerin, synthetic', 'glycerin, synthetic', 'synonym', 'en', 1.0, 'FDA CFR 21') ON CONFLICT(alias_normalized, alias_type, COALESCE(language_code, '')) DO NOTHING;
INSERT INTO regulatory_fact (canonical_id, jurisdiction, fact_type, status, regulation_ref, product_category, evidence_id) VALUES ('NAME_glycerin_synthetic', 'US_FDA', 'permitted', 'PERMITTED per 21 CFR §178.3500 (Indirect Food Additives: Adjuvants, Production Aids, and Sanitizers)', '21 CFR §178.3500', 'food', (SELECT id FROM fact_evidence WHERE source_url = 'https://www.ecfr.gov/on/2026-04-16/title-21/part-178' AND snapshot_date = '2026-04-16' LIMIT 1));
INSERT INTO ingredient (canonical_id, primary_name, ingredient_class, category, is_natural) VALUES ('NAME_glyceryl_tri_12_acetoxystearate', 'Glyceryl tri-(12-acetoxystearate)', 'substance', 'food', 0) ON CONFLICT(canonical_id) DO NOTHING;
INSERT INTO ingredient_alias (canonical_id, alias, alias_normalized, alias_type, language_code, confidence, source) VALUES ('NAME_glyceryl_tri_12_acetoxystearate', 'Glyceryl tri-(12-acetoxystearate)', 'glyceryl tri-(12-acetoxystearate)', 'synonym', 'en', 1.0, 'FDA CFR 21') ON CONFLICT(alias_normalized, alias_type, COALESCE(language_code, '')) DO NOTHING;
INSERT INTO regulatory_fact (canonical_id, jurisdiction, fact_type, status, regulation_ref, product_category, evidence_id) VALUES ('NAME_glyceryl_tri_12_acetoxystearate', 'US_FDA', 'permitted', 'PERMITTED per 21 CFR §178.3505 (Indirect Food Additives: Adjuvants, Production Aids, and Sanitizers)', '21 CFR §178.3505', 'food', (SELECT id FROM fact_evidence WHERE source_url = 'https://www.ecfr.gov/on/2026-04-16/title-21/part-178' AND snapshot_date = '2026-04-16' LIMIT 1));
INSERT INTO ingredient (canonical_id, primary_name, ingredient_class, category, is_natural) VALUES ('NAME_industrial_starch_modified', 'Industrial starch-modified', 'substance', 'food', 0) ON CONFLICT(canonical_id) DO NOTHING;
INSERT INTO ingredient_alias (canonical_id, alias, alias_normalized, alias_type, language_code, confidence, source) VALUES ('NAME_industrial_starch_modified', 'Industrial starch-modified', 'industrial starch-modified', 'synonym', 'en', 1.0, 'FDA CFR 21') ON CONFLICT(alias_normalized, alias_type, COALESCE(language_code, '')) DO NOTHING;
INSERT INTO regulatory_fact (canonical_id, jurisdiction, fact_type, status, regulation_ref, product_category, evidence_id) VALUES ('NAME_industrial_starch_modified', 'US_FDA', 'permitted', 'PERMITTED per 21 CFR §178.3520 (Indirect Food Additives: Adjuvants, Production Aids, and Sanitizers)', '21 CFR §178.3520', 'food', (SELECT id FROM fact_evidence WHERE source_url = 'https://www.ecfr.gov/on/2026-04-16/title-21/part-178' AND snapshot_date = '2026-04-16' LIMIT 1));
INSERT INTO ingredient (canonical_id, primary_name, ingredient_class, category, is_natural) VALUES ('NAME_isoparaffinic_petroleum_hydrocarbons_synthetic', 'Isoparaffinic petroleum hydrocarbons, synthetic', 'substance', 'food', 0) ON CONFLICT(canonical_id) DO NOTHING;
INSERT INTO ingredient_alias (canonical_id, alias, alias_normalized, alias_type, language_code, confidence, source) VALUES ('NAME_isoparaffinic_petroleum_hydrocarbons_synthetic', 'Isoparaffinic petroleum hydrocarbons, synthetic', 'isoparaffinic petroleum hydrocarbons, synthetic', 'synonym', 'en', 1.0, 'FDA CFR 21') ON CONFLICT(alias_normalized, alias_type, COALESCE(language_code, '')) DO NOTHING;
INSERT INTO regulatory_fact (canonical_id, jurisdiction, fact_type, status, regulation_ref, product_category, evidence_id) VALUES ('NAME_isoparaffinic_petroleum_hydrocarbons_synthetic', 'US_FDA', 'permitted', 'PERMITTED per 21 CFR §178.3530 (Indirect Food Additives: Adjuvants, Production Aids, and Sanitizers)', '21 CFR §178.3530', 'food', (SELECT id FROM fact_evidence WHERE source_url = 'https://www.ecfr.gov/on/2026-04-16/title-21/part-178' AND snapshot_date = '2026-04-16' LIMIT 1));
INSERT INTO ingredient (canonical_id, primary_name, ingredient_class, category, is_natural) VALUES ('NAME_lubricants_with_incidental_food_contact', 'Lubricants with incidental food contact', 'substance', 'food', 0) ON CONFLICT(canonical_id) DO NOTHING;
INSERT INTO ingredient_alias (canonical_id, alias, alias_normalized, alias_type, language_code, confidence, source) VALUES ('NAME_lubricants_with_incidental_food_contact', 'Lubricants with incidental food contact', 'lubricants with incidental food contact', 'synonym', 'en', 1.0, 'FDA CFR 21') ON CONFLICT(alias_normalized, alias_type, COALESCE(language_code, '')) DO NOTHING;
INSERT INTO regulatory_fact (canonical_id, jurisdiction, fact_type, status, regulation_ref, product_category, evidence_id) VALUES ('NAME_lubricants_with_incidental_food_contact', 'US_FDA', 'permitted', 'PERMITTED per 21 CFR §178.3570 (Indirect Food Additives: Adjuvants, Production Aids, and Sanitizers)', '21 CFR §178.3570', 'food', (SELECT id FROM fact_evidence WHERE source_url = 'https://www.ecfr.gov/on/2026-04-16/title-21/part-178' AND snapshot_date = '2026-04-16' LIMIT 1));
INSERT INTO regulatory_fact (canonical_id, jurisdiction, fact_type, status, regulation_ref, product_category, evidence_id) VALUES ('NAME_methyl_glucoside_coconut_oil_ester', 'US_FDA', 'permitted', 'PERMITTED per 21 CFR §178.3600 (Indirect Food Additives: Adjuvants, Production Aids, and Sanitizers)', '21 CFR §178.3600', 'food', (SELECT id FROM fact_evidence WHERE source_url = 'https://www.ecfr.gov/on/2026-04-16/title-21/part-178' AND snapshot_date = '2026-04-16' LIMIT 1));
INSERT INTO ingredient (canonical_id, primary_name, ingredient_class, category, is_natural) VALUES ('NAME_α_methylstyrene_vinyltoluene_resins_hydrogenated', 'α-Methylstyrene-vinyltoluene resins, hydrogenated', 'substance', 'food', 0) ON CONFLICT(canonical_id) DO NOTHING;
INSERT INTO ingredient_alias (canonical_id, alias, alias_normalized, alias_type, language_code, confidence, source) VALUES ('NAME_α_methylstyrene_vinyltoluene_resins_hydrogenated', 'α-Methylstyrene-vinyltoluene resins, hydrogenated', 'α-methylstyrene-vinyltoluene resins, hydrogenated', 'synonym', 'en', 1.0, 'FDA CFR 21') ON CONFLICT(alias_normalized, alias_type, COALESCE(language_code, '')) DO NOTHING;
INSERT INTO regulatory_fact (canonical_id, jurisdiction, fact_type, status, regulation_ref, product_category, evidence_id) VALUES ('NAME_α_methylstyrene_vinyltoluene_resins_hydrogenated', 'US_FDA', 'permitted', 'PERMITTED per 21 CFR §178.3610 (Indirect Food Additives: Adjuvants, Production Aids, and Sanitizers)', '21 CFR §178.3610', 'food', (SELECT id FROM fact_evidence WHERE source_url = 'https://www.ecfr.gov/on/2026-04-16/title-21/part-178' AND snapshot_date = '2026-04-16' LIMIT 1));
INSERT INTO ingredient (canonical_id, primary_name, ingredient_class, category, is_natural) VALUES ('NAME_mineral_oil', 'Mineral oil', 'substance', 'food', 0) ON CONFLICT(canonical_id) DO NOTHING;
INSERT INTO ingredient_alias (canonical_id, alias, alias_normalized, alias_type, language_code, confidence, source) VALUES ('NAME_mineral_oil', 'Mineral oil', 'mineral oil', 'synonym', 'en', 1.0, 'FDA CFR 21') ON CONFLICT(alias_normalized, alias_type, COALESCE(language_code, '')) DO NOTHING;
INSERT INTO regulatory_fact (canonical_id, jurisdiction, fact_type, status, regulation_ref, product_category, evidence_id) VALUES ('NAME_mineral_oil', 'US_FDA', 'permitted', 'PERMITTED per 21 CFR §178.3620 (Indirect Food Additives: Adjuvants, Production Aids, and Sanitizers)', '21 CFR §178.3620', 'food', (SELECT id FROM fact_evidence WHERE source_url = 'https://www.ecfr.gov/on/2026-04-16/title-21/part-178' AND snapshot_date = '2026-04-16' LIMIT 1));
INSERT INTO regulatory_fact (canonical_id, jurisdiction, fact_type, status, regulation_ref, product_category, evidence_id) VALUES ('NAME_odorless_light_petroleum_hydrocarbons', 'US_FDA', 'permitted', 'PERMITTED per 21 CFR §178.3650 (Indirect Food Additives: Adjuvants, Production Aids, and Sanitizers)', '21 CFR §178.3650', 'food', (SELECT id FROM fact_evidence WHERE source_url = 'https://www.ecfr.gov/on/2026-04-16/title-21/part-178' AND snapshot_date = '2026-04-16' LIMIT 1));
INSERT INTO ingredient (canonical_id, primary_name, ingredient_class, category, is_natural) VALUES ('NAME_pentaerythritol_adipate_stearate', 'Pentaerythritol adipate-stearate', 'substance', 'food', 0) ON CONFLICT(canonical_id) DO NOTHING;
INSERT INTO ingredient_alias (canonical_id, alias, alias_normalized, alias_type, language_code, confidence, source) VALUES ('NAME_pentaerythritol_adipate_stearate', 'Pentaerythritol adipate-stearate', 'pentaerythritol adipate-stearate', 'synonym', 'en', 1.0, 'FDA CFR 21') ON CONFLICT(alias_normalized, alias_type, COALESCE(language_code, '')) DO NOTHING;
INSERT INTO regulatory_fact (canonical_id, jurisdiction, fact_type, status, regulation_ref, product_category, evidence_id) VALUES ('NAME_pentaerythritol_adipate_stearate', 'US_FDA', 'permitted', 'PERMITTED per 21 CFR §178.3690 (Indirect Food Additives: Adjuvants, Production Aids, and Sanitizers)', '21 CFR §178.3690', 'food', (SELECT id FROM fact_evidence WHERE source_url = 'https://www.ecfr.gov/on/2026-04-16/title-21/part-178' AND snapshot_date = '2026-04-16' LIMIT 1));
INSERT INTO regulatory_fact (canonical_id, jurisdiction, fact_type, status, regulation_ref, product_category, evidence_id) VALUES ('NAME_petrolatum', 'US_FDA', 'permitted', 'PERMITTED per 21 CFR §178.3700 (Indirect Food Additives: Adjuvants, Production Aids, and Sanitizers)', '21 CFR §178.3700', 'food', (SELECT id FROM fact_evidence WHERE source_url = 'https://www.ecfr.gov/on/2026-04-16/title-21/part-178' AND snapshot_date = '2026-04-16' LIMIT 1));
INSERT INTO regulatory_fact (canonical_id, jurisdiction, fact_type, status, regulation_ref, product_category, evidence_id) VALUES ('NAME_petroleum_wax', 'US_FDA', 'permitted', 'PERMITTED per 21 CFR §178.3710 (Indirect Food Additives: Adjuvants, Production Aids, and Sanitizers)', '21 CFR §178.3710', 'food', (SELECT id FROM fact_evidence WHERE source_url = 'https://www.ecfr.gov/on/2026-04-16/title-21/part-178' AND snapshot_date = '2026-04-16' LIMIT 1));
INSERT INTO ingredient (canonical_id, primary_name, ingredient_class, category, is_natural) VALUES ('NAME_petroleum_wax_synthetic', 'Petroleum wax, synthetic', 'substance', 'food', 0) ON CONFLICT(canonical_id) DO NOTHING;
INSERT INTO ingredient_alias (canonical_id, alias, alias_normalized, alias_type, language_code, confidence, source) VALUES ('NAME_petroleum_wax_synthetic', 'Petroleum wax, synthetic', 'petroleum wax, synthetic', 'synonym', 'en', 1.0, 'FDA CFR 21') ON CONFLICT(alias_normalized, alias_type, COALESCE(language_code, '')) DO NOTHING;
INSERT INTO regulatory_fact (canonical_id, jurisdiction, fact_type, status, regulation_ref, product_category, evidence_id) VALUES ('NAME_petroleum_wax_synthetic', 'US_FDA', 'permitted', 'PERMITTED per 21 CFR §178.3720 (Indirect Food Additives: Adjuvants, Production Aids, and Sanitizers)', '21 CFR §178.3720', 'food', (SELECT id FROM fact_evidence WHERE source_url = 'https://www.ecfr.gov/on/2026-04-16/title-21/part-178' AND snapshot_date = '2026-04-16' LIMIT 1));
INSERT INTO ingredient (canonical_id, primary_name, ingredient_class, category, is_natural) VALUES ('NAME_pigment_dispersants', 'Pigment dispersants', 'substance', 'food', 0) ON CONFLICT(canonical_id) DO NOTHING;
INSERT INTO ingredient_alias (canonical_id, alias, alias_normalized, alias_type, language_code, confidence, source) VALUES ('NAME_pigment_dispersants', 'Pigment dispersants', 'pigment dispersants', 'synonym', 'en', 1.0, 'FDA CFR 21') ON CONFLICT(alias_normalized, alias_type, COALESCE(language_code, '')) DO NOTHING;
INSERT INTO regulatory_fact (canonical_id, jurisdiction, fact_type, status, regulation_ref, product_category, evidence_id) VALUES ('NAME_pigment_dispersants', 'US_FDA', 'permitted', 'PERMITTED per 21 CFR §178.3725 (Indirect Food Additives: Adjuvants, Production Aids, and Sanitizers)', '21 CFR §178.3725', 'food', (SELECT id FROM fact_evidence WHERE source_url = 'https://www.ecfr.gov/on/2026-04-16/title-21/part-178' AND snapshot_date = '2026-04-16' LIMIT 1));
INSERT INTO ingredient (canonical_id, primary_name, ingredient_class, category, is_natural) VALUES ('NAME_piperonyl_butoxide_and_pyrethrins_as_components_of_bags', 'Piperonyl butoxide and pyrethrins as components of bags', 'substance', 'food', 0) ON CONFLICT(canonical_id) DO NOTHING;
INSERT INTO ingredient_alias (canonical_id, alias, alias_normalized, alias_type, language_code, confidence, source) VALUES ('NAME_piperonyl_butoxide_and_pyrethrins_as_components_of_bags', 'Piperonyl butoxide and pyrethrins as components of bags', 'piperonyl butoxide and pyrethrins as components of bags', 'synonym', 'en', 1.0, 'FDA CFR 21') ON CONFLICT(alias_normalized, alias_type, COALESCE(language_code, '')) DO NOTHING;
INSERT INTO regulatory_fact (canonical_id, jurisdiction, fact_type, status, regulation_ref, product_category, evidence_id) VALUES ('NAME_piperonyl_butoxide_and_pyrethrins_as_components_of_bags', 'US_FDA', 'permitted', 'PERMITTED per 21 CFR §178.3730 (Indirect Food Additives: Adjuvants, Production Aids, and Sanitizers)', '21 CFR §178.3730', 'food', (SELECT id FROM fact_evidence WHERE source_url = 'https://www.ecfr.gov/on/2026-04-16/title-21/part-178' AND snapshot_date = '2026-04-16' LIMIT 1));
INSERT INTO ingredient (canonical_id, primary_name, ingredient_class, category, is_natural) VALUES ('NAME_plasticizers_in_polymeric_substances', 'Plasticizers in polymeric substances', 'substance', 'food', 0) ON CONFLICT(canonical_id) DO NOTHING;
INSERT INTO ingredient_alias (canonical_id, alias, alias_normalized, alias_type, language_code, confidence, source) VALUES ('NAME_plasticizers_in_polymeric_substances', 'Plasticizers in polymeric substances', 'plasticizers in polymeric substances', 'synonym', 'en', 1.0, 'FDA CFR 21') ON CONFLICT(alias_normalized, alias_type, COALESCE(language_code, '')) DO NOTHING;
INSERT INTO regulatory_fact (canonical_id, jurisdiction, fact_type, status, regulation_ref, product_category, evidence_id) VALUES ('NAME_plasticizers_in_polymeric_substances', 'US_FDA', 'permitted', 'PERMITTED per 21 CFR §178.3740 (Indirect Food Additives: Adjuvants, Production Aids, and Sanitizers)', '21 CFR §178.3740', 'food', (SELECT id FROM fact_evidence WHERE source_url = 'https://www.ecfr.gov/on/2026-04-16/title-21/part-178' AND snapshot_date = '2026-04-16' LIMIT 1));
INSERT INTO regulatory_fact (canonical_id, jurisdiction, fact_type, status, regulation_ref, product_category, evidence_id) VALUES ('NAME_polyethylene_glycol_mean_molecular_weight_200_9500', 'US_FDA', 'permitted', 'PERMITTED per 21 CFR §178.3750 (Indirect Food Additives: Adjuvants, Production Aids, and Sanitizers)', '21 CFR §178.3750', 'food', (SELECT id FROM fact_evidence WHERE source_url = 'https://www.ecfr.gov/on/2026-04-16/title-21/part-178' AND snapshot_date = '2026-04-16' LIMIT 1));
INSERT INTO ingredient (canonical_id, primary_name, ingredient_class, category, is_natural) VALUES ('NAME_polyethylene_glycol_400_monolaurate', 'Polyethylene glycol (400) monolaurate', 'substance', 'food', 0) ON CONFLICT(canonical_id) DO NOTHING;
INSERT INTO ingredient_alias (canonical_id, alias, alias_normalized, alias_type, language_code, confidence, source) VALUES ('NAME_polyethylene_glycol_400_monolaurate', 'Polyethylene glycol (400) monolaurate', 'polyethylene glycol (400) monolaurate', 'synonym', 'en', 1.0, 'FDA CFR 21') ON CONFLICT(alias_normalized, alias_type, COALESCE(language_code, '')) DO NOTHING;
INSERT INTO regulatory_fact (canonical_id, jurisdiction, fact_type, status, regulation_ref, product_category, evidence_id) VALUES ('NAME_polyethylene_glycol_400_monolaurate', 'US_FDA', 'permitted', 'PERMITTED per 21 CFR §178.3760 (Indirect Food Additives: Adjuvants, Production Aids, and Sanitizers)', '21 CFR §178.3760', 'food', (SELECT id FROM fact_evidence WHERE source_url = 'https://www.ecfr.gov/on/2026-04-16/title-21/part-178' AND snapshot_date = '2026-04-16' LIMIT 1));
INSERT INTO ingredient (canonical_id, primary_name, ingredient_class, category, is_natural) VALUES ('NAME_polyhydric_alcohol_esters_of_oxidatively_refined_gersthofen_process_montan_wax_a', 'Polyhydric alcohol esters of oxidatively refined (Gersthofen process) montan wax acids', 'substance', 'food', 0) ON CONFLICT(canonical_id) DO NOTHING;
INSERT INTO ingredient_alias (canonical_id, alias, alias_normalized, alias_type, language_code, confidence, source) VALUES ('NAME_polyhydric_alcohol_esters_of_oxidatively_refined_gersthofen_process_montan_wax_a', 'Polyhydric alcohol esters of oxidatively refined (Gersthofen process) montan wax acids', 'polyhydric alcohol esters of oxidatively refined (gersthofen process) montan wax acids', 'synonym', 'en', 1.0, 'FDA CFR 21') ON CONFLICT(alias_normalized, alias_type, COALESCE(language_code, '')) DO NOTHING;
INSERT INTO regulatory_fact (canonical_id, jurisdiction, fact_type, status, regulation_ref, product_category, evidence_id) VALUES ('NAME_polyhydric_alcohol_esters_of_oxidatively_refined_gersthofen_process_montan_wax_a', 'US_FDA', 'permitted', 'PERMITTED per 21 CFR §178.3770 (Indirect Food Additives: Adjuvants, Production Aids, and Sanitizers)', '21 CFR §178.3770', 'food', (SELECT id FROM fact_evidence WHERE source_url = 'https://www.ecfr.gov/on/2026-04-16/title-21/part-178' AND snapshot_date = '2026-04-16' LIMIT 1));
INSERT INTO ingredient (canonical_id, primary_name, ingredient_class, category, is_natural) VALUES ('NAME_polyhydric_alcohol_esters_of_long_chain_monobasic_acids', 'Polyhydric alcohol esters of long chain monobasic acids', 'substance', 'food', 0) ON CONFLICT(canonical_id) DO NOTHING;
INSERT INTO ingredient_alias (canonical_id, alias, alias_normalized, alias_type, language_code, confidence, source) VALUES ('NAME_polyhydric_alcohol_esters_of_long_chain_monobasic_acids', 'Polyhydric alcohol esters of long chain monobasic acids', 'polyhydric alcohol esters of long chain monobasic acids', 'synonym', 'en', 1.0, 'FDA CFR 21') ON CONFLICT(alias_normalized, alias_type, COALESCE(language_code, '')) DO NOTHING;
INSERT INTO regulatory_fact (canonical_id, jurisdiction, fact_type, status, regulation_ref, product_category, evidence_id) VALUES ('NAME_polyhydric_alcohol_esters_of_long_chain_monobasic_acids', 'US_FDA', 'permitted', 'PERMITTED per 21 CFR §178.3780 (Indirect Food Additives: Adjuvants, Production Aids, and Sanitizers)', '21 CFR §178.3780', 'food', (SELECT id FROM fact_evidence WHERE source_url = 'https://www.ecfr.gov/on/2026-04-16/title-21/part-178' AND snapshot_date = '2026-04-16' LIMIT 1));
INSERT INTO ingredient (canonical_id, primary_name, ingredient_class, category, is_natural) VALUES ('NAME_polymer_modifiers_in_semirigid_and_rigid_vinyl_chloride_plastics', 'Polymer modifiers in semirigid and rigid vinyl chloride plastics', 'substance', 'food', 0) ON CONFLICT(canonical_id) DO NOTHING;
INSERT INTO ingredient_alias (canonical_id, alias, alias_normalized, alias_type, language_code, confidence, source) VALUES ('NAME_polymer_modifiers_in_semirigid_and_rigid_vinyl_chloride_plastics', 'Polymer modifiers in semirigid and rigid vinyl chloride plastics', 'polymer modifiers in semirigid and rigid vinyl chloride plastics', 'synonym', 'en', 1.0, 'FDA CFR 21') ON CONFLICT(alias_normalized, alias_type, COALESCE(language_code, '')) DO NOTHING;
INSERT INTO regulatory_fact (canonical_id, jurisdiction, fact_type, status, regulation_ref, product_category, evidence_id) VALUES ('NAME_polymer_modifiers_in_semirigid_and_rigid_vinyl_chloride_plastics', 'US_FDA', 'permitted', 'PERMITTED per 21 CFR §178.3790 (Indirect Food Additives: Adjuvants, Production Aids, and Sanitizers)', '21 CFR §178.3790', 'food', (SELECT id FROM fact_evidence WHERE source_url = 'https://www.ecfr.gov/on/2026-04-16/title-21/part-178' AND snapshot_date = '2026-04-16' LIMIT 1));
INSERT INTO ingredient (canonical_id, primary_name, ingredient_class, category, is_natural) VALUES ('NAME_preservatives_for_wood', 'Preservatives for wood', 'substance', 'food', 0) ON CONFLICT(canonical_id) DO NOTHING;
INSERT INTO ingredient_alias (canonical_id, alias, alias_normalized, alias_type, language_code, confidence, source) VALUES ('NAME_preservatives_for_wood', 'Preservatives for wood', 'preservatives for wood', 'synonym', 'en', 1.0, 'FDA CFR 21') ON CONFLICT(alias_normalized, alias_type, COALESCE(language_code, '')) DO NOTHING;
INSERT INTO regulatory_fact (canonical_id, jurisdiction, fact_type, status, regulation_ref, product_category, evidence_id) VALUES ('NAME_preservatives_for_wood', 'US_FDA', 'permitted', 'PERMITTED per 21 CFR §178.3800 (Indirect Food Additives: Adjuvants, Production Aids, and Sanitizers)', '21 CFR §178.3800', 'food', (SELECT id FROM fact_evidence WHERE source_url = 'https://www.ecfr.gov/on/2026-04-16/title-21/part-178' AND snapshot_date = '2026-04-16' LIMIT 1));
INSERT INTO ingredient (canonical_id, primary_name, ingredient_class, category, is_natural) VALUES ('NAME_reinforced_wax', 'Reinforced wax', 'substance', 'food', 0) ON CONFLICT(canonical_id) DO NOTHING;
INSERT INTO ingredient_alias (canonical_id, alias, alias_normalized, alias_type, language_code, confidence, source) VALUES ('NAME_reinforced_wax', 'Reinforced wax', 'reinforced wax', 'synonym', 'en', 1.0, 'FDA CFR 21') ON CONFLICT(alias_normalized, alias_type, COALESCE(language_code, '')) DO NOTHING;
INSERT INTO regulatory_fact (canonical_id, jurisdiction, fact_type, status, regulation_ref, product_category, evidence_id) VALUES ('NAME_reinforced_wax', 'US_FDA', 'permitted', 'PERMITTED per 21 CFR §178.3850 (Indirect Food Additives: Adjuvants, Production Aids, and Sanitizers)', '21 CFR §178.3850', 'food', (SELECT id FROM fact_evidence WHERE source_url = 'https://www.ecfr.gov/on/2026-04-16/title-21/part-178' AND snapshot_date = '2026-04-16' LIMIT 1));
INSERT INTO ingredient (canonical_id, primary_name, ingredient_class, category, is_natural) VALUES ('NAME_release_agents', 'Release agents', 'substance', 'food', 0) ON CONFLICT(canonical_id) DO NOTHING;
INSERT INTO ingredient_alias (canonical_id, alias, alias_normalized, alias_type, language_code, confidence, source) VALUES ('NAME_release_agents', 'Release agents', 'release agents', 'synonym', 'en', 1.0, 'FDA CFR 21') ON CONFLICT(alias_normalized, alias_type, COALESCE(language_code, '')) DO NOTHING;
INSERT INTO regulatory_fact (canonical_id, jurisdiction, fact_type, status, regulation_ref, product_category, evidence_id) VALUES ('NAME_release_agents', 'US_FDA', 'permitted', 'PERMITTED per 21 CFR §178.3860 (Indirect Food Additives: Adjuvants, Production Aids, and Sanitizers)', '21 CFR §178.3860', 'food', (SELECT id FROM fact_evidence WHERE source_url = 'https://www.ecfr.gov/on/2026-04-16/title-21/part-178' AND snapshot_date = '2026-04-16' LIMIT 1));
INSERT INTO ingredient (canonical_id, primary_name, ingredient_class, category, is_natural) VALUES ('NAME_rosins_and_rosin_derivatives', 'Rosins and rosin derivatives', 'substance', 'food', 0) ON CONFLICT(canonical_id) DO NOTHING;
INSERT INTO ingredient_alias (canonical_id, alias, alias_normalized, alias_type, language_code, confidence, source) VALUES ('NAME_rosins_and_rosin_derivatives', 'Rosins and rosin derivatives', 'rosins and rosin derivatives', 'synonym', 'en', 1.0, 'FDA CFR 21') ON CONFLICT(alias_normalized, alias_type, COALESCE(language_code, '')) DO NOTHING;
INSERT INTO regulatory_fact (canonical_id, jurisdiction, fact_type, status, regulation_ref, product_category, evidence_id) VALUES ('NAME_rosins_and_rosin_derivatives', 'US_FDA', 'permitted', 'PERMITTED per 21 CFR §178.3870 (Indirect Food Additives: Adjuvants, Production Aids, and Sanitizers)', '21 CFR §178.3870', 'food', (SELECT id FROM fact_evidence WHERE source_url = 'https://www.ecfr.gov/on/2026-04-16/title-21/part-178' AND snapshot_date = '2026-04-16' LIMIT 1));
INSERT INTO ingredient (canonical_id, primary_name, ingredient_class, category, is_natural) VALUES ('NAME_sodium_pentachlorophenate', 'Sodium pentachlorophenate', 'substance', 'food', 0) ON CONFLICT(canonical_id) DO NOTHING;
INSERT INTO ingredient_alias (canonical_id, alias, alias_normalized, alias_type, language_code, confidence, source) VALUES ('NAME_sodium_pentachlorophenate', 'Sodium pentachlorophenate', 'sodium pentachlorophenate', 'synonym', 'en', 1.0, 'FDA CFR 21') ON CONFLICT(alias_normalized, alias_type, COALESCE(language_code, '')) DO NOTHING;
INSERT INTO regulatory_fact (canonical_id, jurisdiction, fact_type, status, regulation_ref, product_category, evidence_id) VALUES ('NAME_sodium_pentachlorophenate', 'US_FDA', 'permitted', 'PERMITTED per 21 CFR §178.3900 (Indirect Food Additives: Adjuvants, Production Aids, and Sanitizers)', '21 CFR §178.3900', 'food', (SELECT id FROM fact_evidence WHERE source_url = 'https://www.ecfr.gov/on/2026-04-16/title-21/part-178' AND snapshot_date = '2026-04-16' LIMIT 1));
INSERT INTO ingredient (canonical_id, primary_name, ingredient_class, category, is_natural) VALUES ('NAME_surface_lubricants_used_in_the_manufacture_of_metallic_articles', 'Surface lubricants used in the manufacture of metallic articles', 'substance', 'food', 0) ON CONFLICT(canonical_id) DO NOTHING;
INSERT INTO ingredient_alias (canonical_id, alias, alias_normalized, alias_type, language_code, confidence, source) VALUES ('NAME_surface_lubricants_used_in_the_manufacture_of_metallic_articles', 'Surface lubricants used in the manufacture of metallic articles', 'surface lubricants used in the manufacture of metallic articles', 'synonym', 'en', 1.0, 'FDA CFR 21') ON CONFLICT(alias_normalized, alias_type, COALESCE(language_code, '')) DO NOTHING;
INSERT INTO regulatory_fact (canonical_id, jurisdiction, fact_type, status, regulation_ref, product_category, evidence_id) VALUES ('NAME_surface_lubricants_used_in_the_manufacture_of_metallic_articles', 'US_FDA', 'permitted', 'PERMITTED per 21 CFR §178.3910 (Indirect Food Additives: Adjuvants, Production Aids, and Sanitizers)', '21 CFR §178.3910', 'food', (SELECT id FROM fact_evidence WHERE source_url = 'https://www.ecfr.gov/on/2026-04-16/title-21/part-178' AND snapshot_date = '2026-04-16' LIMIT 1));
INSERT INTO ingredient (canonical_id, primary_name, ingredient_class, category, is_natural) VALUES ('NAME_terpene_resins', 'Terpene resins', 'substance', 'food', 0) ON CONFLICT(canonical_id) DO NOTHING;
INSERT INTO ingredient_alias (canonical_id, alias, alias_normalized, alias_type, language_code, confidence, source) VALUES ('NAME_terpene_resins', 'Terpene resins', 'terpene resins', 'synonym', 'en', 1.0, 'FDA CFR 21') ON CONFLICT(alias_normalized, alias_type, COALESCE(language_code, '')) DO NOTHING;
INSERT INTO regulatory_fact (canonical_id, jurisdiction, fact_type, status, regulation_ref, product_category, evidence_id) VALUES ('NAME_terpene_resins', 'US_FDA', 'permitted', 'PERMITTED per 21 CFR §178.3930 (Indirect Food Additives: Adjuvants, Production Aids, and Sanitizers)', '21 CFR §178.3930', 'food', (SELECT id FROM fact_evidence WHERE source_url = 'https://www.ecfr.gov/on/2026-04-16/title-21/part-178' AND snapshot_date = '2026-04-16' LIMIT 1));
INSERT INTO ingredient (canonical_id, primary_name, ingredient_class, category, is_natural) VALUES ('NAME_tetraethylene_glycol_di_2_ethylhexoate', 'Tetraethylene glycol di-(2-ethylhexoate)', 'substance', 'food', 0) ON CONFLICT(canonical_id) DO NOTHING;
INSERT INTO ingredient_alias (canonical_id, alias, alias_normalized, alias_type, language_code, confidence, source) VALUES ('NAME_tetraethylene_glycol_di_2_ethylhexoate', 'Tetraethylene glycol di-(2-ethylhexoate)', 'tetraethylene glycol di-(2-ethylhexoate)', 'synonym', 'en', 1.0, 'FDA CFR 21') ON CONFLICT(alias_normalized, alias_type, COALESCE(language_code, '')) DO NOTHING;
INSERT INTO regulatory_fact (canonical_id, jurisdiction, fact_type, status, regulation_ref, product_category, evidence_id) VALUES ('NAME_tetraethylene_glycol_di_2_ethylhexoate', 'US_FDA', 'permitted', 'PERMITTED per 21 CFR §178.3940 (Indirect Food Additives: Adjuvants, Production Aids, and Sanitizers)', '21 CFR §178.3940', 'food', (SELECT id FROM fact_evidence WHERE source_url = 'https://www.ecfr.gov/on/2026-04-16/title-21/part-178' AND snapshot_date = '2026-04-16' LIMIT 1));
INSERT INTO ingredient (canonical_id, primary_name, ingredient_class, category, is_natural) VALUES ('NAME_tetrahydrofuran', 'Tetrahydrofuran', 'substance', 'food', 0) ON CONFLICT(canonical_id) DO NOTHING;
INSERT INTO ingredient_alias (canonical_id, alias, alias_normalized, alias_type, language_code, confidence, source) VALUES ('NAME_tetrahydrofuran', 'Tetrahydrofuran', 'tetrahydrofuran', 'synonym', 'en', 1.0, 'FDA CFR 21') ON CONFLICT(alias_normalized, alias_type, COALESCE(language_code, '')) DO NOTHING;
INSERT INTO regulatory_fact (canonical_id, jurisdiction, fact_type, status, regulation_ref, product_category, evidence_id) VALUES ('NAME_tetrahydrofuran', 'US_FDA', 'permitted', 'PERMITTED per 21 CFR §178.3950 (Indirect Food Additives: Adjuvants, Production Aids, and Sanitizers)', '21 CFR §178.3950', 'food', (SELECT id FROM fact_evidence WHERE source_url = 'https://www.ecfr.gov/on/2026-04-16/title-21/part-178' AND snapshot_date = '2026-04-16' LIMIT 1));
INSERT INTO ingredient (canonical_id, primary_name, ingredient_class, category, is_natural) VALUES ('NAME_acrylonitrile_copolymers', 'Acrylonitrile copolymers', 'substance', 'food', 0) ON CONFLICT(canonical_id) DO NOTHING;
INSERT INTO ingredient_alias (canonical_id, alias, alias_normalized, alias_type, language_code, confidence, source) VALUES ('NAME_acrylonitrile_copolymers', 'Acrylonitrile copolymers', 'acrylonitrile copolymers', 'synonym', 'en', 1.0, 'FDA CFR 21') ON CONFLICT(alias_normalized, alias_type, COALESCE(language_code, '')) DO NOTHING;
INSERT INTO regulatory_fact (canonical_id, jurisdiction, fact_type, status, regulation_ref, product_category, evidence_id) VALUES ('NAME_acrylonitrile_copolymers', 'US_FDA', 'restricted', 'RESTRICTED per 21 CFR §180.22 (Food Additives Permitted in Food or in Contact with Food on an Interim Basis)', '21 CFR §180.22', 'food', (SELECT id FROM fact_evidence WHERE source_url = 'https://www.ecfr.gov/on/2026-04-16/title-21/part-180' AND snapshot_date = '2026-04-16' LIMIT 1));
INSERT INTO ingredient (canonical_id, primary_name, ingredient_class, category, is_natural) VALUES ('NAME_mannitol', 'Mannitol', 'substance', 'food', 0) ON CONFLICT(canonical_id) DO NOTHING;
INSERT INTO ingredient_alias (canonical_id, alias, alias_normalized, alias_type, language_code, confidence, source) VALUES ('NAME_mannitol', 'Mannitol', 'mannitol', 'synonym', 'en', 1.0, 'FDA CFR 21') ON CONFLICT(alias_normalized, alias_type, COALESCE(language_code, '')) DO NOTHING;
INSERT INTO regulatory_fact (canonical_id, jurisdiction, fact_type, status, regulation_ref, product_category, evidence_id) VALUES ('NAME_mannitol', 'US_FDA', 'restricted', 'RESTRICTED per 21 CFR §180.25 (Food Additives Permitted in Food or in Contact with Food on an Interim Basis)', '21 CFR §180.25', 'food', (SELECT id FROM fact_evidence WHERE source_url = 'https://www.ecfr.gov/on/2026-04-16/title-21/part-180' AND snapshot_date = '2026-04-16' LIMIT 1));
INSERT INTO ingredient (canonical_id, primary_name, ingredient_class, category, is_natural) VALUES ('NAME_saccharin_ammonium_saccharin_calcium_saccharin_and_sodium_saccharin', 'Saccharin, ammonium saccharin, calcium saccharin, and sodium saccharin', 'substance', 'food', 0) ON CONFLICT(canonical_id) DO NOTHING;
INSERT INTO ingredient_alias (canonical_id, alias, alias_normalized, alias_type, language_code, confidence, source) VALUES ('NAME_saccharin_ammonium_saccharin_calcium_saccharin_and_sodium_saccharin', 'Saccharin, ammonium saccharin, calcium saccharin, and sodium saccharin', 'saccharin, ammonium saccharin, calcium saccharin, and sodium saccharin', 'synonym', 'en', 1.0, 'FDA CFR 21') ON CONFLICT(alias_normalized, alias_type, COALESCE(language_code, '')) DO NOTHING;
INSERT INTO regulatory_fact (canonical_id, jurisdiction, fact_type, status, regulation_ref, product_category, evidence_id) VALUES ('NAME_saccharin_ammonium_saccharin_calcium_saccharin_and_sodium_saccharin', 'US_FDA', 'restricted', 'RESTRICTED per 21 CFR §180.37 (Food Additives Permitted in Food or in Contact with Food on an Interim Basis)', '21 CFR §180.37', 'food', (SELECT id FROM fact_evidence WHERE source_url = 'https://www.ecfr.gov/on/2026-04-16/title-21/part-180' AND snapshot_date = '2026-04-16' LIMIT 1));
INSERT INTO ingredient (canonical_id, primary_name, ingredient_class, category, is_natural) VALUES ('NAME_certain_substances_employed_in_the_manufacture_of_food_packaging_materials', 'Certain substances employed in the manufacture of food-packaging materials', 'substance', 'food', 0) ON CONFLICT(canonical_id) DO NOTHING;
INSERT INTO ingredient_alias (canonical_id, alias, alias_normalized, alias_type, language_code, confidence, source) VALUES ('NAME_certain_substances_employed_in_the_manufacture_of_food_packaging_materials', 'Certain substances employed in the manufacture of food-packaging materials', 'certain substances employed in the manufacture of food-packaging materials', 'synonym', 'en', 1.0, 'FDA CFR 21') ON CONFLICT(alias_normalized, alias_type, COALESCE(language_code, '')) DO NOTHING;
INSERT INTO regulatory_fact (canonical_id, jurisdiction, fact_type, status, regulation_ref, product_category, evidence_id) VALUES ('NAME_certain_substances_employed_in_the_manufacture_of_food_packaging_materials', 'US_FDA', 'permitted', 'PERMITTED per 21 CFR §181.22 (Prior-Sanctioned Food Ingredients)', '21 CFR §181.22', 'food', (SELECT id FROM fact_evidence WHERE source_url = 'https://www.ecfr.gov/on/2026-04-16/title-21/part-181' AND snapshot_date = '2026-04-16' LIMIT 1));
INSERT INTO ingredient (canonical_id, primary_name, ingredient_class, category, is_natural) VALUES ('NAME_antimycotics', 'Antimycotics', 'substance', 'food', 0) ON CONFLICT(canonical_id) DO NOTHING;
INSERT INTO ingredient_alias (canonical_id, alias, alias_normalized, alias_type, language_code, confidence, source) VALUES ('NAME_antimycotics', 'Antimycotics', 'antimycotics', 'synonym', 'en', 1.0, 'FDA CFR 21') ON CONFLICT(alias_normalized, alias_type, COALESCE(language_code, '')) DO NOTHING;
INSERT INTO regulatory_fact (canonical_id, jurisdiction, fact_type, status, regulation_ref, product_category, evidence_id) VALUES ('NAME_antimycotics', 'US_FDA', 'permitted', 'PERMITTED per 21 CFR §181.23 (Prior-Sanctioned Food Ingredients)', '21 CFR §181.23', 'food', (SELECT id FROM fact_evidence WHERE source_url = 'https://www.ecfr.gov/on/2026-04-16/title-21/part-181' AND snapshot_date = '2026-04-16' LIMIT 1));
INSERT INTO ingredient (canonical_id, primary_name, ingredient_class, category, is_natural) VALUES ('NAME_antioxidants', 'Antioxidants', 'substance', 'food', 0) ON CONFLICT(canonical_id) DO NOTHING;
INSERT INTO ingredient_alias (canonical_id, alias, alias_normalized, alias_type, language_code, confidence, source) VALUES ('NAME_antioxidants', 'Antioxidants', 'antioxidants', 'synonym', 'en', 1.0, 'FDA CFR 21') ON CONFLICT(alias_normalized, alias_type, COALESCE(language_code, '')) DO NOTHING;
INSERT INTO regulatory_fact (canonical_id, jurisdiction, fact_type, status, regulation_ref, product_category, evidence_id) VALUES ('NAME_antioxidants', 'US_FDA', 'permitted', 'PERMITTED per 21 CFR §181.24 (Prior-Sanctioned Food Ingredients)', '21 CFR §181.24', 'food', (SELECT id FROM fact_evidence WHERE source_url = 'https://www.ecfr.gov/on/2026-04-16/title-21/part-181' AND snapshot_date = '2026-04-16' LIMIT 1));
INSERT INTO ingredient (canonical_id, primary_name, ingredient_class, category, is_natural) VALUES ('NAME_driers', 'Driers', 'substance', 'food', 0) ON CONFLICT(canonical_id) DO NOTHING;
INSERT INTO ingredient_alias (canonical_id, alias, alias_normalized, alias_type, language_code, confidence, source) VALUES ('NAME_driers', 'Driers', 'driers', 'synonym', 'en', 1.0, 'FDA CFR 21') ON CONFLICT(alias_normalized, alias_type, COALESCE(language_code, '')) DO NOTHING;
INSERT INTO regulatory_fact (canonical_id, jurisdiction, fact_type, status, regulation_ref, product_category, evidence_id) VALUES ('NAME_driers', 'US_FDA', 'permitted', 'PERMITTED per 21 CFR §181.25 (Prior-Sanctioned Food Ingredients)', '21 CFR §181.25', 'food', (SELECT id FROM fact_evidence WHERE source_url = 'https://www.ecfr.gov/on/2026-04-16/title-21/part-181' AND snapshot_date = '2026-04-16' LIMIT 1));
INSERT INTO ingredient (canonical_id, primary_name, ingredient_class, category, is_natural) VALUES ('NAME_drying_oils_as_components_of_finished_resins', 'Drying oils as components of finished resins', 'substance', 'food', 0) ON CONFLICT(canonical_id) DO NOTHING;
INSERT INTO ingredient_alias (canonical_id, alias, alias_normalized, alias_type, language_code, confidence, source) VALUES ('NAME_drying_oils_as_components_of_finished_resins', 'Drying oils as components of finished resins', 'drying oils as components of finished resins', 'synonym', 'en', 1.0, 'FDA CFR 21') ON CONFLICT(alias_normalized, alias_type, COALESCE(language_code, '')) DO NOTHING;
INSERT INTO regulatory_fact (canonical_id, jurisdiction, fact_type, status, regulation_ref, product_category, evidence_id) VALUES ('NAME_drying_oils_as_components_of_finished_resins', 'US_FDA', 'permitted', 'PERMITTED per 21 CFR §181.26 (Prior-Sanctioned Food Ingredients)', '21 CFR §181.26', 'food', (SELECT id FROM fact_evidence WHERE source_url = 'https://www.ecfr.gov/on/2026-04-16/title-21/part-181' AND snapshot_date = '2026-04-16' LIMIT 1));
INSERT INTO ingredient (canonical_id, primary_name, ingredient_class, category, is_natural) VALUES ('NAME_plasticizers', 'Plasticizers', 'substance', 'food', 0) ON CONFLICT(canonical_id) DO NOTHING;
INSERT INTO ingredient_alias (canonical_id, alias, alias_normalized, alias_type, language_code, confidence, source) VALUES ('NAME_plasticizers', 'Plasticizers', 'plasticizers', 'synonym', 'en', 1.0, 'FDA CFR 21') ON CONFLICT(alias_normalized, alias_type, COALESCE(language_code, '')) DO NOTHING;
INSERT INTO regulatory_fact (canonical_id, jurisdiction, fact_type, status, regulation_ref, product_category, evidence_id) VALUES ('NAME_plasticizers', 'US_FDA', 'permitted', 'PERMITTED per 21 CFR §181.27 (Prior-Sanctioned Food Ingredients)', '21 CFR §181.27', 'food', (SELECT id FROM fact_evidence WHERE source_url = 'https://www.ecfr.gov/on/2026-04-16/title-21/part-181' AND snapshot_date = '2026-04-16' LIMIT 1));
INSERT INTO regulatory_fact (canonical_id, jurisdiction, fact_type, status, regulation_ref, product_category, evidence_id) VALUES ('NAME_release_agents', 'US_FDA', 'permitted', 'PERMITTED per 21 CFR §181.28 (Prior-Sanctioned Food Ingredients)', '21 CFR §181.28', 'food', (SELECT id FROM fact_evidence WHERE source_url = 'https://www.ecfr.gov/on/2026-04-16/title-21/part-181' AND snapshot_date = '2026-04-16' LIMIT 1));
INSERT INTO ingredient (canonical_id, primary_name, ingredient_class, category, is_natural) VALUES ('NAME_stabilizers', 'Stabilizers', 'substance', 'food', 0) ON CONFLICT(canonical_id) DO NOTHING;
INSERT INTO ingredient_alias (canonical_id, alias, alias_normalized, alias_type, language_code, confidence, source) VALUES ('NAME_stabilizers', 'Stabilizers', 'stabilizers', 'synonym', 'en', 1.0, 'FDA CFR 21') ON CONFLICT(alias_normalized, alias_type, COALESCE(language_code, '')) DO NOTHING;
INSERT INTO regulatory_fact (canonical_id, jurisdiction, fact_type, status, regulation_ref, product_category, evidence_id) VALUES ('NAME_stabilizers', 'US_FDA', 'permitted', 'PERMITTED per 21 CFR §181.29 (Prior-Sanctioned Food Ingredients)', '21 CFR §181.29', 'food', (SELECT id FROM fact_evidence WHERE source_url = 'https://www.ecfr.gov/on/2026-04-16/title-21/part-181' AND snapshot_date = '2026-04-16' LIMIT 1));
INSERT INTO ingredient (canonical_id, primary_name, ingredient_class, category, is_natural) VALUES ('NAME_substances_used_in_the_manufacture_of_paper_and_paperboard_products_used_in_food', 'Substances used in the manufacture of paper and paperboard products used in food packaging', 'substance', 'food', 0) ON CONFLICT(canonical_id) DO NOTHING;
INSERT INTO ingredient_alias (canonical_id, alias, alias_normalized, alias_type, language_code, confidence, source) VALUES ('NAME_substances_used_in_the_manufacture_of_paper_and_paperboard_products_used_in_food', 'Substances used in the manufacture of paper and paperboard products used in food packaging', 'substances used in the manufacture of paper and paperboard products used in food packaging', 'synonym', 'en', 1.0, 'FDA CFR 21') ON CONFLICT(alias_normalized, alias_type, COALESCE(language_code, '')) DO NOTHING;
INSERT INTO regulatory_fact (canonical_id, jurisdiction, fact_type, status, regulation_ref, product_category, evidence_id) VALUES ('NAME_substances_used_in_the_manufacture_of_paper_and_paperboard_products_used_in_food', 'US_FDA', 'permitted', 'PERMITTED per 21 CFR §181.30 (Prior-Sanctioned Food Ingredients)', '21 CFR §181.30', 'food', (SELECT id FROM fact_evidence WHERE source_url = 'https://www.ecfr.gov/on/2026-04-16/title-21/part-181' AND snapshot_date = '2026-04-16' LIMIT 1));
INSERT INTO ingredient (canonical_id, primary_name, ingredient_class, category, is_natural) VALUES ('NAME_acrylonitrile_copolymers_and_resins', 'Acrylonitrile copolymers and resins', 'substance', 'food', 0) ON CONFLICT(canonical_id) DO NOTHING;
INSERT INTO ingredient_alias (canonical_id, alias, alias_normalized, alias_type, language_code, confidence, source) VALUES ('NAME_acrylonitrile_copolymers_and_resins', 'Acrylonitrile copolymers and resins', 'acrylonitrile copolymers and resins', 'synonym', 'en', 1.0, 'FDA CFR 21') ON CONFLICT(alias_normalized, alias_type, COALESCE(language_code, '')) DO NOTHING;
INSERT INTO regulatory_fact (canonical_id, jurisdiction, fact_type, status, regulation_ref, product_category, evidence_id) VALUES ('NAME_acrylonitrile_copolymers_and_resins', 'US_FDA', 'permitted', 'PERMITTED per 21 CFR §181.32 (Prior-Sanctioned Food Ingredients)', '21 CFR §181.32', 'food', (SELECT id FROM fact_evidence WHERE source_url = 'https://www.ecfr.gov/on/2026-04-16/title-21/part-181' AND snapshot_date = '2026-04-16' LIMIT 1));
INSERT INTO ingredient (canonical_id, primary_name, ingredient_class, category, is_natural) VALUES ('NAME_sodium_nitrate_and_potassium_nitrate', 'Sodium nitrate and potassium nitrate', 'substance', 'food', 0) ON CONFLICT(canonical_id) DO NOTHING;
INSERT INTO ingredient_alias (canonical_id, alias, alias_normalized, alias_type, language_code, confidence, source) VALUES ('NAME_sodium_nitrate_and_potassium_nitrate', 'Sodium nitrate and potassium nitrate', 'sodium nitrate and potassium nitrate', 'synonym', 'en', 1.0, 'FDA CFR 21') ON CONFLICT(alias_normalized, alias_type, COALESCE(language_code, '')) DO NOTHING;
INSERT INTO regulatory_fact (canonical_id, jurisdiction, fact_type, status, regulation_ref, product_category, evidence_id) VALUES ('NAME_sodium_nitrate_and_potassium_nitrate', 'US_FDA', 'permitted', 'PERMITTED per 21 CFR §181.33 (Prior-Sanctioned Food Ingredients)', '21 CFR §181.33', 'food', (SELECT id FROM fact_evidence WHERE source_url = 'https://www.ecfr.gov/on/2026-04-16/title-21/part-181' AND snapshot_date = '2026-04-16' LIMIT 1));
INSERT INTO ingredient (canonical_id, primary_name, ingredient_class, category, is_natural) VALUES ('NAME_sodium_nitrite_and_potassium_nitrite', 'Sodium nitrite and potassium nitrite', 'substance', 'food', 0) ON CONFLICT(canonical_id) DO NOTHING;
INSERT INTO ingredient_alias (canonical_id, alias, alias_normalized, alias_type, language_code, confidence, source) VALUES ('NAME_sodium_nitrite_and_potassium_nitrite', 'Sodium nitrite and potassium nitrite', 'sodium nitrite and potassium nitrite', 'synonym', 'en', 1.0, 'FDA CFR 21') ON CONFLICT(alias_normalized, alias_type, COALESCE(language_code, '')) DO NOTHING;
INSERT INTO regulatory_fact (canonical_id, jurisdiction, fact_type, status, regulation_ref, product_category, evidence_id) VALUES ('NAME_sodium_nitrite_and_potassium_nitrite', 'US_FDA', 'permitted', 'PERMITTED per 21 CFR §181.34 (Prior-Sanctioned Food Ingredients)', '21 CFR §181.34', 'food', (SELECT id FROM fact_evidence WHERE source_url = 'https://www.ecfr.gov/on/2026-04-16/title-21/part-181' AND snapshot_date = '2026-04-16' LIMIT 1));
INSERT INTO ingredient (canonical_id, primary_name, ingredient_class, category, is_natural) VALUES ('NAME_spices_and_other_natural_seasonings_and_flavorings', 'Spices and other natural seasonings and flavorings', 'substance', 'food', 0) ON CONFLICT(canonical_id) DO NOTHING;
INSERT INTO ingredient_alias (canonical_id, alias, alias_normalized, alias_type, language_code, confidence, source) VALUES ('NAME_spices_and_other_natural_seasonings_and_flavorings', 'Spices and other natural seasonings and flavorings', 'spices and other natural seasonings and flavorings', 'synonym', 'en', 1.0, 'FDA CFR 21') ON CONFLICT(alias_normalized, alias_type, COALESCE(language_code, '')) DO NOTHING;
INSERT INTO regulatory_fact (canonical_id, jurisdiction, fact_type, status, regulation_ref, product_category, evidence_id) VALUES ('NAME_spices_and_other_natural_seasonings_and_flavorings', 'US_FDA', 'gras', 'GRAS per 21 CFR §182.10 (Substances Generally Recognized as Safe)', '21 CFR §182.10', 'food', (SELECT id FROM fact_evidence WHERE source_url = 'https://www.ecfr.gov/on/2026-04-16/title-21/part-182' AND snapshot_date = '2026-04-16' LIMIT 1));
INSERT INTO ingredient (canonical_id, primary_name, ingredient_class, category, is_natural) VALUES ('NAME_essential_oils_oleoresins_solvent_free_and_natural_extractives_including_distill', 'Essential oils, oleoresins (solvent-free), and natural extractives (including distillates)', 'substance', 'food', 0) ON CONFLICT(canonical_id) DO NOTHING;
INSERT INTO ingredient_alias (canonical_id, alias, alias_normalized, alias_type, language_code, confidence, source) VALUES ('NAME_essential_oils_oleoresins_solvent_free_and_natural_extractives_including_distill', 'Essential oils, oleoresins (solvent-free), and natural extractives (including distillates)', 'essential oils, oleoresins (solvent-free), and natural extractives (including distillates)', 'synonym', 'en', 1.0, 'FDA CFR 21') ON CONFLICT(alias_normalized, alias_type, COALESCE(language_code, '')) DO NOTHING;
INSERT INTO regulatory_fact (canonical_id, jurisdiction, fact_type, status, regulation_ref, product_category, evidence_id) VALUES ('NAME_essential_oils_oleoresins_solvent_free_and_natural_extractives_including_distill', 'US_FDA', 'gras', 'GRAS per 21 CFR §182.20 (Substances Generally Recognized as Safe)', '21 CFR §182.20', 'food', (SELECT id FROM fact_evidence WHERE source_url = 'https://www.ecfr.gov/on/2026-04-16/title-21/part-182' AND snapshot_date = '2026-04-16' LIMIT 1));
INSERT INTO ingredient (canonical_id, primary_name, ingredient_class, category, is_natural) VALUES ('NAME_natural_extractives_solvent_free_used_in_conjunction_with_spices_seasonings_and_', 'Natural extractives (solvent-free) used in conjunction with spices, seasonings, and flavorings', 'substance', 'food', 0) ON CONFLICT(canonical_id) DO NOTHING;
INSERT INTO ingredient_alias (canonical_id, alias, alias_normalized, alias_type, language_code, confidence, source) VALUES ('NAME_natural_extractives_solvent_free_used_in_conjunction_with_spices_seasonings_and_', 'Natural extractives (solvent-free) used in conjunction with spices, seasonings, and flavorings', 'natural extractives (solvent-free) used in conjunction with spices, seasonings, and flavorings', 'synonym', 'en', 1.0, 'FDA CFR 21') ON CONFLICT(alias_normalized, alias_type, COALESCE(language_code, '')) DO NOTHING;
INSERT INTO regulatory_fact (canonical_id, jurisdiction, fact_type, status, regulation_ref, product_category, evidence_id) VALUES ('NAME_natural_extractives_solvent_free_used_in_conjunction_with_spices_seasonings_and_', 'US_FDA', 'gras', 'GRAS per 21 CFR §182.40 (Substances Generally Recognized as Safe)', '21 CFR §182.40', 'food', (SELECT id FROM fact_evidence WHERE source_url = 'https://www.ecfr.gov/on/2026-04-16/title-21/part-182' AND snapshot_date = '2026-04-16' LIMIT 1));
INSERT INTO ingredient (canonical_id, primary_name, ingredient_class, category, is_natural) VALUES ('NAME_certain_other_spices_seasonings_essential_oils_oleoresins_and_natural_extracts', 'Certain other spices, seasonings, essential oils, oleoresins, and natural extracts', 'substance', 'food', 0) ON CONFLICT(canonical_id) DO NOTHING;
INSERT INTO ingredient_alias (canonical_id, alias, alias_normalized, alias_type, language_code, confidence, source) VALUES ('NAME_certain_other_spices_seasonings_essential_oils_oleoresins_and_natural_extracts', 'Certain other spices, seasonings, essential oils, oleoresins, and natural extracts', 'certain other spices, seasonings, essential oils, oleoresins, and natural extracts', 'synonym', 'en', 1.0, 'FDA CFR 21') ON CONFLICT(alias_normalized, alias_type, COALESCE(language_code, '')) DO NOTHING;
INSERT INTO regulatory_fact (canonical_id, jurisdiction, fact_type, status, regulation_ref, product_category, evidence_id) VALUES ('NAME_certain_other_spices_seasonings_essential_oils_oleoresins_and_natural_extracts', 'US_FDA', 'gras', 'GRAS per 21 CFR §182.50 (Substances Generally Recognized as Safe)', '21 CFR §182.50', 'food', (SELECT id FROM fact_evidence WHERE source_url = 'https://www.ecfr.gov/on/2026-04-16/title-21/part-182' AND snapshot_date = '2026-04-16' LIMIT 1));
INSERT INTO regulatory_fact (canonical_id, jurisdiction, fact_type, status, regulation_ref, product_category, evidence_id) VALUES ('NAME_synthetic_flavoring_substances_and_adjuvants', 'US_FDA', 'gras', 'GRAS per 21 CFR §182.60 (Substances Generally Recognized as Safe)', '21 CFR §182.60', 'food', (SELECT id FROM fact_evidence WHERE source_url = 'https://www.ecfr.gov/on/2026-04-16/title-21/part-182' AND snapshot_date = '2026-04-16' LIMIT 1));
INSERT INTO ingredient (canonical_id, primary_name, ingredient_class, category, is_natural) VALUES ('NAME_substances_migrating_from_cotton_and_cotton_fabrics_used_in_dry_food_packaging', 'Substances migrating from cotton and cotton fabrics used in dry food packaging', 'substance', 'food', 0) ON CONFLICT(canonical_id) DO NOTHING;
INSERT INTO ingredient_alias (canonical_id, alias, alias_normalized, alias_type, language_code, confidence, source) VALUES ('NAME_substances_migrating_from_cotton_and_cotton_fabrics_used_in_dry_food_packaging', 'Substances migrating from cotton and cotton fabrics used in dry food packaging', 'substances migrating from cotton and cotton fabrics used in dry food packaging', 'synonym', 'en', 1.0, 'FDA CFR 21') ON CONFLICT(alias_normalized, alias_type, COALESCE(language_code, '')) DO NOTHING;
INSERT INTO regulatory_fact (canonical_id, jurisdiction, fact_type, status, regulation_ref, product_category, evidence_id) VALUES ('NAME_substances_migrating_from_cotton_and_cotton_fabrics_used_in_dry_food_packaging', 'US_FDA', 'gras', 'GRAS per 21 CFR §182.70 (Substances Generally Recognized as Safe)', '21 CFR §182.70', 'food', (SELECT id FROM fact_evidence WHERE source_url = 'https://www.ecfr.gov/on/2026-04-16/title-21/part-182' AND snapshot_date = '2026-04-16' LIMIT 1));
INSERT INTO ingredient (canonical_id, primary_name, ingredient_class, category, is_natural) VALUES ('NAME_substances_migrating_to_food_from_paper_and_paperboard_products', 'Substances migrating to food from paper and paperboard products', 'substance', 'food', 0) ON CONFLICT(canonical_id) DO NOTHING;
INSERT INTO ingredient_alias (canonical_id, alias, alias_normalized, alias_type, language_code, confidence, source) VALUES ('NAME_substances_migrating_to_food_from_paper_and_paperboard_products', 'Substances migrating to food from paper and paperboard products', 'substances migrating to food from paper and paperboard products', 'synonym', 'en', 1.0, 'FDA CFR 21') ON CONFLICT(alias_normalized, alias_type, COALESCE(language_code, '')) DO NOTHING;
INSERT INTO regulatory_fact (canonical_id, jurisdiction, fact_type, status, regulation_ref, product_category, evidence_id) VALUES ('NAME_substances_migrating_to_food_from_paper_and_paperboard_products', 'US_FDA', 'gras', 'GRAS per 21 CFR §182.90 (Substances Generally Recognized as Safe)', '21 CFR §182.90', 'food', (SELECT id FROM fact_evidence WHERE source_url = 'https://www.ecfr.gov/on/2026-04-16/title-21/part-182' AND snapshot_date = '2026-04-16' LIMIT 1));
INSERT INTO ingredient (canonical_id, primary_name, ingredient_class, category, is_natural) VALUES ('NAME_adjuvants_for_pesticide_chemicals', 'Adjuvants for pesticide chemicals', 'substance', 'food', 0) ON CONFLICT(canonical_id) DO NOTHING;
INSERT INTO ingredient_alias (canonical_id, alias, alias_normalized, alias_type, language_code, confidence, source) VALUES ('NAME_adjuvants_for_pesticide_chemicals', 'Adjuvants for pesticide chemicals', 'adjuvants for pesticide chemicals', 'synonym', 'en', 1.0, 'FDA CFR 21') ON CONFLICT(alias_normalized, alias_type, COALESCE(language_code, '')) DO NOTHING;
INSERT INTO regulatory_fact (canonical_id, jurisdiction, fact_type, status, regulation_ref, product_category, evidence_id) VALUES ('NAME_adjuvants_for_pesticide_chemicals', 'US_FDA', 'gras', 'GRAS per 21 CFR §182.99 (Substances Generally Recognized as Safe)', '21 CFR §182.99', 'food', (SELECT id FROM fact_evidence WHERE source_url = 'https://www.ecfr.gov/on/2026-04-16/title-21/part-182' AND snapshot_date = '2026-04-16' LIMIT 1));
INSERT INTO ingredient (canonical_id, primary_name, ingredient_class, category, is_natural) VALUES ('NAME_glutamic_acid', 'Glutamic acid', 'substance', 'food', 0) ON CONFLICT(canonical_id) DO NOTHING;
INSERT INTO ingredient_alias (canonical_id, alias, alias_normalized, alias_type, language_code, confidence, source) VALUES ('NAME_glutamic_acid', 'Glutamic acid', 'glutamic acid', 'synonym', 'en', 1.0, 'FDA CFR 21') ON CONFLICT(alias_normalized, alias_type, COALESCE(language_code, '')) DO NOTHING;
INSERT INTO regulatory_fact (canonical_id, jurisdiction, fact_type, status, regulation_ref, product_category, evidence_id) VALUES ('NAME_glutamic_acid', 'US_FDA', 'gras', 'GRAS per 21 CFR §182.1045 (Substances Generally Recognized as Safe)', '21 CFR §182.1045', 'food', (SELECT id FROM fact_evidence WHERE source_url = 'https://www.ecfr.gov/on/2026-04-16/title-21/part-182' AND snapshot_date = '2026-04-16' LIMIT 1));
INSERT INTO ingredient (canonical_id, primary_name, ingredient_class, category, is_natural) VALUES ('NAME_glutamic_acid_hydrochloride', 'Glutamic acid hydrochloride', 'substance', 'food', 0) ON CONFLICT(canonical_id) DO NOTHING;
INSERT INTO ingredient_alias (canonical_id, alias, alias_normalized, alias_type, language_code, confidence, source) VALUES ('NAME_glutamic_acid_hydrochloride', 'Glutamic acid hydrochloride', 'glutamic acid hydrochloride', 'synonym', 'en', 1.0, 'FDA CFR 21') ON CONFLICT(alias_normalized, alias_type, COALESCE(language_code, '')) DO NOTHING;
INSERT INTO regulatory_fact (canonical_id, jurisdiction, fact_type, status, regulation_ref, product_category, evidence_id) VALUES ('NAME_glutamic_acid_hydrochloride', 'US_FDA', 'gras', 'GRAS per 21 CFR §182.1047 (Substances Generally Recognized as Safe)', '21 CFR §182.1047', 'food', (SELECT id FROM fact_evidence WHERE source_url = 'https://www.ecfr.gov/on/2026-04-16/title-21/part-182' AND snapshot_date = '2026-04-16' LIMIT 1));
INSERT INTO ingredient (canonical_id, primary_name, ingredient_class, category, is_natural) VALUES ('NAME_hydrochloric_acid', 'Hydrochloric acid', 'substance', 'food', 0) ON CONFLICT(canonical_id) DO NOTHING;
INSERT INTO ingredient_alias (canonical_id, alias, alias_normalized, alias_type, language_code, confidence, source) VALUES ('NAME_hydrochloric_acid', 'Hydrochloric acid', 'hydrochloric acid', 'synonym', 'en', 1.0, 'FDA CFR 21') ON CONFLICT(alias_normalized, alias_type, COALESCE(language_code, '')) DO NOTHING;
INSERT INTO regulatory_fact (canonical_id, jurisdiction, fact_type, status, regulation_ref, product_category, evidence_id) VALUES ('NAME_hydrochloric_acid', 'US_FDA', 'gras', 'GRAS per 21 CFR §182.1057 (Substances Generally Recognized as Safe)', '21 CFR §182.1057', 'food', (SELECT id FROM fact_evidence WHERE source_url = 'https://www.ecfr.gov/on/2026-04-16/title-21/part-182' AND snapshot_date = '2026-04-16' LIMIT 1));
INSERT INTO ingredient (canonical_id, primary_name, ingredient_class, category, is_natural) VALUES ('NAME_phosphoric_acid', 'Phosphoric acid', 'substance', 'food', 0) ON CONFLICT(canonical_id) DO NOTHING;
INSERT INTO ingredient_alias (canonical_id, alias, alias_normalized, alias_type, language_code, confidence, source) VALUES ('NAME_phosphoric_acid', 'Phosphoric acid', 'phosphoric acid', 'synonym', 'en', 1.0, 'FDA CFR 21') ON CONFLICT(alias_normalized, alias_type, COALESCE(language_code, '')) DO NOTHING;
INSERT INTO regulatory_fact (canonical_id, jurisdiction, fact_type, status, regulation_ref, product_category, evidence_id) VALUES ('NAME_phosphoric_acid', 'US_FDA', 'gras', 'GRAS per 21 CFR §182.1073 (Substances Generally Recognized as Safe)', '21 CFR §182.1073', 'food', (SELECT id FROM fact_evidence WHERE source_url = 'https://www.ecfr.gov/on/2026-04-16/title-21/part-182' AND snapshot_date = '2026-04-16' LIMIT 1));
INSERT INTO ingredient (canonical_id, primary_name, ingredient_class, category, is_natural) VALUES ('NAME_sodium_acid_pyrophosphate', 'Sodium acid pyrophosphate', 'substance', 'food', 0) ON CONFLICT(canonical_id) DO NOTHING;
INSERT INTO ingredient_alias (canonical_id, alias, alias_normalized, alias_type, language_code, confidence, source) VALUES ('NAME_sodium_acid_pyrophosphate', 'Sodium acid pyrophosphate', 'sodium acid pyrophosphate', 'synonym', 'en', 1.0, 'FDA CFR 21') ON CONFLICT(alias_normalized, alias_type, COALESCE(language_code, '')) DO NOTHING;
INSERT INTO regulatory_fact (canonical_id, jurisdiction, fact_type, status, regulation_ref, product_category, evidence_id) VALUES ('NAME_sodium_acid_pyrophosphate', 'US_FDA', 'gras', 'GRAS per 21 CFR §182.1087 (Substances Generally Recognized as Safe)', '21 CFR §182.1087', 'food', (SELECT id FROM fact_evidence WHERE source_url = 'https://www.ecfr.gov/on/2026-04-16/title-21/part-182' AND snapshot_date = '2026-04-16' LIMIT 1));
INSERT INTO ingredient (canonical_id, primary_name, ingredient_class, category, is_natural) VALUES ('NAME_aluminum_sulfate', 'Aluminum sulfate', 'substance', 'food', 0) ON CONFLICT(canonical_id) DO NOTHING;
INSERT INTO ingredient_alias (canonical_id, alias, alias_normalized, alias_type, language_code, confidence, source) VALUES ('NAME_aluminum_sulfate', 'Aluminum sulfate', 'aluminum sulfate', 'synonym', 'en', 1.0, 'FDA CFR 21') ON CONFLICT(alias_normalized, alias_type, COALESCE(language_code, '')) DO NOTHING;
INSERT INTO regulatory_fact (canonical_id, jurisdiction, fact_type, status, regulation_ref, product_category, evidence_id) VALUES ('NAME_aluminum_sulfate', 'US_FDA', 'gras', 'GRAS per 21 CFR §182.1125 (Substances Generally Recognized as Safe)', '21 CFR §182.1125', 'food', (SELECT id FROM fact_evidence WHERE source_url = 'https://www.ecfr.gov/on/2026-04-16/title-21/part-182' AND snapshot_date = '2026-04-16' LIMIT 1));
INSERT INTO ingredient (canonical_id, primary_name, ingredient_class, category, is_natural) VALUES ('NAME_aluminum_ammonium_sulfate', 'Aluminum ammonium sulfate', 'substance', 'food', 0) ON CONFLICT(canonical_id) DO NOTHING;
INSERT INTO ingredient_alias (canonical_id, alias, alias_normalized, alias_type, language_code, confidence, source) VALUES ('NAME_aluminum_ammonium_sulfate', 'Aluminum ammonium sulfate', 'aluminum ammonium sulfate', 'synonym', 'en', 1.0, 'FDA CFR 21') ON CONFLICT(alias_normalized, alias_type, COALESCE(language_code, '')) DO NOTHING;
INSERT INTO regulatory_fact (canonical_id, jurisdiction, fact_type, status, regulation_ref, product_category, evidence_id) VALUES ('NAME_aluminum_ammonium_sulfate', 'US_FDA', 'gras', 'GRAS per 21 CFR §182.1127 (Substances Generally Recognized as Safe)', '21 CFR §182.1127', 'food', (SELECT id FROM fact_evidence WHERE source_url = 'https://www.ecfr.gov/on/2026-04-16/title-21/part-182' AND snapshot_date = '2026-04-16' LIMIT 1));
INSERT INTO ingredient (canonical_id, primary_name, ingredient_class, category, is_natural) VALUES ('NAME_aluminum_potassium_sulfate', 'Aluminum potassium sulfate', 'substance', 'food', 0) ON CONFLICT(canonical_id) DO NOTHING;
INSERT INTO ingredient_alias (canonical_id, alias, alias_normalized, alias_type, language_code, confidence, source) VALUES ('NAME_aluminum_potassium_sulfate', 'Aluminum potassium sulfate', 'aluminum potassium sulfate', 'synonym', 'en', 1.0, 'FDA CFR 21') ON CONFLICT(alias_normalized, alias_type, COALESCE(language_code, '')) DO NOTHING;
INSERT INTO regulatory_fact (canonical_id, jurisdiction, fact_type, status, regulation_ref, product_category, evidence_id) VALUES ('NAME_aluminum_potassium_sulfate', 'US_FDA', 'gras', 'GRAS per 21 CFR §182.1129 (Substances Generally Recognized as Safe)', '21 CFR §182.1129', 'food', (SELECT id FROM fact_evidence WHERE source_url = 'https://www.ecfr.gov/on/2026-04-16/title-21/part-182' AND snapshot_date = '2026-04-16' LIMIT 1));
INSERT INTO ingredient (canonical_id, primary_name, ingredient_class, category, is_natural) VALUES ('NAME_aluminum_sodium_sulfate', 'Aluminum sodium sulfate', 'substance', 'food', 0) ON CONFLICT(canonical_id) DO NOTHING;
INSERT INTO ingredient_alias (canonical_id, alias, alias_normalized, alias_type, language_code, confidence, source) VALUES ('NAME_aluminum_sodium_sulfate', 'Aluminum sodium sulfate', 'aluminum sodium sulfate', 'synonym', 'en', 1.0, 'FDA CFR 21') ON CONFLICT(alias_normalized, alias_type, COALESCE(language_code, '')) DO NOTHING;
INSERT INTO regulatory_fact (canonical_id, jurisdiction, fact_type, status, regulation_ref, product_category, evidence_id) VALUES ('NAME_aluminum_sodium_sulfate', 'US_FDA', 'gras', 'GRAS per 21 CFR §182.1131 (Substances Generally Recognized as Safe)', '21 CFR §182.1131', 'food', (SELECT id FROM fact_evidence WHERE source_url = 'https://www.ecfr.gov/on/2026-04-16/title-21/part-182' AND snapshot_date = '2026-04-16' LIMIT 1));
INSERT INTO ingredient (canonical_id, primary_name, ingredient_class, category, is_natural) VALUES ('NAME_caffeine', 'Caffeine', 'substance', 'food', 0) ON CONFLICT(canonical_id) DO NOTHING;
INSERT INTO ingredient_alias (canonical_id, alias, alias_normalized, alias_type, language_code, confidence, source) VALUES ('NAME_caffeine', 'Caffeine', 'caffeine', 'synonym', 'en', 1.0, 'FDA CFR 21') ON CONFLICT(alias_normalized, alias_type, COALESCE(language_code, '')) DO NOTHING;
INSERT INTO regulatory_fact (canonical_id, jurisdiction, fact_type, status, regulation_ref, product_category, evidence_id) VALUES ('NAME_caffeine', 'US_FDA', 'gras', 'GRAS per 21 CFR §182.1180 (Substances Generally Recognized as Safe)', '21 CFR §182.1180', 'food', (SELECT id FROM fact_evidence WHERE source_url = 'https://www.ecfr.gov/on/2026-04-16/title-21/part-182' AND snapshot_date = '2026-04-16' LIMIT 1));
INSERT INTO ingredient (canonical_id, primary_name, ingredient_class, category, is_natural) VALUES ('NAME_calcium_phosphate', 'Calcium phosphate', 'substance', 'food', 0) ON CONFLICT(canonical_id) DO NOTHING;
INSERT INTO ingredient_alias (canonical_id, alias, alias_normalized, alias_type, language_code, confidence, source) VALUES ('NAME_calcium_phosphate', 'Calcium phosphate', 'calcium phosphate', 'synonym', 'en', 1.0, 'FDA CFR 21') ON CONFLICT(alias_normalized, alias_type, COALESCE(language_code, '')) DO NOTHING;
INSERT INTO regulatory_fact (canonical_id, jurisdiction, fact_type, status, regulation_ref, product_category, evidence_id) VALUES ('NAME_calcium_phosphate', 'US_FDA', 'gras', 'GRAS per 21 CFR §182.1217 (Substances Generally Recognized as Safe)', '21 CFR §182.1217', 'food', (SELECT id FROM fact_evidence WHERE source_url = 'https://www.ecfr.gov/on/2026-04-16/title-21/part-182' AND snapshot_date = '2026-04-16' LIMIT 1));
INSERT INTO ingredient (canonical_id, primary_name, ingredient_class, category, is_natural) VALUES ('NAME_caramel', 'Caramel', 'substance', 'food', 0) ON CONFLICT(canonical_id) DO NOTHING;
INSERT INTO ingredient_alias (canonical_id, alias, alias_normalized, alias_type, language_code, confidence, source) VALUES ('NAME_caramel', 'Caramel', 'caramel', 'synonym', 'en', 1.0, 'FDA CFR 21') ON CONFLICT(alias_normalized, alias_type, COALESCE(language_code, '')) DO NOTHING;
INSERT INTO regulatory_fact (canonical_id, jurisdiction, fact_type, status, regulation_ref, product_category, evidence_id) VALUES ('NAME_caramel', 'US_FDA', 'gras', 'GRAS per 21 CFR §182.1235 (Substances Generally Recognized as Safe)', '21 CFR §182.1235', 'food', (SELECT id FROM fact_evidence WHERE source_url = 'https://www.ecfr.gov/on/2026-04-16/title-21/part-182' AND snapshot_date = '2026-04-16' LIMIT 1));
INSERT INTO ingredient (canonical_id, primary_name, ingredient_class, category, is_natural) VALUES ('NAME_glycerin', 'Glycerin', 'substance', 'food', 0) ON CONFLICT(canonical_id) DO NOTHING;
INSERT INTO ingredient_alias (canonical_id, alias, alias_normalized, alias_type, language_code, confidence, source) VALUES ('NAME_glycerin', 'Glycerin', 'glycerin', 'synonym', 'en', 1.0, 'FDA CFR 21') ON CONFLICT(alias_normalized, alias_type, COALESCE(language_code, '')) DO NOTHING;
INSERT INTO regulatory_fact (canonical_id, jurisdiction, fact_type, status, regulation_ref, product_category, evidence_id) VALUES ('NAME_glycerin', 'US_FDA', 'gras', 'GRAS per 21 CFR §182.1320 (Substances Generally Recognized as Safe)', '21 CFR §182.1320', 'food', (SELECT id FROM fact_evidence WHERE source_url = 'https://www.ecfr.gov/on/2026-04-16/title-21/part-182' AND snapshot_date = '2026-04-16' LIMIT 1));
INSERT INTO ingredient (canonical_id, primary_name, ingredient_class, category, is_natural) VALUES ('NAME_methylcellulose', 'Methylcellulose', 'substance', 'food', 0) ON CONFLICT(canonical_id) DO NOTHING;
INSERT INTO ingredient_alias (canonical_id, alias, alias_normalized, alias_type, language_code, confidence, source) VALUES ('NAME_methylcellulose', 'Methylcellulose', 'methylcellulose', 'synonym', 'en', 1.0, 'FDA CFR 21') ON CONFLICT(alias_normalized, alias_type, COALESCE(language_code, '')) DO NOTHING;
INSERT INTO regulatory_fact (canonical_id, jurisdiction, fact_type, status, regulation_ref, product_category, evidence_id) VALUES ('NAME_methylcellulose', 'US_FDA', 'gras', 'GRAS per 21 CFR §182.1480 (Substances Generally Recognized as Safe)', '21 CFR §182.1480', 'food', (SELECT id FROM fact_evidence WHERE source_url = 'https://www.ecfr.gov/on/2026-04-16/title-21/part-182' AND snapshot_date = '2026-04-16' LIMIT 1));
INSERT INTO ingredient (canonical_id, primary_name, ingredient_class, category, is_natural) VALUES ('NAME_monoammonium_glutamate', 'Monoammonium glutamate', 'substance', 'food', 0) ON CONFLICT(canonical_id) DO NOTHING;
INSERT INTO ingredient_alias (canonical_id, alias, alias_normalized, alias_type, language_code, confidence, source) VALUES ('NAME_monoammonium_glutamate', 'Monoammonium glutamate', 'monoammonium glutamate', 'synonym', 'en', 1.0, 'FDA CFR 21') ON CONFLICT(alias_normalized, alias_type, COALESCE(language_code, '')) DO NOTHING;
INSERT INTO regulatory_fact (canonical_id, jurisdiction, fact_type, status, regulation_ref, product_category, evidence_id) VALUES ('NAME_monoammonium_glutamate', 'US_FDA', 'gras', 'GRAS per 21 CFR §182.1500 (Substances Generally Recognized as Safe)', '21 CFR §182.1500', 'food', (SELECT id FROM fact_evidence WHERE source_url = 'https://www.ecfr.gov/on/2026-04-16/title-21/part-182' AND snapshot_date = '2026-04-16' LIMIT 1));
INSERT INTO ingredient (canonical_id, primary_name, ingredient_class, category, is_natural) VALUES ('NAME_monopotassium_glutamate', 'Monopotassium glutamate', 'substance', 'food', 0) ON CONFLICT(canonical_id) DO NOTHING;
INSERT INTO ingredient_alias (canonical_id, alias, alias_normalized, alias_type, language_code, confidence, source) VALUES ('NAME_monopotassium_glutamate', 'Monopotassium glutamate', 'monopotassium glutamate', 'synonym', 'en', 1.0, 'FDA CFR 21') ON CONFLICT(alias_normalized, alias_type, COALESCE(language_code, '')) DO NOTHING;
INSERT INTO regulatory_fact (canonical_id, jurisdiction, fact_type, status, regulation_ref, product_category, evidence_id) VALUES ('NAME_monopotassium_glutamate', 'US_FDA', 'gras', 'GRAS per 21 CFR §182.1516 (Substances Generally Recognized as Safe)', '21 CFR §182.1516', 'food', (SELECT id FROM fact_evidence WHERE source_url = 'https://www.ecfr.gov/on/2026-04-16/title-21/part-182' AND snapshot_date = '2026-04-16' LIMIT 1));
INSERT INTO ingredient (canonical_id, primary_name, ingredient_class, category, is_natural) VALUES ('NAME_silica_aerogel', 'Silica aerogel', 'substance', 'food', 0) ON CONFLICT(canonical_id) DO NOTHING;
INSERT INTO ingredient_alias (canonical_id, alias, alias_normalized, alias_type, language_code, confidence, source) VALUES ('NAME_silica_aerogel', 'Silica aerogel', 'silica aerogel', 'synonym', 'en', 1.0, 'FDA CFR 21') ON CONFLICT(alias_normalized, alias_type, COALESCE(language_code, '')) DO NOTHING;
INSERT INTO regulatory_fact (canonical_id, jurisdiction, fact_type, status, regulation_ref, product_category, evidence_id) VALUES ('NAME_silica_aerogel', 'US_FDA', 'gras', 'GRAS per 21 CFR §182.1711 (Substances Generally Recognized as Safe)', '21 CFR §182.1711', 'food', (SELECT id FROM fact_evidence WHERE source_url = 'https://www.ecfr.gov/on/2026-04-16/title-21/part-182' AND snapshot_date = '2026-04-16' LIMIT 1));
INSERT INTO ingredient (canonical_id, primary_name, ingredient_class, category, is_natural) VALUES ('NAME_sodium_carboxymethylcellulose', 'Sodium carboxymethylcellulose', 'substance', 'food', 0) ON CONFLICT(canonical_id) DO NOTHING;
INSERT INTO ingredient_alias (canonical_id, alias, alias_normalized, alias_type, language_code, confidence, source) VALUES ('NAME_sodium_carboxymethylcellulose', 'Sodium carboxymethylcellulose', 'sodium carboxymethylcellulose', 'synonym', 'en', 1.0, 'FDA CFR 21') ON CONFLICT(alias_normalized, alias_type, COALESCE(language_code, '')) DO NOTHING;
INSERT INTO regulatory_fact (canonical_id, jurisdiction, fact_type, status, regulation_ref, product_category, evidence_id) VALUES ('NAME_sodium_carboxymethylcellulose', 'US_FDA', 'gras', 'GRAS per 21 CFR §182.1745 (Substances Generally Recognized as Safe)', '21 CFR §182.1745', 'food', (SELECT id FROM fact_evidence WHERE source_url = 'https://www.ecfr.gov/on/2026-04-16/title-21/part-182' AND snapshot_date = '2026-04-16' LIMIT 1));
INSERT INTO ingredient (canonical_id, primary_name, ingredient_class, category, is_natural) VALUES ('NAME_sodium_caseinate', 'Sodium caseinate', 'substance', 'food', 0) ON CONFLICT(canonical_id) DO NOTHING;
INSERT INTO ingredient_alias (canonical_id, alias, alias_normalized, alias_type, language_code, confidence, source) VALUES ('NAME_sodium_caseinate', 'Sodium caseinate', 'sodium caseinate', 'synonym', 'en', 1.0, 'FDA CFR 21') ON CONFLICT(alias_normalized, alias_type, COALESCE(language_code, '')) DO NOTHING;
INSERT INTO regulatory_fact (canonical_id, jurisdiction, fact_type, status, regulation_ref, product_category, evidence_id) VALUES ('NAME_sodium_caseinate', 'US_FDA', 'gras', 'GRAS per 21 CFR §182.1748 (Substances Generally Recognized as Safe)', '21 CFR §182.1748', 'food', (SELECT id FROM fact_evidence WHERE source_url = 'https://www.ecfr.gov/on/2026-04-16/title-21/part-182' AND snapshot_date = '2026-04-16' LIMIT 1));
INSERT INTO ingredient (canonical_id, primary_name, ingredient_class, category, is_natural) VALUES ('NAME_sodium_phosphate', 'Sodium phosphate', 'substance', 'food', 0) ON CONFLICT(canonical_id) DO NOTHING;
INSERT INTO ingredient_alias (canonical_id, alias, alias_normalized, alias_type, language_code, confidence, source) VALUES ('NAME_sodium_phosphate', 'Sodium phosphate', 'sodium phosphate', 'synonym', 'en', 1.0, 'FDA CFR 21') ON CONFLICT(alias_normalized, alias_type, COALESCE(language_code, '')) DO NOTHING;
INSERT INTO regulatory_fact (canonical_id, jurisdiction, fact_type, status, regulation_ref, product_category, evidence_id) VALUES ('NAME_sodium_phosphate', 'US_FDA', 'gras', 'GRAS per 21 CFR §182.1778 (Substances Generally Recognized as Safe)', '21 CFR §182.1778', 'food', (SELECT id FROM fact_evidence WHERE source_url = 'https://www.ecfr.gov/on/2026-04-16/title-21/part-182' AND snapshot_date = '2026-04-16' LIMIT 1));
INSERT INTO ingredient (canonical_id, primary_name, ingredient_class, category, is_natural) VALUES ('NAME_sodium_aluminum_phosphate', 'Sodium aluminum phosphate', 'substance', 'food', 0) ON CONFLICT(canonical_id) DO NOTHING;
INSERT INTO ingredient_alias (canonical_id, alias, alias_normalized, alias_type, language_code, confidence, source) VALUES ('NAME_sodium_aluminum_phosphate', 'Sodium aluminum phosphate', 'sodium aluminum phosphate', 'synonym', 'en', 1.0, 'FDA CFR 21') ON CONFLICT(alias_normalized, alias_type, COALESCE(language_code, '')) DO NOTHING;
INSERT INTO regulatory_fact (canonical_id, jurisdiction, fact_type, status, regulation_ref, product_category, evidence_id) VALUES ('NAME_sodium_aluminum_phosphate', 'US_FDA', 'gras', 'GRAS per 21 CFR §182.1781 (Substances Generally Recognized as Safe)', '21 CFR §182.1781', 'food', (SELECT id FROM fact_evidence WHERE source_url = 'https://www.ecfr.gov/on/2026-04-16/title-21/part-182' AND snapshot_date = '2026-04-16' LIMIT 1));
INSERT INTO ingredient (canonical_id, primary_name, ingredient_class, category, is_natural) VALUES ('NAME_sodium_tripolyphosphate', 'Sodium tripolyphosphate', 'substance', 'food', 0) ON CONFLICT(canonical_id) DO NOTHING;
INSERT INTO ingredient_alias (canonical_id, alias, alias_normalized, alias_type, language_code, confidence, source) VALUES ('NAME_sodium_tripolyphosphate', 'Sodium tripolyphosphate', 'sodium tripolyphosphate', 'synonym', 'en', 1.0, 'FDA CFR 21') ON CONFLICT(alias_normalized, alias_type, COALESCE(language_code, '')) DO NOTHING;
INSERT INTO regulatory_fact (canonical_id, jurisdiction, fact_type, status, regulation_ref, product_category, evidence_id) VALUES ('NAME_sodium_tripolyphosphate', 'US_FDA', 'gras', 'GRAS per 21 CFR §182.1810 (Substances Generally Recognized as Safe)', '21 CFR §182.1810', 'food', (SELECT id FROM fact_evidence WHERE source_url = 'https://www.ecfr.gov/on/2026-04-16/title-21/part-182' AND snapshot_date = '2026-04-16' LIMIT 1));
INSERT INTO ingredient (canonical_id, primary_name, ingredient_class, category, is_natural) VALUES ('NAME_aluminum_calcium_silicate', 'Aluminum calcium silicate', 'substance', 'food', 0) ON CONFLICT(canonical_id) DO NOTHING;
INSERT INTO ingredient_alias (canonical_id, alias, alias_normalized, alias_type, language_code, confidence, source) VALUES ('NAME_aluminum_calcium_silicate', 'Aluminum calcium silicate', 'aluminum calcium silicate', 'synonym', 'en', 1.0, 'FDA CFR 21') ON CONFLICT(alias_normalized, alias_type, COALESCE(language_code, '')) DO NOTHING;
INSERT INTO regulatory_fact (canonical_id, jurisdiction, fact_type, status, regulation_ref, product_category, evidence_id) VALUES ('NAME_aluminum_calcium_silicate', 'US_FDA', 'gras', 'GRAS per 21 CFR §182.2122 (Substances Generally Recognized as Safe)', '21 CFR §182.2122', 'food', (SELECT id FROM fact_evidence WHERE source_url = 'https://www.ecfr.gov/on/2026-04-16/title-21/part-182' AND snapshot_date = '2026-04-16' LIMIT 1));
INSERT INTO regulatory_fact (canonical_id, jurisdiction, fact_type, status, regulation_ref, product_category, evidence_id) VALUES ('NAME_calcium_silicate', 'US_FDA', 'gras', 'GRAS per 21 CFR §182.2227 (Substances Generally Recognized as Safe)', '21 CFR §182.2227', 'food', (SELECT id FROM fact_evidence WHERE source_url = 'https://www.ecfr.gov/on/2026-04-16/title-21/part-182' AND snapshot_date = '2026-04-16' LIMIT 1));
INSERT INTO ingredient (canonical_id, primary_name, ingredient_class, category, is_natural) VALUES ('NAME_magnesium_silicate', 'Magnesium silicate', 'substance', 'food', 0) ON CONFLICT(canonical_id) DO NOTHING;
INSERT INTO ingredient_alias (canonical_id, alias, alias_normalized, alias_type, language_code, confidence, source) VALUES ('NAME_magnesium_silicate', 'Magnesium silicate', 'magnesium silicate', 'synonym', 'en', 1.0, 'FDA CFR 21') ON CONFLICT(alias_normalized, alias_type, COALESCE(language_code, '')) DO NOTHING;
INSERT INTO regulatory_fact (canonical_id, jurisdiction, fact_type, status, regulation_ref, product_category, evidence_id) VALUES ('NAME_magnesium_silicate', 'US_FDA', 'gras', 'GRAS per 21 CFR §182.2437 (Substances Generally Recognized as Safe)', '21 CFR §182.2437', 'food', (SELECT id FROM fact_evidence WHERE source_url = 'https://www.ecfr.gov/on/2026-04-16/title-21/part-182' AND snapshot_date = '2026-04-16' LIMIT 1));
INSERT INTO ingredient (canonical_id, primary_name, ingredient_class, category, is_natural) VALUES ('NAME_sodium_aluminosilicate', 'Sodium aluminosilicate', 'substance', 'food', 0) ON CONFLICT(canonical_id) DO NOTHING;
INSERT INTO ingredient_alias (canonical_id, alias, alias_normalized, alias_type, language_code, confidence, source) VALUES ('NAME_sodium_aluminosilicate', 'Sodium aluminosilicate', 'sodium aluminosilicate', 'synonym', 'en', 1.0, 'FDA CFR 21') ON CONFLICT(alias_normalized, alias_type, COALESCE(language_code, '')) DO NOTHING;
INSERT INTO regulatory_fact (canonical_id, jurisdiction, fact_type, status, regulation_ref, product_category, evidence_id) VALUES ('NAME_sodium_aluminosilicate', 'US_FDA', 'gras', 'GRAS per 21 CFR §182.2727 (Substances Generally Recognized as Safe)', '21 CFR §182.2727', 'food', (SELECT id FROM fact_evidence WHERE source_url = 'https://www.ecfr.gov/on/2026-04-16/title-21/part-182' AND snapshot_date = '2026-04-16' LIMIT 1));
INSERT INTO ingredient (canonical_id, primary_name, ingredient_class, category, is_natural) VALUES ('NAME_sodium_calcium_aluminosilicate_hydrated', 'Sodium calcium aluminosilicate, hydrated', 'substance', 'food', 0) ON CONFLICT(canonical_id) DO NOTHING;
INSERT INTO ingredient_alias (canonical_id, alias, alias_normalized, alias_type, language_code, confidence, source) VALUES ('NAME_sodium_calcium_aluminosilicate_hydrated', 'Sodium calcium aluminosilicate, hydrated', 'sodium calcium aluminosilicate, hydrated', 'synonym', 'en', 1.0, 'FDA CFR 21') ON CONFLICT(alias_normalized, alias_type, COALESCE(language_code, '')) DO NOTHING;
INSERT INTO regulatory_fact (canonical_id, jurisdiction, fact_type, status, regulation_ref, product_category, evidence_id) VALUES ('NAME_sodium_calcium_aluminosilicate_hydrated', 'US_FDA', 'gras', 'GRAS per 21 CFR §182.2729 (Substances Generally Recognized as Safe)', '21 CFR §182.2729', 'food', (SELECT id FROM fact_evidence WHERE source_url = 'https://www.ecfr.gov/on/2026-04-16/title-21/part-182' AND snapshot_date = '2026-04-16' LIMIT 1));
INSERT INTO ingredient (canonical_id, primary_name, ingredient_class, category, is_natural) VALUES ('NAME_tricalcium_silicate', 'Tricalcium silicate', 'substance', 'food', 0) ON CONFLICT(canonical_id) DO NOTHING;
INSERT INTO ingredient_alias (canonical_id, alias, alias_normalized, alias_type, language_code, confidence, source) VALUES ('NAME_tricalcium_silicate', 'Tricalcium silicate', 'tricalcium silicate', 'synonym', 'en', 1.0, 'FDA CFR 21') ON CONFLICT(alias_normalized, alias_type, COALESCE(language_code, '')) DO NOTHING;
INSERT INTO regulatory_fact (canonical_id, jurisdiction, fact_type, status, regulation_ref, product_category, evidence_id) VALUES ('NAME_tricalcium_silicate', 'US_FDA', 'gras', 'GRAS per 21 CFR §182.2906 (Substances Generally Recognized as Safe)', '21 CFR §182.2906', 'food', (SELECT id FROM fact_evidence WHERE source_url = 'https://www.ecfr.gov/on/2026-04-16/title-21/part-182' AND snapshot_date = '2026-04-16' LIMIT 1));
INSERT INTO ingredient (canonical_id, primary_name, ingredient_class, category, is_natural) VALUES ('NAME_ascorbic_acid', 'Ascorbic acid', 'substance', 'food', 0) ON CONFLICT(canonical_id) DO NOTHING;
INSERT INTO ingredient_alias (canonical_id, alias, alias_normalized, alias_type, language_code, confidence, source) VALUES ('NAME_ascorbic_acid', 'Ascorbic acid', 'ascorbic acid', 'synonym', 'en', 1.0, 'FDA CFR 21') ON CONFLICT(alias_normalized, alias_type, COALESCE(language_code, '')) DO NOTHING;
INSERT INTO regulatory_fact (canonical_id, jurisdiction, fact_type, status, regulation_ref, product_category, evidence_id) VALUES ('NAME_ascorbic_acid', 'US_FDA', 'gras', 'GRAS per 21 CFR §182.3013 (Substances Generally Recognized as Safe)', '21 CFR §182.3013', 'food', (SELECT id FROM fact_evidence WHERE source_url = 'https://www.ecfr.gov/on/2026-04-16/title-21/part-182' AND snapshot_date = '2026-04-16' LIMIT 1));
INSERT INTO ingredient (canonical_id, primary_name, ingredient_class, category, is_natural) VALUES ('NAME_erythorbic_acid', 'Erythorbic acid', 'substance', 'food', 0) ON CONFLICT(canonical_id) DO NOTHING;
INSERT INTO ingredient_alias (canonical_id, alias, alias_normalized, alias_type, language_code, confidence, source) VALUES ('NAME_erythorbic_acid', 'Erythorbic acid', 'erythorbic acid', 'synonym', 'en', 1.0, 'FDA CFR 21') ON CONFLICT(alias_normalized, alias_type, COALESCE(language_code, '')) DO NOTHING;
INSERT INTO regulatory_fact (canonical_id, jurisdiction, fact_type, status, regulation_ref, product_category, evidence_id) VALUES ('NAME_erythorbic_acid', 'US_FDA', 'gras', 'GRAS per 21 CFR §182.3041 (Substances Generally Recognized as Safe)', '21 CFR §182.3041', 'food', (SELECT id FROM fact_evidence WHERE source_url = 'https://www.ecfr.gov/on/2026-04-16/title-21/part-182' AND snapshot_date = '2026-04-16' LIMIT 1));
INSERT INTO ingredient (canonical_id, primary_name, ingredient_class, category, is_natural) VALUES ('NAME_sorbic_acid', 'Sorbic acid', 'substance', 'food', 0) ON CONFLICT(canonical_id) DO NOTHING;
INSERT INTO ingredient_alias (canonical_id, alias, alias_normalized, alias_type, language_code, confidence, source) VALUES ('NAME_sorbic_acid', 'Sorbic acid', 'sorbic acid', 'synonym', 'en', 1.0, 'FDA CFR 21') ON CONFLICT(alias_normalized, alias_type, COALESCE(language_code, '')) DO NOTHING;
INSERT INTO regulatory_fact (canonical_id, jurisdiction, fact_type, status, regulation_ref, product_category, evidence_id) VALUES ('NAME_sorbic_acid', 'US_FDA', 'gras', 'GRAS per 21 CFR §182.3089 (Substances Generally Recognized as Safe)', '21 CFR §182.3089', 'food', (SELECT id FROM fact_evidence WHERE source_url = 'https://www.ecfr.gov/on/2026-04-16/title-21/part-182' AND snapshot_date = '2026-04-16' LIMIT 1));
INSERT INTO ingredient (canonical_id, primary_name, ingredient_class, category, is_natural) VALUES ('NAME_thiodipropionic_acid', 'Thiodipropionic acid', 'substance', 'food', 0) ON CONFLICT(canonical_id) DO NOTHING;
INSERT INTO ingredient_alias (canonical_id, alias, alias_normalized, alias_type, language_code, confidence, source) VALUES ('NAME_thiodipropionic_acid', 'Thiodipropionic acid', 'thiodipropionic acid', 'synonym', 'en', 1.0, 'FDA CFR 21') ON CONFLICT(alias_normalized, alias_type, COALESCE(language_code, '')) DO NOTHING;
INSERT INTO regulatory_fact (canonical_id, jurisdiction, fact_type, status, regulation_ref, product_category, evidence_id) VALUES ('NAME_thiodipropionic_acid', 'US_FDA', 'gras', 'GRAS per 21 CFR §182.3109 (Substances Generally Recognized as Safe)', '21 CFR §182.3109', 'food', (SELECT id FROM fact_evidence WHERE source_url = 'https://www.ecfr.gov/on/2026-04-16/title-21/part-182' AND snapshot_date = '2026-04-16' LIMIT 1));
INSERT INTO ingredient (canonical_id, primary_name, ingredient_class, category, is_natural) VALUES ('NAME_ascorbyl_palmitate', 'Ascorbyl palmitate', 'substance', 'food', 0) ON CONFLICT(canonical_id) DO NOTHING;
INSERT INTO ingredient_alias (canonical_id, alias, alias_normalized, alias_type, language_code, confidence, source) VALUES ('NAME_ascorbyl_palmitate', 'Ascorbyl palmitate', 'ascorbyl palmitate', 'synonym', 'en', 1.0, 'FDA CFR 21') ON CONFLICT(alias_normalized, alias_type, COALESCE(language_code, '')) DO NOTHING;
INSERT INTO regulatory_fact (canonical_id, jurisdiction, fact_type, status, regulation_ref, product_category, evidence_id) VALUES ('NAME_ascorbyl_palmitate', 'US_FDA', 'gras', 'GRAS per 21 CFR §182.3149 (Substances Generally Recognized as Safe)', '21 CFR §182.3149', 'food', (SELECT id FROM fact_evidence WHERE source_url = 'https://www.ecfr.gov/on/2026-04-16/title-21/part-182' AND snapshot_date = '2026-04-16' LIMIT 1));
INSERT INTO ingredient (canonical_id, primary_name, ingredient_class, category, is_natural) VALUES ('NAME_butylated_hydroxyanisole', 'Butylated hydroxyanisole', 'substance', 'food', 0) ON CONFLICT(canonical_id) DO NOTHING;
INSERT INTO ingredient_alias (canonical_id, alias, alias_normalized, alias_type, language_code, confidence, source) VALUES ('NAME_butylated_hydroxyanisole', 'Butylated hydroxyanisole', 'butylated hydroxyanisole', 'synonym', 'en', 1.0, 'FDA CFR 21') ON CONFLICT(alias_normalized, alias_type, COALESCE(language_code, '')) DO NOTHING;
INSERT INTO regulatory_fact (canonical_id, jurisdiction, fact_type, status, regulation_ref, product_category, evidence_id) VALUES ('NAME_butylated_hydroxyanisole', 'US_FDA', 'gras', 'GRAS per 21 CFR §182.3169 (Substances Generally Recognized as Safe)', '21 CFR §182.3169', 'food', (SELECT id FROM fact_evidence WHERE source_url = 'https://www.ecfr.gov/on/2026-04-16/title-21/part-182' AND snapshot_date = '2026-04-16' LIMIT 1));
INSERT INTO ingredient (canonical_id, primary_name, ingredient_class, category, is_natural) VALUES ('NAME_butylated_hydroxytoluene', 'Butylated hydroxytoluene', 'substance', 'food', 0) ON CONFLICT(canonical_id) DO NOTHING;
INSERT INTO ingredient_alias (canonical_id, alias, alias_normalized, alias_type, language_code, confidence, source) VALUES ('NAME_butylated_hydroxytoluene', 'Butylated hydroxytoluene', 'butylated hydroxytoluene', 'synonym', 'en', 1.0, 'FDA CFR 21') ON CONFLICT(alias_normalized, alias_type, COALESCE(language_code, '')) DO NOTHING;
INSERT INTO regulatory_fact (canonical_id, jurisdiction, fact_type, status, regulation_ref, product_category, evidence_id) VALUES ('NAME_butylated_hydroxytoluene', 'US_FDA', 'gras', 'GRAS per 21 CFR §182.3173 (Substances Generally Recognized as Safe)', '21 CFR §182.3173', 'food', (SELECT id FROM fact_evidence WHERE source_url = 'https://www.ecfr.gov/on/2026-04-16/title-21/part-182' AND snapshot_date = '2026-04-16' LIMIT 1));
INSERT INTO ingredient (canonical_id, primary_name, ingredient_class, category, is_natural) VALUES ('NAME_calcium_ascorbate', 'Calcium ascorbate', 'substance', 'food', 0) ON CONFLICT(canonical_id) DO NOTHING;
INSERT INTO ingredient_alias (canonical_id, alias, alias_normalized, alias_type, language_code, confidence, source) VALUES ('NAME_calcium_ascorbate', 'Calcium ascorbate', 'calcium ascorbate', 'synonym', 'en', 1.0, 'FDA CFR 21') ON CONFLICT(alias_normalized, alias_type, COALESCE(language_code, '')) DO NOTHING;
INSERT INTO regulatory_fact (canonical_id, jurisdiction, fact_type, status, regulation_ref, product_category, evidence_id) VALUES ('NAME_calcium_ascorbate', 'US_FDA', 'gras', 'GRAS per 21 CFR §182.3189 (Substances Generally Recognized as Safe)', '21 CFR §182.3189', 'food', (SELECT id FROM fact_evidence WHERE source_url = 'https://www.ecfr.gov/on/2026-04-16/title-21/part-182' AND snapshot_date = '2026-04-16' LIMIT 1));
INSERT INTO ingredient (canonical_id, primary_name, ingredient_class, category, is_natural) VALUES ('NAME_calcium_sorbate', 'Calcium sorbate', 'substance', 'food', 0) ON CONFLICT(canonical_id) DO NOTHING;
INSERT INTO ingredient_alias (canonical_id, alias, alias_normalized, alias_type, language_code, confidence, source) VALUES ('NAME_calcium_sorbate', 'Calcium sorbate', 'calcium sorbate', 'synonym', 'en', 1.0, 'FDA CFR 21') ON CONFLICT(alias_normalized, alias_type, COALESCE(language_code, '')) DO NOTHING;
INSERT INTO regulatory_fact (canonical_id, jurisdiction, fact_type, status, regulation_ref, product_category, evidence_id) VALUES ('NAME_calcium_sorbate', 'US_FDA', 'gras', 'GRAS per 21 CFR §182.3225 (Substances Generally Recognized as Safe)', '21 CFR §182.3225', 'food', (SELECT id FROM fact_evidence WHERE source_url = 'https://www.ecfr.gov/on/2026-04-16/title-21/part-182' AND snapshot_date = '2026-04-16' LIMIT 1));
INSERT INTO ingredient (canonical_id, primary_name, ingredient_class, category, is_natural) VALUES ('NAME_dilauryl_thiodipropionate', 'Dilauryl thiodipropionate', 'substance', 'food', 0) ON CONFLICT(canonical_id) DO NOTHING;
INSERT INTO ingredient_alias (canonical_id, alias, alias_normalized, alias_type, language_code, confidence, source) VALUES ('NAME_dilauryl_thiodipropionate', 'Dilauryl thiodipropionate', 'dilauryl thiodipropionate', 'synonym', 'en', 1.0, 'FDA CFR 21') ON CONFLICT(alias_normalized, alias_type, COALESCE(language_code, '')) DO NOTHING;
INSERT INTO regulatory_fact (canonical_id, jurisdiction, fact_type, status, regulation_ref, product_category, evidence_id) VALUES ('NAME_dilauryl_thiodipropionate', 'US_FDA', 'gras', 'GRAS per 21 CFR §182.3280 (Substances Generally Recognized as Safe)', '21 CFR §182.3280', 'food', (SELECT id FROM fact_evidence WHERE source_url = 'https://www.ecfr.gov/on/2026-04-16/title-21/part-182' AND snapshot_date = '2026-04-16' LIMIT 1));
INSERT INTO ingredient (canonical_id, primary_name, ingredient_class, category, is_natural) VALUES ('NAME_potassium_bisulfite', 'Potassium bisulfite', 'substance', 'food', 0) ON CONFLICT(canonical_id) DO NOTHING;
INSERT INTO ingredient_alias (canonical_id, alias, alias_normalized, alias_type, language_code, confidence, source) VALUES ('NAME_potassium_bisulfite', 'Potassium bisulfite', 'potassium bisulfite', 'synonym', 'en', 1.0, 'FDA CFR 21') ON CONFLICT(alias_normalized, alias_type, COALESCE(language_code, '')) DO NOTHING;
INSERT INTO regulatory_fact (canonical_id, jurisdiction, fact_type, status, regulation_ref, product_category, evidence_id) VALUES ('NAME_potassium_bisulfite', 'US_FDA', 'gras', 'GRAS per 21 CFR §182.3616 (Substances Generally Recognized as Safe)', '21 CFR §182.3616', 'food', (SELECT id FROM fact_evidence WHERE source_url = 'https://www.ecfr.gov/on/2026-04-16/title-21/part-182' AND snapshot_date = '2026-04-16' LIMIT 1));
INSERT INTO ingredient (canonical_id, primary_name, ingredient_class, category, is_natural) VALUES ('NAME_potassium_metabisulfite', 'Potassium metabisulfite', 'substance', 'food', 0) ON CONFLICT(canonical_id) DO NOTHING;
INSERT INTO ingredient_alias (canonical_id, alias, alias_normalized, alias_type, language_code, confidence, source) VALUES ('NAME_potassium_metabisulfite', 'Potassium metabisulfite', 'potassium metabisulfite', 'synonym', 'en', 1.0, 'FDA CFR 21') ON CONFLICT(alias_normalized, alias_type, COALESCE(language_code, '')) DO NOTHING;
INSERT INTO regulatory_fact (canonical_id, jurisdiction, fact_type, status, regulation_ref, product_category, evidence_id) VALUES ('NAME_potassium_metabisulfite', 'US_FDA', 'gras', 'GRAS per 21 CFR §182.3637 (Substances Generally Recognized as Safe)', '21 CFR §182.3637', 'food', (SELECT id FROM fact_evidence WHERE source_url = 'https://www.ecfr.gov/on/2026-04-16/title-21/part-182' AND snapshot_date = '2026-04-16' LIMIT 1));
INSERT INTO ingredient (canonical_id, primary_name, ingredient_class, category, is_natural) VALUES ('NAME_potassium_sorbate', 'Potassium sorbate', 'substance', 'food', 0) ON CONFLICT(canonical_id) DO NOTHING;
INSERT INTO ingredient_alias (canonical_id, alias, alias_normalized, alias_type, language_code, confidence, source) VALUES ('NAME_potassium_sorbate', 'Potassium sorbate', 'potassium sorbate', 'synonym', 'en', 1.0, 'FDA CFR 21') ON CONFLICT(alias_normalized, alias_type, COALESCE(language_code, '')) DO NOTHING;
INSERT INTO regulatory_fact (canonical_id, jurisdiction, fact_type, status, regulation_ref, product_category, evidence_id) VALUES ('NAME_potassium_sorbate', 'US_FDA', 'gras', 'GRAS per 21 CFR §182.3640 (Substances Generally Recognized as Safe)', '21 CFR §182.3640', 'food', (SELECT id FROM fact_evidence WHERE source_url = 'https://www.ecfr.gov/on/2026-04-16/title-21/part-182' AND snapshot_date = '2026-04-16' LIMIT 1));
INSERT INTO ingredient (canonical_id, primary_name, ingredient_class, category, is_natural) VALUES ('NAME_sodium_ascorbate', 'Sodium ascorbate', 'substance', 'food', 0) ON CONFLICT(canonical_id) DO NOTHING;
INSERT INTO ingredient_alias (canonical_id, alias, alias_normalized, alias_type, language_code, confidence, source) VALUES ('NAME_sodium_ascorbate', 'Sodium ascorbate', 'sodium ascorbate', 'synonym', 'en', 1.0, 'FDA CFR 21') ON CONFLICT(alias_normalized, alias_type, COALESCE(language_code, '')) DO NOTHING;
INSERT INTO regulatory_fact (canonical_id, jurisdiction, fact_type, status, regulation_ref, product_category, evidence_id) VALUES ('NAME_sodium_ascorbate', 'US_FDA', 'gras', 'GRAS per 21 CFR §182.3731 (Substances Generally Recognized as Safe)', '21 CFR §182.3731', 'food', (SELECT id FROM fact_evidence WHERE source_url = 'https://www.ecfr.gov/on/2026-04-16/title-21/part-182' AND snapshot_date = '2026-04-16' LIMIT 1));
INSERT INTO ingredient (canonical_id, primary_name, ingredient_class, category, is_natural) VALUES ('NAME_sodium_bisulfite', 'Sodium bisulfite', 'substance', 'food', 0) ON CONFLICT(canonical_id) DO NOTHING;
INSERT INTO ingredient_alias (canonical_id, alias, alias_normalized, alias_type, language_code, confidence, source) VALUES ('NAME_sodium_bisulfite', 'Sodium bisulfite', 'sodium bisulfite', 'synonym', 'en', 1.0, 'FDA CFR 21') ON CONFLICT(alias_normalized, alias_type, COALESCE(language_code, '')) DO NOTHING;
INSERT INTO regulatory_fact (canonical_id, jurisdiction, fact_type, status, regulation_ref, product_category, evidence_id) VALUES ('NAME_sodium_bisulfite', 'US_FDA', 'gras', 'GRAS per 21 CFR §182.3739 (Substances Generally Recognized as Safe)', '21 CFR §182.3739', 'food', (SELECT id FROM fact_evidence WHERE source_url = 'https://www.ecfr.gov/on/2026-04-16/title-21/part-182' AND snapshot_date = '2026-04-16' LIMIT 1));
INSERT INTO ingredient (canonical_id, primary_name, ingredient_class, category, is_natural) VALUES ('NAME_sodium_metabisulfite', 'Sodium metabisulfite', 'substance', 'food', 0) ON CONFLICT(canonical_id) DO NOTHING;
INSERT INTO ingredient_alias (canonical_id, alias, alias_normalized, alias_type, language_code, confidence, source) VALUES ('NAME_sodium_metabisulfite', 'Sodium metabisulfite', 'sodium metabisulfite', 'synonym', 'en', 1.0, 'FDA CFR 21') ON CONFLICT(alias_normalized, alias_type, COALESCE(language_code, '')) DO NOTHING;
INSERT INTO regulatory_fact (canonical_id, jurisdiction, fact_type, status, regulation_ref, product_category, evidence_id) VALUES ('NAME_sodium_metabisulfite', 'US_FDA', 'gras', 'GRAS per 21 CFR §182.3766 (Substances Generally Recognized as Safe)', '21 CFR §182.3766', 'food', (SELECT id FROM fact_evidence WHERE source_url = 'https://www.ecfr.gov/on/2026-04-16/title-21/part-182' AND snapshot_date = '2026-04-16' LIMIT 1));
INSERT INTO ingredient (canonical_id, primary_name, ingredient_class, category, is_natural) VALUES ('NAME_sodium_sorbate', 'Sodium sorbate', 'substance', 'food', 0) ON CONFLICT(canonical_id) DO NOTHING;
INSERT INTO ingredient_alias (canonical_id, alias, alias_normalized, alias_type, language_code, confidence, source) VALUES ('NAME_sodium_sorbate', 'Sodium sorbate', 'sodium sorbate', 'synonym', 'en', 1.0, 'FDA CFR 21') ON CONFLICT(alias_normalized, alias_type, COALESCE(language_code, '')) DO NOTHING;
INSERT INTO regulatory_fact (canonical_id, jurisdiction, fact_type, status, regulation_ref, product_category, evidence_id) VALUES ('NAME_sodium_sorbate', 'US_FDA', 'gras', 'GRAS per 21 CFR §182.3795 (Substances Generally Recognized as Safe)', '21 CFR §182.3795', 'food', (SELECT id FROM fact_evidence WHERE source_url = 'https://www.ecfr.gov/on/2026-04-16/title-21/part-182' AND snapshot_date = '2026-04-16' LIMIT 1));
INSERT INTO ingredient (canonical_id, primary_name, ingredient_class, category, is_natural) VALUES ('NAME_sodium_sulfite', 'Sodium sulfite', 'substance', 'food', 0) ON CONFLICT(canonical_id) DO NOTHING;
INSERT INTO ingredient_alias (canonical_id, alias, alias_normalized, alias_type, language_code, confidence, source) VALUES ('NAME_sodium_sulfite', 'Sodium sulfite', 'sodium sulfite', 'synonym', 'en', 1.0, 'FDA CFR 21') ON CONFLICT(alias_normalized, alias_type, COALESCE(language_code, '')) DO NOTHING;
INSERT INTO regulatory_fact (canonical_id, jurisdiction, fact_type, status, regulation_ref, product_category, evidence_id) VALUES ('NAME_sodium_sulfite', 'US_FDA', 'gras', 'GRAS per 21 CFR §182.3798 (Substances Generally Recognized as Safe)', '21 CFR §182.3798', 'food', (SELECT id FROM fact_evidence WHERE source_url = 'https://www.ecfr.gov/on/2026-04-16/title-21/part-182' AND snapshot_date = '2026-04-16' LIMIT 1));
INSERT INTO ingredient (canonical_id, primary_name, ingredient_class, category, is_natural) VALUES ('NAME_sulfur_dioxide', 'Sulfur dioxide', 'substance', 'food', 0) ON CONFLICT(canonical_id) DO NOTHING;
INSERT INTO ingredient_alias (canonical_id, alias, alias_normalized, alias_type, language_code, confidence, source) VALUES ('NAME_sulfur_dioxide', 'Sulfur dioxide', 'sulfur dioxide', 'synonym', 'en', 1.0, 'FDA CFR 21') ON CONFLICT(alias_normalized, alias_type, COALESCE(language_code, '')) DO NOTHING;
INSERT INTO regulatory_fact (canonical_id, jurisdiction, fact_type, status, regulation_ref, product_category, evidence_id) VALUES ('NAME_sulfur_dioxide', 'US_FDA', 'gras', 'GRAS per 21 CFR §182.3862 (Substances Generally Recognized as Safe)', '21 CFR §182.3862', 'food', (SELECT id FROM fact_evidence WHERE source_url = 'https://www.ecfr.gov/on/2026-04-16/title-21/part-182' AND snapshot_date = '2026-04-16' LIMIT 1));
INSERT INTO ingredient (canonical_id, primary_name, ingredient_class, category, is_natural) VALUES ('NAME_tocopherols', 'Tocopherols', 'substance', 'food', 0) ON CONFLICT(canonical_id) DO NOTHING;
INSERT INTO ingredient_alias (canonical_id, alias, alias_normalized, alias_type, language_code, confidence, source) VALUES ('NAME_tocopherols', 'Tocopherols', 'tocopherols', 'synonym', 'en', 1.0, 'FDA CFR 21') ON CONFLICT(alias_normalized, alias_type, COALESCE(language_code, '')) DO NOTHING;
INSERT INTO regulatory_fact (canonical_id, jurisdiction, fact_type, status, regulation_ref, product_category, evidence_id) VALUES ('NAME_tocopherols', 'US_FDA', 'gras', 'GRAS per 21 CFR §182.3890 (Substances Generally Recognized as Safe)', '21 CFR §182.3890', 'food', (SELECT id FROM fact_evidence WHERE source_url = 'https://www.ecfr.gov/on/2026-04-16/title-21/part-182' AND snapshot_date = '2026-04-16' LIMIT 1));
INSERT INTO ingredient (canonical_id, primary_name, ingredient_class, category, is_natural) VALUES ('NAME_sodium_acid_phosphate', 'Sodium acid phosphate', 'substance', 'food', 0) ON CONFLICT(canonical_id) DO NOTHING;
INSERT INTO ingredient_alias (canonical_id, alias, alias_normalized, alias_type, language_code, confidence, source) VALUES ('NAME_sodium_acid_phosphate', 'Sodium acid phosphate', 'sodium acid phosphate', 'synonym', 'en', 1.0, 'FDA CFR 21') ON CONFLICT(alias_normalized, alias_type, COALESCE(language_code, '')) DO NOTHING;
INSERT INTO regulatory_fact (canonical_id, jurisdiction, fact_type, status, regulation_ref, product_category, evidence_id) VALUES ('NAME_sodium_acid_phosphate', 'US_FDA', 'gras', 'GRAS per 21 CFR §182.6085 (Substances Generally Recognized as Safe)', '21 CFR §182.6085', 'food', (SELECT id FROM fact_evidence WHERE source_url = 'https://www.ecfr.gov/on/2026-04-16/title-21/part-182' AND snapshot_date = '2026-04-16' LIMIT 1));
INSERT INTO ingredient (canonical_id, primary_name, ingredient_class, category, is_natural) VALUES ('NAME_calcium_diacetate', 'Calcium diacetate', 'substance', 'food', 0) ON CONFLICT(canonical_id) DO NOTHING;
INSERT INTO ingredient_alias (canonical_id, alias, alias_normalized, alias_type, language_code, confidence, source) VALUES ('NAME_calcium_diacetate', 'Calcium diacetate', 'calcium diacetate', 'synonym', 'en', 1.0, 'FDA CFR 21') ON CONFLICT(alias_normalized, alias_type, COALESCE(language_code, '')) DO NOTHING;
INSERT INTO regulatory_fact (canonical_id, jurisdiction, fact_type, status, regulation_ref, product_category, evidence_id) VALUES ('NAME_calcium_diacetate', 'US_FDA', 'gras', 'GRAS per 21 CFR §182.6197 (Substances Generally Recognized as Safe)', '21 CFR §182.6197', 'food', (SELECT id FROM fact_evidence WHERE source_url = 'https://www.ecfr.gov/on/2026-04-16/title-21/part-182' AND snapshot_date = '2026-04-16' LIMIT 1));
INSERT INTO ingredient (canonical_id, primary_name, ingredient_class, category, is_natural) VALUES ('NAME_calcium_hexametaphosphate', 'Calcium hexametaphosphate', 'substance', 'food', 0) ON CONFLICT(canonical_id) DO NOTHING;
INSERT INTO ingredient_alias (canonical_id, alias, alias_normalized, alias_type, language_code, confidence, source) VALUES ('NAME_calcium_hexametaphosphate', 'Calcium hexametaphosphate', 'calcium hexametaphosphate', 'synonym', 'en', 1.0, 'FDA CFR 21') ON CONFLICT(alias_normalized, alias_type, COALESCE(language_code, '')) DO NOTHING;
INSERT INTO regulatory_fact (canonical_id, jurisdiction, fact_type, status, regulation_ref, product_category, evidence_id) VALUES ('NAME_calcium_hexametaphosphate', 'US_FDA', 'gras', 'GRAS per 21 CFR §182.6203 (Substances Generally Recognized as Safe)', '21 CFR §182.6203', 'food', (SELECT id FROM fact_evidence WHERE source_url = 'https://www.ecfr.gov/on/2026-04-16/title-21/part-182' AND snapshot_date = '2026-04-16' LIMIT 1));
INSERT INTO ingredient (canonical_id, primary_name, ingredient_class, category, is_natural) VALUES ('NAME_monobasic_calcium_phosphate', 'Monobasic calcium phosphate', 'substance', 'food', 0) ON CONFLICT(canonical_id) DO NOTHING;
INSERT INTO ingredient_alias (canonical_id, alias, alias_normalized, alias_type, language_code, confidence, source) VALUES ('NAME_monobasic_calcium_phosphate', 'Monobasic calcium phosphate', 'monobasic calcium phosphate', 'synonym', 'en', 1.0, 'FDA CFR 21') ON CONFLICT(alias_normalized, alias_type, COALESCE(language_code, '')) DO NOTHING;
INSERT INTO regulatory_fact (canonical_id, jurisdiction, fact_type, status, regulation_ref, product_category, evidence_id) VALUES ('NAME_monobasic_calcium_phosphate', 'US_FDA', 'gras', 'GRAS per 21 CFR §182.6215 (Substances Generally Recognized as Safe)', '21 CFR §182.6215', 'food', (SELECT id FROM fact_evidence WHERE source_url = 'https://www.ecfr.gov/on/2026-04-16/title-21/part-182' AND snapshot_date = '2026-04-16' LIMIT 1));
INSERT INTO ingredient (canonical_id, primary_name, ingredient_class, category, is_natural) VALUES ('NAME_dipotassium_phosphate', 'Dipotassium phosphate', 'substance', 'food', 0) ON CONFLICT(canonical_id) DO NOTHING;
INSERT INTO ingredient_alias (canonical_id, alias, alias_normalized, alias_type, language_code, confidence, source) VALUES ('NAME_dipotassium_phosphate', 'Dipotassium phosphate', 'dipotassium phosphate', 'synonym', 'en', 1.0, 'FDA CFR 21') ON CONFLICT(alias_normalized, alias_type, COALESCE(language_code, '')) DO NOTHING;
INSERT INTO regulatory_fact (canonical_id, jurisdiction, fact_type, status, regulation_ref, product_category, evidence_id) VALUES ('NAME_dipotassium_phosphate', 'US_FDA', 'gras', 'GRAS per 21 CFR §182.6285 (Substances Generally Recognized as Safe)', '21 CFR §182.6285', 'food', (SELECT id FROM fact_evidence WHERE source_url = 'https://www.ecfr.gov/on/2026-04-16/title-21/part-182' AND snapshot_date = '2026-04-16' LIMIT 1));
INSERT INTO ingredient (canonical_id, primary_name, ingredient_class, category, is_natural) VALUES ('NAME_disodium_phosphate', 'Disodium phosphate', 'substance', 'food', 0) ON CONFLICT(canonical_id) DO NOTHING;
INSERT INTO ingredient_alias (canonical_id, alias, alias_normalized, alias_type, language_code, confidence, source) VALUES ('NAME_disodium_phosphate', 'Disodium phosphate', 'disodium phosphate', 'synonym', 'en', 1.0, 'FDA CFR 21') ON CONFLICT(alias_normalized, alias_type, COALESCE(language_code, '')) DO NOTHING;
INSERT INTO regulatory_fact (canonical_id, jurisdiction, fact_type, status, regulation_ref, product_category, evidence_id) VALUES ('NAME_disodium_phosphate', 'US_FDA', 'gras', 'GRAS per 21 CFR §182.6290 (Substances Generally Recognized as Safe)', '21 CFR §182.6290', 'food', (SELECT id FROM fact_evidence WHERE source_url = 'https://www.ecfr.gov/on/2026-04-16/title-21/part-182' AND snapshot_date = '2026-04-16' LIMIT 1));
INSERT INTO ingredient (canonical_id, primary_name, ingredient_class, category, is_natural) VALUES ('NAME_sodium_gluconate', 'Sodium gluconate', 'substance', 'food', 0) ON CONFLICT(canonical_id) DO NOTHING;
INSERT INTO ingredient_alias (canonical_id, alias, alias_normalized, alias_type, language_code, confidence, source) VALUES ('NAME_sodium_gluconate', 'Sodium gluconate', 'sodium gluconate', 'synonym', 'en', 1.0, 'FDA CFR 21') ON CONFLICT(alias_normalized, alias_type, COALESCE(language_code, '')) DO NOTHING;
INSERT INTO regulatory_fact (canonical_id, jurisdiction, fact_type, status, regulation_ref, product_category, evidence_id) VALUES ('NAME_sodium_gluconate', 'US_FDA', 'gras', 'GRAS per 21 CFR §182.6757 (Substances Generally Recognized as Safe)', '21 CFR §182.6757', 'food', (SELECT id FROM fact_evidence WHERE source_url = 'https://www.ecfr.gov/on/2026-04-16/title-21/part-182' AND snapshot_date = '2026-04-16' LIMIT 1));
INSERT INTO ingredient (canonical_id, primary_name, ingredient_class, category, is_natural) VALUES ('NAME_sodium_hexametaphosphate', 'Sodium hexametaphosphate', 'substance', 'food', 0) ON CONFLICT(canonical_id) DO NOTHING;
INSERT INTO ingredient_alias (canonical_id, alias, alias_normalized, alias_type, language_code, confidence, source) VALUES ('NAME_sodium_hexametaphosphate', 'Sodium hexametaphosphate', 'sodium hexametaphosphate', 'synonym', 'en', 1.0, 'FDA CFR 21') ON CONFLICT(alias_normalized, alias_type, COALESCE(language_code, '')) DO NOTHING;
INSERT INTO regulatory_fact (canonical_id, jurisdiction, fact_type, status, regulation_ref, product_category, evidence_id) VALUES ('NAME_sodium_hexametaphosphate', 'US_FDA', 'gras', 'GRAS per 21 CFR §182.6760 (Substances Generally Recognized as Safe)', '21 CFR §182.6760', 'food', (SELECT id FROM fact_evidence WHERE source_url = 'https://www.ecfr.gov/on/2026-04-16/title-21/part-182' AND snapshot_date = '2026-04-16' LIMIT 1));
INSERT INTO ingredient (canonical_id, primary_name, ingredient_class, category, is_natural) VALUES ('NAME_sodium_metaphosphate', 'Sodium metaphosphate', 'substance', 'food', 0) ON CONFLICT(canonical_id) DO NOTHING;
INSERT INTO ingredient_alias (canonical_id, alias, alias_normalized, alias_type, language_code, confidence, source) VALUES ('NAME_sodium_metaphosphate', 'Sodium metaphosphate', 'sodium metaphosphate', 'synonym', 'en', 1.0, 'FDA CFR 21') ON CONFLICT(alias_normalized, alias_type, COALESCE(language_code, '')) DO NOTHING;
INSERT INTO regulatory_fact (canonical_id, jurisdiction, fact_type, status, regulation_ref, product_category, evidence_id) VALUES ('NAME_sodium_metaphosphate', 'US_FDA', 'gras', 'GRAS per 21 CFR §182.6769 (Substances Generally Recognized as Safe)', '21 CFR §182.6769', 'food', (SELECT id FROM fact_evidence WHERE source_url = 'https://www.ecfr.gov/on/2026-04-16/title-21/part-182' AND snapshot_date = '2026-04-16' LIMIT 1));
INSERT INTO regulatory_fact (canonical_id, jurisdiction, fact_type, status, regulation_ref, product_category, evidence_id) VALUES ('NAME_sodium_phosphate', 'US_FDA', 'gras', 'GRAS per 21 CFR §182.6778 (Substances Generally Recognized as Safe)', '21 CFR §182.6778', 'food', (SELECT id FROM fact_evidence WHERE source_url = 'https://www.ecfr.gov/on/2026-04-16/title-21/part-182' AND snapshot_date = '2026-04-16' LIMIT 1));
INSERT INTO ingredient (canonical_id, primary_name, ingredient_class, category, is_natural) VALUES ('NAME_sodium_pyrophosphate', 'Sodium pyrophosphate', 'substance', 'food', 0) ON CONFLICT(canonical_id) DO NOTHING;
INSERT INTO ingredient_alias (canonical_id, alias, alias_normalized, alias_type, language_code, confidence, source) VALUES ('NAME_sodium_pyrophosphate', 'Sodium pyrophosphate', 'sodium pyrophosphate', 'synonym', 'en', 1.0, 'FDA CFR 21') ON CONFLICT(alias_normalized, alias_type, COALESCE(language_code, '')) DO NOTHING;
INSERT INTO regulatory_fact (canonical_id, jurisdiction, fact_type, status, regulation_ref, product_category, evidence_id) VALUES ('NAME_sodium_pyrophosphate', 'US_FDA', 'gras', 'GRAS per 21 CFR §182.6787 (Substances Generally Recognized as Safe)', '21 CFR §182.6787', 'food', (SELECT id FROM fact_evidence WHERE source_url = 'https://www.ecfr.gov/on/2026-04-16/title-21/part-182' AND snapshot_date = '2026-04-16' LIMIT 1));
INSERT INTO ingredient (canonical_id, primary_name, ingredient_class, category, is_natural) VALUES ('NAME_tetra_sodium_pyrophosphate', 'Tetra sodium pyrophosphate', 'substance', 'food', 0) ON CONFLICT(canonical_id) DO NOTHING;
INSERT INTO ingredient_alias (canonical_id, alias, alias_normalized, alias_type, language_code, confidence, source) VALUES ('NAME_tetra_sodium_pyrophosphate', 'Tetra sodium pyrophosphate', 'tetra sodium pyrophosphate', 'synonym', 'en', 1.0, 'FDA CFR 21') ON CONFLICT(alias_normalized, alias_type, COALESCE(language_code, '')) DO NOTHING;
INSERT INTO regulatory_fact (canonical_id, jurisdiction, fact_type, status, regulation_ref, product_category, evidence_id) VALUES ('NAME_tetra_sodium_pyrophosphate', 'US_FDA', 'gras', 'GRAS per 21 CFR §182.6789 (Substances Generally Recognized as Safe)', '21 CFR §182.6789', 'food', (SELECT id FROM fact_evidence WHERE source_url = 'https://www.ecfr.gov/on/2026-04-16/title-21/part-182' AND snapshot_date = '2026-04-16' LIMIT 1));
INSERT INTO regulatory_fact (canonical_id, jurisdiction, fact_type, status, regulation_ref, product_category, evidence_id) VALUES ('NAME_sodium_tripolyphosphate', 'US_FDA', 'gras', 'GRAS per 21 CFR §182.6810 (Substances Generally Recognized as Safe)', '21 CFR §182.6810', 'food', (SELECT id FROM fact_evidence WHERE source_url = 'https://www.ecfr.gov/on/2026-04-16/title-21/part-182' AND snapshot_date = '2026-04-16' LIMIT 1));
INSERT INTO ingredient (canonical_id, primary_name, ingredient_class, category, is_natural) VALUES ('NAME_chondrus_extract', 'Chondrus extract', 'substance', 'food', 0) ON CONFLICT(canonical_id) DO NOTHING;
INSERT INTO ingredient_alias (canonical_id, alias, alias_normalized, alias_type, language_code, confidence, source) VALUES ('NAME_chondrus_extract', 'Chondrus extract', 'chondrus extract', 'synonym', 'en', 1.0, 'FDA CFR 21') ON CONFLICT(alias_normalized, alias_type, COALESCE(language_code, '')) DO NOTHING;
INSERT INTO regulatory_fact (canonical_id, jurisdiction, fact_type, status, regulation_ref, product_category, evidence_id) VALUES ('NAME_chondrus_extract', 'US_FDA', 'gras', 'GRAS per 21 CFR §182.7255 (Substances Generally Recognized as Safe)', '21 CFR §182.7255', 'food', (SELECT id FROM fact_evidence WHERE source_url = 'https://www.ecfr.gov/on/2026-04-16/title-21/part-182' AND snapshot_date = '2026-04-16' LIMIT 1));
INSERT INTO regulatory_fact (canonical_id, jurisdiction, fact_type, status, regulation_ref, product_category, evidence_id) VALUES ('NAME_ascorbic_acid', 'US_FDA', 'gras', 'GRAS per 21 CFR §182.8013 (Substances Generally Recognized as Safe)', '21 CFR §182.8013', 'food', (SELECT id FROM fact_evidence WHERE source_url = 'https://www.ecfr.gov/on/2026-04-16/title-21/part-182' AND snapshot_date = '2026-04-16' LIMIT 1));
INSERT INTO ingredient (canonical_id, primary_name, ingredient_class, category, is_natural) VALUES ('NAME_biotin', 'Biotin', 'substance', 'food', 0) ON CONFLICT(canonical_id) DO NOTHING;
INSERT INTO ingredient_alias (canonical_id, alias, alias_normalized, alias_type, language_code, confidence, source) VALUES ('NAME_biotin', 'Biotin', 'biotin', 'synonym', 'en', 1.0, 'FDA CFR 21') ON CONFLICT(alias_normalized, alias_type, COALESCE(language_code, '')) DO NOTHING;
INSERT INTO regulatory_fact (canonical_id, jurisdiction, fact_type, status, regulation_ref, product_category, evidence_id) VALUES ('NAME_biotin', 'US_FDA', 'gras', 'GRAS per 21 CFR §182.8159 (Substances Generally Recognized as Safe)', '21 CFR §182.8159', 'food', (SELECT id FROM fact_evidence WHERE source_url = 'https://www.ecfr.gov/on/2026-04-16/title-21/part-182' AND snapshot_date = '2026-04-16' LIMIT 1));
INSERT INTO regulatory_fact (canonical_id, jurisdiction, fact_type, status, regulation_ref, product_category, evidence_id) VALUES ('NAME_calcium_phosphate', 'US_FDA', 'gras', 'GRAS per 21 CFR §182.8217 (Substances Generally Recognized as Safe)', '21 CFR §182.8217', 'food', (SELECT id FROM fact_evidence WHERE source_url = 'https://www.ecfr.gov/on/2026-04-16/title-21/part-182' AND snapshot_date = '2026-04-16' LIMIT 1));
INSERT INTO ingredient (canonical_id, primary_name, ingredient_class, category, is_natural) VALUES ('NAME_calcium_pyrophosphate', 'Calcium pyrophosphate', 'substance', 'food', 0) ON CONFLICT(canonical_id) DO NOTHING;
INSERT INTO ingredient_alias (canonical_id, alias, alias_normalized, alias_type, language_code, confidence, source) VALUES ('NAME_calcium_pyrophosphate', 'Calcium pyrophosphate', 'calcium pyrophosphate', 'synonym', 'en', 1.0, 'FDA CFR 21') ON CONFLICT(alias_normalized, alias_type, COALESCE(language_code, '')) DO NOTHING;
INSERT INTO regulatory_fact (canonical_id, jurisdiction, fact_type, status, regulation_ref, product_category, evidence_id) VALUES ('NAME_calcium_pyrophosphate', 'US_FDA', 'gras', 'GRAS per 21 CFR §182.8223 (Substances Generally Recognized as Safe)', '21 CFR §182.8223', 'food', (SELECT id FROM fact_evidence WHERE source_url = 'https://www.ecfr.gov/on/2026-04-16/title-21/part-182' AND snapshot_date = '2026-04-16' LIMIT 1));
INSERT INTO ingredient (canonical_id, primary_name, ingredient_class, category, is_natural) VALUES ('NAME_choline_bitartrate', 'Choline bitartrate', 'substance', 'food', 0) ON CONFLICT(canonical_id) DO NOTHING;
INSERT INTO ingredient_alias (canonical_id, alias, alias_normalized, alias_type, language_code, confidence, source) VALUES ('NAME_choline_bitartrate', 'Choline bitartrate', 'choline bitartrate', 'synonym', 'en', 1.0, 'FDA CFR 21') ON CONFLICT(alias_normalized, alias_type, COALESCE(language_code, '')) DO NOTHING;
INSERT INTO regulatory_fact (canonical_id, jurisdiction, fact_type, status, regulation_ref, product_category, evidence_id) VALUES ('NAME_choline_bitartrate', 'US_FDA', 'gras', 'GRAS per 21 CFR §182.8250 (Substances Generally Recognized as Safe)', '21 CFR §182.8250', 'food', (SELECT id FROM fact_evidence WHERE source_url = 'https://www.ecfr.gov/on/2026-04-16/title-21/part-182' AND snapshot_date = '2026-04-16' LIMIT 1));
INSERT INTO ingredient (canonical_id, primary_name, ingredient_class, category, is_natural) VALUES ('NAME_choline_chloride', 'Choline chloride', 'substance', 'food', 0) ON CONFLICT(canonical_id) DO NOTHING;
INSERT INTO ingredient_alias (canonical_id, alias, alias_normalized, alias_type, language_code, confidence, source) VALUES ('NAME_choline_chloride', 'Choline chloride', 'choline chloride', 'synonym', 'en', 1.0, 'FDA CFR 21') ON CONFLICT(alias_normalized, alias_type, COALESCE(language_code, '')) DO NOTHING;
INSERT INTO regulatory_fact (canonical_id, jurisdiction, fact_type, status, regulation_ref, product_category, evidence_id) VALUES ('NAME_choline_chloride', 'US_FDA', 'gras', 'GRAS per 21 CFR §182.8252 (Substances Generally Recognized as Safe)', '21 CFR §182.8252', 'food', (SELECT id FROM fact_evidence WHERE source_url = 'https://www.ecfr.gov/on/2026-04-16/title-21/part-182' AND snapshot_date = '2026-04-16' LIMIT 1));
INSERT INTO regulatory_fact (canonical_id, jurisdiction, fact_type, status, regulation_ref, product_category, evidence_id) VALUES ('NAME_sodium_phosphate', 'US_FDA', 'gras', 'GRAS per 21 CFR §182.8778 (Substances Generally Recognized as Safe)', '21 CFR §182.8778', 'food', (SELECT id FROM fact_evidence WHERE source_url = 'https://www.ecfr.gov/on/2026-04-16/title-21/part-182' AND snapshot_date = '2026-04-16' LIMIT 1));
INSERT INTO regulatory_fact (canonical_id, jurisdiction, fact_type, status, regulation_ref, product_category, evidence_id) VALUES ('NAME_tocopherols', 'US_FDA', 'gras', 'GRAS per 21 CFR §182.8890 (Substances Generally Recognized as Safe)', '21 CFR §182.8890', 'food', (SELECT id FROM fact_evidence WHERE source_url = 'https://www.ecfr.gov/on/2026-04-16/title-21/part-182' AND snapshot_date = '2026-04-16' LIMIT 1));
INSERT INTO ingredient (canonical_id, primary_name, ingredient_class, category, is_natural) VALUES ('NAME_α_tocopherol_acetate', 'α-Tocopherol acetate', 'substance', 'food', 0) ON CONFLICT(canonical_id) DO NOTHING;
INSERT INTO ingredient_alias (canonical_id, alias, alias_normalized, alias_type, language_code, confidence, source) VALUES ('NAME_α_tocopherol_acetate', 'α-Tocopherol acetate', 'α-tocopherol acetate', 'synonym', 'en', 1.0, 'FDA CFR 21') ON CONFLICT(alias_normalized, alias_type, COALESCE(language_code, '')) DO NOTHING;
INSERT INTO regulatory_fact (canonical_id, jurisdiction, fact_type, status, regulation_ref, product_category, evidence_id) VALUES ('NAME_α_tocopherol_acetate', 'US_FDA', 'gras', 'GRAS per 21 CFR §182.8892 (Substances Generally Recognized as Safe)', '21 CFR §182.8892', 'food', (SELECT id FROM fact_evidence WHERE source_url = 'https://www.ecfr.gov/on/2026-04-16/title-21/part-182' AND snapshot_date = '2026-04-16' LIMIT 1));
INSERT INTO ingredient (canonical_id, primary_name, ingredient_class, category, is_natural) VALUES ('NAME_zinc_chloride', 'Zinc chloride', 'substance', 'food', 0) ON CONFLICT(canonical_id) DO NOTHING;
INSERT INTO ingredient_alias (canonical_id, alias, alias_normalized, alias_type, language_code, confidence, source) VALUES ('NAME_zinc_chloride', 'Zinc chloride', 'zinc chloride', 'synonym', 'en', 1.0, 'FDA CFR 21') ON CONFLICT(alias_normalized, alias_type, COALESCE(language_code, '')) DO NOTHING;
INSERT INTO regulatory_fact (canonical_id, jurisdiction, fact_type, status, regulation_ref, product_category, evidence_id) VALUES ('NAME_zinc_chloride', 'US_FDA', 'gras', 'GRAS per 21 CFR §182.8985 (Substances Generally Recognized as Safe)', '21 CFR §182.8985', 'food', (SELECT id FROM fact_evidence WHERE source_url = 'https://www.ecfr.gov/on/2026-04-16/title-21/part-182' AND snapshot_date = '2026-04-16' LIMIT 1));
INSERT INTO ingredient (canonical_id, primary_name, ingredient_class, category, is_natural) VALUES ('NAME_zinc_gluconate', 'Zinc gluconate', 'substance', 'food', 0) ON CONFLICT(canonical_id) DO NOTHING;
INSERT INTO ingredient_alias (canonical_id, alias, alias_normalized, alias_type, language_code, confidence, source) VALUES ('NAME_zinc_gluconate', 'Zinc gluconate', 'zinc gluconate', 'synonym', 'en', 1.0, 'FDA CFR 21') ON CONFLICT(alias_normalized, alias_type, COALESCE(language_code, '')) DO NOTHING;
INSERT INTO regulatory_fact (canonical_id, jurisdiction, fact_type, status, regulation_ref, product_category, evidence_id) VALUES ('NAME_zinc_gluconate', 'US_FDA', 'gras', 'GRAS per 21 CFR §182.8988 (Substances Generally Recognized as Safe)', '21 CFR §182.8988', 'food', (SELECT id FROM fact_evidence WHERE source_url = 'https://www.ecfr.gov/on/2026-04-16/title-21/part-182' AND snapshot_date = '2026-04-16' LIMIT 1));
INSERT INTO ingredient (canonical_id, primary_name, ingredient_class, category, is_natural) VALUES ('NAME_zinc_oxide', 'Zinc oxide', 'substance', 'food', 0) ON CONFLICT(canonical_id) DO NOTHING;
INSERT INTO ingredient_alias (canonical_id, alias, alias_normalized, alias_type, language_code, confidence, source) VALUES ('NAME_zinc_oxide', 'Zinc oxide', 'zinc oxide', 'synonym', 'en', 1.0, 'FDA CFR 21') ON CONFLICT(alias_normalized, alias_type, COALESCE(language_code, '')) DO NOTHING;
INSERT INTO regulatory_fact (canonical_id, jurisdiction, fact_type, status, regulation_ref, product_category, evidence_id) VALUES ('NAME_zinc_oxide', 'US_FDA', 'gras', 'GRAS per 21 CFR §182.8991 (Substances Generally Recognized as Safe)', '21 CFR §182.8991', 'food', (SELECT id FROM fact_evidence WHERE source_url = 'https://www.ecfr.gov/on/2026-04-16/title-21/part-182' AND snapshot_date = '2026-04-16' LIMIT 1));
INSERT INTO ingredient (canonical_id, primary_name, ingredient_class, category, is_natural) VALUES ('NAME_zinc_stearate', 'Zinc stearate', 'substance', 'food', 0) ON CONFLICT(canonical_id) DO NOTHING;
INSERT INTO ingredient_alias (canonical_id, alias, alias_normalized, alias_type, language_code, confidence, source) VALUES ('NAME_zinc_stearate', 'Zinc stearate', 'zinc stearate', 'synonym', 'en', 1.0, 'FDA CFR 21') ON CONFLICT(alias_normalized, alias_type, COALESCE(language_code, '')) DO NOTHING;
INSERT INTO regulatory_fact (canonical_id, jurisdiction, fact_type, status, regulation_ref, product_category, evidence_id) VALUES ('NAME_zinc_stearate', 'US_FDA', 'gras', 'GRAS per 21 CFR §182.8994 (Substances Generally Recognized as Safe)', '21 CFR §182.8994', 'food', (SELECT id FROM fact_evidence WHERE source_url = 'https://www.ecfr.gov/on/2026-04-16/title-21/part-182' AND snapshot_date = '2026-04-16' LIMIT 1));
INSERT INTO ingredient (canonical_id, primary_name, ingredient_class, category, is_natural) VALUES ('NAME_zinc_sulfate', 'Zinc sulfate', 'substance', 'food', 0) ON CONFLICT(canonical_id) DO NOTHING;
INSERT INTO ingredient_alias (canonical_id, alias, alias_normalized, alias_type, language_code, confidence, source) VALUES ('NAME_zinc_sulfate', 'Zinc sulfate', 'zinc sulfate', 'synonym', 'en', 1.0, 'FDA CFR 21') ON CONFLICT(alias_normalized, alias_type, COALESCE(language_code, '')) DO NOTHING;
INSERT INTO regulatory_fact (canonical_id, jurisdiction, fact_type, status, regulation_ref, product_category, evidence_id) VALUES ('NAME_zinc_sulfate', 'US_FDA', 'gras', 'GRAS per 21 CFR §182.8997 (Substances Generally Recognized as Safe)', '21 CFR §182.8997', 'food', (SELECT id FROM fact_evidence WHERE source_url = 'https://www.ecfr.gov/on/2026-04-16/title-21/part-182' AND snapshot_date = '2026-04-16' LIMIT 1));
INSERT INTO ingredient (canonical_id, primary_name, ingredient_class, category, is_natural) VALUES ('NAME_acetic_acid', 'Acetic acid', 'substance', 'food', 0) ON CONFLICT(canonical_id) DO NOTHING;
INSERT INTO ingredient_alias (canonical_id, alias, alias_normalized, alias_type, language_code, confidence, source) VALUES ('NAME_acetic_acid', 'Acetic acid', 'acetic acid', 'synonym', 'en', 1.0, 'FDA CFR 21') ON CONFLICT(alias_normalized, alias_type, COALESCE(language_code, '')) DO NOTHING;
INSERT INTO regulatory_fact (canonical_id, jurisdiction, fact_type, status, regulation_ref, product_category, evidence_id) VALUES ('NAME_acetic_acid', 'US_FDA', 'gras', 'GRAS per 21 CFR §184.1005 (Direct Food Substances Affirmed as Generally Recognized as Safe)', '21 CFR §184.1005', 'food', (SELECT id FROM fact_evidence WHERE source_url = 'https://www.ecfr.gov/on/2026-04-16/title-21/part-184' AND snapshot_date = '2026-04-16' LIMIT 1));
INSERT INTO ingredient (canonical_id, primary_name, ingredient_class, category, is_natural) VALUES ('NAME_aconitic_acid', 'Aconitic acid', 'substance', 'food', 0) ON CONFLICT(canonical_id) DO NOTHING;
INSERT INTO ingredient_alias (canonical_id, alias, alias_normalized, alias_type, language_code, confidence, source) VALUES ('NAME_aconitic_acid', 'Aconitic acid', 'aconitic acid', 'synonym', 'en', 1.0, 'FDA CFR 21') ON CONFLICT(alias_normalized, alias_type, COALESCE(language_code, '')) DO NOTHING;
INSERT INTO regulatory_fact (canonical_id, jurisdiction, fact_type, status, regulation_ref, product_category, evidence_id) VALUES ('NAME_aconitic_acid', 'US_FDA', 'gras', 'GRAS per 21 CFR §184.1007 (Direct Food Substances Affirmed as Generally Recognized as Safe)', '21 CFR §184.1007', 'food', (SELECT id FROM fact_evidence WHERE source_url = 'https://www.ecfr.gov/on/2026-04-16/title-21/part-184' AND snapshot_date = '2026-04-16' LIMIT 1));
INSERT INTO ingredient (canonical_id, primary_name, ingredient_class, category, is_natural) VALUES ('NAME_adipic_acid', 'Adipic acid', 'substance', 'food', 0) ON CONFLICT(canonical_id) DO NOTHING;
INSERT INTO ingredient_alias (canonical_id, alias, alias_normalized, alias_type, language_code, confidence, source) VALUES ('NAME_adipic_acid', 'Adipic acid', 'adipic acid', 'synonym', 'en', 1.0, 'FDA CFR 21') ON CONFLICT(alias_normalized, alias_type, COALESCE(language_code, '')) DO NOTHING;
INSERT INTO regulatory_fact (canonical_id, jurisdiction, fact_type, status, regulation_ref, product_category, evidence_id) VALUES ('NAME_adipic_acid', 'US_FDA', 'gras', 'GRAS per 21 CFR §184.1009 (Direct Food Substances Affirmed as Generally Recognized as Safe)', '21 CFR §184.1009', 'food', (SELECT id FROM fact_evidence WHERE source_url = 'https://www.ecfr.gov/on/2026-04-16/title-21/part-184' AND snapshot_date = '2026-04-16' LIMIT 1));
INSERT INTO ingredient (canonical_id, primary_name, ingredient_class, category, is_natural) VALUES ('NAME_alginic_acid', 'Alginic acid', 'substance', 'food', 0) ON CONFLICT(canonical_id) DO NOTHING;
INSERT INTO ingredient_alias (canonical_id, alias, alias_normalized, alias_type, language_code, confidence, source) VALUES ('NAME_alginic_acid', 'Alginic acid', 'alginic acid', 'synonym', 'en', 1.0, 'FDA CFR 21') ON CONFLICT(alias_normalized, alias_type, COALESCE(language_code, '')) DO NOTHING;
INSERT INTO regulatory_fact (canonical_id, jurisdiction, fact_type, status, regulation_ref, product_category, evidence_id) VALUES ('NAME_alginic_acid', 'US_FDA', 'gras', 'GRAS per 21 CFR §184.1011 (Direct Food Substances Affirmed as Generally Recognized as Safe)', '21 CFR §184.1011', 'food', (SELECT id FROM fact_evidence WHERE source_url = 'https://www.ecfr.gov/on/2026-04-16/title-21/part-184' AND snapshot_date = '2026-04-16' LIMIT 1));
INSERT INTO ingredient (canonical_id, primary_name, ingredient_class, category, is_natural) VALUES ('NAME_α_amylase_enzyme_preparation_from_bacillus_stearothermophilus', 'α-Amylase enzyme preparation from Bacillus stearothermophilus', 'substance', 'food', 0) ON CONFLICT(canonical_id) DO NOTHING;
INSERT INTO ingredient_alias (canonical_id, alias, alias_normalized, alias_type, language_code, confidence, source) VALUES ('NAME_α_amylase_enzyme_preparation_from_bacillus_stearothermophilus', 'α-Amylase enzyme preparation from Bacillus stearothermophilus', 'α-amylase enzyme preparation from bacillus stearothermophilus', 'synonym', 'en', 1.0, 'FDA CFR 21') ON CONFLICT(alias_normalized, alias_type, COALESCE(language_code, '')) DO NOTHING;
INSERT INTO regulatory_fact (canonical_id, jurisdiction, fact_type, status, regulation_ref, product_category, evidence_id) VALUES ('NAME_α_amylase_enzyme_preparation_from_bacillus_stearothermophilus', 'US_FDA', 'gras', 'GRAS per 21 CFR §184.1012 (Direct Food Substances Affirmed as Generally Recognized as Safe)', '21 CFR §184.1012', 'food', (SELECT id FROM fact_evidence WHERE source_url = 'https://www.ecfr.gov/on/2026-04-16/title-21/part-184' AND snapshot_date = '2026-04-16' LIMIT 1));
INSERT INTO ingredient (canonical_id, primary_name, ingredient_class, category, is_natural) VALUES ('NAME_benzoic_acid', 'Benzoic acid', 'substance', 'food', 0) ON CONFLICT(canonical_id) DO NOTHING;
INSERT INTO ingredient_alias (canonical_id, alias, alias_normalized, alias_type, language_code, confidence, source) VALUES ('NAME_benzoic_acid', 'Benzoic acid', 'benzoic acid', 'synonym', 'en', 1.0, 'FDA CFR 21') ON CONFLICT(alias_normalized, alias_type, COALESCE(language_code, '')) DO NOTHING;
INSERT INTO regulatory_fact (canonical_id, jurisdiction, fact_type, status, regulation_ref, product_category, evidence_id) VALUES ('NAME_benzoic_acid', 'US_FDA', 'gras', 'GRAS per 21 CFR §184.1021 (Direct Food Substances Affirmed as Generally Recognized as Safe)', '21 CFR §184.1021', 'food', (SELECT id FROM fact_evidence WHERE source_url = 'https://www.ecfr.gov/on/2026-04-16/title-21/part-184' AND snapshot_date = '2026-04-16' LIMIT 1));
INSERT INTO ingredient (canonical_id, primary_name, ingredient_class, category, is_natural) VALUES ('NAME_bromelain', 'Bromelain', 'substance', 'food', 0) ON CONFLICT(canonical_id) DO NOTHING;
INSERT INTO ingredient_alias (canonical_id, alias, alias_normalized, alias_type, language_code, confidence, source) VALUES ('NAME_bromelain', 'Bromelain', 'bromelain', 'synonym', 'en', 1.0, 'FDA CFR 21') ON CONFLICT(alias_normalized, alias_type, COALESCE(language_code, '')) DO NOTHING;
INSERT INTO regulatory_fact (canonical_id, jurisdiction, fact_type, status, regulation_ref, product_category, evidence_id) VALUES ('NAME_bromelain', 'US_FDA', 'gras', 'GRAS per 21 CFR §184.1024 (Direct Food Substances Affirmed as Generally Recognized as Safe)', '21 CFR §184.1024', 'food', (SELECT id FROM fact_evidence WHERE source_url = 'https://www.ecfr.gov/on/2026-04-16/title-21/part-184' AND snapshot_date = '2026-04-16' LIMIT 1));
INSERT INTO ingredient (canonical_id, primary_name, ingredient_class, category, is_natural) VALUES ('NAME_caprylic_acid', 'Caprylic acid', 'substance', 'food', 0) ON CONFLICT(canonical_id) DO NOTHING;
INSERT INTO ingredient_alias (canonical_id, alias, alias_normalized, alias_type, language_code, confidence, source) VALUES ('NAME_caprylic_acid', 'Caprylic acid', 'caprylic acid', 'synonym', 'en', 1.0, 'FDA CFR 21') ON CONFLICT(alias_normalized, alias_type, COALESCE(language_code, '')) DO NOTHING;
INSERT INTO regulatory_fact (canonical_id, jurisdiction, fact_type, status, regulation_ref, product_category, evidence_id) VALUES ('NAME_caprylic_acid', 'US_FDA', 'gras', 'GRAS per 21 CFR §184.1025 (Direct Food Substances Affirmed as Generally Recognized as Safe)', '21 CFR §184.1025', 'food', (SELECT id FROM fact_evidence WHERE source_url = 'https://www.ecfr.gov/on/2026-04-16/title-21/part-184' AND snapshot_date = '2026-04-16' LIMIT 1));
INSERT INTO ingredient (canonical_id, primary_name, ingredient_class, category, is_natural) VALUES ('NAME_mixed_carbohydrase_and_protease_enzyme_product', 'Mixed carbohydrase and protease enzyme product', 'substance', 'food', 0) ON CONFLICT(canonical_id) DO NOTHING;
INSERT INTO ingredient_alias (canonical_id, alias, alias_normalized, alias_type, language_code, confidence, source) VALUES ('NAME_mixed_carbohydrase_and_protease_enzyme_product', 'Mixed carbohydrase and protease enzyme product', 'mixed carbohydrase and protease enzyme product', 'synonym', 'en', 1.0, 'FDA CFR 21') ON CONFLICT(alias_normalized, alias_type, COALESCE(language_code, '')) DO NOTHING;
INSERT INTO regulatory_fact (canonical_id, jurisdiction, fact_type, status, regulation_ref, product_category, evidence_id) VALUES ('NAME_mixed_carbohydrase_and_protease_enzyme_product', 'US_FDA', 'gras', 'GRAS per 21 CFR §184.1027 (Direct Food Substances Affirmed as Generally Recognized as Safe)', '21 CFR §184.1027', 'food', (SELECT id FROM fact_evidence WHERE source_url = 'https://www.ecfr.gov/on/2026-04-16/title-21/part-184' AND snapshot_date = '2026-04-16' LIMIT 1));
INSERT INTO ingredient (canonical_id, primary_name, ingredient_class, category, is_natural) VALUES ('NAME_citric_acid', 'Citric acid', 'substance', 'food', 0) ON CONFLICT(canonical_id) DO NOTHING;
INSERT INTO ingredient_alias (canonical_id, alias, alias_normalized, alias_type, language_code, confidence, source) VALUES ('NAME_citric_acid', 'Citric acid', 'citric acid', 'synonym', 'en', 1.0, 'FDA CFR 21') ON CONFLICT(alias_normalized, alias_type, COALESCE(language_code, '')) DO NOTHING;
INSERT INTO regulatory_fact (canonical_id, jurisdiction, fact_type, status, regulation_ref, product_category, evidence_id) VALUES ('NAME_citric_acid', 'US_FDA', 'gras', 'GRAS per 21 CFR §184.1033 (Direct Food Substances Affirmed as Generally Recognized as Safe)', '21 CFR §184.1033', 'food', (SELECT id FROM fact_evidence WHERE source_url = 'https://www.ecfr.gov/on/2026-04-16/title-21/part-184' AND snapshot_date = '2026-04-16' LIMIT 1));
INSERT INTO ingredient (canonical_id, primary_name, ingredient_class, category, is_natural) VALUES ('NAME_catalase_bovine_liver', 'Catalase (bovine liver)', 'substance', 'food', 0) ON CONFLICT(canonical_id) DO NOTHING;
INSERT INTO ingredient_alias (canonical_id, alias, alias_normalized, alias_type, language_code, confidence, source) VALUES ('NAME_catalase_bovine_liver', 'Catalase (bovine liver)', 'catalase (bovine liver)', 'synonym', 'en', 1.0, 'FDA CFR 21') ON CONFLICT(alias_normalized, alias_type, COALESCE(language_code, '')) DO NOTHING;
INSERT INTO regulatory_fact (canonical_id, jurisdiction, fact_type, status, regulation_ref, product_category, evidence_id) VALUES ('NAME_catalase_bovine_liver', 'US_FDA', 'gras', 'GRAS per 21 CFR §184.1034 (Direct Food Substances Affirmed as Generally Recognized as Safe)', '21 CFR §184.1034', 'food', (SELECT id FROM fact_evidence WHERE source_url = 'https://www.ecfr.gov/on/2026-04-16/title-21/part-184' AND snapshot_date = '2026-04-16' LIMIT 1));
INSERT INTO ingredient (canonical_id, primary_name, ingredient_class, category, is_natural) VALUES ('NAME_lactic_acid', 'Lactic acid', 'substance', 'food', 0) ON CONFLICT(canonical_id) DO NOTHING;
INSERT INTO ingredient_alias (canonical_id, alias, alias_normalized, alias_type, language_code, confidence, source) VALUES ('NAME_lactic_acid', 'Lactic acid', 'lactic acid', 'synonym', 'en', 1.0, 'FDA CFR 21') ON CONFLICT(alias_normalized, alias_type, COALESCE(language_code, '')) DO NOTHING;
INSERT INTO regulatory_fact (canonical_id, jurisdiction, fact_type, status, regulation_ref, product_category, evidence_id) VALUES ('NAME_lactic_acid', 'US_FDA', 'gras', 'GRAS per 21 CFR §184.1061 (Direct Food Substances Affirmed as Generally Recognized as Safe)', '21 CFR §184.1061', 'food', (SELECT id FROM fact_evidence WHERE source_url = 'https://www.ecfr.gov/on/2026-04-16/title-21/part-184' AND snapshot_date = '2026-04-16' LIMIT 1));
INSERT INTO ingredient (canonical_id, primary_name, ingredient_class, category, is_natural) VALUES ('NAME_enzyme_modified_lecithin', 'Enzyme-modified lecithin', 'substance', 'food', 0) ON CONFLICT(canonical_id) DO NOTHING;
INSERT INTO ingredient_alias (canonical_id, alias, alias_normalized, alias_type, language_code, confidence, source) VALUES ('NAME_enzyme_modified_lecithin', 'Enzyme-modified lecithin', 'enzyme-modified lecithin', 'synonym', 'en', 1.0, 'FDA CFR 21') ON CONFLICT(alias_normalized, alias_type, COALESCE(language_code, '')) DO NOTHING;
INSERT INTO regulatory_fact (canonical_id, jurisdiction, fact_type, status, regulation_ref, product_category, evidence_id) VALUES ('NAME_enzyme_modified_lecithin', 'US_FDA', 'gras', 'GRAS per 21 CFR §184.1063 (Direct Food Substances Affirmed as Generally Recognized as Safe)', '21 CFR §184.1063', 'food', (SELECT id FROM fact_evidence WHERE source_url = 'https://www.ecfr.gov/on/2026-04-16/title-21/part-184' AND snapshot_date = '2026-04-16' LIMIT 1));
INSERT INTO ingredient (canonical_id, primary_name, ingredient_class, category, is_natural) VALUES ('NAME_linoleic_acid', 'Linoleic acid', 'substance', 'food', 0) ON CONFLICT(canonical_id) DO NOTHING;
INSERT INTO ingredient_alias (canonical_id, alias, alias_normalized, alias_type, language_code, confidence, source) VALUES ('NAME_linoleic_acid', 'Linoleic acid', 'linoleic acid', 'synonym', 'en', 1.0, 'FDA CFR 21') ON CONFLICT(alias_normalized, alias_type, COALESCE(language_code, '')) DO NOTHING;
INSERT INTO regulatory_fact (canonical_id, jurisdiction, fact_type, status, regulation_ref, product_category, evidence_id) VALUES ('NAME_linoleic_acid', 'US_FDA', 'gras', 'GRAS per 21 CFR §184.1065 (Direct Food Substances Affirmed as Generally Recognized as Safe)', '21 CFR §184.1065', 'food', (SELECT id FROM fact_evidence WHERE source_url = 'https://www.ecfr.gov/on/2026-04-16/title-21/part-184' AND snapshot_date = '2026-04-16' LIMIT 1));
INSERT INTO ingredient (canonical_id, primary_name, ingredient_class, category, is_natural) VALUES ('NAME_malic_acid', 'Malic acid', 'substance', 'food', 0) ON CONFLICT(canonical_id) DO NOTHING;
INSERT INTO ingredient_alias (canonical_id, alias, alias_normalized, alias_type, language_code, confidence, source) VALUES ('NAME_malic_acid', 'Malic acid', 'malic acid', 'synonym', 'en', 1.0, 'FDA CFR 21') ON CONFLICT(alias_normalized, alias_type, COALESCE(language_code, '')) DO NOTHING;
INSERT INTO regulatory_fact (canonical_id, jurisdiction, fact_type, status, regulation_ref, product_category, evidence_id) VALUES ('NAME_malic_acid', 'US_FDA', 'gras', 'GRAS per 21 CFR §184.1069 (Direct Food Substances Affirmed as Generally Recognized as Safe)', '21 CFR §184.1069', 'food', (SELECT id FROM fact_evidence WHERE source_url = 'https://www.ecfr.gov/on/2026-04-16/title-21/part-184' AND snapshot_date = '2026-04-16' LIMIT 1));
INSERT INTO ingredient (canonical_id, primary_name, ingredient_class, category, is_natural) VALUES ('NAME_potassium_acid_tartrate', 'Potassium acid tartrate', 'substance', 'food', 0) ON CONFLICT(canonical_id) DO NOTHING;
INSERT INTO ingredient_alias (canonical_id, alias, alias_normalized, alias_type, language_code, confidence, source) VALUES ('NAME_potassium_acid_tartrate', 'Potassium acid tartrate', 'potassium acid tartrate', 'synonym', 'en', 1.0, 'FDA CFR 21') ON CONFLICT(alias_normalized, alias_type, COALESCE(language_code, '')) DO NOTHING;
INSERT INTO regulatory_fact (canonical_id, jurisdiction, fact_type, status, regulation_ref, product_category, evidence_id) VALUES ('NAME_potassium_acid_tartrate', 'US_FDA', 'gras', 'GRAS per 21 CFR §184.1077 (Direct Food Substances Affirmed as Generally Recognized as Safe)', '21 CFR §184.1077', 'food', (SELECT id FROM fact_evidence WHERE source_url = 'https://www.ecfr.gov/on/2026-04-16/title-21/part-184' AND snapshot_date = '2026-04-16' LIMIT 1));
INSERT INTO ingredient (canonical_id, primary_name, ingredient_class, category, is_natural) VALUES ('NAME_propionic_acid', 'Propionic acid', 'substance', 'food', 0) ON CONFLICT(canonical_id) DO NOTHING;
INSERT INTO ingredient_alias (canonical_id, alias, alias_normalized, alias_type, language_code, confidence, source) VALUES ('NAME_propionic_acid', 'Propionic acid', 'propionic acid', 'synonym', 'en', 1.0, 'FDA CFR 21') ON CONFLICT(alias_normalized, alias_type, COALESCE(language_code, '')) DO NOTHING;
INSERT INTO regulatory_fact (canonical_id, jurisdiction, fact_type, status, regulation_ref, product_category, evidence_id) VALUES ('NAME_propionic_acid', 'US_FDA', 'gras', 'GRAS per 21 CFR §184.1081 (Direct Food Substances Affirmed as Generally Recognized as Safe)', '21 CFR §184.1081', 'food', (SELECT id FROM fact_evidence WHERE source_url = 'https://www.ecfr.gov/on/2026-04-16/title-21/part-184' AND snapshot_date = '2026-04-16' LIMIT 1));
INSERT INTO ingredient (canonical_id, primary_name, ingredient_class, category, is_natural) VALUES ('NAME_stearic_acid', 'Stearic acid', 'substance', 'food', 0) ON CONFLICT(canonical_id) DO NOTHING;
INSERT INTO ingredient_alias (canonical_id, alias, alias_normalized, alias_type, language_code, confidence, source) VALUES ('NAME_stearic_acid', 'Stearic acid', 'stearic acid', 'synonym', 'en', 1.0, 'FDA CFR 21') ON CONFLICT(alias_normalized, alias_type, COALESCE(language_code, '')) DO NOTHING;
INSERT INTO regulatory_fact (canonical_id, jurisdiction, fact_type, status, regulation_ref, product_category, evidence_id) VALUES ('NAME_stearic_acid', 'US_FDA', 'gras', 'GRAS per 21 CFR §184.1090 (Direct Food Substances Affirmed as Generally Recognized as Safe)', '21 CFR §184.1090', 'food', (SELECT id FROM fact_evidence WHERE source_url = 'https://www.ecfr.gov/on/2026-04-16/title-21/part-184' AND snapshot_date = '2026-04-16' LIMIT 1));
INSERT INTO ingredient (canonical_id, primary_name, ingredient_class, category, is_natural) VALUES ('NAME_succinic_acid', 'Succinic acid', 'substance', 'food', 0) ON CONFLICT(canonical_id) DO NOTHING;
INSERT INTO ingredient_alias (canonical_id, alias, alias_normalized, alias_type, language_code, confidence, source) VALUES ('NAME_succinic_acid', 'Succinic acid', 'succinic acid', 'synonym', 'en', 1.0, 'FDA CFR 21') ON CONFLICT(alias_normalized, alias_type, COALESCE(language_code, '')) DO NOTHING;
INSERT INTO regulatory_fact (canonical_id, jurisdiction, fact_type, status, regulation_ref, product_category, evidence_id) VALUES ('NAME_succinic_acid', 'US_FDA', 'gras', 'GRAS per 21 CFR §184.1091 (Direct Food Substances Affirmed as Generally Recognized as Safe)', '21 CFR §184.1091', 'food', (SELECT id FROM fact_evidence WHERE source_url = 'https://www.ecfr.gov/on/2026-04-16/title-21/part-184' AND snapshot_date = '2026-04-16' LIMIT 1));
INSERT INTO ingredient (canonical_id, primary_name, ingredient_class, category, is_natural) VALUES ('NAME_sulfuric_acid', 'Sulfuric acid', 'substance', 'food', 0) ON CONFLICT(canonical_id) DO NOTHING;
INSERT INTO ingredient_alias (canonical_id, alias, alias_normalized, alias_type, language_code, confidence, source) VALUES ('NAME_sulfuric_acid', 'Sulfuric acid', 'sulfuric acid', 'synonym', 'en', 1.0, 'FDA CFR 21') ON CONFLICT(alias_normalized, alias_type, COALESCE(language_code, '')) DO NOTHING;
INSERT INTO regulatory_fact (canonical_id, jurisdiction, fact_type, status, regulation_ref, product_category, evidence_id) VALUES ('NAME_sulfuric_acid', 'US_FDA', 'gras', 'GRAS per 21 CFR §184.1095 (Direct Food Substances Affirmed as Generally Recognized as Safe)', '21 CFR §184.1095', 'food', (SELECT id FROM fact_evidence WHERE source_url = 'https://www.ecfr.gov/on/2026-04-16/title-21/part-184' AND snapshot_date = '2026-04-16' LIMIT 1));
INSERT INTO ingredient (canonical_id, primary_name, ingredient_class, category, is_natural) VALUES ('NAME_tannic_acid', 'Tannic acid', 'substance', 'food', 0) ON CONFLICT(canonical_id) DO NOTHING;
INSERT INTO ingredient_alias (canonical_id, alias, alias_normalized, alias_type, language_code, confidence, source) VALUES ('NAME_tannic_acid', 'Tannic acid', 'tannic acid', 'synonym', 'en', 1.0, 'FDA CFR 21') ON CONFLICT(alias_normalized, alias_type, COALESCE(language_code, '')) DO NOTHING;
INSERT INTO regulatory_fact (canonical_id, jurisdiction, fact_type, status, regulation_ref, product_category, evidence_id) VALUES ('NAME_tannic_acid', 'US_FDA', 'gras', 'GRAS per 21 CFR §184.1097 (Direct Food Substances Affirmed as Generally Recognized as Safe)', '21 CFR §184.1097', 'food', (SELECT id FROM fact_evidence WHERE source_url = 'https://www.ecfr.gov/on/2026-04-16/title-21/part-184' AND snapshot_date = '2026-04-16' LIMIT 1));
INSERT INTO ingredient (canonical_id, primary_name, ingredient_class, category, is_natural) VALUES ('NAME_tartaric_acid', 'Tartaric acid', 'substance', 'food', 0) ON CONFLICT(canonical_id) DO NOTHING;
INSERT INTO ingredient_alias (canonical_id, alias, alias_normalized, alias_type, language_code, confidence, source) VALUES ('NAME_tartaric_acid', 'Tartaric acid', 'tartaric acid', 'synonym', 'en', 1.0, 'FDA CFR 21') ON CONFLICT(alias_normalized, alias_type, COALESCE(language_code, '')) DO NOTHING;
INSERT INTO regulatory_fact (canonical_id, jurisdiction, fact_type, status, regulation_ref, product_category, evidence_id) VALUES ('NAME_tartaric_acid', 'US_FDA', 'gras', 'GRAS per 21 CFR §184.1099 (Direct Food Substances Affirmed as Generally Recognized as Safe)', '21 CFR §184.1099', 'food', (SELECT id FROM fact_evidence WHERE source_url = 'https://www.ecfr.gov/on/2026-04-16/title-21/part-184' AND snapshot_date = '2026-04-16' LIMIT 1));
INSERT INTO ingredient (canonical_id, primary_name, ingredient_class, category, is_natural) VALUES ('NAME_diacetyl_tartaric_acid_esters_of_mono_and_diglycerides', 'Diacetyl tartaric acid esters of mono- and diglycerides', 'substance', 'food', 0) ON CONFLICT(canonical_id) DO NOTHING;
INSERT INTO ingredient_alias (canonical_id, alias, alias_normalized, alias_type, language_code, confidence, source) VALUES ('NAME_diacetyl_tartaric_acid_esters_of_mono_and_diglycerides', 'Diacetyl tartaric acid esters of mono- and diglycerides', 'diacetyl tartaric acid esters of mono- and diglycerides', 'synonym', 'en', 1.0, 'FDA CFR 21') ON CONFLICT(alias_normalized, alias_type, COALESCE(language_code, '')) DO NOTHING;
INSERT INTO regulatory_fact (canonical_id, jurisdiction, fact_type, status, regulation_ref, product_category, evidence_id) VALUES ('NAME_diacetyl_tartaric_acid_esters_of_mono_and_diglycerides', 'US_FDA', 'gras', 'GRAS per 21 CFR §184.1101 (Direct Food Substances Affirmed as Generally Recognized as Safe)', '21 CFR §184.1101', 'food', (SELECT id FROM fact_evidence WHERE source_url = 'https://www.ecfr.gov/on/2026-04-16/title-21/part-184' AND snapshot_date = '2026-04-16' LIMIT 1));
INSERT INTO ingredient (canonical_id, primary_name, ingredient_class, category, is_natural) VALUES ('NAME_agar_agar', 'Agar-agar', 'substance', 'food', 0) ON CONFLICT(canonical_id) DO NOTHING;
INSERT INTO ingredient_alias (canonical_id, alias, alias_normalized, alias_type, language_code, confidence, source) VALUES ('NAME_agar_agar', 'Agar-agar', 'agar-agar', 'synonym', 'en', 1.0, 'FDA CFR 21') ON CONFLICT(alias_normalized, alias_type, COALESCE(language_code, '')) DO NOTHING;
INSERT INTO regulatory_fact (canonical_id, jurisdiction, fact_type, status, regulation_ref, product_category, evidence_id) VALUES ('NAME_agar_agar', 'US_FDA', 'gras', 'GRAS per 21 CFR §184.1115 (Direct Food Substances Affirmed as Generally Recognized as Safe)', '21 CFR §184.1115', 'food', (SELECT id FROM fact_evidence WHERE source_url = 'https://www.ecfr.gov/on/2026-04-16/title-21/part-184' AND snapshot_date = '2026-04-16' LIMIT 1));
INSERT INTO ingredient (canonical_id, primary_name, ingredient_class, category, is_natural) VALUES ('NAME_brown_algae', 'Brown algae', 'substance', 'food', 0) ON CONFLICT(canonical_id) DO NOTHING;
INSERT INTO ingredient_alias (canonical_id, alias, alias_normalized, alias_type, language_code, confidence, source) VALUES ('NAME_brown_algae', 'Brown algae', 'brown algae', 'synonym', 'en', 1.0, 'FDA CFR 21') ON CONFLICT(alias_normalized, alias_type, COALESCE(language_code, '')) DO NOTHING;
INSERT INTO regulatory_fact (canonical_id, jurisdiction, fact_type, status, regulation_ref, product_category, evidence_id) VALUES ('NAME_brown_algae', 'US_FDA', 'gras', 'GRAS per 21 CFR §184.1120 (Direct Food Substances Affirmed as Generally Recognized as Safe)', '21 CFR §184.1120', 'food', (SELECT id FROM fact_evidence WHERE source_url = 'https://www.ecfr.gov/on/2026-04-16/title-21/part-184' AND snapshot_date = '2026-04-16' LIMIT 1));
INSERT INTO ingredient (canonical_id, primary_name, ingredient_class, category, is_natural) VALUES ('NAME_red_algae', 'Red algae', 'substance', 'food', 0) ON CONFLICT(canonical_id) DO NOTHING;
INSERT INTO ingredient_alias (canonical_id, alias, alias_normalized, alias_type, language_code, confidence, source) VALUES ('NAME_red_algae', 'Red algae', 'red algae', 'synonym', 'en', 1.0, 'FDA CFR 21') ON CONFLICT(alias_normalized, alias_type, COALESCE(language_code, '')) DO NOTHING;
INSERT INTO regulatory_fact (canonical_id, jurisdiction, fact_type, status, regulation_ref, product_category, evidence_id) VALUES ('NAME_red_algae', 'US_FDA', 'gras', 'GRAS per 21 CFR §184.1121 (Direct Food Substances Affirmed as Generally Recognized as Safe)', '21 CFR §184.1121', 'food', (SELECT id FROM fact_evidence WHERE source_url = 'https://www.ecfr.gov/on/2026-04-16/title-21/part-184' AND snapshot_date = '2026-04-16' LIMIT 1));
INSERT INTO ingredient (canonical_id, primary_name, ingredient_class, category, is_natural) VALUES ('NAME_ammonium_alginate', 'Ammonium alginate', 'substance', 'food', 0) ON CONFLICT(canonical_id) DO NOTHING;
INSERT INTO ingredient_alias (canonical_id, alias, alias_normalized, alias_type, language_code, confidence, source) VALUES ('NAME_ammonium_alginate', 'Ammonium alginate', 'ammonium alginate', 'synonym', 'en', 1.0, 'FDA CFR 21') ON CONFLICT(alias_normalized, alias_type, COALESCE(language_code, '')) DO NOTHING;
INSERT INTO regulatory_fact (canonical_id, jurisdiction, fact_type, status, regulation_ref, product_category, evidence_id) VALUES ('NAME_ammonium_alginate', 'US_FDA', 'gras', 'GRAS per 21 CFR §184.1133 (Direct Food Substances Affirmed as Generally Recognized as Safe)', '21 CFR §184.1133', 'food', (SELECT id FROM fact_evidence WHERE source_url = 'https://www.ecfr.gov/on/2026-04-16/title-21/part-184' AND snapshot_date = '2026-04-16' LIMIT 1));
INSERT INTO ingredient (canonical_id, primary_name, ingredient_class, category, is_natural) VALUES ('NAME_ammonium_bicarbonate', 'Ammonium bicarbonate', 'substance', 'food', 0) ON CONFLICT(canonical_id) DO NOTHING;
INSERT INTO ingredient_alias (canonical_id, alias, alias_normalized, alias_type, language_code, confidence, source) VALUES ('NAME_ammonium_bicarbonate', 'Ammonium bicarbonate', 'ammonium bicarbonate', 'synonym', 'en', 1.0, 'FDA CFR 21') ON CONFLICT(alias_normalized, alias_type, COALESCE(language_code, '')) DO NOTHING;
INSERT INTO regulatory_fact (canonical_id, jurisdiction, fact_type, status, regulation_ref, product_category, evidence_id) VALUES ('NAME_ammonium_bicarbonate', 'US_FDA', 'gras', 'GRAS per 21 CFR §184.1135 (Direct Food Substances Affirmed as Generally Recognized as Safe)', '21 CFR §184.1135', 'food', (SELECT id FROM fact_evidence WHERE source_url = 'https://www.ecfr.gov/on/2026-04-16/title-21/part-184' AND snapshot_date = '2026-04-16' LIMIT 1));
INSERT INTO ingredient (canonical_id, primary_name, ingredient_class, category, is_natural) VALUES ('NAME_ammonium_carbonate', 'Ammonium carbonate', 'substance', 'food', 0) ON CONFLICT(canonical_id) DO NOTHING;
INSERT INTO ingredient_alias (canonical_id, alias, alias_normalized, alias_type, language_code, confidence, source) VALUES ('NAME_ammonium_carbonate', 'Ammonium carbonate', 'ammonium carbonate', 'synonym', 'en', 1.0, 'FDA CFR 21') ON CONFLICT(alias_normalized, alias_type, COALESCE(language_code, '')) DO NOTHING;
INSERT INTO regulatory_fact (canonical_id, jurisdiction, fact_type, status, regulation_ref, product_category, evidence_id) VALUES ('NAME_ammonium_carbonate', 'US_FDA', 'gras', 'GRAS per 21 CFR §184.1137 (Direct Food Substances Affirmed as Generally Recognized as Safe)', '21 CFR §184.1137', 'food', (SELECT id FROM fact_evidence WHERE source_url = 'https://www.ecfr.gov/on/2026-04-16/title-21/part-184' AND snapshot_date = '2026-04-16' LIMIT 1));
INSERT INTO ingredient (canonical_id, primary_name, ingredient_class, category, is_natural) VALUES ('NAME_ammonium_chloride', 'Ammonium chloride', 'substance', 'food', 0) ON CONFLICT(canonical_id) DO NOTHING;
INSERT INTO ingredient_alias (canonical_id, alias, alias_normalized, alias_type, language_code, confidence, source) VALUES ('NAME_ammonium_chloride', 'Ammonium chloride', 'ammonium chloride', 'synonym', 'en', 1.0, 'FDA CFR 21') ON CONFLICT(alias_normalized, alias_type, COALESCE(language_code, '')) DO NOTHING;
INSERT INTO regulatory_fact (canonical_id, jurisdiction, fact_type, status, regulation_ref, product_category, evidence_id) VALUES ('NAME_ammonium_chloride', 'US_FDA', 'gras', 'GRAS per 21 CFR §184.1138 (Direct Food Substances Affirmed as Generally Recognized as Safe)', '21 CFR §184.1138', 'food', (SELECT id FROM fact_evidence WHERE source_url = 'https://www.ecfr.gov/on/2026-04-16/title-21/part-184' AND snapshot_date = '2026-04-16' LIMIT 1));
INSERT INTO ingredient (canonical_id, primary_name, ingredient_class, category, is_natural) VALUES ('NAME_ammonium_hydroxide', 'Ammonium hydroxide', 'substance', 'food', 0) ON CONFLICT(canonical_id) DO NOTHING;
INSERT INTO ingredient_alias (canonical_id, alias, alias_normalized, alias_type, language_code, confidence, source) VALUES ('NAME_ammonium_hydroxide', 'Ammonium hydroxide', 'ammonium hydroxide', 'synonym', 'en', 1.0, 'FDA CFR 21') ON CONFLICT(alias_normalized, alias_type, COALESCE(language_code, '')) DO NOTHING;
INSERT INTO regulatory_fact (canonical_id, jurisdiction, fact_type, status, regulation_ref, product_category, evidence_id) VALUES ('NAME_ammonium_hydroxide', 'US_FDA', 'gras', 'GRAS per 21 CFR §184.1139 (Direct Food Substances Affirmed as Generally Recognized as Safe)', '21 CFR §184.1139', 'food', (SELECT id FROM fact_evidence WHERE source_url = 'https://www.ecfr.gov/on/2026-04-16/title-21/part-184' AND snapshot_date = '2026-04-16' LIMIT 1));
INSERT INTO ingredient (canonical_id, primary_name, ingredient_class, category, is_natural) VALUES ('NAME_ammonium_citrate_dibasic', 'Ammonium citrate, dibasic', 'substance', 'food', 0) ON CONFLICT(canonical_id) DO NOTHING;
INSERT INTO ingredient_alias (canonical_id, alias, alias_normalized, alias_type, language_code, confidence, source) VALUES ('NAME_ammonium_citrate_dibasic', 'Ammonium citrate, dibasic', 'ammonium citrate, dibasic', 'synonym', 'en', 1.0, 'FDA CFR 21') ON CONFLICT(alias_normalized, alias_type, COALESCE(language_code, '')) DO NOTHING;
INSERT INTO regulatory_fact (canonical_id, jurisdiction, fact_type, status, regulation_ref, product_category, evidence_id) VALUES ('NAME_ammonium_citrate_dibasic', 'US_FDA', 'gras', 'GRAS per 21 CFR §184.1140 (Direct Food Substances Affirmed as Generally Recognized as Safe)', '21 CFR §184.1140', 'food', (SELECT id FROM fact_evidence WHERE source_url = 'https://www.ecfr.gov/on/2026-04-16/title-21/part-184' AND snapshot_date = '2026-04-16' LIMIT 1));
INSERT INTO ingredient (canonical_id, primary_name, ingredient_class, category, is_natural) VALUES ('NAME_ammonium_sulfate', 'Ammonium sulfate', 'substance', 'food', 0) ON CONFLICT(canonical_id) DO NOTHING;
INSERT INTO ingredient_alias (canonical_id, alias, alias_normalized, alias_type, language_code, confidence, source) VALUES ('NAME_ammonium_sulfate', 'Ammonium sulfate', 'ammonium sulfate', 'synonym', 'en', 1.0, 'FDA CFR 21') ON CONFLICT(alias_normalized, alias_type, COALESCE(language_code, '')) DO NOTHING;
INSERT INTO regulatory_fact (canonical_id, jurisdiction, fact_type, status, regulation_ref, product_category, evidence_id) VALUES ('NAME_ammonium_sulfate', 'US_FDA', 'gras', 'GRAS per 21 CFR §184.1143 (Direct Food Substances Affirmed as Generally Recognized as Safe)', '21 CFR §184.1143', 'food', (SELECT id FROM fact_evidence WHERE source_url = 'https://www.ecfr.gov/on/2026-04-16/title-21/part-184' AND snapshot_date = '2026-04-16' LIMIT 1));
INSERT INTO ingredient (canonical_id, primary_name, ingredient_class, category, is_natural) VALUES ('NAME_bacterially_derived_carbohydrase_enzyme_preparation', 'Bacterially-derived carbohydrase enzyme preparation', 'substance', 'food', 0) ON CONFLICT(canonical_id) DO NOTHING;
INSERT INTO ingredient_alias (canonical_id, alias, alias_normalized, alias_type, language_code, confidence, source) VALUES ('NAME_bacterially_derived_carbohydrase_enzyme_preparation', 'Bacterially-derived carbohydrase enzyme preparation', 'bacterially-derived carbohydrase enzyme preparation', 'synonym', 'en', 1.0, 'FDA CFR 21') ON CONFLICT(alias_normalized, alias_type, COALESCE(language_code, '')) DO NOTHING;
INSERT INTO regulatory_fact (canonical_id, jurisdiction, fact_type, status, regulation_ref, product_category, evidence_id) VALUES ('NAME_bacterially_derived_carbohydrase_enzyme_preparation', 'US_FDA', 'gras', 'GRAS per 21 CFR §184.1148 (Direct Food Substances Affirmed as Generally Recognized as Safe)', '21 CFR §184.1148', 'food', (SELECT id FROM fact_evidence WHERE source_url = 'https://www.ecfr.gov/on/2026-04-16/title-21/part-184' AND snapshot_date = '2026-04-16' LIMIT 1));
INSERT INTO ingredient (canonical_id, primary_name, ingredient_class, category, is_natural) VALUES ('NAME_bacterially_derived_protease_enzyme_preparation', 'Bacterially-derived protease enzyme preparation', 'substance', 'food', 0) ON CONFLICT(canonical_id) DO NOTHING;
INSERT INTO ingredient_alias (canonical_id, alias, alias_normalized, alias_type, language_code, confidence, source) VALUES ('NAME_bacterially_derived_protease_enzyme_preparation', 'Bacterially-derived protease enzyme preparation', 'bacterially-derived protease enzyme preparation', 'synonym', 'en', 1.0, 'FDA CFR 21') ON CONFLICT(alias_normalized, alias_type, COALESCE(language_code, '')) DO NOTHING;
INSERT INTO regulatory_fact (canonical_id, jurisdiction, fact_type, status, regulation_ref, product_category, evidence_id) VALUES ('NAME_bacterially_derived_protease_enzyme_preparation', 'US_FDA', 'gras', 'GRAS per 21 CFR §184.1150 (Direct Food Substances Affirmed as Generally Recognized as Safe)', '21 CFR §184.1150', 'food', (SELECT id FROM fact_evidence WHERE source_url = 'https://www.ecfr.gov/on/2026-04-16/title-21/part-184' AND snapshot_date = '2026-04-16' LIMIT 1));
INSERT INTO ingredient (canonical_id, primary_name, ingredient_class, category, is_natural) VALUES ('NAME_bentonite', 'Bentonite', 'substance', 'food', 0) ON CONFLICT(canonical_id) DO NOTHING;
INSERT INTO ingredient_alias (canonical_id, alias, alias_normalized, alias_type, language_code, confidence, source) VALUES ('NAME_bentonite', 'Bentonite', 'bentonite', 'synonym', 'en', 1.0, 'FDA CFR 21') ON CONFLICT(alias_normalized, alias_type, COALESCE(language_code, '')) DO NOTHING;
INSERT INTO regulatory_fact (canonical_id, jurisdiction, fact_type, status, regulation_ref, product_category, evidence_id) VALUES ('NAME_bentonite', 'US_FDA', 'gras', 'GRAS per 21 CFR §184.1155 (Direct Food Substances Affirmed as Generally Recognized as Safe)', '21 CFR §184.1155', 'food', (SELECT id FROM fact_evidence WHERE source_url = 'https://www.ecfr.gov/on/2026-04-16/title-21/part-184' AND snapshot_date = '2026-04-16' LIMIT 1));
INSERT INTO ingredient (canonical_id, primary_name, ingredient_class, category, is_natural) VALUES ('NAME_benzoyl_peroxide', 'Benzoyl peroxide', 'substance', 'food', 0) ON CONFLICT(canonical_id) DO NOTHING;
INSERT INTO ingredient_alias (canonical_id, alias, alias_normalized, alias_type, language_code, confidence, source) VALUES ('NAME_benzoyl_peroxide', 'Benzoyl peroxide', 'benzoyl peroxide', 'synonym', 'en', 1.0, 'FDA CFR 21') ON CONFLICT(alias_normalized, alias_type, COALESCE(language_code, '')) DO NOTHING;
INSERT INTO regulatory_fact (canonical_id, jurisdiction, fact_type, status, regulation_ref, product_category, evidence_id) VALUES ('NAME_benzoyl_peroxide', 'US_FDA', 'gras', 'GRAS per 21 CFR §184.1157 (Direct Food Substances Affirmed as Generally Recognized as Safe)', '21 CFR §184.1157', 'food', (SELECT id FROM fact_evidence WHERE source_url = 'https://www.ecfr.gov/on/2026-04-16/title-21/part-184' AND snapshot_date = '2026-04-16' LIMIT 1));
INSERT INTO ingredient (canonical_id, primary_name, ingredient_class, category, is_natural) VALUES ('NAME_n_butane_and_iso_butane', 'n-Butane and iso-butane', 'substance', 'food', 0) ON CONFLICT(canonical_id) DO NOTHING;
INSERT INTO ingredient_alias (canonical_id, alias, alias_normalized, alias_type, language_code, confidence, source) VALUES ('NAME_n_butane_and_iso_butane', 'n-Butane and iso-butane', 'n-butane and iso-butane', 'synonym', 'en', 1.0, 'FDA CFR 21') ON CONFLICT(alias_normalized, alias_type, COALESCE(language_code, '')) DO NOTHING;
INSERT INTO regulatory_fact (canonical_id, jurisdiction, fact_type, status, regulation_ref, product_category, evidence_id) VALUES ('NAME_n_butane_and_iso_butane', 'US_FDA', 'gras', 'GRAS per 21 CFR §184.1165 (Direct Food Substances Affirmed as Generally Recognized as Safe)', '21 CFR §184.1165', 'food', (SELECT id FROM fact_evidence WHERE source_url = 'https://www.ecfr.gov/on/2026-04-16/title-21/part-184' AND snapshot_date = '2026-04-16' LIMIT 1));
INSERT INTO ingredient (canonical_id, primary_name, ingredient_class, category, is_natural) VALUES ('NAME_calcium_acetate', 'Calcium acetate', 'substance', 'food', 0) ON CONFLICT(canonical_id) DO NOTHING;
INSERT INTO ingredient_alias (canonical_id, alias, alias_normalized, alias_type, language_code, confidence, source) VALUES ('NAME_calcium_acetate', 'Calcium acetate', 'calcium acetate', 'synonym', 'en', 1.0, 'FDA CFR 21') ON CONFLICT(alias_normalized, alias_type, COALESCE(language_code, '')) DO NOTHING;
INSERT INTO regulatory_fact (canonical_id, jurisdiction, fact_type, status, regulation_ref, product_category, evidence_id) VALUES ('NAME_calcium_acetate', 'US_FDA', 'gras', 'GRAS per 21 CFR §184.1185 (Direct Food Substances Affirmed as Generally Recognized as Safe)', '21 CFR §184.1185', 'food', (SELECT id FROM fact_evidence WHERE source_url = 'https://www.ecfr.gov/on/2026-04-16/title-21/part-184' AND snapshot_date = '2026-04-16' LIMIT 1));
INSERT INTO ingredient (canonical_id, primary_name, ingredient_class, category, is_natural) VALUES ('NAME_calcium_alginate', 'Calcium alginate', 'substance', 'food', 0) ON CONFLICT(canonical_id) DO NOTHING;
INSERT INTO ingredient_alias (canonical_id, alias, alias_normalized, alias_type, language_code, confidence, source) VALUES ('NAME_calcium_alginate', 'Calcium alginate', 'calcium alginate', 'synonym', 'en', 1.0, 'FDA CFR 21') ON CONFLICT(alias_normalized, alias_type, COALESCE(language_code, '')) DO NOTHING;
INSERT INTO regulatory_fact (canonical_id, jurisdiction, fact_type, status, regulation_ref, product_category, evidence_id) VALUES ('NAME_calcium_alginate', 'US_FDA', 'gras', 'GRAS per 21 CFR §184.1187 (Direct Food Substances Affirmed as Generally Recognized as Safe)', '21 CFR §184.1187', 'food', (SELECT id FROM fact_evidence WHERE source_url = 'https://www.ecfr.gov/on/2026-04-16/title-21/part-184' AND snapshot_date = '2026-04-16' LIMIT 1));
INSERT INTO ingredient (canonical_id, primary_name, ingredient_class, category, is_natural) VALUES ('NAME_calcium_carbonate', 'Calcium carbonate', 'substance', 'food', 0) ON CONFLICT(canonical_id) DO NOTHING;
INSERT INTO ingredient_alias (canonical_id, alias, alias_normalized, alias_type, language_code, confidence, source) VALUES ('NAME_calcium_carbonate', 'Calcium carbonate', 'calcium carbonate', 'synonym', 'en', 1.0, 'FDA CFR 21') ON CONFLICT(alias_normalized, alias_type, COALESCE(language_code, '')) DO NOTHING;
INSERT INTO regulatory_fact (canonical_id, jurisdiction, fact_type, status, regulation_ref, product_category, evidence_id) VALUES ('NAME_calcium_carbonate', 'US_FDA', 'gras', 'GRAS per 21 CFR §184.1191 (Direct Food Substances Affirmed as Generally Recognized as Safe)', '21 CFR §184.1191', 'food', (SELECT id FROM fact_evidence WHERE source_url = 'https://www.ecfr.gov/on/2026-04-16/title-21/part-184' AND snapshot_date = '2026-04-16' LIMIT 1));
INSERT INTO ingredient (canonical_id, primary_name, ingredient_class, category, is_natural) VALUES ('NAME_calcium_chloride', 'Calcium chloride', 'substance', 'food', 0) ON CONFLICT(canonical_id) DO NOTHING;
INSERT INTO ingredient_alias (canonical_id, alias, alias_normalized, alias_type, language_code, confidence, source) VALUES ('NAME_calcium_chloride', 'Calcium chloride', 'calcium chloride', 'synonym', 'en', 1.0, 'FDA CFR 21') ON CONFLICT(alias_normalized, alias_type, COALESCE(language_code, '')) DO NOTHING;
INSERT INTO regulatory_fact (canonical_id, jurisdiction, fact_type, status, regulation_ref, product_category, evidence_id) VALUES ('NAME_calcium_chloride', 'US_FDA', 'gras', 'GRAS per 21 CFR §184.1193 (Direct Food Substances Affirmed as Generally Recognized as Safe)', '21 CFR §184.1193', 'food', (SELECT id FROM fact_evidence WHERE source_url = 'https://www.ecfr.gov/on/2026-04-16/title-21/part-184' AND snapshot_date = '2026-04-16' LIMIT 1));
INSERT INTO ingredient (canonical_id, primary_name, ingredient_class, category, is_natural) VALUES ('NAME_calcium_citrate', 'Calcium citrate', 'substance', 'food', 0) ON CONFLICT(canonical_id) DO NOTHING;
INSERT INTO ingredient_alias (canonical_id, alias, alias_normalized, alias_type, language_code, confidence, source) VALUES ('NAME_calcium_citrate', 'Calcium citrate', 'calcium citrate', 'synonym', 'en', 1.0, 'FDA CFR 21') ON CONFLICT(alias_normalized, alias_type, COALESCE(language_code, '')) DO NOTHING;
INSERT INTO regulatory_fact (canonical_id, jurisdiction, fact_type, status, regulation_ref, product_category, evidence_id) VALUES ('NAME_calcium_citrate', 'US_FDA', 'gras', 'GRAS per 21 CFR §184.1195 (Direct Food Substances Affirmed as Generally Recognized as Safe)', '21 CFR §184.1195', 'food', (SELECT id FROM fact_evidence WHERE source_url = 'https://www.ecfr.gov/on/2026-04-16/title-21/part-184' AND snapshot_date = '2026-04-16' LIMIT 1));
INSERT INTO ingredient (canonical_id, primary_name, ingredient_class, category, is_natural) VALUES ('NAME_calcium_gluconate', 'Calcium gluconate', 'substance', 'food', 0) ON CONFLICT(canonical_id) DO NOTHING;
INSERT INTO ingredient_alias (canonical_id, alias, alias_normalized, alias_type, language_code, confidence, source) VALUES ('NAME_calcium_gluconate', 'Calcium gluconate', 'calcium gluconate', 'synonym', 'en', 1.0, 'FDA CFR 21') ON CONFLICT(alias_normalized, alias_type, COALESCE(language_code, '')) DO NOTHING;
INSERT INTO regulatory_fact (canonical_id, jurisdiction, fact_type, status, regulation_ref, product_category, evidence_id) VALUES ('NAME_calcium_gluconate', 'US_FDA', 'gras', 'GRAS per 21 CFR §184.1199 (Direct Food Substances Affirmed as Generally Recognized as Safe)', '21 CFR §184.1199', 'food', (SELECT id FROM fact_evidence WHERE source_url = 'https://www.ecfr.gov/on/2026-04-16/title-21/part-184' AND snapshot_date = '2026-04-16' LIMIT 1));
INSERT INTO ingredient (canonical_id, primary_name, ingredient_class, category, is_natural) VALUES ('NAME_calcium_glycerophosphate', 'Calcium glycerophosphate', 'substance', 'food', 0) ON CONFLICT(canonical_id) DO NOTHING;
INSERT INTO ingredient_alias (canonical_id, alias, alias_normalized, alias_type, language_code, confidence, source) VALUES ('NAME_calcium_glycerophosphate', 'Calcium glycerophosphate', 'calcium glycerophosphate', 'synonym', 'en', 1.0, 'FDA CFR 21') ON CONFLICT(alias_normalized, alias_type, COALESCE(language_code, '')) DO NOTHING;
INSERT INTO regulatory_fact (canonical_id, jurisdiction, fact_type, status, regulation_ref, product_category, evidence_id) VALUES ('NAME_calcium_glycerophosphate', 'US_FDA', 'gras', 'GRAS per 21 CFR §184.1201 (Direct Food Substances Affirmed as Generally Recognized as Safe)', '21 CFR §184.1201', 'food', (SELECT id FROM fact_evidence WHERE source_url = 'https://www.ecfr.gov/on/2026-04-16/title-21/part-184' AND snapshot_date = '2026-04-16' LIMIT 1));
INSERT INTO ingredient (canonical_id, primary_name, ingredient_class, category, is_natural) VALUES ('NAME_calcium_hydroxide', 'Calcium hydroxide', 'substance', 'food', 0) ON CONFLICT(canonical_id) DO NOTHING;
INSERT INTO ingredient_alias (canonical_id, alias, alias_normalized, alias_type, language_code, confidence, source) VALUES ('NAME_calcium_hydroxide', 'Calcium hydroxide', 'calcium hydroxide', 'synonym', 'en', 1.0, 'FDA CFR 21') ON CONFLICT(alias_normalized, alias_type, COALESCE(language_code, '')) DO NOTHING;
INSERT INTO regulatory_fact (canonical_id, jurisdiction, fact_type, status, regulation_ref, product_category, evidence_id) VALUES ('NAME_calcium_hydroxide', 'US_FDA', 'gras', 'GRAS per 21 CFR §184.1205 (Direct Food Substances Affirmed as Generally Recognized as Safe)', '21 CFR §184.1205', 'food', (SELECT id FROM fact_evidence WHERE source_url = 'https://www.ecfr.gov/on/2026-04-16/title-21/part-184' AND snapshot_date = '2026-04-16' LIMIT 1));
INSERT INTO ingredient (canonical_id, primary_name, ingredient_class, category, is_natural) VALUES ('NAME_calcium_iodate', 'Calcium iodate', 'substance', 'food', 0) ON CONFLICT(canonical_id) DO NOTHING;
INSERT INTO ingredient_alias (canonical_id, alias, alias_normalized, alias_type, language_code, confidence, source) VALUES ('NAME_calcium_iodate', 'Calcium iodate', 'calcium iodate', 'synonym', 'en', 1.0, 'FDA CFR 21') ON CONFLICT(alias_normalized, alias_type, COALESCE(language_code, '')) DO NOTHING;
INSERT INTO regulatory_fact (canonical_id, jurisdiction, fact_type, status, regulation_ref, product_category, evidence_id) VALUES ('NAME_calcium_iodate', 'US_FDA', 'gras', 'GRAS per 21 CFR §184.1206 (Direct Food Substances Affirmed as Generally Recognized as Safe)', '21 CFR §184.1206', 'food', (SELECT id FROM fact_evidence WHERE source_url = 'https://www.ecfr.gov/on/2026-04-16/title-21/part-184' AND snapshot_date = '2026-04-16' LIMIT 1));
INSERT INTO ingredient (canonical_id, primary_name, ingredient_class, category, is_natural) VALUES ('NAME_calcium_lactate', 'Calcium lactate', 'substance', 'food', 0) ON CONFLICT(canonical_id) DO NOTHING;
INSERT INTO ingredient_alias (canonical_id, alias, alias_normalized, alias_type, language_code, confidence, source) VALUES ('NAME_calcium_lactate', 'Calcium lactate', 'calcium lactate', 'synonym', 'en', 1.0, 'FDA CFR 21') ON CONFLICT(alias_normalized, alias_type, COALESCE(language_code, '')) DO NOTHING;
INSERT INTO regulatory_fact (canonical_id, jurisdiction, fact_type, status, regulation_ref, product_category, evidence_id) VALUES ('NAME_calcium_lactate', 'US_FDA', 'gras', 'GRAS per 21 CFR §184.1207 (Direct Food Substances Affirmed as Generally Recognized as Safe)', '21 CFR §184.1207', 'food', (SELECT id FROM fact_evidence WHERE source_url = 'https://www.ecfr.gov/on/2026-04-16/title-21/part-184' AND snapshot_date = '2026-04-16' LIMIT 1));
INSERT INTO ingredient (canonical_id, primary_name, ingredient_class, category, is_natural) VALUES ('NAME_calcium_oxide', 'Calcium oxide', 'substance', 'food', 0) ON CONFLICT(canonical_id) DO NOTHING;
INSERT INTO ingredient_alias (canonical_id, alias, alias_normalized, alias_type, language_code, confidence, source) VALUES ('NAME_calcium_oxide', 'Calcium oxide', 'calcium oxide', 'synonym', 'en', 1.0, 'FDA CFR 21') ON CONFLICT(alias_normalized, alias_type, COALESCE(language_code, '')) DO NOTHING;
INSERT INTO regulatory_fact (canonical_id, jurisdiction, fact_type, status, regulation_ref, product_category, evidence_id) VALUES ('NAME_calcium_oxide', 'US_FDA', 'gras', 'GRAS per 21 CFR §184.1210 (Direct Food Substances Affirmed as Generally Recognized as Safe)', '21 CFR §184.1210', 'food', (SELECT id FROM fact_evidence WHERE source_url = 'https://www.ecfr.gov/on/2026-04-16/title-21/part-184' AND snapshot_date = '2026-04-16' LIMIT 1));
INSERT INTO ingredient (canonical_id, primary_name, ingredient_class, category, is_natural) VALUES ('NAME_calcium_pantothenate', 'Calcium pantothenate', 'substance', 'food', 0) ON CONFLICT(canonical_id) DO NOTHING;
INSERT INTO ingredient_alias (canonical_id, alias, alias_normalized, alias_type, language_code, confidence, source) VALUES ('NAME_calcium_pantothenate', 'Calcium pantothenate', 'calcium pantothenate', 'synonym', 'en', 1.0, 'FDA CFR 21') ON CONFLICT(alias_normalized, alias_type, COALESCE(language_code, '')) DO NOTHING;
INSERT INTO regulatory_fact (canonical_id, jurisdiction, fact_type, status, regulation_ref, product_category, evidence_id) VALUES ('NAME_calcium_pantothenate', 'US_FDA', 'gras', 'GRAS per 21 CFR §184.1212 (Direct Food Substances Affirmed as Generally Recognized as Safe)', '21 CFR §184.1212', 'food', (SELECT id FROM fact_evidence WHERE source_url = 'https://www.ecfr.gov/on/2026-04-16/title-21/part-184' AND snapshot_date = '2026-04-16' LIMIT 1));
INSERT INTO ingredient (canonical_id, primary_name, ingredient_class, category, is_natural) VALUES ('NAME_calcium_propionate', 'Calcium propionate', 'substance', 'food', 0) ON CONFLICT(canonical_id) DO NOTHING;
INSERT INTO ingredient_alias (canonical_id, alias, alias_normalized, alias_type, language_code, confidence, source) VALUES ('NAME_calcium_propionate', 'Calcium propionate', 'calcium propionate', 'synonym', 'en', 1.0, 'FDA CFR 21') ON CONFLICT(alias_normalized, alias_type, COALESCE(language_code, '')) DO NOTHING;
INSERT INTO regulatory_fact (canonical_id, jurisdiction, fact_type, status, regulation_ref, product_category, evidence_id) VALUES ('NAME_calcium_propionate', 'US_FDA', 'gras', 'GRAS per 21 CFR §184.1221 (Direct Food Substances Affirmed as Generally Recognized as Safe)', '21 CFR §184.1221', 'food', (SELECT id FROM fact_evidence WHERE source_url = 'https://www.ecfr.gov/on/2026-04-16/title-21/part-184' AND snapshot_date = '2026-04-16' LIMIT 1));
INSERT INTO ingredient (canonical_id, primary_name, ingredient_class, category, is_natural) VALUES ('NAME_calcium_stearate', 'Calcium stearate', 'substance', 'food', 0) ON CONFLICT(canonical_id) DO NOTHING;
INSERT INTO ingredient_alias (canonical_id, alias, alias_normalized, alias_type, language_code, confidence, source) VALUES ('NAME_calcium_stearate', 'Calcium stearate', 'calcium stearate', 'synonym', 'en', 1.0, 'FDA CFR 21') ON CONFLICT(alias_normalized, alias_type, COALESCE(language_code, '')) DO NOTHING;
INSERT INTO regulatory_fact (canonical_id, jurisdiction, fact_type, status, regulation_ref, product_category, evidence_id) VALUES ('NAME_calcium_stearate', 'US_FDA', 'gras', 'GRAS per 21 CFR §184.1229 (Direct Food Substances Affirmed as Generally Recognized as Safe)', '21 CFR §184.1229', 'food', (SELECT id FROM fact_evidence WHERE source_url = 'https://www.ecfr.gov/on/2026-04-16/title-21/part-184' AND snapshot_date = '2026-04-16' LIMIT 1));
INSERT INTO ingredient (canonical_id, primary_name, ingredient_class, category, is_natural) VALUES ('NAME_calcium_sulfate', 'Calcium sulfate', 'substance', 'food', 0) ON CONFLICT(canonical_id) DO NOTHING;
INSERT INTO ingredient_alias (canonical_id, alias, alias_normalized, alias_type, language_code, confidence, source) VALUES ('NAME_calcium_sulfate', 'Calcium sulfate', 'calcium sulfate', 'synonym', 'en', 1.0, 'FDA CFR 21') ON CONFLICT(alias_normalized, alias_type, COALESCE(language_code, '')) DO NOTHING;
INSERT INTO regulatory_fact (canonical_id, jurisdiction, fact_type, status, regulation_ref, product_category, evidence_id) VALUES ('NAME_calcium_sulfate', 'US_FDA', 'gras', 'GRAS per 21 CFR §184.1230 (Direct Food Substances Affirmed as Generally Recognized as Safe)', '21 CFR §184.1230', 'food', (SELECT id FROM fact_evidence WHERE source_url = 'https://www.ecfr.gov/on/2026-04-16/title-21/part-184' AND snapshot_date = '2026-04-16' LIMIT 1));
INSERT INTO ingredient (canonical_id, primary_name, ingredient_class, category, is_natural) VALUES ('NAME_carbon_dioxide', 'Carbon dioxide', 'substance', 'food', 0) ON CONFLICT(canonical_id) DO NOTHING;
INSERT INTO ingredient_alias (canonical_id, alias, alias_normalized, alias_type, language_code, confidence, source) VALUES ('NAME_carbon_dioxide', 'Carbon dioxide', 'carbon dioxide', 'synonym', 'en', 1.0, 'FDA CFR 21') ON CONFLICT(alias_normalized, alias_type, COALESCE(language_code, '')) DO NOTHING;
INSERT INTO regulatory_fact (canonical_id, jurisdiction, fact_type, status, regulation_ref, product_category, evidence_id) VALUES ('NAME_carbon_dioxide', 'US_FDA', 'gras', 'GRAS per 21 CFR §184.1240 (Direct Food Substances Affirmed as Generally Recognized as Safe)', '21 CFR §184.1240', 'food', (SELECT id FROM fact_evidence WHERE source_url = 'https://www.ecfr.gov/on/2026-04-16/title-21/part-184' AND snapshot_date = '2026-04-16' LIMIT 1));
INSERT INTO ingredient (canonical_id, primary_name, ingredient_class, category, is_natural) VALUES ('NAME_cellulase_enzyme_preparation_derived_from_trichoderma_longibrachiatum', 'Cellulase enzyme preparation derived from Trichoderma longibrachiatum', 'substance', 'food', 0) ON CONFLICT(canonical_id) DO NOTHING;
INSERT INTO ingredient_alias (canonical_id, alias, alias_normalized, alias_type, language_code, confidence, source) VALUES ('NAME_cellulase_enzyme_preparation_derived_from_trichoderma_longibrachiatum', 'Cellulase enzyme preparation derived from Trichoderma longibrachiatum', 'cellulase enzyme preparation derived from trichoderma longibrachiatum', 'synonym', 'en', 1.0, 'FDA CFR 21') ON CONFLICT(alias_normalized, alias_type, COALESCE(language_code, '')) DO NOTHING;
INSERT INTO regulatory_fact (canonical_id, jurisdiction, fact_type, status, regulation_ref, product_category, evidence_id) VALUES ('NAME_cellulase_enzyme_preparation_derived_from_trichoderma_longibrachiatum', 'US_FDA', 'gras', 'GRAS per 21 CFR §184.1250 (Direct Food Substances Affirmed as Generally Recognized as Safe)', '21 CFR §184.1250', 'food', (SELECT id FROM fact_evidence WHERE source_url = 'https://www.ecfr.gov/on/2026-04-16/title-21/part-184' AND snapshot_date = '2026-04-16' LIMIT 1));
INSERT INTO ingredient (canonical_id, primary_name, ingredient_class, category, is_natural) VALUES ('NAME_clove_and_its_derivatives', 'Clove and its derivatives', 'substance', 'food', 0) ON CONFLICT(canonical_id) DO NOTHING;
INSERT INTO ingredient_alias (canonical_id, alias, alias_normalized, alias_type, language_code, confidence, source) VALUES ('NAME_clove_and_its_derivatives', 'Clove and its derivatives', 'clove and its derivatives', 'synonym', 'en', 1.0, 'FDA CFR 21') ON CONFLICT(alias_normalized, alias_type, COALESCE(language_code, '')) DO NOTHING;
INSERT INTO regulatory_fact (canonical_id, jurisdiction, fact_type, status, regulation_ref, product_category, evidence_id) VALUES ('NAME_clove_and_its_derivatives', 'US_FDA', 'gras', 'GRAS per 21 CFR §184.1257 (Direct Food Substances Affirmed as Generally Recognized as Safe)', '21 CFR §184.1257', 'food', (SELECT id FROM fact_evidence WHERE source_url = 'https://www.ecfr.gov/on/2026-04-16/title-21/part-184' AND snapshot_date = '2026-04-16' LIMIT 1));
INSERT INTO ingredient (canonical_id, primary_name, ingredient_class, category, is_natural) VALUES ('NAME_cocoa_butter_substitute', 'Cocoa butter substitute', 'substance', 'food', 0) ON CONFLICT(canonical_id) DO NOTHING;
INSERT INTO ingredient_alias (canonical_id, alias, alias_normalized, alias_type, language_code, confidence, source) VALUES ('NAME_cocoa_butter_substitute', 'Cocoa butter substitute', 'cocoa butter substitute', 'synonym', 'en', 1.0, 'FDA CFR 21') ON CONFLICT(alias_normalized, alias_type, COALESCE(language_code, '')) DO NOTHING;
INSERT INTO regulatory_fact (canonical_id, jurisdiction, fact_type, status, regulation_ref, product_category, evidence_id) VALUES ('NAME_cocoa_butter_substitute', 'US_FDA', 'gras', 'GRAS per 21 CFR §184.1259 (Direct Food Substances Affirmed as Generally Recognized as Safe)', '21 CFR §184.1259', 'food', (SELECT id FROM fact_evidence WHERE source_url = 'https://www.ecfr.gov/on/2026-04-16/title-21/part-184' AND snapshot_date = '2026-04-16' LIMIT 1));
INSERT INTO ingredient (canonical_id, primary_name, ingredient_class, category, is_natural) VALUES ('NAME_copper_gluconate', 'Copper gluconate', 'substance', 'food', 0) ON CONFLICT(canonical_id) DO NOTHING;
INSERT INTO ingredient_alias (canonical_id, alias, alias_normalized, alias_type, language_code, confidence, source) VALUES ('NAME_copper_gluconate', 'Copper gluconate', 'copper gluconate', 'synonym', 'en', 1.0, 'FDA CFR 21') ON CONFLICT(alias_normalized, alias_type, COALESCE(language_code, '')) DO NOTHING;
INSERT INTO regulatory_fact (canonical_id, jurisdiction, fact_type, status, regulation_ref, product_category, evidence_id) VALUES ('NAME_copper_gluconate', 'US_FDA', 'gras', 'GRAS per 21 CFR §184.1260 (Direct Food Substances Affirmed as Generally Recognized as Safe)', '21 CFR §184.1260', 'food', (SELECT id FROM fact_evidence WHERE source_url = 'https://www.ecfr.gov/on/2026-04-16/title-21/part-184' AND snapshot_date = '2026-04-16' LIMIT 1));
INSERT INTO ingredient (canonical_id, primary_name, ingredient_class, category, is_natural) VALUES ('NAME_copper_sulfate', 'Copper sulfate', 'substance', 'food', 0) ON CONFLICT(canonical_id) DO NOTHING;
INSERT INTO ingredient_alias (canonical_id, alias, alias_normalized, alias_type, language_code, confidence, source) VALUES ('NAME_copper_sulfate', 'Copper sulfate', 'copper sulfate', 'synonym', 'en', 1.0, 'FDA CFR 21') ON CONFLICT(alias_normalized, alias_type, COALESCE(language_code, '')) DO NOTHING;
INSERT INTO regulatory_fact (canonical_id, jurisdiction, fact_type, status, regulation_ref, product_category, evidence_id) VALUES ('NAME_copper_sulfate', 'US_FDA', 'gras', 'GRAS per 21 CFR §184.1261 (Direct Food Substances Affirmed as Generally Recognized as Safe)', '21 CFR §184.1261', 'food', (SELECT id FROM fact_evidence WHERE source_url = 'https://www.ecfr.gov/on/2026-04-16/title-21/part-184' AND snapshot_date = '2026-04-16' LIMIT 1));
INSERT INTO ingredient (canonical_id, primary_name, ingredient_class, category, is_natural) VALUES ('NAME_corn_silk_and_corn_silk_extract', 'Corn silk and corn silk extract', 'substance', 'food', 0) ON CONFLICT(canonical_id) DO NOTHING;
INSERT INTO ingredient_alias (canonical_id, alias, alias_normalized, alias_type, language_code, confidence, source) VALUES ('NAME_corn_silk_and_corn_silk_extract', 'Corn silk and corn silk extract', 'corn silk and corn silk extract', 'synonym', 'en', 1.0, 'FDA CFR 21') ON CONFLICT(alias_normalized, alias_type, COALESCE(language_code, '')) DO NOTHING;
INSERT INTO regulatory_fact (canonical_id, jurisdiction, fact_type, status, regulation_ref, product_category, evidence_id) VALUES ('NAME_corn_silk_and_corn_silk_extract', 'US_FDA', 'gras', 'GRAS per 21 CFR §184.1262 (Direct Food Substances Affirmed as Generally Recognized as Safe)', '21 CFR §184.1262', 'food', (SELECT id FROM fact_evidence WHERE source_url = 'https://www.ecfr.gov/on/2026-04-16/title-21/part-184' AND snapshot_date = '2026-04-16' LIMIT 1));
INSERT INTO ingredient (canonical_id, primary_name, ingredient_class, category, is_natural) VALUES ('NAME_cuprous_iodide', 'Cuprous iodide', 'substance', 'food', 0) ON CONFLICT(canonical_id) DO NOTHING;
INSERT INTO ingredient_alias (canonical_id, alias, alias_normalized, alias_type, language_code, confidence, source) VALUES ('NAME_cuprous_iodide', 'Cuprous iodide', 'cuprous iodide', 'synonym', 'en', 1.0, 'FDA CFR 21') ON CONFLICT(alias_normalized, alias_type, COALESCE(language_code, '')) DO NOTHING;
INSERT INTO regulatory_fact (canonical_id, jurisdiction, fact_type, status, regulation_ref, product_category, evidence_id) VALUES ('NAME_cuprous_iodide', 'US_FDA', 'gras', 'GRAS per 21 CFR §184.1265 (Direct Food Substances Affirmed as Generally Recognized as Safe)', '21 CFR §184.1265', 'food', (SELECT id FROM fact_evidence WHERE source_url = 'https://www.ecfr.gov/on/2026-04-16/title-21/part-184' AND snapshot_date = '2026-04-16' LIMIT 1));
INSERT INTO ingredient (canonical_id, primary_name, ingredient_class, category, is_natural) VALUES ('NAME_l_cysteine', 'L-Cysteine', 'substance', 'food', 0) ON CONFLICT(canonical_id) DO NOTHING;
INSERT INTO ingredient_alias (canonical_id, alias, alias_normalized, alias_type, language_code, confidence, source) VALUES ('NAME_l_cysteine', 'L-Cysteine', 'l-cysteine', 'synonym', 'en', 1.0, 'FDA CFR 21') ON CONFLICT(alias_normalized, alias_type, COALESCE(language_code, '')) DO NOTHING;
INSERT INTO regulatory_fact (canonical_id, jurisdiction, fact_type, status, regulation_ref, product_category, evidence_id) VALUES ('NAME_l_cysteine', 'US_FDA', 'gras', 'GRAS per 21 CFR §184.1271 (Direct Food Substances Affirmed as Generally Recognized as Safe)', '21 CFR §184.1271', 'food', (SELECT id FROM fact_evidence WHERE source_url = 'https://www.ecfr.gov/on/2026-04-16/title-21/part-184' AND snapshot_date = '2026-04-16' LIMIT 1));
INSERT INTO ingredient (canonical_id, primary_name, ingredient_class, category, is_natural) VALUES ('NAME_l_cysteine_monohydrochloride', 'L-Cysteine monohydrochloride', 'substance', 'food', 0) ON CONFLICT(canonical_id) DO NOTHING;
INSERT INTO ingredient_alias (canonical_id, alias, alias_normalized, alias_type, language_code, confidence, source) VALUES ('NAME_l_cysteine_monohydrochloride', 'L-Cysteine monohydrochloride', 'l-cysteine monohydrochloride', 'synonym', 'en', 1.0, 'FDA CFR 21') ON CONFLICT(alias_normalized, alias_type, COALESCE(language_code, '')) DO NOTHING;
INSERT INTO regulatory_fact (canonical_id, jurisdiction, fact_type, status, regulation_ref, product_category, evidence_id) VALUES ('NAME_l_cysteine_monohydrochloride', 'US_FDA', 'gras', 'GRAS per 21 CFR §184.1272 (Direct Food Substances Affirmed as Generally Recognized as Safe)', '21 CFR §184.1272', 'food', (SELECT id FROM fact_evidence WHERE source_url = 'https://www.ecfr.gov/on/2026-04-16/title-21/part-184' AND snapshot_date = '2026-04-16' LIMIT 1));
INSERT INTO ingredient (canonical_id, primary_name, ingredient_class, category, is_natural) VALUES ('NAME_dextrin', 'Dextrin', 'substance', 'food', 0) ON CONFLICT(canonical_id) DO NOTHING;
INSERT INTO ingredient_alias (canonical_id, alias, alias_normalized, alias_type, language_code, confidence, source) VALUES ('NAME_dextrin', 'Dextrin', 'dextrin', 'synonym', 'en', 1.0, 'FDA CFR 21') ON CONFLICT(alias_normalized, alias_type, COALESCE(language_code, '')) DO NOTHING;
INSERT INTO regulatory_fact (canonical_id, jurisdiction, fact_type, status, regulation_ref, product_category, evidence_id) VALUES ('NAME_dextrin', 'US_FDA', 'gras', 'GRAS per 21 CFR §184.1277 (Direct Food Substances Affirmed as Generally Recognized as Safe)', '21 CFR §184.1277', 'food', (SELECT id FROM fact_evidence WHERE source_url = 'https://www.ecfr.gov/on/2026-04-16/title-21/part-184' AND snapshot_date = '2026-04-16' LIMIT 1));
INSERT INTO ingredient (canonical_id, primary_name, ingredient_class, category, is_natural) VALUES ('NAME_diacetyl', 'Diacetyl', 'substance', 'food', 0) ON CONFLICT(canonical_id) DO NOTHING;
INSERT INTO ingredient_alias (canonical_id, alias, alias_normalized, alias_type, language_code, confidence, source) VALUES ('NAME_diacetyl', 'Diacetyl', 'diacetyl', 'synonym', 'en', 1.0, 'FDA CFR 21') ON CONFLICT(alias_normalized, alias_type, COALESCE(language_code, '')) DO NOTHING;
INSERT INTO regulatory_fact (canonical_id, jurisdiction, fact_type, status, regulation_ref, product_category, evidence_id) VALUES ('NAME_diacetyl', 'US_FDA', 'gras', 'GRAS per 21 CFR §184.1278 (Direct Food Substances Affirmed as Generally Recognized as Safe)', '21 CFR §184.1278', 'food', (SELECT id FROM fact_evidence WHERE source_url = 'https://www.ecfr.gov/on/2026-04-16/title-21/part-184' AND snapshot_date = '2026-04-16' LIMIT 1));
INSERT INTO ingredient (canonical_id, primary_name, ingredient_class, category, is_natural) VALUES ('NAME_dill_and_its_derivatives', 'Dill and its derivatives', 'substance', 'food', 0) ON CONFLICT(canonical_id) DO NOTHING;
INSERT INTO ingredient_alias (canonical_id, alias, alias_normalized, alias_type, language_code, confidence, source) VALUES ('NAME_dill_and_its_derivatives', 'Dill and its derivatives', 'dill and its derivatives', 'synonym', 'en', 1.0, 'FDA CFR 21') ON CONFLICT(alias_normalized, alias_type, COALESCE(language_code, '')) DO NOTHING;
INSERT INTO regulatory_fact (canonical_id, jurisdiction, fact_type, status, regulation_ref, product_category, evidence_id) VALUES ('NAME_dill_and_its_derivatives', 'US_FDA', 'gras', 'GRAS per 21 CFR §184.1282 (Direct Food Substances Affirmed as Generally Recognized as Safe)', '21 CFR §184.1282', 'food', (SELECT id FROM fact_evidence WHERE source_url = 'https://www.ecfr.gov/on/2026-04-16/title-21/part-184' AND snapshot_date = '2026-04-16' LIMIT 1));
INSERT INTO ingredient (canonical_id, primary_name, ingredient_class, category, is_natural) VALUES ('NAME_enzyme_modified_fats', 'Enzyme-modified fats', 'substance', 'food', 0) ON CONFLICT(canonical_id) DO NOTHING;
INSERT INTO ingredient_alias (canonical_id, alias, alias_normalized, alias_type, language_code, confidence, source) VALUES ('NAME_enzyme_modified_fats', 'Enzyme-modified fats', 'enzyme-modified fats', 'synonym', 'en', 1.0, 'FDA CFR 21') ON CONFLICT(alias_normalized, alias_type, COALESCE(language_code, '')) DO NOTHING;
INSERT INTO regulatory_fact (canonical_id, jurisdiction, fact_type, status, regulation_ref, product_category, evidence_id) VALUES ('NAME_enzyme_modified_fats', 'US_FDA', 'gras', 'GRAS per 21 CFR §184.1287 (Direct Food Substances Affirmed as Generally Recognized as Safe)', '21 CFR §184.1287', 'food', (SELECT id FROM fact_evidence WHERE source_url = 'https://www.ecfr.gov/on/2026-04-16/title-21/part-184' AND snapshot_date = '2026-04-16' LIMIT 1));
INSERT INTO ingredient (canonical_id, primary_name, ingredient_class, category, is_natural) VALUES ('NAME_ethyl_alcohol', 'Ethyl alcohol', 'substance', 'food', 0) ON CONFLICT(canonical_id) DO NOTHING;
INSERT INTO ingredient_alias (canonical_id, alias, alias_normalized, alias_type, language_code, confidence, source) VALUES ('NAME_ethyl_alcohol', 'Ethyl alcohol', 'ethyl alcohol', 'synonym', 'en', 1.0, 'FDA CFR 21') ON CONFLICT(alias_normalized, alias_type, COALESCE(language_code, '')) DO NOTHING;
INSERT INTO regulatory_fact (canonical_id, jurisdiction, fact_type, status, regulation_ref, product_category, evidence_id) VALUES ('NAME_ethyl_alcohol', 'US_FDA', 'gras', 'GRAS per 21 CFR §184.1293 (Direct Food Substances Affirmed as Generally Recognized as Safe)', '21 CFR §184.1293', 'food', (SELECT id FROM fact_evidence WHERE source_url = 'https://www.ecfr.gov/on/2026-04-16/title-21/part-184' AND snapshot_date = '2026-04-16' LIMIT 1));
INSERT INTO ingredient (canonical_id, primary_name, ingredient_class, category, is_natural) VALUES ('NAME_ethyl_formate', 'Ethyl formate', 'substance', 'food', 0) ON CONFLICT(canonical_id) DO NOTHING;
INSERT INTO ingredient_alias (canonical_id, alias, alias_normalized, alias_type, language_code, confidence, source) VALUES ('NAME_ethyl_formate', 'Ethyl formate', 'ethyl formate', 'synonym', 'en', 1.0, 'FDA CFR 21') ON CONFLICT(alias_normalized, alias_type, COALESCE(language_code, '')) DO NOTHING;
INSERT INTO regulatory_fact (canonical_id, jurisdiction, fact_type, status, regulation_ref, product_category, evidence_id) VALUES ('NAME_ethyl_formate', 'US_FDA', 'gras', 'GRAS per 21 CFR §184.1295 (Direct Food Substances Affirmed as Generally Recognized as Safe)', '21 CFR §184.1295', 'food', (SELECT id FROM fact_evidence WHERE source_url = 'https://www.ecfr.gov/on/2026-04-16/title-21/part-184' AND snapshot_date = '2026-04-16' LIMIT 1));
INSERT INTO ingredient (canonical_id, primary_name, ingredient_class, category, is_natural) VALUES ('NAME_ferric_ammonium_citrate', 'Ferric ammonium citrate', 'substance', 'food', 0) ON CONFLICT(canonical_id) DO NOTHING;
INSERT INTO ingredient_alias (canonical_id, alias, alias_normalized, alias_type, language_code, confidence, source) VALUES ('NAME_ferric_ammonium_citrate', 'Ferric ammonium citrate', 'ferric ammonium citrate', 'synonym', 'en', 1.0, 'FDA CFR 21') ON CONFLICT(alias_normalized, alias_type, COALESCE(language_code, '')) DO NOTHING;
INSERT INTO regulatory_fact (canonical_id, jurisdiction, fact_type, status, regulation_ref, product_category, evidence_id) VALUES ('NAME_ferric_ammonium_citrate', 'US_FDA', 'gras', 'GRAS per 21 CFR §184.1296 (Direct Food Substances Affirmed as Generally Recognized as Safe)', '21 CFR §184.1296', 'food', (SELECT id FROM fact_evidence WHERE source_url = 'https://www.ecfr.gov/on/2026-04-16/title-21/part-184' AND snapshot_date = '2026-04-16' LIMIT 1));
INSERT INTO ingredient (canonical_id, primary_name, ingredient_class, category, is_natural) VALUES ('NAME_ferric_chloride', 'Ferric chloride', 'substance', 'food', 0) ON CONFLICT(canonical_id) DO NOTHING;
INSERT INTO ingredient_alias (canonical_id, alias, alias_normalized, alias_type, language_code, confidence, source) VALUES ('NAME_ferric_chloride', 'Ferric chloride', 'ferric chloride', 'synonym', 'en', 1.0, 'FDA CFR 21') ON CONFLICT(alias_normalized, alias_type, COALESCE(language_code, '')) DO NOTHING;
INSERT INTO regulatory_fact (canonical_id, jurisdiction, fact_type, status, regulation_ref, product_category, evidence_id) VALUES ('NAME_ferric_chloride', 'US_FDA', 'gras', 'GRAS per 21 CFR §184.1297 (Direct Food Substances Affirmed as Generally Recognized as Safe)', '21 CFR §184.1297', 'food', (SELECT id FROM fact_evidence WHERE source_url = 'https://www.ecfr.gov/on/2026-04-16/title-21/part-184' AND snapshot_date = '2026-04-16' LIMIT 1));
INSERT INTO ingredient (canonical_id, primary_name, ingredient_class, category, is_natural) VALUES ('NAME_ferric_citrate', 'Ferric citrate', 'substance', 'food', 0) ON CONFLICT(canonical_id) DO NOTHING;
INSERT INTO ingredient_alias (canonical_id, alias, alias_normalized, alias_type, language_code, confidence, source) VALUES ('NAME_ferric_citrate', 'Ferric citrate', 'ferric citrate', 'synonym', 'en', 1.0, 'FDA CFR 21') ON CONFLICT(alias_normalized, alias_type, COALESCE(language_code, '')) DO NOTHING;
INSERT INTO regulatory_fact (canonical_id, jurisdiction, fact_type, status, regulation_ref, product_category, evidence_id) VALUES ('NAME_ferric_citrate', 'US_FDA', 'gras', 'GRAS per 21 CFR §184.1298 (Direct Food Substances Affirmed as Generally Recognized as Safe)', '21 CFR §184.1298', 'food', (SELECT id FROM fact_evidence WHERE source_url = 'https://www.ecfr.gov/on/2026-04-16/title-21/part-184' AND snapshot_date = '2026-04-16' LIMIT 1));
INSERT INTO ingredient (canonical_id, primary_name, ingredient_class, category, is_natural) VALUES ('NAME_ferric_phosphate', 'Ferric phosphate', 'substance', 'food', 0) ON CONFLICT(canonical_id) DO NOTHING;
INSERT INTO ingredient_alias (canonical_id, alias, alias_normalized, alias_type, language_code, confidence, source) VALUES ('NAME_ferric_phosphate', 'Ferric phosphate', 'ferric phosphate', 'synonym', 'en', 1.0, 'FDA CFR 21') ON CONFLICT(alias_normalized, alias_type, COALESCE(language_code, '')) DO NOTHING;
INSERT INTO regulatory_fact (canonical_id, jurisdiction, fact_type, status, regulation_ref, product_category, evidence_id) VALUES ('NAME_ferric_phosphate', 'US_FDA', 'gras', 'GRAS per 21 CFR §184.1301 (Direct Food Substances Affirmed as Generally Recognized as Safe)', '21 CFR §184.1301', 'food', (SELECT id FROM fact_evidence WHERE source_url = 'https://www.ecfr.gov/on/2026-04-16/title-21/part-184' AND snapshot_date = '2026-04-16' LIMIT 1));
INSERT INTO ingredient (canonical_id, primary_name, ingredient_class, category, is_natural) VALUES ('NAME_ferric_pyrophosphate', 'Ferric pyrophosphate', 'substance', 'food', 0) ON CONFLICT(canonical_id) DO NOTHING;
INSERT INTO ingredient_alias (canonical_id, alias, alias_normalized, alias_type, language_code, confidence, source) VALUES ('NAME_ferric_pyrophosphate', 'Ferric pyrophosphate', 'ferric pyrophosphate', 'synonym', 'en', 1.0, 'FDA CFR 21') ON CONFLICT(alias_normalized, alias_type, COALESCE(language_code, '')) DO NOTHING;
INSERT INTO regulatory_fact (canonical_id, jurisdiction, fact_type, status, regulation_ref, product_category, evidence_id) VALUES ('NAME_ferric_pyrophosphate', 'US_FDA', 'gras', 'GRAS per 21 CFR §184.1304 (Direct Food Substances Affirmed as Generally Recognized as Safe)', '21 CFR §184.1304', 'food', (SELECT id FROM fact_evidence WHERE source_url = 'https://www.ecfr.gov/on/2026-04-16/title-21/part-184' AND snapshot_date = '2026-04-16' LIMIT 1));
INSERT INTO ingredient (canonical_id, primary_name, ingredient_class, category, is_natural) VALUES ('NAME_ferric_sulfate', 'Ferric sulfate', 'substance', 'food', 0) ON CONFLICT(canonical_id) DO NOTHING;
INSERT INTO ingredient_alias (canonical_id, alias, alias_normalized, alias_type, language_code, confidence, source) VALUES ('NAME_ferric_sulfate', 'Ferric sulfate', 'ferric sulfate', 'synonym', 'en', 1.0, 'FDA CFR 21') ON CONFLICT(alias_normalized, alias_type, COALESCE(language_code, '')) DO NOTHING;
INSERT INTO regulatory_fact (canonical_id, jurisdiction, fact_type, status, regulation_ref, product_category, evidence_id) VALUES ('NAME_ferric_sulfate', 'US_FDA', 'gras', 'GRAS per 21 CFR §184.1307 (Direct Food Substances Affirmed as Generally Recognized as Safe)', '21 CFR §184.1307', 'food', (SELECT id FROM fact_evidence WHERE source_url = 'https://www.ecfr.gov/on/2026-04-16/title-21/part-184' AND snapshot_date = '2026-04-16' LIMIT 1));
INSERT INTO ingredient (canonical_id, primary_name, ingredient_class, category, is_natural) VALUES ('NAME_ferrous_gluconate', 'Ferrous gluconate', 'substance', 'food', 0) ON CONFLICT(canonical_id) DO NOTHING;
INSERT INTO ingredient_alias (canonical_id, alias, alias_normalized, alias_type, language_code, confidence, source) VALUES ('NAME_ferrous_gluconate', 'Ferrous gluconate', 'ferrous gluconate', 'synonym', 'en', 1.0, 'FDA CFR 21') ON CONFLICT(alias_normalized, alias_type, COALESCE(language_code, '')) DO NOTHING;
INSERT INTO regulatory_fact (canonical_id, jurisdiction, fact_type, status, regulation_ref, product_category, evidence_id) VALUES ('NAME_ferrous_gluconate', 'US_FDA', 'gras', 'GRAS per 21 CFR §184.1308 (Direct Food Substances Affirmed as Generally Recognized as Safe)', '21 CFR §184.1308', 'food', (SELECT id FROM fact_evidence WHERE source_url = 'https://www.ecfr.gov/on/2026-04-16/title-21/part-184' AND snapshot_date = '2026-04-16' LIMIT 1));
INSERT INTO ingredient (canonical_id, primary_name, ingredient_class, category, is_natural) VALUES ('NAME_ferrous_lactate', 'Ferrous lactate', 'substance', 'food', 0) ON CONFLICT(canonical_id) DO NOTHING;
INSERT INTO ingredient_alias (canonical_id, alias, alias_normalized, alias_type, language_code, confidence, source) VALUES ('NAME_ferrous_lactate', 'Ferrous lactate', 'ferrous lactate', 'synonym', 'en', 1.0, 'FDA CFR 21') ON CONFLICT(alias_normalized, alias_type, COALESCE(language_code, '')) DO NOTHING;
INSERT INTO regulatory_fact (canonical_id, jurisdiction, fact_type, status, regulation_ref, product_category, evidence_id) VALUES ('NAME_ferrous_lactate', 'US_FDA', 'gras', 'GRAS per 21 CFR §184.1311 (Direct Food Substances Affirmed as Generally Recognized as Safe)', '21 CFR §184.1311', 'food', (SELECT id FROM fact_evidence WHERE source_url = 'https://www.ecfr.gov/on/2026-04-16/title-21/part-184' AND snapshot_date = '2026-04-16' LIMIT 1));
INSERT INTO ingredient (canonical_id, primary_name, ingredient_class, category, is_natural) VALUES ('NAME_ferrous_sulfate', 'Ferrous sulfate', 'substance', 'food', 0) ON CONFLICT(canonical_id) DO NOTHING;
INSERT INTO ingredient_alias (canonical_id, alias, alias_normalized, alias_type, language_code, confidence, source) VALUES ('NAME_ferrous_sulfate', 'Ferrous sulfate', 'ferrous sulfate', 'synonym', 'en', 1.0, 'FDA CFR 21') ON CONFLICT(alias_normalized, alias_type, COALESCE(language_code, '')) DO NOTHING;
INSERT INTO regulatory_fact (canonical_id, jurisdiction, fact_type, status, regulation_ref, product_category, evidence_id) VALUES ('NAME_ferrous_sulfate', 'US_FDA', 'gras', 'GRAS per 21 CFR §184.1315 (Direct Food Substances Affirmed as Generally Recognized as Safe)', '21 CFR §184.1315', 'food', (SELECT id FROM fact_evidence WHERE source_url = 'https://www.ecfr.gov/on/2026-04-16/title-21/part-184' AND snapshot_date = '2026-04-16' LIMIT 1));
INSERT INTO ingredient (canonical_id, primary_name, ingredient_class, category, is_natural) VALUES ('NAME_ficin', 'Ficin', 'substance', 'food', 0) ON CONFLICT(canonical_id) DO NOTHING;
INSERT INTO ingredient_alias (canonical_id, alias, alias_normalized, alias_type, language_code, confidence, source) VALUES ('NAME_ficin', 'Ficin', 'ficin', 'synonym', 'en', 1.0, 'FDA CFR 21') ON CONFLICT(alias_normalized, alias_type, COALESCE(language_code, '')) DO NOTHING;
INSERT INTO regulatory_fact (canonical_id, jurisdiction, fact_type, status, regulation_ref, product_category, evidence_id) VALUES ('NAME_ficin', 'US_FDA', 'gras', 'GRAS per 21 CFR §184.1316 (Direct Food Substances Affirmed as Generally Recognized as Safe)', '21 CFR §184.1316', 'food', (SELECT id FROM fact_evidence WHERE source_url = 'https://www.ecfr.gov/on/2026-04-16/title-21/part-184' AND snapshot_date = '2026-04-16' LIMIT 1));
INSERT INTO ingredient (canonical_id, primary_name, ingredient_class, category, is_natural) VALUES ('NAME_garlic_and_its_derivatives', 'Garlic and its derivatives', 'substance', 'food', 0) ON CONFLICT(canonical_id) DO NOTHING;
INSERT INTO ingredient_alias (canonical_id, alias, alias_normalized, alias_type, language_code, confidence, source) VALUES ('NAME_garlic_and_its_derivatives', 'Garlic and its derivatives', 'garlic and its derivatives', 'synonym', 'en', 1.0, 'FDA CFR 21') ON CONFLICT(alias_normalized, alias_type, COALESCE(language_code, '')) DO NOTHING;
INSERT INTO regulatory_fact (canonical_id, jurisdiction, fact_type, status, regulation_ref, product_category, evidence_id) VALUES ('NAME_garlic_and_its_derivatives', 'US_FDA', 'gras', 'GRAS per 21 CFR §184.1317 (Direct Food Substances Affirmed as Generally Recognized as Safe)', '21 CFR §184.1317', 'food', (SELECT id FROM fact_evidence WHERE source_url = 'https://www.ecfr.gov/on/2026-04-16/title-21/part-184' AND snapshot_date = '2026-04-16' LIMIT 1));
INSERT INTO ingredient (canonical_id, primary_name, ingredient_class, category, is_natural) VALUES ('NAME_glucono_delta_lactone', 'Glucono delta-lactone', 'substance', 'food', 0) ON CONFLICT(canonical_id) DO NOTHING;
INSERT INTO ingredient_alias (canonical_id, alias, alias_normalized, alias_type, language_code, confidence, source) VALUES ('NAME_glucono_delta_lactone', 'Glucono delta-lactone', 'glucono delta-lactone', 'synonym', 'en', 1.0, 'FDA CFR 21') ON CONFLICT(alias_normalized, alias_type, COALESCE(language_code, '')) DO NOTHING;
INSERT INTO regulatory_fact (canonical_id, jurisdiction, fact_type, status, regulation_ref, product_category, evidence_id) VALUES ('NAME_glucono_delta_lactone', 'US_FDA', 'gras', 'GRAS per 21 CFR §184.1318 (Direct Food Substances Affirmed as Generally Recognized as Safe)', '21 CFR §184.1318', 'food', (SELECT id FROM fact_evidence WHERE source_url = 'https://www.ecfr.gov/on/2026-04-16/title-21/part-184' AND snapshot_date = '2026-04-16' LIMIT 1));
INSERT INTO ingredient (canonical_id, primary_name, ingredient_class, category, is_natural) VALUES ('NAME_corn_gluten', 'Corn gluten', 'substance', 'food', 0) ON CONFLICT(canonical_id) DO NOTHING;
INSERT INTO ingredient_alias (canonical_id, alias, alias_normalized, alias_type, language_code, confidence, source) VALUES ('NAME_corn_gluten', 'Corn gluten', 'corn gluten', 'synonym', 'en', 1.0, 'FDA CFR 21') ON CONFLICT(alias_normalized, alias_type, COALESCE(language_code, '')) DO NOTHING;
INSERT INTO regulatory_fact (canonical_id, jurisdiction, fact_type, status, regulation_ref, product_category, evidence_id) VALUES ('NAME_corn_gluten', 'US_FDA', 'gras', 'GRAS per 21 CFR §184.1321 (Direct Food Substances Affirmed as Generally Recognized as Safe)', '21 CFR §184.1321', 'food', (SELECT id FROM fact_evidence WHERE source_url = 'https://www.ecfr.gov/on/2026-04-16/title-21/part-184' AND snapshot_date = '2026-04-16' LIMIT 1));
INSERT INTO ingredient (canonical_id, primary_name, ingredient_class, category, is_natural) VALUES ('NAME_wheat_gluten', 'Wheat gluten', 'substance', 'food', 0) ON CONFLICT(canonical_id) DO NOTHING;
INSERT INTO ingredient_alias (canonical_id, alias, alias_normalized, alias_type, language_code, confidence, source) VALUES ('NAME_wheat_gluten', 'Wheat gluten', 'wheat gluten', 'synonym', 'en', 1.0, 'FDA CFR 21') ON CONFLICT(alias_normalized, alias_type, COALESCE(language_code, '')) DO NOTHING;
INSERT INTO regulatory_fact (canonical_id, jurisdiction, fact_type, status, regulation_ref, product_category, evidence_id) VALUES ('NAME_wheat_gluten', 'US_FDA', 'gras', 'GRAS per 21 CFR §184.1322 (Direct Food Substances Affirmed as Generally Recognized as Safe)', '21 CFR §184.1322', 'food', (SELECT id FROM fact_evidence WHERE source_url = 'https://www.ecfr.gov/on/2026-04-16/title-21/part-184' AND snapshot_date = '2026-04-16' LIMIT 1));
INSERT INTO ingredient (canonical_id, primary_name, ingredient_class, category, is_natural) VALUES ('NAME_glyceryl_monooleate', 'Glyceryl monooleate', 'substance', 'food', 0) ON CONFLICT(canonical_id) DO NOTHING;
INSERT INTO ingredient_alias (canonical_id, alias, alias_normalized, alias_type, language_code, confidence, source) VALUES ('NAME_glyceryl_monooleate', 'Glyceryl monooleate', 'glyceryl monooleate', 'synonym', 'en', 1.0, 'FDA CFR 21') ON CONFLICT(alias_normalized, alias_type, COALESCE(language_code, '')) DO NOTHING;
INSERT INTO regulatory_fact (canonical_id, jurisdiction, fact_type, status, regulation_ref, product_category, evidence_id) VALUES ('NAME_glyceryl_monooleate', 'US_FDA', 'gras', 'GRAS per 21 CFR §184.1323 (Direct Food Substances Affirmed as Generally Recognized as Safe)', '21 CFR §184.1323', 'food', (SELECT id FROM fact_evidence WHERE source_url = 'https://www.ecfr.gov/on/2026-04-16/title-21/part-184' AND snapshot_date = '2026-04-16' LIMIT 1));
INSERT INTO ingredient (canonical_id, primary_name, ingredient_class, category, is_natural) VALUES ('NAME_glyceryl_monostearate', 'Glyceryl monostearate', 'substance', 'food', 0) ON CONFLICT(canonical_id) DO NOTHING;
INSERT INTO ingredient_alias (canonical_id, alias, alias_normalized, alias_type, language_code, confidence, source) VALUES ('NAME_glyceryl_monostearate', 'Glyceryl monostearate', 'glyceryl monostearate', 'synonym', 'en', 1.0, 'FDA CFR 21') ON CONFLICT(alias_normalized, alias_type, COALESCE(language_code, '')) DO NOTHING;
INSERT INTO regulatory_fact (canonical_id, jurisdiction, fact_type, status, regulation_ref, product_category, evidence_id) VALUES ('NAME_glyceryl_monostearate', 'US_FDA', 'gras', 'GRAS per 21 CFR §184.1324 (Direct Food Substances Affirmed as Generally Recognized as Safe)', '21 CFR §184.1324', 'food', (SELECT id FROM fact_evidence WHERE source_url = 'https://www.ecfr.gov/on/2026-04-16/title-21/part-184' AND snapshot_date = '2026-04-16' LIMIT 1));
INSERT INTO ingredient (canonical_id, primary_name, ingredient_class, category, is_natural) VALUES ('NAME_glyceryl_behenate', 'Glyceryl behenate', 'substance', 'food', 0) ON CONFLICT(canonical_id) DO NOTHING;
INSERT INTO ingredient_alias (canonical_id, alias, alias_normalized, alias_type, language_code, confidence, source) VALUES ('NAME_glyceryl_behenate', 'Glyceryl behenate', 'glyceryl behenate', 'synonym', 'en', 1.0, 'FDA CFR 21') ON CONFLICT(alias_normalized, alias_type, COALESCE(language_code, '')) DO NOTHING;
INSERT INTO regulatory_fact (canonical_id, jurisdiction, fact_type, status, regulation_ref, product_category, evidence_id) VALUES ('NAME_glyceryl_behenate', 'US_FDA', 'gras', 'GRAS per 21 CFR §184.1328 (Direct Food Substances Affirmed as Generally Recognized as Safe)', '21 CFR §184.1328', 'food', (SELECT id FROM fact_evidence WHERE source_url = 'https://www.ecfr.gov/on/2026-04-16/title-21/part-184' AND snapshot_date = '2026-04-16' LIMIT 1));
INSERT INTO ingredient (canonical_id, primary_name, ingredient_class, category, is_natural) VALUES ('NAME_glyceryl_palmitostearate', 'Glyceryl palmitostearate', 'substance', 'food', 0) ON CONFLICT(canonical_id) DO NOTHING;
INSERT INTO ingredient_alias (canonical_id, alias, alias_normalized, alias_type, language_code, confidence, source) VALUES ('NAME_glyceryl_palmitostearate', 'Glyceryl palmitostearate', 'glyceryl palmitostearate', 'synonym', 'en', 1.0, 'FDA CFR 21') ON CONFLICT(alias_normalized, alias_type, COALESCE(language_code, '')) DO NOTHING;
INSERT INTO regulatory_fact (canonical_id, jurisdiction, fact_type, status, regulation_ref, product_category, evidence_id) VALUES ('NAME_glyceryl_palmitostearate', 'US_FDA', 'gras', 'GRAS per 21 CFR §184.1329 (Direct Food Substances Affirmed as Generally Recognized as Safe)', '21 CFR §184.1329', 'food', (SELECT id FROM fact_evidence WHERE source_url = 'https://www.ecfr.gov/on/2026-04-16/title-21/part-184' AND snapshot_date = '2026-04-16' LIMIT 1));
INSERT INTO regulatory_fact (canonical_id, jurisdiction, fact_type, status, regulation_ref, product_category, evidence_id) VALUES ('NAME_acacia_gum_arabic', 'US_FDA', 'gras', 'GRAS per 21 CFR §184.1330 (Direct Food Substances Affirmed as Generally Recognized as Safe)', '21 CFR §184.1330', 'food', (SELECT id FROM fact_evidence WHERE source_url = 'https://www.ecfr.gov/on/2026-04-16/title-21/part-184' AND snapshot_date = '2026-04-16' LIMIT 1));
INSERT INTO ingredient (canonical_id, primary_name, ingredient_class, category, is_natural) VALUES ('NAME_gum_ghatti', 'Gum ghatti', 'substance', 'food', 0) ON CONFLICT(canonical_id) DO NOTHING;
INSERT INTO ingredient_alias (canonical_id, alias, alias_normalized, alias_type, language_code, confidence, source) VALUES ('NAME_gum_ghatti', 'Gum ghatti', 'gum ghatti', 'synonym', 'en', 1.0, 'FDA CFR 21') ON CONFLICT(alias_normalized, alias_type, COALESCE(language_code, '')) DO NOTHING;
INSERT INTO regulatory_fact (canonical_id, jurisdiction, fact_type, status, regulation_ref, product_category, evidence_id) VALUES ('NAME_gum_ghatti', 'US_FDA', 'gras', 'GRAS per 21 CFR §184.1333 (Direct Food Substances Affirmed as Generally Recognized as Safe)', '21 CFR §184.1333', 'food', (SELECT id FROM fact_evidence WHERE source_url = 'https://www.ecfr.gov/on/2026-04-16/title-21/part-184' AND snapshot_date = '2026-04-16' LIMIT 1));
INSERT INTO ingredient (canonical_id, primary_name, ingredient_class, category, is_natural) VALUES ('NAME_guar_gum', 'Guar gum', 'substance', 'food', 0) ON CONFLICT(canonical_id) DO NOTHING;
INSERT INTO ingredient_alias (canonical_id, alias, alias_normalized, alias_type, language_code, confidence, source) VALUES ('NAME_guar_gum', 'Guar gum', 'guar gum', 'synonym', 'en', 1.0, 'FDA CFR 21') ON CONFLICT(alias_normalized, alias_type, COALESCE(language_code, '')) DO NOTHING;
INSERT INTO regulatory_fact (canonical_id, jurisdiction, fact_type, status, regulation_ref, product_category, evidence_id) VALUES ('NAME_guar_gum', 'US_FDA', 'gras', 'GRAS per 21 CFR §184.1339 (Direct Food Substances Affirmed as Generally Recognized as Safe)', '21 CFR §184.1339', 'food', (SELECT id FROM fact_evidence WHERE source_url = 'https://www.ecfr.gov/on/2026-04-16/title-21/part-184' AND snapshot_date = '2026-04-16' LIMIT 1));
INSERT INTO ingredient (canonical_id, primary_name, ingredient_class, category, is_natural) VALUES ('NAME_locust_carob_bean_gum', 'Locust (carob) bean gum', 'substance', 'food', 0) ON CONFLICT(canonical_id) DO NOTHING;
INSERT INTO ingredient_alias (canonical_id, alias, alias_normalized, alias_type, language_code, confidence, source) VALUES ('NAME_locust_carob_bean_gum', 'Locust (carob) bean gum', 'locust (carob) bean gum', 'synonym', 'en', 1.0, 'FDA CFR 21') ON CONFLICT(alias_normalized, alias_type, COALESCE(language_code, '')) DO NOTHING;
INSERT INTO regulatory_fact (canonical_id, jurisdiction, fact_type, status, regulation_ref, product_category, evidence_id) VALUES ('NAME_locust_carob_bean_gum', 'US_FDA', 'gras', 'GRAS per 21 CFR §184.1343 (Direct Food Substances Affirmed as Generally Recognized as Safe)', '21 CFR §184.1343', 'food', (SELECT id FROM fact_evidence WHERE source_url = 'https://www.ecfr.gov/on/2026-04-16/title-21/part-184' AND snapshot_date = '2026-04-16' LIMIT 1));
INSERT INTO ingredient (canonical_id, primary_name, ingredient_class, category, is_natural) VALUES ('NAME_karaya_gum_sterculia_gum', 'Karaya gum (sterculia gum)', 'substance', 'food', 0) ON CONFLICT(canonical_id) DO NOTHING;
INSERT INTO ingredient_alias (canonical_id, alias, alias_normalized, alias_type, language_code, confidence, source) VALUES ('NAME_karaya_gum_sterculia_gum', 'Karaya gum (sterculia gum)', 'karaya gum (sterculia gum)', 'synonym', 'en', 1.0, 'FDA CFR 21') ON CONFLICT(alias_normalized, alias_type, COALESCE(language_code, '')) DO NOTHING;
INSERT INTO regulatory_fact (canonical_id, jurisdiction, fact_type, status, regulation_ref, product_category, evidence_id) VALUES ('NAME_karaya_gum_sterculia_gum', 'US_FDA', 'gras', 'GRAS per 21 CFR §184.1349 (Direct Food Substances Affirmed as Generally Recognized as Safe)', '21 CFR §184.1349', 'food', (SELECT id FROM fact_evidence WHERE source_url = 'https://www.ecfr.gov/on/2026-04-16/title-21/part-184' AND snapshot_date = '2026-04-16' LIMIT 1));
INSERT INTO ingredient (canonical_id, primary_name, ingredient_class, category, is_natural) VALUES ('NAME_gum_tragacanth', 'Gum tragacanth', 'substance', 'food', 0) ON CONFLICT(canonical_id) DO NOTHING;
INSERT INTO ingredient_alias (canonical_id, alias, alias_normalized, alias_type, language_code, confidence, source) VALUES ('NAME_gum_tragacanth', 'Gum tragacanth', 'gum tragacanth', 'synonym', 'en', 1.0, 'FDA CFR 21') ON CONFLICT(alias_normalized, alias_type, COALESCE(language_code, '')) DO NOTHING;
INSERT INTO regulatory_fact (canonical_id, jurisdiction, fact_type, status, regulation_ref, product_category, evidence_id) VALUES ('NAME_gum_tragacanth', 'US_FDA', 'gras', 'GRAS per 21 CFR §184.1351 (Direct Food Substances Affirmed as Generally Recognized as Safe)', '21 CFR §184.1351', 'food', (SELECT id FROM fact_evidence WHERE source_url = 'https://www.ecfr.gov/on/2026-04-16/title-21/part-184' AND snapshot_date = '2026-04-16' LIMIT 1));
INSERT INTO ingredient (canonical_id, primary_name, ingredient_class, category, is_natural) VALUES ('NAME_helium', 'Helium', 'substance', 'food', 0) ON CONFLICT(canonical_id) DO NOTHING;
INSERT INTO ingredient_alias (canonical_id, alias, alias_normalized, alias_type, language_code, confidence, source) VALUES ('NAME_helium', 'Helium', 'helium', 'synonym', 'en', 1.0, 'FDA CFR 21') ON CONFLICT(alias_normalized, alias_type, COALESCE(language_code, '')) DO NOTHING;
INSERT INTO regulatory_fact (canonical_id, jurisdiction, fact_type, status, regulation_ref, product_category, evidence_id) VALUES ('NAME_helium', 'US_FDA', 'gras', 'GRAS per 21 CFR §184.1355 (Direct Food Substances Affirmed as Generally Recognized as Safe)', '21 CFR §184.1355', 'food', (SELECT id FROM fact_evidence WHERE source_url = 'https://www.ecfr.gov/on/2026-04-16/title-21/part-184' AND snapshot_date = '2026-04-16' LIMIT 1));
INSERT INTO regulatory_fact (canonical_id, jurisdiction, fact_type, status, regulation_ref, product_category, evidence_id) VALUES ('NAME_hydrogen_peroxide', 'US_FDA', 'gras', 'GRAS per 21 CFR §184.1366 (Direct Food Substances Affirmed as Generally Recognized as Safe)', '21 CFR §184.1366', 'food', (SELECT id FROM fact_evidence WHERE source_url = 'https://www.ecfr.gov/on/2026-04-16/title-21/part-184' AND snapshot_date = '2026-04-16' LIMIT 1));
INSERT INTO ingredient (canonical_id, primary_name, ingredient_class, category, is_natural) VALUES ('NAME_inositol', 'Inositol', 'substance', 'food', 0) ON CONFLICT(canonical_id) DO NOTHING;
INSERT INTO ingredient_alias (canonical_id, alias, alias_normalized, alias_type, language_code, confidence, source) VALUES ('NAME_inositol', 'Inositol', 'inositol', 'synonym', 'en', 1.0, 'FDA CFR 21') ON CONFLICT(alias_normalized, alias_type, COALESCE(language_code, '')) DO NOTHING;
INSERT INTO regulatory_fact (canonical_id, jurisdiction, fact_type, status, regulation_ref, product_category, evidence_id) VALUES ('NAME_inositol', 'US_FDA', 'gras', 'GRAS per 21 CFR §184.1370 (Direct Food Substances Affirmed as Generally Recognized as Safe)', '21 CFR §184.1370', 'food', (SELECT id FROM fact_evidence WHERE source_url = 'https://www.ecfr.gov/on/2026-04-16/title-21/part-184' AND snapshot_date = '2026-04-16' LIMIT 1));
INSERT INTO ingredient (canonical_id, primary_name, ingredient_class, category, is_natural) VALUES ('NAME_insoluble_glucose_isomerase_enzyme_preparations', 'Insoluble glucose isomerase enzyme preparations', 'substance', 'food', 0) ON CONFLICT(canonical_id) DO NOTHING;
INSERT INTO ingredient_alias (canonical_id, alias, alias_normalized, alias_type, language_code, confidence, source) VALUES ('NAME_insoluble_glucose_isomerase_enzyme_preparations', 'Insoluble glucose isomerase enzyme preparations', 'insoluble glucose isomerase enzyme preparations', 'synonym', 'en', 1.0, 'FDA CFR 21') ON CONFLICT(alias_normalized, alias_type, COALESCE(language_code, '')) DO NOTHING;
INSERT INTO regulatory_fact (canonical_id, jurisdiction, fact_type, status, regulation_ref, product_category, evidence_id) VALUES ('NAME_insoluble_glucose_isomerase_enzyme_preparations', 'US_FDA', 'gras', 'GRAS per 21 CFR §184.1372 (Direct Food Substances Affirmed as Generally Recognized as Safe)', '21 CFR §184.1372', 'food', (SELECT id FROM fact_evidence WHERE source_url = 'https://www.ecfr.gov/on/2026-04-16/title-21/part-184' AND snapshot_date = '2026-04-16' LIMIT 1));
INSERT INTO ingredient (canonical_id, primary_name, ingredient_class, category, is_natural) VALUES ('NAME_iron_elemental', 'Iron, elemental', 'substance', 'food', 0) ON CONFLICT(canonical_id) DO NOTHING;
INSERT INTO ingredient_alias (canonical_id, alias, alias_normalized, alias_type, language_code, confidence, source) VALUES ('NAME_iron_elemental', 'Iron, elemental', 'iron, elemental', 'synonym', 'en', 1.0, 'FDA CFR 21') ON CONFLICT(alias_normalized, alias_type, COALESCE(language_code, '')) DO NOTHING;
INSERT INTO regulatory_fact (canonical_id, jurisdiction, fact_type, status, regulation_ref, product_category, evidence_id) VALUES ('NAME_iron_elemental', 'US_FDA', 'gras', 'GRAS per 21 CFR §184.1375 (Direct Food Substances Affirmed as Generally Recognized as Safe)', '21 CFR §184.1375', 'food', (SELECT id FROM fact_evidence WHERE source_url = 'https://www.ecfr.gov/on/2026-04-16/title-21/part-184' AND snapshot_date = '2026-04-16' LIMIT 1));
INSERT INTO ingredient (canonical_id, primary_name, ingredient_class, category, is_natural) VALUES ('NAME_isopropyl_citrate', 'Isopropyl citrate', 'substance', 'food', 0) ON CONFLICT(canonical_id) DO NOTHING;
INSERT INTO ingredient_alias (canonical_id, alias, alias_normalized, alias_type, language_code, confidence, source) VALUES ('NAME_isopropyl_citrate', 'Isopropyl citrate', 'isopropyl citrate', 'synonym', 'en', 1.0, 'FDA CFR 21') ON CONFLICT(alias_normalized, alias_type, COALESCE(language_code, '')) DO NOTHING;
INSERT INTO regulatory_fact (canonical_id, jurisdiction, fact_type, status, regulation_ref, product_category, evidence_id) VALUES ('NAME_isopropyl_citrate', 'US_FDA', 'gras', 'GRAS per 21 CFR §184.1386 (Direct Food Substances Affirmed as Generally Recognized as Safe)', '21 CFR §184.1386', 'food', (SELECT id FROM fact_evidence WHERE source_url = 'https://www.ecfr.gov/on/2026-04-16/title-21/part-184' AND snapshot_date = '2026-04-16' LIMIT 1));
INSERT INTO ingredient (canonical_id, primary_name, ingredient_class, category, is_natural) VALUES ('NAME_lactase_enzyme_preparation_from_candida_pseudotropicalis', 'Lactase enzyme preparation from Candida pseudotropicalis', 'substance', 'food', 0) ON CONFLICT(canonical_id) DO NOTHING;
INSERT INTO ingredient_alias (canonical_id, alias, alias_normalized, alias_type, language_code, confidence, source) VALUES ('NAME_lactase_enzyme_preparation_from_candida_pseudotropicalis', 'Lactase enzyme preparation from Candida pseudotropicalis', 'lactase enzyme preparation from candida pseudotropicalis', 'synonym', 'en', 1.0, 'FDA CFR 21') ON CONFLICT(alias_normalized, alias_type, COALESCE(language_code, '')) DO NOTHING;
INSERT INTO regulatory_fact (canonical_id, jurisdiction, fact_type, status, regulation_ref, product_category, evidence_id) VALUES ('NAME_lactase_enzyme_preparation_from_candida_pseudotropicalis', 'US_FDA', 'gras', 'GRAS per 21 CFR §184.1387 (Direct Food Substances Affirmed as Generally Recognized as Safe)', '21 CFR §184.1387', 'food', (SELECT id FROM fact_evidence WHERE source_url = 'https://www.ecfr.gov/on/2026-04-16/title-21/part-184' AND snapshot_date = '2026-04-16' LIMIT 1));
INSERT INTO ingredient (canonical_id, primary_name, ingredient_class, category, is_natural) VALUES ('NAME_lactase_enzyme_preparation_from_kluyveromyces_lactis', 'Lactase enzyme preparation from Kluyveromyces lactis', 'substance', 'food', 0) ON CONFLICT(canonical_id) DO NOTHING;
INSERT INTO ingredient_alias (canonical_id, alias, alias_normalized, alias_type, language_code, confidence, source) VALUES ('NAME_lactase_enzyme_preparation_from_kluyveromyces_lactis', 'Lactase enzyme preparation from Kluyveromyces lactis', 'lactase enzyme preparation from kluyveromyces lactis', 'synonym', 'en', 1.0, 'FDA CFR 21') ON CONFLICT(alias_normalized, alias_type, COALESCE(language_code, '')) DO NOTHING;
INSERT INTO regulatory_fact (canonical_id, jurisdiction, fact_type, status, regulation_ref, product_category, evidence_id) VALUES ('NAME_lactase_enzyme_preparation_from_kluyveromyces_lactis', 'US_FDA', 'gras', 'GRAS per 21 CFR §184.1388 (Direct Food Substances Affirmed as Generally Recognized as Safe)', '21 CFR §184.1388', 'food', (SELECT id FROM fact_evidence WHERE source_url = 'https://www.ecfr.gov/on/2026-04-16/title-21/part-184' AND snapshot_date = '2026-04-16' LIMIT 1));
INSERT INTO ingredient (canonical_id, primary_name, ingredient_class, category, is_natural) VALUES ('NAME_lecithin', 'Lecithin', 'substance', 'food', 0) ON CONFLICT(canonical_id) DO NOTHING;
INSERT INTO ingredient_alias (canonical_id, alias, alias_normalized, alias_type, language_code, confidence, source) VALUES ('NAME_lecithin', 'Lecithin', 'lecithin', 'synonym', 'en', 1.0, 'FDA CFR 21') ON CONFLICT(alias_normalized, alias_type, COALESCE(language_code, '')) DO NOTHING;
INSERT INTO regulatory_fact (canonical_id, jurisdiction, fact_type, status, regulation_ref, product_category, evidence_id) VALUES ('NAME_lecithin', 'US_FDA', 'gras', 'GRAS per 21 CFR §184.1400 (Direct Food Substances Affirmed as Generally Recognized as Safe)', '21 CFR §184.1400', 'food', (SELECT id FROM fact_evidence WHERE source_url = 'https://www.ecfr.gov/on/2026-04-16/title-21/part-184' AND snapshot_date = '2026-04-16' LIMIT 1));
INSERT INTO ingredient (canonical_id, primary_name, ingredient_class, category, is_natural) VALUES ('NAME_licorice_and_licorice_derivatives', 'Licorice and licorice derivatives', 'substance', 'food', 0) ON CONFLICT(canonical_id) DO NOTHING;
INSERT INTO ingredient_alias (canonical_id, alias, alias_normalized, alias_type, language_code, confidence, source) VALUES ('NAME_licorice_and_licorice_derivatives', 'Licorice and licorice derivatives', 'licorice and licorice derivatives', 'synonym', 'en', 1.0, 'FDA CFR 21') ON CONFLICT(alias_normalized, alias_type, COALESCE(language_code, '')) DO NOTHING;
INSERT INTO regulatory_fact (canonical_id, jurisdiction, fact_type, status, regulation_ref, product_category, evidence_id) VALUES ('NAME_licorice_and_licorice_derivatives', 'US_FDA', 'gras', 'GRAS per 21 CFR §184.1408 (Direct Food Substances Affirmed as Generally Recognized as Safe)', '21 CFR §184.1408', 'food', (SELECT id FROM fact_evidence WHERE source_url = 'https://www.ecfr.gov/on/2026-04-16/title-21/part-184' AND snapshot_date = '2026-04-16' LIMIT 1));
INSERT INTO ingredient (canonical_id, primary_name, ingredient_class, category, is_natural) VALUES ('NAME_ground_limestone', 'Ground limestone', 'substance', 'food', 0) ON CONFLICT(canonical_id) DO NOTHING;
INSERT INTO ingredient_alias (canonical_id, alias, alias_normalized, alias_type, language_code, confidence, source) VALUES ('NAME_ground_limestone', 'Ground limestone', 'ground limestone', 'synonym', 'en', 1.0, 'FDA CFR 21') ON CONFLICT(alias_normalized, alias_type, COALESCE(language_code, '')) DO NOTHING;
INSERT INTO regulatory_fact (canonical_id, jurisdiction, fact_type, status, regulation_ref, product_category, evidence_id) VALUES ('NAME_ground_limestone', 'US_FDA', 'gras', 'GRAS per 21 CFR §184.1409 (Direct Food Substances Affirmed as Generally Recognized as Safe)', '21 CFR §184.1409', 'food', (SELECT id FROM fact_evidence WHERE source_url = 'https://www.ecfr.gov/on/2026-04-16/title-21/part-184' AND snapshot_date = '2026-04-16' LIMIT 1));
INSERT INTO ingredient (canonical_id, primary_name, ingredient_class, category, is_natural) VALUES ('NAME_animal_lipase', 'Animal lipase', 'substance', 'food', 0) ON CONFLICT(canonical_id) DO NOTHING;
INSERT INTO ingredient_alias (canonical_id, alias, alias_normalized, alias_type, language_code, confidence, source) VALUES ('NAME_animal_lipase', 'Animal lipase', 'animal lipase', 'synonym', 'en', 1.0, 'FDA CFR 21') ON CONFLICT(alias_normalized, alias_type, COALESCE(language_code, '')) DO NOTHING;
INSERT INTO regulatory_fact (canonical_id, jurisdiction, fact_type, status, regulation_ref, product_category, evidence_id) VALUES ('NAME_animal_lipase', 'US_FDA', 'gras', 'GRAS per 21 CFR §184.1415 (Direct Food Substances Affirmed as Generally Recognized as Safe)', '21 CFR §184.1415', 'food', (SELECT id FROM fact_evidence WHERE source_url = 'https://www.ecfr.gov/on/2026-04-16/title-21/part-184' AND snapshot_date = '2026-04-16' LIMIT 1));
INSERT INTO ingredient (canonical_id, primary_name, ingredient_class, category, is_natural) VALUES ('NAME_lipase_enzyme_preparation_derived_from_rhizopus_niveus', 'Lipase enzyme preparation derived from Rhizopus niveus', 'substance', 'food', 0) ON CONFLICT(canonical_id) DO NOTHING;
INSERT INTO ingredient_alias (canonical_id, alias, alias_normalized, alias_type, language_code, confidence, source) VALUES ('NAME_lipase_enzyme_preparation_derived_from_rhizopus_niveus', 'Lipase enzyme preparation derived from Rhizopus niveus', 'lipase enzyme preparation derived from rhizopus niveus', 'synonym', 'en', 1.0, 'FDA CFR 21') ON CONFLICT(alias_normalized, alias_type, COALESCE(language_code, '')) DO NOTHING;
INSERT INTO regulatory_fact (canonical_id, jurisdiction, fact_type, status, regulation_ref, product_category, evidence_id) VALUES ('NAME_lipase_enzyme_preparation_derived_from_rhizopus_niveus', 'US_FDA', 'gras', 'GRAS per 21 CFR §184.1420 (Direct Food Substances Affirmed as Generally Recognized as Safe)', '21 CFR §184.1420', 'food', (SELECT id FROM fact_evidence WHERE source_url = 'https://www.ecfr.gov/on/2026-04-16/title-21/part-184' AND snapshot_date = '2026-04-16' LIMIT 1));
INSERT INTO ingredient (canonical_id, primary_name, ingredient_class, category, is_natural) VALUES ('NAME_magnesium_carbonate', 'Magnesium carbonate', 'substance', 'food', 0) ON CONFLICT(canonical_id) DO NOTHING;
INSERT INTO ingredient_alias (canonical_id, alias, alias_normalized, alias_type, language_code, confidence, source) VALUES ('NAME_magnesium_carbonate', 'Magnesium carbonate', 'magnesium carbonate', 'synonym', 'en', 1.0, 'FDA CFR 21') ON CONFLICT(alias_normalized, alias_type, COALESCE(language_code, '')) DO NOTHING;
INSERT INTO regulatory_fact (canonical_id, jurisdiction, fact_type, status, regulation_ref, product_category, evidence_id) VALUES ('NAME_magnesium_carbonate', 'US_FDA', 'gras', 'GRAS per 21 CFR §184.1425 (Direct Food Substances Affirmed as Generally Recognized as Safe)', '21 CFR §184.1425', 'food', (SELECT id FROM fact_evidence WHERE source_url = 'https://www.ecfr.gov/on/2026-04-16/title-21/part-184' AND snapshot_date = '2026-04-16' LIMIT 1));
INSERT INTO ingredient (canonical_id, primary_name, ingredient_class, category, is_natural) VALUES ('NAME_magnesium_chloride', 'Magnesium chloride', 'substance', 'food', 0) ON CONFLICT(canonical_id) DO NOTHING;
INSERT INTO ingredient_alias (canonical_id, alias, alias_normalized, alias_type, language_code, confidence, source) VALUES ('NAME_magnesium_chloride', 'Magnesium chloride', 'magnesium chloride', 'synonym', 'en', 1.0, 'FDA CFR 21') ON CONFLICT(alias_normalized, alias_type, COALESCE(language_code, '')) DO NOTHING;
INSERT INTO regulatory_fact (canonical_id, jurisdiction, fact_type, status, regulation_ref, product_category, evidence_id) VALUES ('NAME_magnesium_chloride', 'US_FDA', 'gras', 'GRAS per 21 CFR §184.1426 (Direct Food Substances Affirmed as Generally Recognized as Safe)', '21 CFR §184.1426', 'food', (SELECT id FROM fact_evidence WHERE source_url = 'https://www.ecfr.gov/on/2026-04-16/title-21/part-184' AND snapshot_date = '2026-04-16' LIMIT 1));
INSERT INTO ingredient (canonical_id, primary_name, ingredient_class, category, is_natural) VALUES ('NAME_magnesium_hydroxide', 'Magnesium hydroxide', 'substance', 'food', 0) ON CONFLICT(canonical_id) DO NOTHING;
INSERT INTO ingredient_alias (canonical_id, alias, alias_normalized, alias_type, language_code, confidence, source) VALUES ('NAME_magnesium_hydroxide', 'Magnesium hydroxide', 'magnesium hydroxide', 'synonym', 'en', 1.0, 'FDA CFR 21') ON CONFLICT(alias_normalized, alias_type, COALESCE(language_code, '')) DO NOTHING;
INSERT INTO regulatory_fact (canonical_id, jurisdiction, fact_type, status, regulation_ref, product_category, evidence_id) VALUES ('NAME_magnesium_hydroxide', 'US_FDA', 'gras', 'GRAS per 21 CFR §184.1428 (Direct Food Substances Affirmed as Generally Recognized as Safe)', '21 CFR §184.1428', 'food', (SELECT id FROM fact_evidence WHERE source_url = 'https://www.ecfr.gov/on/2026-04-16/title-21/part-184' AND snapshot_date = '2026-04-16' LIMIT 1));
INSERT INTO ingredient (canonical_id, primary_name, ingredient_class, category, is_natural) VALUES ('NAME_magnesium_oxide', 'Magnesium oxide', 'substance', 'food', 0) ON CONFLICT(canonical_id) DO NOTHING;
INSERT INTO ingredient_alias (canonical_id, alias, alias_normalized, alias_type, language_code, confidence, source) VALUES ('NAME_magnesium_oxide', 'Magnesium oxide', 'magnesium oxide', 'synonym', 'en', 1.0, 'FDA CFR 21') ON CONFLICT(alias_normalized, alias_type, COALESCE(language_code, '')) DO NOTHING;
INSERT INTO regulatory_fact (canonical_id, jurisdiction, fact_type, status, regulation_ref, product_category, evidence_id) VALUES ('NAME_magnesium_oxide', 'US_FDA', 'gras', 'GRAS per 21 CFR §184.1431 (Direct Food Substances Affirmed as Generally Recognized as Safe)', '21 CFR §184.1431', 'food', (SELECT id FROM fact_evidence WHERE source_url = 'https://www.ecfr.gov/on/2026-04-16/title-21/part-184' AND snapshot_date = '2026-04-16' LIMIT 1));
INSERT INTO ingredient (canonical_id, primary_name, ingredient_class, category, is_natural) VALUES ('NAME_magnesium_phosphate', 'Magnesium phosphate', 'substance', 'food', 0) ON CONFLICT(canonical_id) DO NOTHING;
INSERT INTO ingredient_alias (canonical_id, alias, alias_normalized, alias_type, language_code, confidence, source) VALUES ('NAME_magnesium_phosphate', 'Magnesium phosphate', 'magnesium phosphate', 'synonym', 'en', 1.0, 'FDA CFR 21') ON CONFLICT(alias_normalized, alias_type, COALESCE(language_code, '')) DO NOTHING;
INSERT INTO regulatory_fact (canonical_id, jurisdiction, fact_type, status, regulation_ref, product_category, evidence_id) VALUES ('NAME_magnesium_phosphate', 'US_FDA', 'gras', 'GRAS per 21 CFR §184.1434 (Direct Food Substances Affirmed as Generally Recognized as Safe)', '21 CFR §184.1434', 'food', (SELECT id FROM fact_evidence WHERE source_url = 'https://www.ecfr.gov/on/2026-04-16/title-21/part-184' AND snapshot_date = '2026-04-16' LIMIT 1));
INSERT INTO ingredient (canonical_id, primary_name, ingredient_class, category, is_natural) VALUES ('NAME_magnesium_stearate', 'Magnesium stearate', 'substance', 'food', 0) ON CONFLICT(canonical_id) DO NOTHING;
INSERT INTO ingredient_alias (canonical_id, alias, alias_normalized, alias_type, language_code, confidence, source) VALUES ('NAME_magnesium_stearate', 'Magnesium stearate', 'magnesium stearate', 'synonym', 'en', 1.0, 'FDA CFR 21') ON CONFLICT(alias_normalized, alias_type, COALESCE(language_code, '')) DO NOTHING;
INSERT INTO regulatory_fact (canonical_id, jurisdiction, fact_type, status, regulation_ref, product_category, evidence_id) VALUES ('NAME_magnesium_stearate', 'US_FDA', 'gras', 'GRAS per 21 CFR §184.1440 (Direct Food Substances Affirmed as Generally Recognized as Safe)', '21 CFR §184.1440', 'food', (SELECT id FROM fact_evidence WHERE source_url = 'https://www.ecfr.gov/on/2026-04-16/title-21/part-184' AND snapshot_date = '2026-04-16' LIMIT 1));
INSERT INTO ingredient (canonical_id, primary_name, ingredient_class, category, is_natural) VALUES ('NAME_magnesium_sulfate', 'Magnesium sulfate', 'substance', 'food', 0) ON CONFLICT(canonical_id) DO NOTHING;
INSERT INTO ingredient_alias (canonical_id, alias, alias_normalized, alias_type, language_code, confidence, source) VALUES ('NAME_magnesium_sulfate', 'Magnesium sulfate', 'magnesium sulfate', 'synonym', 'en', 1.0, 'FDA CFR 21') ON CONFLICT(alias_normalized, alias_type, COALESCE(language_code, '')) DO NOTHING;
INSERT INTO regulatory_fact (canonical_id, jurisdiction, fact_type, status, regulation_ref, product_category, evidence_id) VALUES ('NAME_magnesium_sulfate', 'US_FDA', 'gras', 'GRAS per 21 CFR §184.1443 (Direct Food Substances Affirmed as Generally Recognized as Safe)', '21 CFR §184.1443', 'food', (SELECT id FROM fact_evidence WHERE source_url = 'https://www.ecfr.gov/on/2026-04-16/title-21/part-184' AND snapshot_date = '2026-04-16' LIMIT 1));
INSERT INTO ingredient (canonical_id, primary_name, ingredient_class, category, is_natural) VALUES ('NAME_maltodextrin', 'Maltodextrin', 'substance', 'food', 0) ON CONFLICT(canonical_id) DO NOTHING;
INSERT INTO ingredient_alias (canonical_id, alias, alias_normalized, alias_type, language_code, confidence, source) VALUES ('NAME_maltodextrin', 'Maltodextrin', 'maltodextrin', 'synonym', 'en', 1.0, 'FDA CFR 21') ON CONFLICT(alias_normalized, alias_type, COALESCE(language_code, '')) DO NOTHING;
INSERT INTO regulatory_fact (canonical_id, jurisdiction, fact_type, status, regulation_ref, product_category, evidence_id) VALUES ('NAME_maltodextrin', 'US_FDA', 'gras', 'GRAS per 21 CFR §184.1444 (Direct Food Substances Affirmed as Generally Recognized as Safe)', '21 CFR §184.1444', 'food', (SELECT id FROM fact_evidence WHERE source_url = 'https://www.ecfr.gov/on/2026-04-16/title-21/part-184' AND snapshot_date = '2026-04-16' LIMIT 1));
INSERT INTO ingredient (canonical_id, primary_name, ingredient_class, category, is_natural) VALUES ('NAME_malt_syrup_malt_extract', 'Malt syrup (malt extract)', 'substance', 'food', 0) ON CONFLICT(canonical_id) DO NOTHING;
INSERT INTO ingredient_alias (canonical_id, alias, alias_normalized, alias_type, language_code, confidence, source) VALUES ('NAME_malt_syrup_malt_extract', 'Malt syrup (malt extract)', 'malt syrup (malt extract)', 'synonym', 'en', 1.0, 'FDA CFR 21') ON CONFLICT(alias_normalized, alias_type, COALESCE(language_code, '')) DO NOTHING;
INSERT INTO regulatory_fact (canonical_id, jurisdiction, fact_type, status, regulation_ref, product_category, evidence_id) VALUES ('NAME_malt_syrup_malt_extract', 'US_FDA', 'gras', 'GRAS per 21 CFR §184.1445 (Direct Food Substances Affirmed as Generally Recognized as Safe)', '21 CFR §184.1445', 'food', (SELECT id FROM fact_evidence WHERE source_url = 'https://www.ecfr.gov/on/2026-04-16/title-21/part-184' AND snapshot_date = '2026-04-16' LIMIT 1));
INSERT INTO ingredient (canonical_id, primary_name, ingredient_class, category, is_natural) VALUES ('NAME_manganese_chloride', 'Manganese chloride', 'substance', 'food', 0) ON CONFLICT(canonical_id) DO NOTHING;
INSERT INTO ingredient_alias (canonical_id, alias, alias_normalized, alias_type, language_code, confidence, source) VALUES ('NAME_manganese_chloride', 'Manganese chloride', 'manganese chloride', 'synonym', 'en', 1.0, 'FDA CFR 21') ON CONFLICT(alias_normalized, alias_type, COALESCE(language_code, '')) DO NOTHING;
INSERT INTO regulatory_fact (canonical_id, jurisdiction, fact_type, status, regulation_ref, product_category, evidence_id) VALUES ('NAME_manganese_chloride', 'US_FDA', 'gras', 'GRAS per 21 CFR §184.1446 (Direct Food Substances Affirmed as Generally Recognized as Safe)', '21 CFR §184.1446', 'food', (SELECT id FROM fact_evidence WHERE source_url = 'https://www.ecfr.gov/on/2026-04-16/title-21/part-184' AND snapshot_date = '2026-04-16' LIMIT 1));
INSERT INTO ingredient (canonical_id, primary_name, ingredient_class, category, is_natural) VALUES ('NAME_manganese_citrate', 'Manganese citrate', 'substance', 'food', 0) ON CONFLICT(canonical_id) DO NOTHING;
INSERT INTO ingredient_alias (canonical_id, alias, alias_normalized, alias_type, language_code, confidence, source) VALUES ('NAME_manganese_citrate', 'Manganese citrate', 'manganese citrate', 'synonym', 'en', 1.0, 'FDA CFR 21') ON CONFLICT(alias_normalized, alias_type, COALESCE(language_code, '')) DO NOTHING;
INSERT INTO regulatory_fact (canonical_id, jurisdiction, fact_type, status, regulation_ref, product_category, evidence_id) VALUES ('NAME_manganese_citrate', 'US_FDA', 'gras', 'GRAS per 21 CFR §184.1449 (Direct Food Substances Affirmed as Generally Recognized as Safe)', '21 CFR §184.1449', 'food', (SELECT id FROM fact_evidence WHERE source_url = 'https://www.ecfr.gov/on/2026-04-16/title-21/part-184' AND snapshot_date = '2026-04-16' LIMIT 1));
INSERT INTO ingredient (canonical_id, primary_name, ingredient_class, category, is_natural) VALUES ('NAME_manganese_gluconate', 'Manganese gluconate', 'substance', 'food', 0) ON CONFLICT(canonical_id) DO NOTHING;
INSERT INTO ingredient_alias (canonical_id, alias, alias_normalized, alias_type, language_code, confidence, source) VALUES ('NAME_manganese_gluconate', 'Manganese gluconate', 'manganese gluconate', 'synonym', 'en', 1.0, 'FDA CFR 21') ON CONFLICT(alias_normalized, alias_type, COALESCE(language_code, '')) DO NOTHING;
INSERT INTO regulatory_fact (canonical_id, jurisdiction, fact_type, status, regulation_ref, product_category, evidence_id) VALUES ('NAME_manganese_gluconate', 'US_FDA', 'gras', 'GRAS per 21 CFR §184.1452 (Direct Food Substances Affirmed as Generally Recognized as Safe)', '21 CFR §184.1452', 'food', (SELECT id FROM fact_evidence WHERE source_url = 'https://www.ecfr.gov/on/2026-04-16/title-21/part-184' AND snapshot_date = '2026-04-16' LIMIT 1));
INSERT INTO ingredient (canonical_id, primary_name, ingredient_class, category, is_natural) VALUES ('NAME_manganese_sulfate', 'Manganese sulfate', 'substance', 'food', 0) ON CONFLICT(canonical_id) DO NOTHING;
INSERT INTO ingredient_alias (canonical_id, alias, alias_normalized, alias_type, language_code, confidence, source) VALUES ('NAME_manganese_sulfate', 'Manganese sulfate', 'manganese sulfate', 'synonym', 'en', 1.0, 'FDA CFR 21') ON CONFLICT(alias_normalized, alias_type, COALESCE(language_code, '')) DO NOTHING;
INSERT INTO regulatory_fact (canonical_id, jurisdiction, fact_type, status, regulation_ref, product_category, evidence_id) VALUES ('NAME_manganese_sulfate', 'US_FDA', 'gras', 'GRAS per 21 CFR §184.1461 (Direct Food Substances Affirmed as Generally Recognized as Safe)', '21 CFR §184.1461', 'food', (SELECT id FROM fact_evidence WHERE source_url = 'https://www.ecfr.gov/on/2026-04-16/title-21/part-184' AND snapshot_date = '2026-04-16' LIMIT 1));
INSERT INTO ingredient (canonical_id, primary_name, ingredient_class, category, is_natural) VALUES ('NAME_menhaden_oil', 'Menhaden oil', 'substance', 'food', 0) ON CONFLICT(canonical_id) DO NOTHING;
INSERT INTO ingredient_alias (canonical_id, alias, alias_normalized, alias_type, language_code, confidence, source) VALUES ('NAME_menhaden_oil', 'Menhaden oil', 'menhaden oil', 'synonym', 'en', 1.0, 'FDA CFR 21') ON CONFLICT(alias_normalized, alias_type, COALESCE(language_code, '')) DO NOTHING;
INSERT INTO regulatory_fact (canonical_id, jurisdiction, fact_type, status, regulation_ref, product_category, evidence_id) VALUES ('NAME_menhaden_oil', 'US_FDA', 'gras', 'GRAS per 21 CFR §184.1472 (Direct Food Substances Affirmed as Generally Recognized as Safe)', '21 CFR §184.1472', 'food', (SELECT id FROM fact_evidence WHERE source_url = 'https://www.ecfr.gov/on/2026-04-16/title-21/part-184' AND snapshot_date = '2026-04-16' LIMIT 1));
INSERT INTO ingredient (canonical_id, primary_name, ingredient_class, category, is_natural) VALUES ('NAME_methylparaben', 'Methylparaben', 'substance', 'food', 0) ON CONFLICT(canonical_id) DO NOTHING;
INSERT INTO ingredient_alias (canonical_id, alias, alias_normalized, alias_type, language_code, confidence, source) VALUES ('NAME_methylparaben', 'Methylparaben', 'methylparaben', 'synonym', 'en', 1.0, 'FDA CFR 21') ON CONFLICT(alias_normalized, alias_type, COALESCE(language_code, '')) DO NOTHING;
INSERT INTO regulatory_fact (canonical_id, jurisdiction, fact_type, status, regulation_ref, product_category, evidence_id) VALUES ('NAME_methylparaben', 'US_FDA', 'gras', 'GRAS per 21 CFR §184.1490 (Direct Food Substances Affirmed as Generally Recognized as Safe)', '21 CFR §184.1490', 'food', (SELECT id FROM fact_evidence WHERE source_url = 'https://www.ecfr.gov/on/2026-04-16/title-21/part-184' AND snapshot_date = '2026-04-16' LIMIT 1));
INSERT INTO ingredient (canonical_id, primary_name, ingredient_class, category, is_natural) VALUES ('NAME_microparticulated_protein_product', 'Microparticulated protein product', 'substance', 'food', 0) ON CONFLICT(canonical_id) DO NOTHING;
INSERT INTO ingredient_alias (canonical_id, alias, alias_normalized, alias_type, language_code, confidence, source) VALUES ('NAME_microparticulated_protein_product', 'Microparticulated protein product', 'microparticulated protein product', 'synonym', 'en', 1.0, 'FDA CFR 21') ON CONFLICT(alias_normalized, alias_type, COALESCE(language_code, '')) DO NOTHING;
INSERT INTO regulatory_fact (canonical_id, jurisdiction, fact_type, status, regulation_ref, product_category, evidence_id) VALUES ('NAME_microparticulated_protein_product', 'US_FDA', 'gras', 'GRAS per 21 CFR §184.1498 (Direct Food Substances Affirmed as Generally Recognized as Safe)', '21 CFR §184.1498', 'food', (SELECT id FROM fact_evidence WHERE source_url = 'https://www.ecfr.gov/on/2026-04-16/title-21/part-184' AND snapshot_date = '2026-04-16' LIMIT 1));
INSERT INTO ingredient (canonical_id, primary_name, ingredient_class, category, is_natural) VALUES ('NAME_mono_and_diglycerides', 'Mono- and diglycerides', 'substance', 'food', 0) ON CONFLICT(canonical_id) DO NOTHING;
INSERT INTO ingredient_alias (canonical_id, alias, alias_normalized, alias_type, language_code, confidence, source) VALUES ('NAME_mono_and_diglycerides', 'Mono- and diglycerides', 'mono- and diglycerides', 'synonym', 'en', 1.0, 'FDA CFR 21') ON CONFLICT(alias_normalized, alias_type, COALESCE(language_code, '')) DO NOTHING;
INSERT INTO regulatory_fact (canonical_id, jurisdiction, fact_type, status, regulation_ref, product_category, evidence_id) VALUES ('NAME_mono_and_diglycerides', 'US_FDA', 'gras', 'GRAS per 21 CFR §184.1505 (Direct Food Substances Affirmed as Generally Recognized as Safe)', '21 CFR §184.1505', 'food', (SELECT id FROM fact_evidence WHERE source_url = 'https://www.ecfr.gov/on/2026-04-16/title-21/part-184' AND snapshot_date = '2026-04-16' LIMIT 1));
INSERT INTO ingredient (canonical_id, primary_name, ingredient_class, category, is_natural) VALUES ('NAME_monosodium_phosphate_derivatives_of_mono_and_diglycerides', 'Monosodium phosphate derivatives of mono- and diglycerides', 'substance', 'food', 0) ON CONFLICT(canonical_id) DO NOTHING;
INSERT INTO ingredient_alias (canonical_id, alias, alias_normalized, alias_type, language_code, confidence, source) VALUES ('NAME_monosodium_phosphate_derivatives_of_mono_and_diglycerides', 'Monosodium phosphate derivatives of mono- and diglycerides', 'monosodium phosphate derivatives of mono- and diglycerides', 'synonym', 'en', 1.0, 'FDA CFR 21') ON CONFLICT(alias_normalized, alias_type, COALESCE(language_code, '')) DO NOTHING;
INSERT INTO regulatory_fact (canonical_id, jurisdiction, fact_type, status, regulation_ref, product_category, evidence_id) VALUES ('NAME_monosodium_phosphate_derivatives_of_mono_and_diglycerides', 'US_FDA', 'gras', 'GRAS per 21 CFR §184.1521 (Direct Food Substances Affirmed as Generally Recognized as Safe)', '21 CFR §184.1521', 'food', (SELECT id FROM fact_evidence WHERE source_url = 'https://www.ecfr.gov/on/2026-04-16/title-21/part-184' AND snapshot_date = '2026-04-16' LIMIT 1));
INSERT INTO ingredient (canonical_id, primary_name, ingredient_class, category, is_natural) VALUES ('NAME_niacin', 'Niacin', 'substance', 'food', 0) ON CONFLICT(canonical_id) DO NOTHING;
INSERT INTO ingredient_alias (canonical_id, alias, alias_normalized, alias_type, language_code, confidence, source) VALUES ('NAME_niacin', 'Niacin', 'niacin', 'synonym', 'en', 1.0, 'FDA CFR 21') ON CONFLICT(alias_normalized, alias_type, COALESCE(language_code, '')) DO NOTHING;
INSERT INTO regulatory_fact (canonical_id, jurisdiction, fact_type, status, regulation_ref, product_category, evidence_id) VALUES ('NAME_niacin', 'US_FDA', 'gras', 'GRAS per 21 CFR §184.1530 (Direct Food Substances Affirmed as Generally Recognized as Safe)', '21 CFR §184.1530', 'food', (SELECT id FROM fact_evidence WHERE source_url = 'https://www.ecfr.gov/on/2026-04-16/title-21/part-184' AND snapshot_date = '2026-04-16' LIMIT 1));
INSERT INTO ingredient (canonical_id, primary_name, ingredient_class, category, is_natural) VALUES ('NAME_niacinamide', 'Niacinamide', 'substance', 'food', 0) ON CONFLICT(canonical_id) DO NOTHING;
INSERT INTO ingredient_alias (canonical_id, alias, alias_normalized, alias_type, language_code, confidence, source) VALUES ('NAME_niacinamide', 'Niacinamide', 'niacinamide', 'synonym', 'en', 1.0, 'FDA CFR 21') ON CONFLICT(alias_normalized, alias_type, COALESCE(language_code, '')) DO NOTHING;
INSERT INTO regulatory_fact (canonical_id, jurisdiction, fact_type, status, regulation_ref, product_category, evidence_id) VALUES ('NAME_niacinamide', 'US_FDA', 'gras', 'GRAS per 21 CFR §184.1535 (Direct Food Substances Affirmed as Generally Recognized as Safe)', '21 CFR §184.1535', 'food', (SELECT id FROM fact_evidence WHERE source_url = 'https://www.ecfr.gov/on/2026-04-16/title-21/part-184' AND snapshot_date = '2026-04-16' LIMIT 1));
INSERT INTO ingredient (canonical_id, primary_name, ingredient_class, category, is_natural) VALUES ('NAME_nickel', 'Nickel', 'substance', 'food', 0) ON CONFLICT(canonical_id) DO NOTHING;
INSERT INTO ingredient_alias (canonical_id, alias, alias_normalized, alias_type, language_code, confidence, source) VALUES ('NAME_nickel', 'Nickel', 'nickel', 'synonym', 'en', 1.0, 'FDA CFR 21') ON CONFLICT(alias_normalized, alias_type, COALESCE(language_code, '')) DO NOTHING;
INSERT INTO regulatory_fact (canonical_id, jurisdiction, fact_type, status, regulation_ref, product_category, evidence_id) VALUES ('NAME_nickel', 'US_FDA', 'gras', 'GRAS per 21 CFR §184.1537 (Direct Food Substances Affirmed as Generally Recognized as Safe)', '21 CFR §184.1537', 'food', (SELECT id FROM fact_evidence WHERE source_url = 'https://www.ecfr.gov/on/2026-04-16/title-21/part-184' AND snapshot_date = '2026-04-16' LIMIT 1));
INSERT INTO ingredient (canonical_id, primary_name, ingredient_class, category, is_natural) VALUES ('NAME_nisin_preparation', 'Nisin preparation', 'substance', 'food', 0) ON CONFLICT(canonical_id) DO NOTHING;
INSERT INTO ingredient_alias (canonical_id, alias, alias_normalized, alias_type, language_code, confidence, source) VALUES ('NAME_nisin_preparation', 'Nisin preparation', 'nisin preparation', 'synonym', 'en', 1.0, 'FDA CFR 21') ON CONFLICT(alias_normalized, alias_type, COALESCE(language_code, '')) DO NOTHING;
INSERT INTO regulatory_fact (canonical_id, jurisdiction, fact_type, status, regulation_ref, product_category, evidence_id) VALUES ('NAME_nisin_preparation', 'US_FDA', 'gras', 'GRAS per 21 CFR §184.1538 (Direct Food Substances Affirmed as Generally Recognized as Safe)', '21 CFR §184.1538', 'food', (SELECT id FROM fact_evidence WHERE source_url = 'https://www.ecfr.gov/on/2026-04-16/title-21/part-184' AND snapshot_date = '2026-04-16' LIMIT 1));
INSERT INTO ingredient (canonical_id, primary_name, ingredient_class, category, is_natural) VALUES ('NAME_nitrogen', 'Nitrogen', 'substance', 'food', 0) ON CONFLICT(canonical_id) DO NOTHING;
INSERT INTO ingredient_alias (canonical_id, alias, alias_normalized, alias_type, language_code, confidence, source) VALUES ('NAME_nitrogen', 'Nitrogen', 'nitrogen', 'synonym', 'en', 1.0, 'FDA CFR 21') ON CONFLICT(alias_normalized, alias_type, COALESCE(language_code, '')) DO NOTHING;
INSERT INTO regulatory_fact (canonical_id, jurisdiction, fact_type, status, regulation_ref, product_category, evidence_id) VALUES ('NAME_nitrogen', 'US_FDA', 'gras', 'GRAS per 21 CFR §184.1540 (Direct Food Substances Affirmed as Generally Recognized as Safe)', '21 CFR §184.1540', 'food', (SELECT id FROM fact_evidence WHERE source_url = 'https://www.ecfr.gov/on/2026-04-16/title-21/part-184' AND snapshot_date = '2026-04-16' LIMIT 1));
INSERT INTO ingredient (canonical_id, primary_name, ingredient_class, category, is_natural) VALUES ('NAME_nitrous_oxide', 'Nitrous oxide', 'substance', 'food', 0) ON CONFLICT(canonical_id) DO NOTHING;
INSERT INTO ingredient_alias (canonical_id, alias, alias_normalized, alias_type, language_code, confidence, source) VALUES ('NAME_nitrous_oxide', 'Nitrous oxide', 'nitrous oxide', 'synonym', 'en', 1.0, 'FDA CFR 21') ON CONFLICT(alias_normalized, alias_type, COALESCE(language_code, '')) DO NOTHING;
INSERT INTO regulatory_fact (canonical_id, jurisdiction, fact_type, status, regulation_ref, product_category, evidence_id) VALUES ('NAME_nitrous_oxide', 'US_FDA', 'gras', 'GRAS per 21 CFR §184.1545 (Direct Food Substances Affirmed as Generally Recognized as Safe)', '21 CFR §184.1545', 'food', (SELECT id FROM fact_evidence WHERE source_url = 'https://www.ecfr.gov/on/2026-04-16/title-21/part-184' AND snapshot_date = '2026-04-16' LIMIT 1));
INSERT INTO ingredient (canonical_id, primary_name, ingredient_class, category, is_natural) VALUES ('NAME_peptones', 'Peptones', 'substance', 'food', 0) ON CONFLICT(canonical_id) DO NOTHING;
INSERT INTO ingredient_alias (canonical_id, alias, alias_normalized, alias_type, language_code, confidence, source) VALUES ('NAME_peptones', 'Peptones', 'peptones', 'synonym', 'en', 1.0, 'FDA CFR 21') ON CONFLICT(alias_normalized, alias_type, COALESCE(language_code, '')) DO NOTHING;
INSERT INTO regulatory_fact (canonical_id, jurisdiction, fact_type, status, regulation_ref, product_category, evidence_id) VALUES ('NAME_peptones', 'US_FDA', 'gras', 'GRAS per 21 CFR §184.1553 (Direct Food Substances Affirmed as Generally Recognized as Safe)', '21 CFR §184.1553', 'food', (SELECT id FROM fact_evidence WHERE source_url = 'https://www.ecfr.gov/on/2026-04-16/title-21/part-184' AND snapshot_date = '2026-04-16' LIMIT 1));
INSERT INTO ingredient (canonical_id, primary_name, ingredient_class, category, is_natural) VALUES ('NAME_rapeseed_oil', 'Rapeseed oil', 'substance', 'food', 0) ON CONFLICT(canonical_id) DO NOTHING;
INSERT INTO ingredient_alias (canonical_id, alias, alias_normalized, alias_type, language_code, confidence, source) VALUES ('NAME_rapeseed_oil', 'Rapeseed oil', 'rapeseed oil', 'synonym', 'en', 1.0, 'FDA CFR 21') ON CONFLICT(alias_normalized, alias_type, COALESCE(language_code, '')) DO NOTHING;
INSERT INTO regulatory_fact (canonical_id, jurisdiction, fact_type, status, regulation_ref, product_category, evidence_id) VALUES ('NAME_rapeseed_oil', 'US_FDA', 'gras', 'GRAS per 21 CFR §184.1555 (Direct Food Substances Affirmed as Generally Recognized as Safe)', '21 CFR §184.1555', 'food', (SELECT id FROM fact_evidence WHERE source_url = 'https://www.ecfr.gov/on/2026-04-16/title-21/part-184' AND snapshot_date = '2026-04-16' LIMIT 1));
INSERT INTO ingredient (canonical_id, primary_name, ingredient_class, category, is_natural) VALUES ('NAME_ox_bile_extract', 'Ox bile extract', 'substance', 'food', 0) ON CONFLICT(canonical_id) DO NOTHING;
INSERT INTO ingredient_alias (canonical_id, alias, alias_normalized, alias_type, language_code, confidence, source) VALUES ('NAME_ox_bile_extract', 'Ox bile extract', 'ox bile extract', 'synonym', 'en', 1.0, 'FDA CFR 21') ON CONFLICT(alias_normalized, alias_type, COALESCE(language_code, '')) DO NOTHING;
INSERT INTO regulatory_fact (canonical_id, jurisdiction, fact_type, status, regulation_ref, product_category, evidence_id) VALUES ('NAME_ox_bile_extract', 'US_FDA', 'gras', 'GRAS per 21 CFR §184.1560 (Direct Food Substances Affirmed as Generally Recognized as Safe)', '21 CFR §184.1560', 'food', (SELECT id FROM fact_evidence WHERE source_url = 'https://www.ecfr.gov/on/2026-04-16/title-21/part-184' AND snapshot_date = '2026-04-16' LIMIT 1));
INSERT INTO regulatory_fact (canonical_id, jurisdiction, fact_type, status, regulation_ref, product_category, evidence_id) VALUES ('NAME_ozone', 'US_FDA', 'gras', 'GRAS per 21 CFR §184.1563 (Direct Food Substances Affirmed as Generally Recognized as Safe)', '21 CFR §184.1563', 'food', (SELECT id FROM fact_evidence WHERE source_url = 'https://www.ecfr.gov/on/2026-04-16/title-21/part-184' AND snapshot_date = '2026-04-16' LIMIT 1));
INSERT INTO ingredient (canonical_id, primary_name, ingredient_class, category, is_natural) VALUES ('NAME_pancreatin', 'Pancreatin', 'substance', 'food', 0) ON CONFLICT(canonical_id) DO NOTHING;
INSERT INTO ingredient_alias (canonical_id, alias, alias_normalized, alias_type, language_code, confidence, source) VALUES ('NAME_pancreatin', 'Pancreatin', 'pancreatin', 'synonym', 'en', 1.0, 'FDA CFR 21') ON CONFLICT(alias_normalized, alias_type, COALESCE(language_code, '')) DO NOTHING;
INSERT INTO regulatory_fact (canonical_id, jurisdiction, fact_type, status, regulation_ref, product_category, evidence_id) VALUES ('NAME_pancreatin', 'US_FDA', 'gras', 'GRAS per 21 CFR §184.1583 (Direct Food Substances Affirmed as Generally Recognized as Safe)', '21 CFR §184.1583', 'food', (SELECT id FROM fact_evidence WHERE source_url = 'https://www.ecfr.gov/on/2026-04-16/title-21/part-184' AND snapshot_date = '2026-04-16' LIMIT 1));
INSERT INTO ingredient (canonical_id, primary_name, ingredient_class, category, is_natural) VALUES ('NAME_papain', 'Papain', 'substance', 'food', 0) ON CONFLICT(canonical_id) DO NOTHING;
INSERT INTO ingredient_alias (canonical_id, alias, alias_normalized, alias_type, language_code, confidence, source) VALUES ('NAME_papain', 'Papain', 'papain', 'synonym', 'en', 1.0, 'FDA CFR 21') ON CONFLICT(alias_normalized, alias_type, COALESCE(language_code, '')) DO NOTHING;
INSERT INTO regulatory_fact (canonical_id, jurisdiction, fact_type, status, regulation_ref, product_category, evidence_id) VALUES ('NAME_papain', 'US_FDA', 'gras', 'GRAS per 21 CFR §184.1585 (Direct Food Substances Affirmed as Generally Recognized as Safe)', '21 CFR §184.1585', 'food', (SELECT id FROM fact_evidence WHERE source_url = 'https://www.ecfr.gov/on/2026-04-16/title-21/part-184' AND snapshot_date = '2026-04-16' LIMIT 1));
INSERT INTO ingredient (canonical_id, primary_name, ingredient_class, category, is_natural) VALUES ('NAME_pectins', 'Pectins', 'substance', 'food', 0) ON CONFLICT(canonical_id) DO NOTHING;
INSERT INTO ingredient_alias (canonical_id, alias, alias_normalized, alias_type, language_code, confidence, source) VALUES ('NAME_pectins', 'Pectins', 'pectins', 'synonym', 'en', 1.0, 'FDA CFR 21') ON CONFLICT(alias_normalized, alias_type, COALESCE(language_code, '')) DO NOTHING;
INSERT INTO regulatory_fact (canonical_id, jurisdiction, fact_type, status, regulation_ref, product_category, evidence_id) VALUES ('NAME_pectins', 'US_FDA', 'gras', 'GRAS per 21 CFR §184.1588 (Direct Food Substances Affirmed as Generally Recognized as Safe)', '21 CFR §184.1588', 'food', (SELECT id FROM fact_evidence WHERE source_url = 'https://www.ecfr.gov/on/2026-04-16/title-21/part-184' AND snapshot_date = '2026-04-16' LIMIT 1));
INSERT INTO ingredient (canonical_id, primary_name, ingredient_class, category, is_natural) VALUES ('NAME_pepsin', 'Pepsin', 'substance', 'food', 0) ON CONFLICT(canonical_id) DO NOTHING;
INSERT INTO ingredient_alias (canonical_id, alias, alias_normalized, alias_type, language_code, confidence, source) VALUES ('NAME_pepsin', 'Pepsin', 'pepsin', 'synonym', 'en', 1.0, 'FDA CFR 21') ON CONFLICT(alias_normalized, alias_type, COALESCE(language_code, '')) DO NOTHING;
INSERT INTO regulatory_fact (canonical_id, jurisdiction, fact_type, status, regulation_ref, product_category, evidence_id) VALUES ('NAME_pepsin', 'US_FDA', 'gras', 'GRAS per 21 CFR §184.1595 (Direct Food Substances Affirmed as Generally Recognized as Safe)', '21 CFR §184.1595', 'food', (SELECT id FROM fact_evidence WHERE source_url = 'https://www.ecfr.gov/on/2026-04-16/title-21/part-184' AND snapshot_date = '2026-04-16' LIMIT 1));
INSERT INTO ingredient (canonical_id, primary_name, ingredient_class, category, is_natural) VALUES ('NAME_potassium_alginate', 'Potassium alginate', 'substance', 'food', 0) ON CONFLICT(canonical_id) DO NOTHING;
INSERT INTO ingredient_alias (canonical_id, alias, alias_normalized, alias_type, language_code, confidence, source) VALUES ('NAME_potassium_alginate', 'Potassium alginate', 'potassium alginate', 'synonym', 'en', 1.0, 'FDA CFR 21') ON CONFLICT(alias_normalized, alias_type, COALESCE(language_code, '')) DO NOTHING;
INSERT INTO regulatory_fact (canonical_id, jurisdiction, fact_type, status, regulation_ref, product_category, evidence_id) VALUES ('NAME_potassium_alginate', 'US_FDA', 'gras', 'GRAS per 21 CFR §184.1610 (Direct Food Substances Affirmed as Generally Recognized as Safe)', '21 CFR §184.1610', 'food', (SELECT id FROM fact_evidence WHERE source_url = 'https://www.ecfr.gov/on/2026-04-16/title-21/part-184' AND snapshot_date = '2026-04-16' LIMIT 1));
INSERT INTO ingredient (canonical_id, primary_name, ingredient_class, category, is_natural) VALUES ('NAME_potassium_bicarbonate', 'Potassium bicarbonate', 'substance', 'food', 0) ON CONFLICT(canonical_id) DO NOTHING;
INSERT INTO ingredient_alias (canonical_id, alias, alias_normalized, alias_type, language_code, confidence, source) VALUES ('NAME_potassium_bicarbonate', 'Potassium bicarbonate', 'potassium bicarbonate', 'synonym', 'en', 1.0, 'FDA CFR 21') ON CONFLICT(alias_normalized, alias_type, COALESCE(language_code, '')) DO NOTHING;
INSERT INTO regulatory_fact (canonical_id, jurisdiction, fact_type, status, regulation_ref, product_category, evidence_id) VALUES ('NAME_potassium_bicarbonate', 'US_FDA', 'gras', 'GRAS per 21 CFR §184.1613 (Direct Food Substances Affirmed as Generally Recognized as Safe)', '21 CFR §184.1613', 'food', (SELECT id FROM fact_evidence WHERE source_url = 'https://www.ecfr.gov/on/2026-04-16/title-21/part-184' AND snapshot_date = '2026-04-16' LIMIT 1));
INSERT INTO ingredient (canonical_id, primary_name, ingredient_class, category, is_natural) VALUES ('NAME_potassium_carbonate', 'Potassium carbonate', 'substance', 'food', 0) ON CONFLICT(canonical_id) DO NOTHING;
INSERT INTO ingredient_alias (canonical_id, alias, alias_normalized, alias_type, language_code, confidence, source) VALUES ('NAME_potassium_carbonate', 'Potassium carbonate', 'potassium carbonate', 'synonym', 'en', 1.0, 'FDA CFR 21') ON CONFLICT(alias_normalized, alias_type, COALESCE(language_code, '')) DO NOTHING;
INSERT INTO regulatory_fact (canonical_id, jurisdiction, fact_type, status, regulation_ref, product_category, evidence_id) VALUES ('NAME_potassium_carbonate', 'US_FDA', 'gras', 'GRAS per 21 CFR §184.1619 (Direct Food Substances Affirmed as Generally Recognized as Safe)', '21 CFR §184.1619', 'food', (SELECT id FROM fact_evidence WHERE source_url = 'https://www.ecfr.gov/on/2026-04-16/title-21/part-184' AND snapshot_date = '2026-04-16' LIMIT 1));
INSERT INTO ingredient (canonical_id, primary_name, ingredient_class, category, is_natural) VALUES ('NAME_potassium_chloride', 'Potassium chloride', 'substance', 'food', 0) ON CONFLICT(canonical_id) DO NOTHING;
INSERT INTO ingredient_alias (canonical_id, alias, alias_normalized, alias_type, language_code, confidence, source) VALUES ('NAME_potassium_chloride', 'Potassium chloride', 'potassium chloride', 'synonym', 'en', 1.0, 'FDA CFR 21') ON CONFLICT(alias_normalized, alias_type, COALESCE(language_code, '')) DO NOTHING;
INSERT INTO regulatory_fact (canonical_id, jurisdiction, fact_type, status, regulation_ref, product_category, evidence_id) VALUES ('NAME_potassium_chloride', 'US_FDA', 'gras', 'GRAS per 21 CFR §184.1622 (Direct Food Substances Affirmed as Generally Recognized as Safe)', '21 CFR §184.1622', 'food', (SELECT id FROM fact_evidence WHERE source_url = 'https://www.ecfr.gov/on/2026-04-16/title-21/part-184' AND snapshot_date = '2026-04-16' LIMIT 1));
INSERT INTO ingredient (canonical_id, primary_name, ingredient_class, category, is_natural) VALUES ('NAME_potassium_citrate', 'Potassium citrate', 'substance', 'food', 0) ON CONFLICT(canonical_id) DO NOTHING;
INSERT INTO ingredient_alias (canonical_id, alias, alias_normalized, alias_type, language_code, confidence, source) VALUES ('NAME_potassium_citrate', 'Potassium citrate', 'potassium citrate', 'synonym', 'en', 1.0, 'FDA CFR 21') ON CONFLICT(alias_normalized, alias_type, COALESCE(language_code, '')) DO NOTHING;
INSERT INTO regulatory_fact (canonical_id, jurisdiction, fact_type, status, regulation_ref, product_category, evidence_id) VALUES ('NAME_potassium_citrate', 'US_FDA', 'gras', 'GRAS per 21 CFR §184.1625 (Direct Food Substances Affirmed as Generally Recognized as Safe)', '21 CFR §184.1625', 'food', (SELECT id FROM fact_evidence WHERE source_url = 'https://www.ecfr.gov/on/2026-04-16/title-21/part-184' AND snapshot_date = '2026-04-16' LIMIT 1));
INSERT INTO ingredient (canonical_id, primary_name, ingredient_class, category, is_natural) VALUES ('NAME_potassium_hydroxide', 'Potassium hydroxide', 'substance', 'food', 0) ON CONFLICT(canonical_id) DO NOTHING;
INSERT INTO ingredient_alias (canonical_id, alias, alias_normalized, alias_type, language_code, confidence, source) VALUES ('NAME_potassium_hydroxide', 'Potassium hydroxide', 'potassium hydroxide', 'synonym', 'en', 1.0, 'FDA CFR 21') ON CONFLICT(alias_normalized, alias_type, COALESCE(language_code, '')) DO NOTHING;
INSERT INTO regulatory_fact (canonical_id, jurisdiction, fact_type, status, regulation_ref, product_category, evidence_id) VALUES ('NAME_potassium_hydroxide', 'US_FDA', 'gras', 'GRAS per 21 CFR §184.1631 (Direct Food Substances Affirmed as Generally Recognized as Safe)', '21 CFR §184.1631', 'food', (SELECT id FROM fact_evidence WHERE source_url = 'https://www.ecfr.gov/on/2026-04-16/title-21/part-184' AND snapshot_date = '2026-04-16' LIMIT 1));
INSERT INTO regulatory_fact (canonical_id, jurisdiction, fact_type, status, regulation_ref, product_category, evidence_id) VALUES ('NAME_potassium_iodide', 'US_FDA', 'gras', 'GRAS per 21 CFR §184.1634 (Direct Food Substances Affirmed as Generally Recognized as Safe)', '21 CFR §184.1634', 'food', (SELECT id FROM fact_evidence WHERE source_url = 'https://www.ecfr.gov/on/2026-04-16/title-21/part-184' AND snapshot_date = '2026-04-16' LIMIT 1));
INSERT INTO ingredient (canonical_id, primary_name, ingredient_class, category, is_natural) VALUES ('NAME_potassium_iodate', 'Potassium iodate', 'substance', 'food', 0) ON CONFLICT(canonical_id) DO NOTHING;
INSERT INTO ingredient_alias (canonical_id, alias, alias_normalized, alias_type, language_code, confidence, source) VALUES ('NAME_potassium_iodate', 'Potassium iodate', 'potassium iodate', 'synonym', 'en', 1.0, 'FDA CFR 21') ON CONFLICT(alias_normalized, alias_type, COALESCE(language_code, '')) DO NOTHING;
INSERT INTO regulatory_fact (canonical_id, jurisdiction, fact_type, status, regulation_ref, product_category, evidence_id) VALUES ('NAME_potassium_iodate', 'US_FDA', 'gras', 'GRAS per 21 CFR §184.1635 (Direct Food Substances Affirmed as Generally Recognized as Safe)', '21 CFR §184.1635', 'food', (SELECT id FROM fact_evidence WHERE source_url = 'https://www.ecfr.gov/on/2026-04-16/title-21/part-184' AND snapshot_date = '2026-04-16' LIMIT 1));
INSERT INTO ingredient (canonical_id, primary_name, ingredient_class, category, is_natural) VALUES ('NAME_potassium_lactate', 'Potassium lactate', 'substance', 'food', 0) ON CONFLICT(canonical_id) DO NOTHING;
INSERT INTO ingredient_alias (canonical_id, alias, alias_normalized, alias_type, language_code, confidence, source) VALUES ('NAME_potassium_lactate', 'Potassium lactate', 'potassium lactate', 'synonym', 'en', 1.0, 'FDA CFR 21') ON CONFLICT(alias_normalized, alias_type, COALESCE(language_code, '')) DO NOTHING;
INSERT INTO regulatory_fact (canonical_id, jurisdiction, fact_type, status, regulation_ref, product_category, evidence_id) VALUES ('NAME_potassium_lactate', 'US_FDA', 'gras', 'GRAS per 21 CFR §184.1639 (Direct Food Substances Affirmed as Generally Recognized as Safe)', '21 CFR §184.1639', 'food', (SELECT id FROM fact_evidence WHERE source_url = 'https://www.ecfr.gov/on/2026-04-16/title-21/part-184' AND snapshot_date = '2026-04-16' LIMIT 1));
INSERT INTO ingredient (canonical_id, primary_name, ingredient_class, category, is_natural) VALUES ('NAME_potassium_sulfate', 'Potassium sulfate', 'substance', 'food', 0) ON CONFLICT(canonical_id) DO NOTHING;
INSERT INTO ingredient_alias (canonical_id, alias, alias_normalized, alias_type, language_code, confidence, source) VALUES ('NAME_potassium_sulfate', 'Potassium sulfate', 'potassium sulfate', 'synonym', 'en', 1.0, 'FDA CFR 21') ON CONFLICT(alias_normalized, alias_type, COALESCE(language_code, '')) DO NOTHING;
INSERT INTO regulatory_fact (canonical_id, jurisdiction, fact_type, status, regulation_ref, product_category, evidence_id) VALUES ('NAME_potassium_sulfate', 'US_FDA', 'gras', 'GRAS per 21 CFR §184.1643 (Direct Food Substances Affirmed as Generally Recognized as Safe)', '21 CFR §184.1643', 'food', (SELECT id FROM fact_evidence WHERE source_url = 'https://www.ecfr.gov/on/2026-04-16/title-21/part-184' AND snapshot_date = '2026-04-16' LIMIT 1));
INSERT INTO ingredient (canonical_id, primary_name, ingredient_class, category, is_natural) VALUES ('NAME_propane', 'Propane', 'substance', 'food', 0) ON CONFLICT(canonical_id) DO NOTHING;
INSERT INTO ingredient_alias (canonical_id, alias, alias_normalized, alias_type, language_code, confidence, source) VALUES ('NAME_propane', 'Propane', 'propane', 'synonym', 'en', 1.0, 'FDA CFR 21') ON CONFLICT(alias_normalized, alias_type, COALESCE(language_code, '')) DO NOTHING;
INSERT INTO regulatory_fact (canonical_id, jurisdiction, fact_type, status, regulation_ref, product_category, evidence_id) VALUES ('NAME_propane', 'US_FDA', 'gras', 'GRAS per 21 CFR §184.1655 (Direct Food Substances Affirmed as Generally Recognized as Safe)', '21 CFR §184.1655', 'food', (SELECT id FROM fact_evidence WHERE source_url = 'https://www.ecfr.gov/on/2026-04-16/title-21/part-184' AND snapshot_date = '2026-04-16' LIMIT 1));
INSERT INTO ingredient (canonical_id, primary_name, ingredient_class, category, is_natural) VALUES ('NAME_propyl_gallate', 'Propyl gallate', 'substance', 'food', 0) ON CONFLICT(canonical_id) DO NOTHING;
INSERT INTO ingredient_alias (canonical_id, alias, alias_normalized, alias_type, language_code, confidence, source) VALUES ('NAME_propyl_gallate', 'Propyl gallate', 'propyl gallate', 'synonym', 'en', 1.0, 'FDA CFR 21') ON CONFLICT(alias_normalized, alias_type, COALESCE(language_code, '')) DO NOTHING;
INSERT INTO regulatory_fact (canonical_id, jurisdiction, fact_type, status, regulation_ref, product_category, evidence_id) VALUES ('NAME_propyl_gallate', 'US_FDA', 'gras', 'GRAS per 21 CFR §184.1660 (Direct Food Substances Affirmed as Generally Recognized as Safe)', '21 CFR §184.1660', 'food', (SELECT id FROM fact_evidence WHERE source_url = 'https://www.ecfr.gov/on/2026-04-16/title-21/part-184' AND snapshot_date = '2026-04-16' LIMIT 1));
INSERT INTO ingredient (canonical_id, primary_name, ingredient_class, category, is_natural) VALUES ('NAME_propylene_glycol', 'Propylene glycol', 'substance', 'food', 0) ON CONFLICT(canonical_id) DO NOTHING;
INSERT INTO ingredient_alias (canonical_id, alias, alias_normalized, alias_type, language_code, confidence, source) VALUES ('NAME_propylene_glycol', 'Propylene glycol', 'propylene glycol', 'synonym', 'en', 1.0, 'FDA CFR 21') ON CONFLICT(alias_normalized, alias_type, COALESCE(language_code, '')) DO NOTHING;
INSERT INTO regulatory_fact (canonical_id, jurisdiction, fact_type, status, regulation_ref, product_category, evidence_id) VALUES ('NAME_propylene_glycol', 'US_FDA', 'gras', 'GRAS per 21 CFR §184.1666 (Direct Food Substances Affirmed as Generally Recognized as Safe)', '21 CFR §184.1666', 'food', (SELECT id FROM fact_evidence WHERE source_url = 'https://www.ecfr.gov/on/2026-04-16/title-21/part-184' AND snapshot_date = '2026-04-16' LIMIT 1));
INSERT INTO ingredient (canonical_id, primary_name, ingredient_class, category, is_natural) VALUES ('NAME_propylparaben', 'Propylparaben', 'substance', 'food', 0) ON CONFLICT(canonical_id) DO NOTHING;
INSERT INTO ingredient_alias (canonical_id, alias, alias_normalized, alias_type, language_code, confidence, source) VALUES ('NAME_propylparaben', 'Propylparaben', 'propylparaben', 'synonym', 'en', 1.0, 'FDA CFR 21') ON CONFLICT(alias_normalized, alias_type, COALESCE(language_code, '')) DO NOTHING;
INSERT INTO regulatory_fact (canonical_id, jurisdiction, fact_type, status, regulation_ref, product_category, evidence_id) VALUES ('NAME_propylparaben', 'US_FDA', 'gras', 'GRAS per 21 CFR §184.1670 (Direct Food Substances Affirmed as Generally Recognized as Safe)', '21 CFR §184.1670', 'food', (SELECT id FROM fact_evidence WHERE source_url = 'https://www.ecfr.gov/on/2026-04-16/title-21/part-184' AND snapshot_date = '2026-04-16' LIMIT 1));
INSERT INTO ingredient (canonical_id, primary_name, ingredient_class, category, is_natural) VALUES ('NAME_pyridoxine_hydrochloride', 'Pyridoxine hydrochloride', 'substance', 'food', 0) ON CONFLICT(canonical_id) DO NOTHING;
INSERT INTO ingredient_alias (canonical_id, alias, alias_normalized, alias_type, language_code, confidence, source) VALUES ('NAME_pyridoxine_hydrochloride', 'Pyridoxine hydrochloride', 'pyridoxine hydrochloride', 'synonym', 'en', 1.0, 'FDA CFR 21') ON CONFLICT(alias_normalized, alias_type, COALESCE(language_code, '')) DO NOTHING;
INSERT INTO regulatory_fact (canonical_id, jurisdiction, fact_type, status, regulation_ref, product_category, evidence_id) VALUES ('NAME_pyridoxine_hydrochloride', 'US_FDA', 'gras', 'GRAS per 21 CFR §184.1676 (Direct Food Substances Affirmed as Generally Recognized as Safe)', '21 CFR §184.1676', 'food', (SELECT id FROM fact_evidence WHERE source_url = 'https://www.ecfr.gov/on/2026-04-16/title-21/part-184' AND snapshot_date = '2026-04-16' LIMIT 1));
INSERT INTO ingredient (canonical_id, primary_name, ingredient_class, category, is_natural) VALUES ('NAME_rennet_animal_derived_and_chymosin_preparation_fermentation_derived', 'Rennet (animal-derived) and chymosin preparation (fermentation-derived)', 'substance', 'food', 0) ON CONFLICT(canonical_id) DO NOTHING;
INSERT INTO ingredient_alias (canonical_id, alias, alias_normalized, alias_type, language_code, confidence, source) VALUES ('NAME_rennet_animal_derived_and_chymosin_preparation_fermentation_derived', 'Rennet (animal-derived) and chymosin preparation (fermentation-derived)', 'rennet (animal-derived) and chymosin preparation (fermentation-derived)', 'synonym', 'en', 1.0, 'FDA CFR 21') ON CONFLICT(alias_normalized, alias_type, COALESCE(language_code, '')) DO NOTHING;
INSERT INTO regulatory_fact (canonical_id, jurisdiction, fact_type, status, regulation_ref, product_category, evidence_id) VALUES ('NAME_rennet_animal_derived_and_chymosin_preparation_fermentation_derived', 'US_FDA', 'gras', 'GRAS per 21 CFR §184.1685 (Direct Food Substances Affirmed as Generally Recognized as Safe)', '21 CFR §184.1685', 'food', (SELECT id FROM fact_evidence WHERE source_url = 'https://www.ecfr.gov/on/2026-04-16/title-21/part-184' AND snapshot_date = '2026-04-16' LIMIT 1));
INSERT INTO ingredient (canonical_id, primary_name, ingredient_class, category, is_natural) VALUES ('NAME_riboflavin', 'Riboflavin', 'substance', 'food', 0) ON CONFLICT(canonical_id) DO NOTHING;
INSERT INTO ingredient_alias (canonical_id, alias, alias_normalized, alias_type, language_code, confidence, source) VALUES ('NAME_riboflavin', 'Riboflavin', 'riboflavin', 'synonym', 'en', 1.0, 'FDA CFR 21') ON CONFLICT(alias_normalized, alias_type, COALESCE(language_code, '')) DO NOTHING;
INSERT INTO regulatory_fact (canonical_id, jurisdiction, fact_type, status, regulation_ref, product_category, evidence_id) VALUES ('NAME_riboflavin', 'US_FDA', 'gras', 'GRAS per 21 CFR §184.1695 (Direct Food Substances Affirmed as Generally Recognized as Safe)', '21 CFR §184.1695', 'food', (SELECT id FROM fact_evidence WHERE source_url = 'https://www.ecfr.gov/on/2026-04-16/title-21/part-184' AND snapshot_date = '2026-04-16' LIMIT 1));
INSERT INTO ingredient (canonical_id, primary_name, ingredient_class, category, is_natural) VALUES ('NAME_riboflavin_5_phosphate_sodium', 'Riboflavin-5′-phosphate (sodium)', 'substance', 'food', 0) ON CONFLICT(canonical_id) DO NOTHING;
INSERT INTO ingredient_alias (canonical_id, alias, alias_normalized, alias_type, language_code, confidence, source) VALUES ('NAME_riboflavin_5_phosphate_sodium', 'Riboflavin-5′-phosphate (sodium)', 'riboflavin-5′-phosphate (sodium)', 'synonym', 'en', 1.0, 'FDA CFR 21') ON CONFLICT(alias_normalized, alias_type, COALESCE(language_code, '')) DO NOTHING;
INSERT INTO regulatory_fact (canonical_id, jurisdiction, fact_type, status, regulation_ref, product_category, evidence_id) VALUES ('NAME_riboflavin_5_phosphate_sodium', 'US_FDA', 'gras', 'GRAS per 21 CFR §184.1697 (Direct Food Substances Affirmed as Generally Recognized as Safe)', '21 CFR §184.1697', 'food', (SELECT id FROM fact_evidence WHERE source_url = 'https://www.ecfr.gov/on/2026-04-16/title-21/part-184' AND snapshot_date = '2026-04-16' LIMIT 1));
INSERT INTO ingredient (canonical_id, primary_name, ingredient_class, category, is_natural) VALUES ('NAME_rue', 'Rue', 'substance', 'food', 0) ON CONFLICT(canonical_id) DO NOTHING;
INSERT INTO ingredient_alias (canonical_id, alias, alias_normalized, alias_type, language_code, confidence, source) VALUES ('NAME_rue', 'Rue', 'rue', 'synonym', 'en', 1.0, 'FDA CFR 21') ON CONFLICT(alias_normalized, alias_type, COALESCE(language_code, '')) DO NOTHING;
INSERT INTO regulatory_fact (canonical_id, jurisdiction, fact_type, status, regulation_ref, product_category, evidence_id) VALUES ('NAME_rue', 'US_FDA', 'gras', 'GRAS per 21 CFR §184.1698 (Direct Food Substances Affirmed as Generally Recognized as Safe)', '21 CFR §184.1698', 'food', (SELECT id FROM fact_evidence WHERE source_url = 'https://www.ecfr.gov/on/2026-04-16/title-21/part-184' AND snapshot_date = '2026-04-16' LIMIT 1));
INSERT INTO ingredient (canonical_id, primary_name, ingredient_class, category, is_natural) VALUES ('NAME_oil_of_rue', 'Oil of rue', 'substance', 'food', 0) ON CONFLICT(canonical_id) DO NOTHING;
INSERT INTO ingredient_alias (canonical_id, alias, alias_normalized, alias_type, language_code, confidence, source) VALUES ('NAME_oil_of_rue', 'Oil of rue', 'oil of rue', 'synonym', 'en', 1.0, 'FDA CFR 21') ON CONFLICT(alias_normalized, alias_type, COALESCE(language_code, '')) DO NOTHING;
INSERT INTO regulatory_fact (canonical_id, jurisdiction, fact_type, status, regulation_ref, product_category, evidence_id) VALUES ('NAME_oil_of_rue', 'US_FDA', 'gras', 'GRAS per 21 CFR §184.1699 (Direct Food Substances Affirmed as Generally Recognized as Safe)', '21 CFR §184.1699', 'food', (SELECT id FROM fact_evidence WHERE source_url = 'https://www.ecfr.gov/on/2026-04-16/title-21/part-184' AND snapshot_date = '2026-04-16' LIMIT 1));
INSERT INTO ingredient (canonical_id, primary_name, ingredient_class, category, is_natural) VALUES ('NAME_sheanut_oil', 'Sheanut oil', 'substance', 'food', 0) ON CONFLICT(canonical_id) DO NOTHING;
INSERT INTO ingredient_alias (canonical_id, alias, alias_normalized, alias_type, language_code, confidence, source) VALUES ('NAME_sheanut_oil', 'Sheanut oil', 'sheanut oil', 'synonym', 'en', 1.0, 'FDA CFR 21') ON CONFLICT(alias_normalized, alias_type, COALESCE(language_code, '')) DO NOTHING;
INSERT INTO regulatory_fact (canonical_id, jurisdiction, fact_type, status, regulation_ref, product_category, evidence_id) VALUES ('NAME_sheanut_oil', 'US_FDA', 'gras', 'GRAS per 21 CFR §184.1702 (Direct Food Substances Affirmed as Generally Recognized as Safe)', '21 CFR §184.1702', 'food', (SELECT id FROM fact_evidence WHERE source_url = 'https://www.ecfr.gov/on/2026-04-16/title-21/part-184' AND snapshot_date = '2026-04-16' LIMIT 1));
INSERT INTO ingredient (canonical_id, primary_name, ingredient_class, category, is_natural) VALUES ('NAME_sodium_acetate', 'Sodium acetate', 'substance', 'food', 0) ON CONFLICT(canonical_id) DO NOTHING;
INSERT INTO ingredient_alias (canonical_id, alias, alias_normalized, alias_type, language_code, confidence, source) VALUES ('NAME_sodium_acetate', 'Sodium acetate', 'sodium acetate', 'synonym', 'en', 1.0, 'FDA CFR 21') ON CONFLICT(alias_normalized, alias_type, COALESCE(language_code, '')) DO NOTHING;
INSERT INTO regulatory_fact (canonical_id, jurisdiction, fact_type, status, regulation_ref, product_category, evidence_id) VALUES ('NAME_sodium_acetate', 'US_FDA', 'gras', 'GRAS per 21 CFR §184.1721 (Direct Food Substances Affirmed as Generally Recognized as Safe)', '21 CFR §184.1721', 'food', (SELECT id FROM fact_evidence WHERE source_url = 'https://www.ecfr.gov/on/2026-04-16/title-21/part-184' AND snapshot_date = '2026-04-16' LIMIT 1));
INSERT INTO ingredient (canonical_id, primary_name, ingredient_class, category, is_natural) VALUES ('NAME_sodium_alginate', 'Sodium alginate', 'substance', 'food', 0) ON CONFLICT(canonical_id) DO NOTHING;
INSERT INTO ingredient_alias (canonical_id, alias, alias_normalized, alias_type, language_code, confidence, source) VALUES ('NAME_sodium_alginate', 'Sodium alginate', 'sodium alginate', 'synonym', 'en', 1.0, 'FDA CFR 21') ON CONFLICT(alias_normalized, alias_type, COALESCE(language_code, '')) DO NOTHING;
INSERT INTO regulatory_fact (canonical_id, jurisdiction, fact_type, status, regulation_ref, product_category, evidence_id) VALUES ('NAME_sodium_alginate', 'US_FDA', 'gras', 'GRAS per 21 CFR §184.1724 (Direct Food Substances Affirmed as Generally Recognized as Safe)', '21 CFR §184.1724', 'food', (SELECT id FROM fact_evidence WHERE source_url = 'https://www.ecfr.gov/on/2026-04-16/title-21/part-184' AND snapshot_date = '2026-04-16' LIMIT 1));
INSERT INTO ingredient (canonical_id, primary_name, ingredient_class, category, is_natural) VALUES ('NAME_sodium_benzoate', 'Sodium benzoate', 'substance', 'food', 0) ON CONFLICT(canonical_id) DO NOTHING;
INSERT INTO ingredient_alias (canonical_id, alias, alias_normalized, alias_type, language_code, confidence, source) VALUES ('NAME_sodium_benzoate', 'Sodium benzoate', 'sodium benzoate', 'synonym', 'en', 1.0, 'FDA CFR 21') ON CONFLICT(alias_normalized, alias_type, COALESCE(language_code, '')) DO NOTHING;
INSERT INTO regulatory_fact (canonical_id, jurisdiction, fact_type, status, regulation_ref, product_category, evidence_id) VALUES ('NAME_sodium_benzoate', 'US_FDA', 'gras', 'GRAS per 21 CFR §184.1733 (Direct Food Substances Affirmed as Generally Recognized as Safe)', '21 CFR §184.1733', 'food', (SELECT id FROM fact_evidence WHERE source_url = 'https://www.ecfr.gov/on/2026-04-16/title-21/part-184' AND snapshot_date = '2026-04-16' LIMIT 1));
INSERT INTO ingredient (canonical_id, primary_name, ingredient_class, category, is_natural) VALUES ('NAME_sodium_bicarbonate', 'Sodium bicarbonate', 'substance', 'food', 0) ON CONFLICT(canonical_id) DO NOTHING;
INSERT INTO ingredient_alias (canonical_id, alias, alias_normalized, alias_type, language_code, confidence, source) VALUES ('NAME_sodium_bicarbonate', 'Sodium bicarbonate', 'sodium bicarbonate', 'synonym', 'en', 1.0, 'FDA CFR 21') ON CONFLICT(alias_normalized, alias_type, COALESCE(language_code, '')) DO NOTHING;
INSERT INTO regulatory_fact (canonical_id, jurisdiction, fact_type, status, regulation_ref, product_category, evidence_id) VALUES ('NAME_sodium_bicarbonate', 'US_FDA', 'gras', 'GRAS per 21 CFR §184.1736 (Direct Food Substances Affirmed as Generally Recognized as Safe)', '21 CFR §184.1736', 'food', (SELECT id FROM fact_evidence WHERE source_url = 'https://www.ecfr.gov/on/2026-04-16/title-21/part-184' AND snapshot_date = '2026-04-16' LIMIT 1));
INSERT INTO ingredient (canonical_id, primary_name, ingredient_class, category, is_natural) VALUES ('NAME_sodium_carbonate', 'Sodium carbonate', 'substance', 'food', 0) ON CONFLICT(canonical_id) DO NOTHING;
INSERT INTO ingredient_alias (canonical_id, alias, alias_normalized, alias_type, language_code, confidence, source) VALUES ('NAME_sodium_carbonate', 'Sodium carbonate', 'sodium carbonate', 'synonym', 'en', 1.0, 'FDA CFR 21') ON CONFLICT(alias_normalized, alias_type, COALESCE(language_code, '')) DO NOTHING;
INSERT INTO regulatory_fact (canonical_id, jurisdiction, fact_type, status, regulation_ref, product_category, evidence_id) VALUES ('NAME_sodium_carbonate', 'US_FDA', 'gras', 'GRAS per 21 CFR §184.1742 (Direct Food Substances Affirmed as Generally Recognized as Safe)', '21 CFR §184.1742', 'food', (SELECT id FROM fact_evidence WHERE source_url = 'https://www.ecfr.gov/on/2026-04-16/title-21/part-184' AND snapshot_date = '2026-04-16' LIMIT 1));
INSERT INTO ingredient (canonical_id, primary_name, ingredient_class, category, is_natural) VALUES ('NAME_sodium_citrate', 'Sodium citrate', 'substance', 'food', 0) ON CONFLICT(canonical_id) DO NOTHING;
INSERT INTO ingredient_alias (canonical_id, alias, alias_normalized, alias_type, language_code, confidence, source) VALUES ('NAME_sodium_citrate', 'Sodium citrate', 'sodium citrate', 'synonym', 'en', 1.0, 'FDA CFR 21') ON CONFLICT(alias_normalized, alias_type, COALESCE(language_code, '')) DO NOTHING;
INSERT INTO regulatory_fact (canonical_id, jurisdiction, fact_type, status, regulation_ref, product_category, evidence_id) VALUES ('NAME_sodium_citrate', 'US_FDA', 'gras', 'GRAS per 21 CFR §184.1751 (Direct Food Substances Affirmed as Generally Recognized as Safe)', '21 CFR §184.1751', 'food', (SELECT id FROM fact_evidence WHERE source_url = 'https://www.ecfr.gov/on/2026-04-16/title-21/part-184' AND snapshot_date = '2026-04-16' LIMIT 1));
INSERT INTO ingredient (canonical_id, primary_name, ingredient_class, category, is_natural) VALUES ('NAME_sodium_diacetate', 'Sodium diacetate', 'substance', 'food', 0) ON CONFLICT(canonical_id) DO NOTHING;
INSERT INTO ingredient_alias (canonical_id, alias, alias_normalized, alias_type, language_code, confidence, source) VALUES ('NAME_sodium_diacetate', 'Sodium diacetate', 'sodium diacetate', 'synonym', 'en', 1.0, 'FDA CFR 21') ON CONFLICT(alias_normalized, alias_type, COALESCE(language_code, '')) DO NOTHING;
INSERT INTO regulatory_fact (canonical_id, jurisdiction, fact_type, status, regulation_ref, product_category, evidence_id) VALUES ('NAME_sodium_diacetate', 'US_FDA', 'gras', 'GRAS per 21 CFR §184.1754 (Direct Food Substances Affirmed as Generally Recognized as Safe)', '21 CFR §184.1754', 'food', (SELECT id FROM fact_evidence WHERE source_url = 'https://www.ecfr.gov/on/2026-04-16/title-21/part-184' AND snapshot_date = '2026-04-16' LIMIT 1));
INSERT INTO ingredient (canonical_id, primary_name, ingredient_class, category, is_natural) VALUES ('NAME_sodium_hydroxide', 'Sodium hydroxide', 'substance', 'food', 0) ON CONFLICT(canonical_id) DO NOTHING;
INSERT INTO ingredient_alias (canonical_id, alias, alias_normalized, alias_type, language_code, confidence, source) VALUES ('NAME_sodium_hydroxide', 'Sodium hydroxide', 'sodium hydroxide', 'synonym', 'en', 1.0, 'FDA CFR 21') ON CONFLICT(alias_normalized, alias_type, COALESCE(language_code, '')) DO NOTHING;
INSERT INTO regulatory_fact (canonical_id, jurisdiction, fact_type, status, regulation_ref, product_category, evidence_id) VALUES ('NAME_sodium_hydroxide', 'US_FDA', 'gras', 'GRAS per 21 CFR §184.1763 (Direct Food Substances Affirmed as Generally Recognized as Safe)', '21 CFR §184.1763', 'food', (SELECT id FROM fact_evidence WHERE source_url = 'https://www.ecfr.gov/on/2026-04-16/title-21/part-184' AND snapshot_date = '2026-04-16' LIMIT 1));
INSERT INTO ingredient (canonical_id, primary_name, ingredient_class, category, is_natural) VALUES ('NAME_sodium_hypophosphite', 'Sodium hypophosphite', 'substance', 'food', 0) ON CONFLICT(canonical_id) DO NOTHING;
INSERT INTO ingredient_alias (canonical_id, alias, alias_normalized, alias_type, language_code, confidence, source) VALUES ('NAME_sodium_hypophosphite', 'Sodium hypophosphite', 'sodium hypophosphite', 'synonym', 'en', 1.0, 'FDA CFR 21') ON CONFLICT(alias_normalized, alias_type, COALESCE(language_code, '')) DO NOTHING;
INSERT INTO regulatory_fact (canonical_id, jurisdiction, fact_type, status, regulation_ref, product_category, evidence_id) VALUES ('NAME_sodium_hypophosphite', 'US_FDA', 'gras', 'GRAS per 21 CFR §184.1764 (Direct Food Substances Affirmed as Generally Recognized as Safe)', '21 CFR §184.1764', 'food', (SELECT id FROM fact_evidence WHERE source_url = 'https://www.ecfr.gov/on/2026-04-16/title-21/part-184' AND snapshot_date = '2026-04-16' LIMIT 1));
INSERT INTO ingredient (canonical_id, primary_name, ingredient_class, category, is_natural) VALUES ('NAME_sodium_lactate', 'Sodium lactate', 'substance', 'food', 0) ON CONFLICT(canonical_id) DO NOTHING;
INSERT INTO ingredient_alias (canonical_id, alias, alias_normalized, alias_type, language_code, confidence, source) VALUES ('NAME_sodium_lactate', 'Sodium lactate', 'sodium lactate', 'synonym', 'en', 1.0, 'FDA CFR 21') ON CONFLICT(alias_normalized, alias_type, COALESCE(language_code, '')) DO NOTHING;
INSERT INTO regulatory_fact (canonical_id, jurisdiction, fact_type, status, regulation_ref, product_category, evidence_id) VALUES ('NAME_sodium_lactate', 'US_FDA', 'gras', 'GRAS per 21 CFR §184.1768 (Direct Food Substances Affirmed as Generally Recognized as Safe)', '21 CFR §184.1768', 'food', (SELECT id FROM fact_evidence WHERE source_url = 'https://www.ecfr.gov/on/2026-04-16/title-21/part-184' AND snapshot_date = '2026-04-16' LIMIT 1));
INSERT INTO ingredient (canonical_id, primary_name, ingredient_class, category, is_natural) VALUES ('NAME_sodium_propionate', 'Sodium propionate', 'substance', 'food', 0) ON CONFLICT(canonical_id) DO NOTHING;
INSERT INTO ingredient_alias (canonical_id, alias, alias_normalized, alias_type, language_code, confidence, source) VALUES ('NAME_sodium_propionate', 'Sodium propionate', 'sodium propionate', 'synonym', 'en', 1.0, 'FDA CFR 21') ON CONFLICT(alias_normalized, alias_type, COALESCE(language_code, '')) DO NOTHING;
INSERT INTO regulatory_fact (canonical_id, jurisdiction, fact_type, status, regulation_ref, product_category, evidence_id) VALUES ('NAME_sodium_propionate', 'US_FDA', 'gras', 'GRAS per 21 CFR §184.1784 (Direct Food Substances Affirmed as Generally Recognized as Safe)', '21 CFR §184.1784', 'food', (SELECT id FROM fact_evidence WHERE source_url = 'https://www.ecfr.gov/on/2026-04-16/title-21/part-184' AND snapshot_date = '2026-04-16' LIMIT 1));
INSERT INTO ingredient (canonical_id, primary_name, ingredient_class, category, is_natural) VALUES ('NAME_sodium_sesquicarbonate', 'Sodium sesquicarbonate', 'substance', 'food', 0) ON CONFLICT(canonical_id) DO NOTHING;
INSERT INTO ingredient_alias (canonical_id, alias, alias_normalized, alias_type, language_code, confidence, source) VALUES ('NAME_sodium_sesquicarbonate', 'Sodium sesquicarbonate', 'sodium sesquicarbonate', 'synonym', 'en', 1.0, 'FDA CFR 21') ON CONFLICT(alias_normalized, alias_type, COALESCE(language_code, '')) DO NOTHING;
INSERT INTO regulatory_fact (canonical_id, jurisdiction, fact_type, status, regulation_ref, product_category, evidence_id) VALUES ('NAME_sodium_sesquicarbonate', 'US_FDA', 'gras', 'GRAS per 21 CFR §184.1792 (Direct Food Substances Affirmed as Generally Recognized as Safe)', '21 CFR §184.1792', 'food', (SELECT id FROM fact_evidence WHERE source_url = 'https://www.ecfr.gov/on/2026-04-16/title-21/part-184' AND snapshot_date = '2026-04-16' LIMIT 1));
INSERT INTO ingredient (canonical_id, primary_name, ingredient_class, category, is_natural) VALUES ('NAME_sodium_tartrate', 'Sodium tartrate', 'substance', 'food', 0) ON CONFLICT(canonical_id) DO NOTHING;
INSERT INTO ingredient_alias (canonical_id, alias, alias_normalized, alias_type, language_code, confidence, source) VALUES ('NAME_sodium_tartrate', 'Sodium tartrate', 'sodium tartrate', 'synonym', 'en', 1.0, 'FDA CFR 21') ON CONFLICT(alias_normalized, alias_type, COALESCE(language_code, '')) DO NOTHING;
INSERT INTO regulatory_fact (canonical_id, jurisdiction, fact_type, status, regulation_ref, product_category, evidence_id) VALUES ('NAME_sodium_tartrate', 'US_FDA', 'gras', 'GRAS per 21 CFR §184.1801 (Direct Food Substances Affirmed as Generally Recognized as Safe)', '21 CFR §184.1801', 'food', (SELECT id FROM fact_evidence WHERE source_url = 'https://www.ecfr.gov/on/2026-04-16/title-21/part-184' AND snapshot_date = '2026-04-16' LIMIT 1));
INSERT INTO ingredient (canonical_id, primary_name, ingredient_class, category, is_natural) VALUES ('NAME_sodium_potassium_tartrate', 'Sodium potassium tartrate', 'substance', 'food', 0) ON CONFLICT(canonical_id) DO NOTHING;
INSERT INTO ingredient_alias (canonical_id, alias, alias_normalized, alias_type, language_code, confidence, source) VALUES ('NAME_sodium_potassium_tartrate', 'Sodium potassium tartrate', 'sodium potassium tartrate', 'synonym', 'en', 1.0, 'FDA CFR 21') ON CONFLICT(alias_normalized, alias_type, COALESCE(language_code, '')) DO NOTHING;
INSERT INTO regulatory_fact (canonical_id, jurisdiction, fact_type, status, regulation_ref, product_category, evidence_id) VALUES ('NAME_sodium_potassium_tartrate', 'US_FDA', 'gras', 'GRAS per 21 CFR §184.1804 (Direct Food Substances Affirmed as Generally Recognized as Safe)', '21 CFR §184.1804', 'food', (SELECT id FROM fact_evidence WHERE source_url = 'https://www.ecfr.gov/on/2026-04-16/title-21/part-184' AND snapshot_date = '2026-04-16' LIMIT 1));
INSERT INTO ingredient (canonical_id, primary_name, ingredient_class, category, is_natural) VALUES ('NAME_sodium_thiosulfate', 'Sodium thiosulfate', 'substance', 'food', 0) ON CONFLICT(canonical_id) DO NOTHING;
INSERT INTO ingredient_alias (canonical_id, alias, alias_normalized, alias_type, language_code, confidence, source) VALUES ('NAME_sodium_thiosulfate', 'Sodium thiosulfate', 'sodium thiosulfate', 'synonym', 'en', 1.0, 'FDA CFR 21') ON CONFLICT(alias_normalized, alias_type, COALESCE(language_code, '')) DO NOTHING;
INSERT INTO regulatory_fact (canonical_id, jurisdiction, fact_type, status, regulation_ref, product_category, evidence_id) VALUES ('NAME_sodium_thiosulfate', 'US_FDA', 'gras', 'GRAS per 21 CFR §184.1807 (Direct Food Substances Affirmed as Generally Recognized as Safe)', '21 CFR §184.1807', 'food', (SELECT id FROM fact_evidence WHERE source_url = 'https://www.ecfr.gov/on/2026-04-16/title-21/part-184' AND snapshot_date = '2026-04-16' LIMIT 1));
INSERT INTO ingredient (canonical_id, primary_name, ingredient_class, category, is_natural) VALUES ('NAME_sorbitol', 'Sorbitol', 'substance', 'food', 0) ON CONFLICT(canonical_id) DO NOTHING;
INSERT INTO ingredient_alias (canonical_id, alias, alias_normalized, alias_type, language_code, confidence, source) VALUES ('NAME_sorbitol', 'Sorbitol', 'sorbitol', 'synonym', 'en', 1.0, 'FDA CFR 21') ON CONFLICT(alias_normalized, alias_type, COALESCE(language_code, '')) DO NOTHING;
INSERT INTO regulatory_fact (canonical_id, jurisdiction, fact_type, status, regulation_ref, product_category, evidence_id) VALUES ('NAME_sorbitol', 'US_FDA', 'gras', 'GRAS per 21 CFR §184.1835 (Direct Food Substances Affirmed as Generally Recognized as Safe)', '21 CFR §184.1835', 'food', (SELECT id FROM fact_evidence WHERE source_url = 'https://www.ecfr.gov/on/2026-04-16/title-21/part-184' AND snapshot_date = '2026-04-16' LIMIT 1));
INSERT INTO ingredient (canonical_id, primary_name, ingredient_class, category, is_natural) VALUES ('NAME_stannous_chloride_anhydrous_and_dihydrated', 'Stannous chloride (anhydrous and dihydrated)', 'substance', 'food', 0) ON CONFLICT(canonical_id) DO NOTHING;
INSERT INTO ingredient_alias (canonical_id, alias, alias_normalized, alias_type, language_code, confidence, source) VALUES ('NAME_stannous_chloride_anhydrous_and_dihydrated', 'Stannous chloride (anhydrous and dihydrated)', 'stannous chloride (anhydrous and dihydrated)', 'synonym', 'en', 1.0, 'FDA CFR 21') ON CONFLICT(alias_normalized, alias_type, COALESCE(language_code, '')) DO NOTHING;
INSERT INTO regulatory_fact (canonical_id, jurisdiction, fact_type, status, regulation_ref, product_category, evidence_id) VALUES ('NAME_stannous_chloride_anhydrous_and_dihydrated', 'US_FDA', 'gras', 'GRAS per 21 CFR §184.1845 (Direct Food Substances Affirmed as Generally Recognized as Safe)', '21 CFR §184.1845', 'food', (SELECT id FROM fact_evidence WHERE source_url = 'https://www.ecfr.gov/on/2026-04-16/title-21/part-184' AND snapshot_date = '2026-04-16' LIMIT 1));
INSERT INTO ingredient (canonical_id, primary_name, ingredient_class, category, is_natural) VALUES ('NAME_starter_distillate', 'Starter distillate', 'substance', 'food', 0) ON CONFLICT(canonical_id) DO NOTHING;
INSERT INTO ingredient_alias (canonical_id, alias, alias_normalized, alias_type, language_code, confidence, source) VALUES ('NAME_starter_distillate', 'Starter distillate', 'starter distillate', 'synonym', 'en', 1.0, 'FDA CFR 21') ON CONFLICT(alias_normalized, alias_type, COALESCE(language_code, '')) DO NOTHING;
INSERT INTO regulatory_fact (canonical_id, jurisdiction, fact_type, status, regulation_ref, product_category, evidence_id) VALUES ('NAME_starter_distillate', 'US_FDA', 'gras', 'GRAS per 21 CFR §184.1848 (Direct Food Substances Affirmed as Generally Recognized as Safe)', '21 CFR §184.1848', 'food', (SELECT id FROM fact_evidence WHERE source_url = 'https://www.ecfr.gov/on/2026-04-16/title-21/part-184' AND snapshot_date = '2026-04-16' LIMIT 1));
INSERT INTO ingredient (canonical_id, primary_name, ingredient_class, category, is_natural) VALUES ('NAME_stearyl_citrate', 'Stearyl citrate', 'substance', 'food', 0) ON CONFLICT(canonical_id) DO NOTHING;
INSERT INTO ingredient_alias (canonical_id, alias, alias_normalized, alias_type, language_code, confidence, source) VALUES ('NAME_stearyl_citrate', 'Stearyl citrate', 'stearyl citrate', 'synonym', 'en', 1.0, 'FDA CFR 21') ON CONFLICT(alias_normalized, alias_type, COALESCE(language_code, '')) DO NOTHING;
INSERT INTO regulatory_fact (canonical_id, jurisdiction, fact_type, status, regulation_ref, product_category, evidence_id) VALUES ('NAME_stearyl_citrate', 'US_FDA', 'gras', 'GRAS per 21 CFR §184.1851 (Direct Food Substances Affirmed as Generally Recognized as Safe)', '21 CFR §184.1851', 'food', (SELECT id FROM fact_evidence WHERE source_url = 'https://www.ecfr.gov/on/2026-04-16/title-21/part-184' AND snapshot_date = '2026-04-16' LIMIT 1));
INSERT INTO ingredient (canonical_id, primary_name, ingredient_class, category, is_natural) VALUES ('NAME_sucrose', 'Sucrose', 'substance', 'food', 0) ON CONFLICT(canonical_id) DO NOTHING;
INSERT INTO ingredient_alias (canonical_id, alias, alias_normalized, alias_type, language_code, confidence, source) VALUES ('NAME_sucrose', 'Sucrose', 'sucrose', 'synonym', 'en', 1.0, 'FDA CFR 21') ON CONFLICT(alias_normalized, alias_type, COALESCE(language_code, '')) DO NOTHING;
INSERT INTO regulatory_fact (canonical_id, jurisdiction, fact_type, status, regulation_ref, product_category, evidence_id) VALUES ('NAME_sucrose', 'US_FDA', 'gras', 'GRAS per 21 CFR §184.1854 (Direct Food Substances Affirmed as Generally Recognized as Safe)', '21 CFR §184.1854', 'food', (SELECT id FROM fact_evidence WHERE source_url = 'https://www.ecfr.gov/on/2026-04-16/title-21/part-184' AND snapshot_date = '2026-04-16' LIMIT 1));
INSERT INTO ingredient (canonical_id, primary_name, ingredient_class, category, is_natural) VALUES ('NAME_corn_sugar', 'Corn sugar', 'substance', 'food', 0) ON CONFLICT(canonical_id) DO NOTHING;
INSERT INTO ingredient_alias (canonical_id, alias, alias_normalized, alias_type, language_code, confidence, source) VALUES ('NAME_corn_sugar', 'Corn sugar', 'corn sugar', 'synonym', 'en', 1.0, 'FDA CFR 21') ON CONFLICT(alias_normalized, alias_type, COALESCE(language_code, '')) DO NOTHING;
INSERT INTO regulatory_fact (canonical_id, jurisdiction, fact_type, status, regulation_ref, product_category, evidence_id) VALUES ('NAME_corn_sugar', 'US_FDA', 'gras', 'GRAS per 21 CFR §184.1857 (Direct Food Substances Affirmed as Generally Recognized as Safe)', '21 CFR §184.1857', 'food', (SELECT id FROM fact_evidence WHERE source_url = 'https://www.ecfr.gov/on/2026-04-16/title-21/part-184' AND snapshot_date = '2026-04-16' LIMIT 1));
INSERT INTO ingredient (canonical_id, primary_name, ingredient_class, category, is_natural) VALUES ('NAME_invert_sugar', 'Invert sugar', 'substance', 'food', 0) ON CONFLICT(canonical_id) DO NOTHING;
INSERT INTO ingredient_alias (canonical_id, alias, alias_normalized, alias_type, language_code, confidence, source) VALUES ('NAME_invert_sugar', 'Invert sugar', 'invert sugar', 'synonym', 'en', 1.0, 'FDA CFR 21') ON CONFLICT(alias_normalized, alias_type, COALESCE(language_code, '')) DO NOTHING;
INSERT INTO regulatory_fact (canonical_id, jurisdiction, fact_type, status, regulation_ref, product_category, evidence_id) VALUES ('NAME_invert_sugar', 'US_FDA', 'gras', 'GRAS per 21 CFR §184.1859 (Direct Food Substances Affirmed as Generally Recognized as Safe)', '21 CFR §184.1859', 'food', (SELECT id FROM fact_evidence WHERE source_url = 'https://www.ecfr.gov/on/2026-04-16/title-21/part-184' AND snapshot_date = '2026-04-16' LIMIT 1));
INSERT INTO ingredient (canonical_id, primary_name, ingredient_class, category, is_natural) VALUES ('NAME_corn_syrup', 'Corn syrup', 'substance', 'food', 0) ON CONFLICT(canonical_id) DO NOTHING;
INSERT INTO ingredient_alias (canonical_id, alias, alias_normalized, alias_type, language_code, confidence, source) VALUES ('NAME_corn_syrup', 'Corn syrup', 'corn syrup', 'synonym', 'en', 1.0, 'FDA CFR 21') ON CONFLICT(alias_normalized, alias_type, COALESCE(language_code, '')) DO NOTHING;
INSERT INTO regulatory_fact (canonical_id, jurisdiction, fact_type, status, regulation_ref, product_category, evidence_id) VALUES ('NAME_corn_syrup', 'US_FDA', 'gras', 'GRAS per 21 CFR §184.1865 (Direct Food Substances Affirmed as Generally Recognized as Safe)', '21 CFR §184.1865', 'food', (SELECT id FROM fact_evidence WHERE source_url = 'https://www.ecfr.gov/on/2026-04-16/title-21/part-184' AND snapshot_date = '2026-04-16' LIMIT 1));
INSERT INTO ingredient (canonical_id, primary_name, ingredient_class, category, is_natural) VALUES ('NAME_high_fructose_corn_syrup', 'High fructose corn syrup', 'substance', 'food', 0) ON CONFLICT(canonical_id) DO NOTHING;
INSERT INTO ingredient_alias (canonical_id, alias, alias_normalized, alias_type, language_code, confidence, source) VALUES ('NAME_high_fructose_corn_syrup', 'High fructose corn syrup', 'high fructose corn syrup', 'synonym', 'en', 1.0, 'FDA CFR 21') ON CONFLICT(alias_normalized, alias_type, COALESCE(language_code, '')) DO NOTHING;
INSERT INTO regulatory_fact (canonical_id, jurisdiction, fact_type, status, regulation_ref, product_category, evidence_id) VALUES ('NAME_high_fructose_corn_syrup', 'US_FDA', 'gras', 'GRAS per 21 CFR §184.1866 (Direct Food Substances Affirmed as Generally Recognized as Safe)', '21 CFR §184.1866', 'food', (SELECT id FROM fact_evidence WHERE source_url = 'https://www.ecfr.gov/on/2026-04-16/title-21/part-184' AND snapshot_date = '2026-04-16' LIMIT 1));
INSERT INTO ingredient (canonical_id, primary_name, ingredient_class, category, is_natural) VALUES ('NAME_thiamine_hydrochloride', 'Thiamine hydrochloride', 'substance', 'food', 0) ON CONFLICT(canonical_id) DO NOTHING;
INSERT INTO ingredient_alias (canonical_id, alias, alias_normalized, alias_type, language_code, confidence, source) VALUES ('NAME_thiamine_hydrochloride', 'Thiamine hydrochloride', 'thiamine hydrochloride', 'synonym', 'en', 1.0, 'FDA CFR 21') ON CONFLICT(alias_normalized, alias_type, COALESCE(language_code, '')) DO NOTHING;
INSERT INTO regulatory_fact (canonical_id, jurisdiction, fact_type, status, regulation_ref, product_category, evidence_id) VALUES ('NAME_thiamine_hydrochloride', 'US_FDA', 'gras', 'GRAS per 21 CFR §184.1875 (Direct Food Substances Affirmed as Generally Recognized as Safe)', '21 CFR §184.1875', 'food', (SELECT id FROM fact_evidence WHERE source_url = 'https://www.ecfr.gov/on/2026-04-16/title-21/part-184' AND snapshot_date = '2026-04-16' LIMIT 1));
INSERT INTO ingredient (canonical_id, primary_name, ingredient_class, category, is_natural) VALUES ('NAME_thiamine_mononitrate', 'Thiamine mononitrate', 'substance', 'food', 0) ON CONFLICT(canonical_id) DO NOTHING;
INSERT INTO ingredient_alias (canonical_id, alias, alias_normalized, alias_type, language_code, confidence, source) VALUES ('NAME_thiamine_mononitrate', 'Thiamine mononitrate', 'thiamine mononitrate', 'synonym', 'en', 1.0, 'FDA CFR 21') ON CONFLICT(alias_normalized, alias_type, COALESCE(language_code, '')) DO NOTHING;
INSERT INTO regulatory_fact (canonical_id, jurisdiction, fact_type, status, regulation_ref, product_category, evidence_id) VALUES ('NAME_thiamine_mononitrate', 'US_FDA', 'gras', 'GRAS per 21 CFR §184.1878 (Direct Food Substances Affirmed as Generally Recognized as Safe)', '21 CFR §184.1878', 'food', (SELECT id FROM fact_evidence WHERE source_url = 'https://www.ecfr.gov/on/2026-04-16/title-21/part-184' AND snapshot_date = '2026-04-16' LIMIT 1));
INSERT INTO ingredient (canonical_id, primary_name, ingredient_class, category, is_natural) VALUES ('NAME_α_tocopherols', 'α-Tocopherols', 'substance', 'food', 0) ON CONFLICT(canonical_id) DO NOTHING;
INSERT INTO ingredient_alias (canonical_id, alias, alias_normalized, alias_type, language_code, confidence, source) VALUES ('NAME_α_tocopherols', 'α-Tocopherols', 'α-tocopherols', 'synonym', 'en', 1.0, 'FDA CFR 21') ON CONFLICT(alias_normalized, alias_type, COALESCE(language_code, '')) DO NOTHING;
INSERT INTO regulatory_fact (canonical_id, jurisdiction, fact_type, status, regulation_ref, product_category, evidence_id) VALUES ('NAME_α_tocopherols', 'US_FDA', 'gras', 'GRAS per 21 CFR §184.1890 (Direct Food Substances Affirmed as Generally Recognized as Safe)', '21 CFR §184.1890', 'food', (SELECT id FROM fact_evidence WHERE source_url = 'https://www.ecfr.gov/on/2026-04-16/title-21/part-184' AND snapshot_date = '2026-04-16' LIMIT 1));
INSERT INTO ingredient (canonical_id, primary_name, ingredient_class, category, is_natural) VALUES ('NAME_triacetin', 'Triacetin', 'substance', 'food', 0) ON CONFLICT(canonical_id) DO NOTHING;
INSERT INTO ingredient_alias (canonical_id, alias, alias_normalized, alias_type, language_code, confidence, source) VALUES ('NAME_triacetin', 'Triacetin', 'triacetin', 'synonym', 'en', 1.0, 'FDA CFR 21') ON CONFLICT(alias_normalized, alias_type, COALESCE(language_code, '')) DO NOTHING;
INSERT INTO regulatory_fact (canonical_id, jurisdiction, fact_type, status, regulation_ref, product_category, evidence_id) VALUES ('NAME_triacetin', 'US_FDA', 'gras', 'GRAS per 21 CFR §184.1901 (Direct Food Substances Affirmed as Generally Recognized as Safe)', '21 CFR §184.1901', 'food', (SELECT id FROM fact_evidence WHERE source_url = 'https://www.ecfr.gov/on/2026-04-16/title-21/part-184' AND snapshot_date = '2026-04-16' LIMIT 1));
INSERT INTO ingredient (canonical_id, primary_name, ingredient_class, category, is_natural) VALUES ('NAME_tributyrin', 'Tributyrin', 'substance', 'food', 0) ON CONFLICT(canonical_id) DO NOTHING;
INSERT INTO ingredient_alias (canonical_id, alias, alias_normalized, alias_type, language_code, confidence, source) VALUES ('NAME_tributyrin', 'Tributyrin', 'tributyrin', 'synonym', 'en', 1.0, 'FDA CFR 21') ON CONFLICT(alias_normalized, alias_type, COALESCE(language_code, '')) DO NOTHING;
INSERT INTO regulatory_fact (canonical_id, jurisdiction, fact_type, status, regulation_ref, product_category, evidence_id) VALUES ('NAME_tributyrin', 'US_FDA', 'gras', 'GRAS per 21 CFR §184.1903 (Direct Food Substances Affirmed as Generally Recognized as Safe)', '21 CFR §184.1903', 'food', (SELECT id FROM fact_evidence WHERE source_url = 'https://www.ecfr.gov/on/2026-04-16/title-21/part-184' AND snapshot_date = '2026-04-16' LIMIT 1));
INSERT INTO ingredient (canonical_id, primary_name, ingredient_class, category, is_natural) VALUES ('NAME_triethyl_citrate', 'Triethyl citrate', 'substance', 'food', 0) ON CONFLICT(canonical_id) DO NOTHING;
INSERT INTO ingredient_alias (canonical_id, alias, alias_normalized, alias_type, language_code, confidence, source) VALUES ('NAME_triethyl_citrate', 'Triethyl citrate', 'triethyl citrate', 'synonym', 'en', 1.0, 'FDA CFR 21') ON CONFLICT(alias_normalized, alias_type, COALESCE(language_code, '')) DO NOTHING;
INSERT INTO regulatory_fact (canonical_id, jurisdiction, fact_type, status, regulation_ref, product_category, evidence_id) VALUES ('NAME_triethyl_citrate', 'US_FDA', 'gras', 'GRAS per 21 CFR §184.1911 (Direct Food Substances Affirmed as Generally Recognized as Safe)', '21 CFR §184.1911', 'food', (SELECT id FROM fact_evidence WHERE source_url = 'https://www.ecfr.gov/on/2026-04-16/title-21/part-184' AND snapshot_date = '2026-04-16' LIMIT 1));
INSERT INTO ingredient (canonical_id, primary_name, ingredient_class, category, is_natural) VALUES ('NAME_trypsin', 'Trypsin', 'substance', 'food', 0) ON CONFLICT(canonical_id) DO NOTHING;
INSERT INTO ingredient_alias (canonical_id, alias, alias_normalized, alias_type, language_code, confidence, source) VALUES ('NAME_trypsin', 'Trypsin', 'trypsin', 'synonym', 'en', 1.0, 'FDA CFR 21') ON CONFLICT(alias_normalized, alias_type, COALESCE(language_code, '')) DO NOTHING;
INSERT INTO regulatory_fact (canonical_id, jurisdiction, fact_type, status, regulation_ref, product_category, evidence_id) VALUES ('NAME_trypsin', 'US_FDA', 'gras', 'GRAS per 21 CFR §184.1914 (Direct Food Substances Affirmed as Generally Recognized as Safe)', '21 CFR §184.1914', 'food', (SELECT id FROM fact_evidence WHERE source_url = 'https://www.ecfr.gov/on/2026-04-16/title-21/part-184' AND snapshot_date = '2026-04-16' LIMIT 1));
INSERT INTO ingredient (canonical_id, primary_name, ingredient_class, category, is_natural) VALUES ('NAME_urea', 'Urea', 'substance', 'food', 0) ON CONFLICT(canonical_id) DO NOTHING;
INSERT INTO ingredient_alias (canonical_id, alias, alias_normalized, alias_type, language_code, confidence, source) VALUES ('NAME_urea', 'Urea', 'urea', 'synonym', 'en', 1.0, 'FDA CFR 21') ON CONFLICT(alias_normalized, alias_type, COALESCE(language_code, '')) DO NOTHING;
INSERT INTO regulatory_fact (canonical_id, jurisdiction, fact_type, status, regulation_ref, product_category, evidence_id) VALUES ('NAME_urea', 'US_FDA', 'gras', 'GRAS per 21 CFR §184.1923 (Direct Food Substances Affirmed as Generally Recognized as Safe)', '21 CFR §184.1923', 'food', (SELECT id FROM fact_evidence WHERE source_url = 'https://www.ecfr.gov/on/2026-04-16/title-21/part-184' AND snapshot_date = '2026-04-16' LIMIT 1));
INSERT INTO ingredient (canonical_id, primary_name, ingredient_class, category, is_natural) VALUES ('NAME_urease_enzyme_preparation_from_lactobacillus_fermentum', 'Urease enzyme preparation from Lactobacillus fermentum', 'substance', 'food', 0) ON CONFLICT(canonical_id) DO NOTHING;
INSERT INTO ingredient_alias (canonical_id, alias, alias_normalized, alias_type, language_code, confidence, source) VALUES ('NAME_urease_enzyme_preparation_from_lactobacillus_fermentum', 'Urease enzyme preparation from Lactobacillus fermentum', 'urease enzyme preparation from lactobacillus fermentum', 'synonym', 'en', 1.0, 'FDA CFR 21') ON CONFLICT(alias_normalized, alias_type, COALESCE(language_code, '')) DO NOTHING;
INSERT INTO regulatory_fact (canonical_id, jurisdiction, fact_type, status, regulation_ref, product_category, evidence_id) VALUES ('NAME_urease_enzyme_preparation_from_lactobacillus_fermentum', 'US_FDA', 'gras', 'GRAS per 21 CFR §184.1924 (Direct Food Substances Affirmed as Generally Recognized as Safe)', '21 CFR §184.1924', 'food', (SELECT id FROM fact_evidence WHERE source_url = 'https://www.ecfr.gov/on/2026-04-16/title-21/part-184' AND snapshot_date = '2026-04-16' LIMIT 1));
INSERT INTO ingredient (canonical_id, primary_name, ingredient_class, category, is_natural) VALUES ('NAME_vitamin_a', 'Vitamin A', 'substance', 'food', 0) ON CONFLICT(canonical_id) DO NOTHING;
INSERT INTO ingredient_alias (canonical_id, alias, alias_normalized, alias_type, language_code, confidence, source) VALUES ('NAME_vitamin_a', 'Vitamin A', 'vitamin a', 'synonym', 'en', 1.0, 'FDA CFR 21') ON CONFLICT(alias_normalized, alias_type, COALESCE(language_code, '')) DO NOTHING;
INSERT INTO regulatory_fact (canonical_id, jurisdiction, fact_type, status, regulation_ref, product_category, evidence_id) VALUES ('NAME_vitamin_a', 'US_FDA', 'gras', 'GRAS per 21 CFR §184.1930 (Direct Food Substances Affirmed as Generally Recognized as Safe)', '21 CFR §184.1930', 'food', (SELECT id FROM fact_evidence WHERE source_url = 'https://www.ecfr.gov/on/2026-04-16/title-21/part-184' AND snapshot_date = '2026-04-16' LIMIT 1));
INSERT INTO ingredient (canonical_id, primary_name, ingredient_class, category, is_natural) VALUES ('NAME_vitamin_b', 'Vitamin B', 'substance', 'food', 0) ON CONFLICT(canonical_id) DO NOTHING;
INSERT INTO ingredient_alias (canonical_id, alias, alias_normalized, alias_type, language_code, confidence, source) VALUES ('NAME_vitamin_b', 'Vitamin B', 'vitamin b', 'synonym', 'en', 1.0, 'FDA CFR 21') ON CONFLICT(alias_normalized, alias_type, COALESCE(language_code, '')) DO NOTHING;
INSERT INTO regulatory_fact (canonical_id, jurisdiction, fact_type, status, regulation_ref, product_category, evidence_id) VALUES ('NAME_vitamin_b', 'US_FDA', 'gras', 'GRAS per 21 CFR §184.1945 (Direct Food Substances Affirmed as Generally Recognized as Safe)', '21 CFR §184.1945', 'food', (SELECT id FROM fact_evidence WHERE source_url = 'https://www.ecfr.gov/on/2026-04-16/title-21/part-184' AND snapshot_date = '2026-04-16' LIMIT 1));
INSERT INTO regulatory_fact (canonical_id, jurisdiction, fact_type, status, regulation_ref, product_category, evidence_id) VALUES ('NAME_vitamin_d', 'US_FDA', 'gras', 'GRAS per 21 CFR §184.1950 (Direct Food Substances Affirmed as Generally Recognized as Safe)', '21 CFR §184.1950', 'food', (SELECT id FROM fact_evidence WHERE source_url = 'https://www.ecfr.gov/on/2026-04-16/title-21/part-184' AND snapshot_date = '2026-04-16' LIMIT 1));
INSERT INTO ingredient (canonical_id, primary_name, ingredient_class, category, is_natural) VALUES ('NAME_beeswax_yellow_and_white', 'Beeswax (yellow and white)', 'substance', 'food', 0) ON CONFLICT(canonical_id) DO NOTHING;
INSERT INTO ingredient_alias (canonical_id, alias, alias_normalized, alias_type, language_code, confidence, source) VALUES ('NAME_beeswax_yellow_and_white', 'Beeswax (yellow and white)', 'beeswax (yellow and white)', 'synonym', 'en', 1.0, 'FDA CFR 21') ON CONFLICT(alias_normalized, alias_type, COALESCE(language_code, '')) DO NOTHING;
INSERT INTO regulatory_fact (canonical_id, jurisdiction, fact_type, status, regulation_ref, product_category, evidence_id) VALUES ('NAME_beeswax_yellow_and_white', 'US_FDA', 'gras', 'GRAS per 21 CFR §184.1973 (Direct Food Substances Affirmed as Generally Recognized as Safe)', '21 CFR §184.1973', 'food', (SELECT id FROM fact_evidence WHERE source_url = 'https://www.ecfr.gov/on/2026-04-16/title-21/part-184' AND snapshot_date = '2026-04-16' LIMIT 1));
INSERT INTO ingredient (canonical_id, primary_name, ingredient_class, category, is_natural) VALUES ('NAME_candelilla_wax', 'Candelilla wax', 'substance', 'food', 0) ON CONFLICT(canonical_id) DO NOTHING;
INSERT INTO ingredient_alias (canonical_id, alias, alias_normalized, alias_type, language_code, confidence, source) VALUES ('NAME_candelilla_wax', 'Candelilla wax', 'candelilla wax', 'synonym', 'en', 1.0, 'FDA CFR 21') ON CONFLICT(alias_normalized, alias_type, COALESCE(language_code, '')) DO NOTHING;
INSERT INTO regulatory_fact (canonical_id, jurisdiction, fact_type, status, regulation_ref, product_category, evidence_id) VALUES ('NAME_candelilla_wax', 'US_FDA', 'gras', 'GRAS per 21 CFR §184.1976 (Direct Food Substances Affirmed as Generally Recognized as Safe)', '21 CFR §184.1976', 'food', (SELECT id FROM fact_evidence WHERE source_url = 'https://www.ecfr.gov/on/2026-04-16/title-21/part-184' AND snapshot_date = '2026-04-16' LIMIT 1));
INSERT INTO ingredient (canonical_id, primary_name, ingredient_class, category, is_natural) VALUES ('NAME_carnauba_wax', 'Carnauba wax', 'substance', 'food', 0) ON CONFLICT(canonical_id) DO NOTHING;
INSERT INTO ingredient_alias (canonical_id, alias, alias_normalized, alias_type, language_code, confidence, source) VALUES ('NAME_carnauba_wax', 'Carnauba wax', 'carnauba wax', 'synonym', 'en', 1.0, 'FDA CFR 21') ON CONFLICT(alias_normalized, alias_type, COALESCE(language_code, '')) DO NOTHING;
INSERT INTO regulatory_fact (canonical_id, jurisdiction, fact_type, status, regulation_ref, product_category, evidence_id) VALUES ('NAME_carnauba_wax', 'US_FDA', 'gras', 'GRAS per 21 CFR §184.1978 (Direct Food Substances Affirmed as Generally Recognized as Safe)', '21 CFR §184.1978', 'food', (SELECT id FROM fact_evidence WHERE source_url = 'https://www.ecfr.gov/on/2026-04-16/title-21/part-184' AND snapshot_date = '2026-04-16' LIMIT 1));
INSERT INTO ingredient (canonical_id, primary_name, ingredient_class, category, is_natural) VALUES ('NAME_whey', 'Whey', 'substance', 'food', 0) ON CONFLICT(canonical_id) DO NOTHING;
INSERT INTO ingredient_alias (canonical_id, alias, alias_normalized, alias_type, language_code, confidence, source) VALUES ('NAME_whey', 'Whey', 'whey', 'synonym', 'en', 1.0, 'FDA CFR 21') ON CONFLICT(alias_normalized, alias_type, COALESCE(language_code, '')) DO NOTHING;
INSERT INTO regulatory_fact (canonical_id, jurisdiction, fact_type, status, regulation_ref, product_category, evidence_id) VALUES ('NAME_whey', 'US_FDA', 'gras', 'GRAS per 21 CFR §184.1979 (Direct Food Substances Affirmed as Generally Recognized as Safe)', '21 CFR §184.1979', 'food', (SELECT id FROM fact_evidence WHERE source_url = 'https://www.ecfr.gov/on/2026-04-16/title-21/part-184' AND snapshot_date = '2026-04-16' LIMIT 1));
INSERT INTO ingredient (canonical_id, primary_name, ingredient_class, category, is_natural) VALUES ('NAME_bakers_yeast_extract', 'Bakers yeast extract', 'substance', 'food', 0) ON CONFLICT(canonical_id) DO NOTHING;
INSERT INTO ingredient_alias (canonical_id, alias, alias_normalized, alias_type, language_code, confidence, source) VALUES ('NAME_bakers_yeast_extract', 'Bakers yeast extract', 'bakers yeast extract', 'synonym', 'en', 1.0, 'FDA CFR 21') ON CONFLICT(alias_normalized, alias_type, COALESCE(language_code, '')) DO NOTHING;
INSERT INTO regulatory_fact (canonical_id, jurisdiction, fact_type, status, regulation_ref, product_category, evidence_id) VALUES ('NAME_bakers_yeast_extract', 'US_FDA', 'gras', 'GRAS per 21 CFR §184.1983 (Direct Food Substances Affirmed as Generally Recognized as Safe)', '21 CFR §184.1983', 'food', (SELECT id FROM fact_evidence WHERE source_url = 'https://www.ecfr.gov/on/2026-04-16/title-21/part-184' AND snapshot_date = '2026-04-16' LIMIT 1));
INSERT INTO ingredient (canonical_id, primary_name, ingredient_class, category, is_natural) VALUES ('NAME_zein', 'Zein', 'substance', 'food', 0) ON CONFLICT(canonical_id) DO NOTHING;
INSERT INTO ingredient_alias (canonical_id, alias, alias_normalized, alias_type, language_code, confidence, source) VALUES ('NAME_zein', 'Zein', 'zein', 'synonym', 'en', 1.0, 'FDA CFR 21') ON CONFLICT(alias_normalized, alias_type, COALESCE(language_code, '')) DO NOTHING;
INSERT INTO regulatory_fact (canonical_id, jurisdiction, fact_type, status, regulation_ref, product_category, evidence_id) VALUES ('NAME_zein', 'US_FDA', 'gras', 'GRAS per 21 CFR §184.1984 (Direct Food Substances Affirmed as Generally Recognized as Safe)', '21 CFR §184.1984', 'food', (SELECT id FROM fact_evidence WHERE source_url = 'https://www.ecfr.gov/on/2026-04-16/title-21/part-184' AND snapshot_date = '2026-04-16' LIMIT 1));
INSERT INTO ingredient (canonical_id, primary_name, ingredient_class, category, is_natural) VALUES ('NAME_aminopeptidase_enzyme_preparation_derived_from_lactococcus_lactis', 'Aminopeptidase enzyme preparation derived from lactococcus lactis', 'substance', 'food', 0) ON CONFLICT(canonical_id) DO NOTHING;
INSERT INTO ingredient_alias (canonical_id, alias, alias_normalized, alias_type, language_code, confidence, source) VALUES ('NAME_aminopeptidase_enzyme_preparation_derived_from_lactococcus_lactis', 'Aminopeptidase enzyme preparation derived from lactococcus lactis', 'aminopeptidase enzyme preparation derived from lactococcus lactis', 'synonym', 'en', 1.0, 'FDA CFR 21') ON CONFLICT(alias_normalized, alias_type, COALESCE(language_code, '')) DO NOTHING;
INSERT INTO regulatory_fact (canonical_id, jurisdiction, fact_type, status, regulation_ref, product_category, evidence_id) VALUES ('NAME_aminopeptidase_enzyme_preparation_derived_from_lactococcus_lactis', 'US_FDA', 'gras', 'GRAS per 21 CFR §184.1985 (Direct Food Substances Affirmed as Generally Recognized as Safe)', '21 CFR §184.1985', 'food', (SELECT id FROM fact_evidence WHERE source_url = 'https://www.ecfr.gov/on/2026-04-16/title-21/part-184' AND snapshot_date = '2026-04-16' LIMIT 1));
INSERT INTO ingredient (canonical_id, primary_name, ingredient_class, category, is_natural) VALUES ('NAME_sulfamic_acid', 'Sulfamic acid', 'substance', 'food', 0) ON CONFLICT(canonical_id) DO NOTHING;
INSERT INTO ingredient_alias (canonical_id, alias, alias_normalized, alias_type, language_code, confidence, source) VALUES ('NAME_sulfamic_acid', 'Sulfamic acid', 'sulfamic acid', 'synonym', 'en', 1.0, 'FDA CFR 21') ON CONFLICT(alias_normalized, alias_type, COALESCE(language_code, '')) DO NOTHING;
INSERT INTO regulatory_fact (canonical_id, jurisdiction, fact_type, status, regulation_ref, product_category, evidence_id) VALUES ('NAME_sulfamic_acid', 'US_FDA', 'gras', 'GRAS per 21 CFR §186.1093 (Indirect Food Substances Affirmed as Generally Recognized as Safe)', '21 CFR §186.1093', 'food', (SELECT id FROM fact_evidence WHERE source_url = 'https://www.ecfr.gov/on/2026-04-16/title-21/part-186' AND snapshot_date = '2026-04-16' LIMIT 1));
INSERT INTO ingredient (canonical_id, primary_name, ingredient_class, category, is_natural) VALUES ('NAME_clay_kaolin', 'Clay (kaolin)', 'substance', 'food', 0) ON CONFLICT(canonical_id) DO NOTHING;
INSERT INTO ingredient_alias (canonical_id, alias, alias_normalized, alias_type, language_code, confidence, source) VALUES ('NAME_clay_kaolin', 'Clay (kaolin)', 'clay (kaolin)', 'synonym', 'en', 1.0, 'FDA CFR 21') ON CONFLICT(alias_normalized, alias_type, COALESCE(language_code, '')) DO NOTHING;
INSERT INTO regulatory_fact (canonical_id, jurisdiction, fact_type, status, regulation_ref, product_category, evidence_id) VALUES ('NAME_clay_kaolin', 'US_FDA', 'gras', 'GRAS per 21 CFR §186.1256 (Indirect Food Substances Affirmed as Generally Recognized as Safe)', '21 CFR §186.1256', 'food', (SELECT id FROM fact_evidence WHERE source_url = 'https://www.ecfr.gov/on/2026-04-16/title-21/part-186' AND snapshot_date = '2026-04-16' LIMIT 1));
INSERT INTO ingredient (canonical_id, primary_name, ingredient_class, category, is_natural) VALUES ('NAME_dextrans', 'Dextrans', 'substance', 'food', 0) ON CONFLICT(canonical_id) DO NOTHING;
INSERT INTO ingredient_alias (canonical_id, alias, alias_normalized, alias_type, language_code, confidence, source) VALUES ('NAME_dextrans', 'Dextrans', 'dextrans', 'synonym', 'en', 1.0, 'FDA CFR 21') ON CONFLICT(alias_normalized, alias_type, COALESCE(language_code, '')) DO NOTHING;
INSERT INTO regulatory_fact (canonical_id, jurisdiction, fact_type, status, regulation_ref, product_category, evidence_id) VALUES ('NAME_dextrans', 'US_FDA', 'gras', 'GRAS per 21 CFR §186.1275 (Indirect Food Substances Affirmed as Generally Recognized as Safe)', '21 CFR §186.1275', 'food', (SELECT id FROM fact_evidence WHERE source_url = 'https://www.ecfr.gov/on/2026-04-16/title-21/part-186' AND snapshot_date = '2026-04-16' LIMIT 1));
INSERT INTO ingredient (canonical_id, primary_name, ingredient_class, category, is_natural) VALUES ('NAME_ferric_oxide', 'Ferric oxide', 'substance', 'food', 0) ON CONFLICT(canonical_id) DO NOTHING;
INSERT INTO ingredient_alias (canonical_id, alias, alias_normalized, alias_type, language_code, confidence, source) VALUES ('NAME_ferric_oxide', 'Ferric oxide', 'ferric oxide', 'synonym', 'en', 1.0, 'FDA CFR 21') ON CONFLICT(alias_normalized, alias_type, COALESCE(language_code, '')) DO NOTHING;
INSERT INTO regulatory_fact (canonical_id, jurisdiction, fact_type, status, regulation_ref, product_category, evidence_id) VALUES ('NAME_ferric_oxide', 'US_FDA', 'gras', 'GRAS per 21 CFR §186.1300 (Indirect Food Substances Affirmed as Generally Recognized as Safe)', '21 CFR §186.1300', 'food', (SELECT id FROM fact_evidence WHERE source_url = 'https://www.ecfr.gov/on/2026-04-16/title-21/part-186' AND snapshot_date = '2026-04-16' LIMIT 1));
INSERT INTO ingredient (canonical_id, primary_name, ingredient_class, category, is_natural) VALUES ('NAME_formic_acid', 'Formic acid', 'substance', 'food', 0) ON CONFLICT(canonical_id) DO NOTHING;
INSERT INTO ingredient_alias (canonical_id, alias, alias_normalized, alias_type, language_code, confidence, source) VALUES ('NAME_formic_acid', 'Formic acid', 'formic acid', 'synonym', 'en', 1.0, 'FDA CFR 21') ON CONFLICT(alias_normalized, alias_type, COALESCE(language_code, '')) DO NOTHING;
INSERT INTO regulatory_fact (canonical_id, jurisdiction, fact_type, status, regulation_ref, product_category, evidence_id) VALUES ('NAME_formic_acid', 'US_FDA', 'gras', 'GRAS per 21 CFR §186.1316 (Indirect Food Substances Affirmed as Generally Recognized as Safe)', '21 CFR §186.1316', 'food', (SELECT id FROM fact_evidence WHERE source_url = 'https://www.ecfr.gov/on/2026-04-16/title-21/part-186' AND snapshot_date = '2026-04-16' LIMIT 1));
INSERT INTO ingredient (canonical_id, primary_name, ingredient_class, category, is_natural) VALUES ('NAME_iron_oxides', 'Iron oxides', 'substance', 'food', 0) ON CONFLICT(canonical_id) DO NOTHING;
INSERT INTO ingredient_alias (canonical_id, alias, alias_normalized, alias_type, language_code, confidence, source) VALUES ('NAME_iron_oxides', 'Iron oxides', 'iron oxides', 'synonym', 'en', 1.0, 'FDA CFR 21') ON CONFLICT(alias_normalized, alias_type, COALESCE(language_code, '')) DO NOTHING;
INSERT INTO regulatory_fact (canonical_id, jurisdiction, fact_type, status, regulation_ref, product_category, evidence_id) VALUES ('NAME_iron_oxides', 'US_FDA', 'gras', 'GRAS per 21 CFR §186.1374 (Indirect Food Substances Affirmed as Generally Recognized as Safe)', '21 CFR §186.1374', 'food', (SELECT id FROM fact_evidence WHERE source_url = 'https://www.ecfr.gov/on/2026-04-16/title-21/part-186' AND snapshot_date = '2026-04-16' LIMIT 1));
INSERT INTO ingredient (canonical_id, primary_name, ingredient_class, category, is_natural) VALUES ('NAME_japan_wax', 'Japan wax', 'substance', 'food', 0) ON CONFLICT(canonical_id) DO NOTHING;
INSERT INTO ingredient_alias (canonical_id, alias, alias_normalized, alias_type, language_code, confidence, source) VALUES ('NAME_japan_wax', 'Japan wax', 'japan wax', 'synonym', 'en', 1.0, 'FDA CFR 21') ON CONFLICT(alias_normalized, alias_type, COALESCE(language_code, '')) DO NOTHING;
INSERT INTO regulatory_fact (canonical_id, jurisdiction, fact_type, status, regulation_ref, product_category, evidence_id) VALUES ('NAME_japan_wax', 'US_FDA', 'gras', 'GRAS per 21 CFR §186.1555 (Indirect Food Substances Affirmed as Generally Recognized as Safe)', '21 CFR §186.1555', 'food', (SELECT id FROM fact_evidence WHERE source_url = 'https://www.ecfr.gov/on/2026-04-16/title-21/part-186' AND snapshot_date = '2026-04-16' LIMIT 1));
INSERT INTO ingredient (canonical_id, primary_name, ingredient_class, category, is_natural) VALUES ('NAME_tall_oil', 'Tall oil', 'substance', 'food', 0) ON CONFLICT(canonical_id) DO NOTHING;
INSERT INTO ingredient_alias (canonical_id, alias, alias_normalized, alias_type, language_code, confidence, source) VALUES ('NAME_tall_oil', 'Tall oil', 'tall oil', 'synonym', 'en', 1.0, 'FDA CFR 21') ON CONFLICT(alias_normalized, alias_type, COALESCE(language_code, '')) DO NOTHING;
INSERT INTO regulatory_fact (canonical_id, jurisdiction, fact_type, status, regulation_ref, product_category, evidence_id) VALUES ('NAME_tall_oil', 'US_FDA', 'gras', 'GRAS per 21 CFR §186.1557 (Indirect Food Substances Affirmed as Generally Recognized as Safe)', '21 CFR §186.1557', 'food', (SELECT id FROM fact_evidence WHERE source_url = 'https://www.ecfr.gov/on/2026-04-16/title-21/part-186' AND snapshot_date = '2026-04-16' LIMIT 1));
INSERT INTO ingredient (canonical_id, primary_name, ingredient_class, category, is_natural) VALUES ('NAME_pulp', 'Pulp', 'substance', 'food', 0) ON CONFLICT(canonical_id) DO NOTHING;
INSERT INTO ingredient_alias (canonical_id, alias, alias_normalized, alias_type, language_code, confidence, source) VALUES ('NAME_pulp', 'Pulp', 'pulp', 'synonym', 'en', 1.0, 'FDA CFR 21') ON CONFLICT(alias_normalized, alias_type, COALESCE(language_code, '')) DO NOTHING;
INSERT INTO regulatory_fact (canonical_id, jurisdiction, fact_type, status, regulation_ref, product_category, evidence_id) VALUES ('NAME_pulp', 'US_FDA', 'gras', 'GRAS per 21 CFR §186.1673 (Indirect Food Substances Affirmed as Generally Recognized as Safe)', '21 CFR §186.1673', 'food', (SELECT id FROM fact_evidence WHERE source_url = 'https://www.ecfr.gov/on/2026-04-16/title-21/part-186' AND snapshot_date = '2026-04-16' LIMIT 1));
INSERT INTO ingredient (canonical_id, primary_name, ingredient_class, category, is_natural) VALUES ('NAME_sodium_chlorite', 'Sodium chlorite', 'substance', 'food', 0) ON CONFLICT(canonical_id) DO NOTHING;
INSERT INTO ingredient_alias (canonical_id, alias, alias_normalized, alias_type, language_code, confidence, source) VALUES ('NAME_sodium_chlorite', 'Sodium chlorite', 'sodium chlorite', 'synonym', 'en', 1.0, 'FDA CFR 21') ON CONFLICT(alias_normalized, alias_type, COALESCE(language_code, '')) DO NOTHING;
INSERT INTO regulatory_fact (canonical_id, jurisdiction, fact_type, status, regulation_ref, product_category, evidence_id) VALUES ('NAME_sodium_chlorite', 'US_FDA', 'gras', 'GRAS per 21 CFR §186.1750 (Indirect Food Substances Affirmed as Generally Recognized as Safe)', '21 CFR §186.1750', 'food', (SELECT id FROM fact_evidence WHERE source_url = 'https://www.ecfr.gov/on/2026-04-16/title-21/part-186' AND snapshot_date = '2026-04-16' LIMIT 1));
INSERT INTO ingredient (canonical_id, primary_name, ingredient_class, category, is_natural) VALUES ('NAME_sodium_formate', 'Sodium formate', 'substance', 'food', 0) ON CONFLICT(canonical_id) DO NOTHING;
INSERT INTO ingredient_alias (canonical_id, alias, alias_normalized, alias_type, language_code, confidence, source) VALUES ('NAME_sodium_formate', 'Sodium formate', 'sodium formate', 'synonym', 'en', 1.0, 'FDA CFR 21') ON CONFLICT(alias_normalized, alias_type, COALESCE(language_code, '')) DO NOTHING;
INSERT INTO regulatory_fact (canonical_id, jurisdiction, fact_type, status, regulation_ref, product_category, evidence_id) VALUES ('NAME_sodium_formate', 'US_FDA', 'gras', 'GRAS per 21 CFR §186.1756 (Indirect Food Substances Affirmed as Generally Recognized as Safe)', '21 CFR §186.1756', 'food', (SELECT id FROM fact_evidence WHERE source_url = 'https://www.ecfr.gov/on/2026-04-16/title-21/part-186' AND snapshot_date = '2026-04-16' LIMIT 1));
INSERT INTO ingredient (canonical_id, primary_name, ingredient_class, category, is_natural) VALUES ('NAME_sodium_oleate', 'Sodium oleate', 'substance', 'food', 0) ON CONFLICT(canonical_id) DO NOTHING;
INSERT INTO ingredient_alias (canonical_id, alias, alias_normalized, alias_type, language_code, confidence, source) VALUES ('NAME_sodium_oleate', 'Sodium oleate', 'sodium oleate', 'synonym', 'en', 1.0, 'FDA CFR 21') ON CONFLICT(alias_normalized, alias_type, COALESCE(language_code, '')) DO NOTHING;
INSERT INTO regulatory_fact (canonical_id, jurisdiction, fact_type, status, regulation_ref, product_category, evidence_id) VALUES ('NAME_sodium_oleate', 'US_FDA', 'gras', 'GRAS per 21 CFR §186.1770 (Indirect Food Substances Affirmed as Generally Recognized as Safe)', '21 CFR §186.1770', 'food', (SELECT id FROM fact_evidence WHERE source_url = 'https://www.ecfr.gov/on/2026-04-16/title-21/part-186' AND snapshot_date = '2026-04-16' LIMIT 1));
INSERT INTO ingredient (canonical_id, primary_name, ingredient_class, category, is_natural) VALUES ('NAME_sodium_palmitate', 'Sodium palmitate', 'substance', 'food', 0) ON CONFLICT(canonical_id) DO NOTHING;
INSERT INTO ingredient_alias (canonical_id, alias, alias_normalized, alias_type, language_code, confidence, source) VALUES ('NAME_sodium_palmitate', 'Sodium palmitate', 'sodium palmitate', 'synonym', 'en', 1.0, 'FDA CFR 21') ON CONFLICT(alias_normalized, alias_type, COALESCE(language_code, '')) DO NOTHING;
INSERT INTO regulatory_fact (canonical_id, jurisdiction, fact_type, status, regulation_ref, product_category, evidence_id) VALUES ('NAME_sodium_palmitate', 'US_FDA', 'gras', 'GRAS per 21 CFR §186.1771 (Indirect Food Substances Affirmed as Generally Recognized as Safe)', '21 CFR §186.1771', 'food', (SELECT id FROM fact_evidence WHERE source_url = 'https://www.ecfr.gov/on/2026-04-16/title-21/part-186' AND snapshot_date = '2026-04-16' LIMIT 1));
INSERT INTO ingredient (canonical_id, primary_name, ingredient_class, category, is_natural) VALUES ('NAME_sodium_sulfate', 'Sodium sulfate', 'substance', 'food', 0) ON CONFLICT(canonical_id) DO NOTHING;
INSERT INTO ingredient_alias (canonical_id, alias, alias_normalized, alias_type, language_code, confidence, source) VALUES ('NAME_sodium_sulfate', 'Sodium sulfate', 'sodium sulfate', 'synonym', 'en', 1.0, 'FDA CFR 21') ON CONFLICT(alias_normalized, alias_type, COALESCE(language_code, '')) DO NOTHING;
INSERT INTO regulatory_fact (canonical_id, jurisdiction, fact_type, status, regulation_ref, product_category, evidence_id) VALUES ('NAME_sodium_sulfate', 'US_FDA', 'gras', 'GRAS per 21 CFR §186.1797 (Indirect Food Substances Affirmed as Generally Recognized as Safe)', '21 CFR §186.1797', 'food', (SELECT id FROM fact_evidence WHERE source_url = 'https://www.ecfr.gov/on/2026-04-16/title-21/part-186' AND snapshot_date = '2026-04-16' LIMIT 1));
INSERT INTO ingredient (canonical_id, primary_name, ingredient_class, category, is_natural) VALUES ('NAME_sorbose', 'Sorbose', 'substance', 'food', 0) ON CONFLICT(canonical_id) DO NOTHING;
INSERT INTO ingredient_alias (canonical_id, alias, alias_normalized, alias_type, language_code, confidence, source) VALUES ('NAME_sorbose', 'Sorbose', 'sorbose', 'synonym', 'en', 1.0, 'FDA CFR 21') ON CONFLICT(alias_normalized, alias_type, COALESCE(language_code, '')) DO NOTHING;
INSERT INTO regulatory_fact (canonical_id, jurisdiction, fact_type, status, regulation_ref, product_category, evidence_id) VALUES ('NAME_sorbose', 'US_FDA', 'gras', 'GRAS per 21 CFR §186.1839 (Indirect Food Substances Affirmed as Generally Recognized as Safe)', '21 CFR §186.1839', 'food', (SELECT id FROM fact_evidence WHERE source_url = 'https://www.ecfr.gov/on/2026-04-16/title-21/part-186' AND snapshot_date = '2026-04-16' LIMIT 1));
INSERT INTO ingredient (canonical_id, primary_name, ingredient_class, category, is_natural) VALUES ('NAME_calamus_and_its_derivatives', 'Calamus and its derivatives', 'substance', 'food', 0) ON CONFLICT(canonical_id) DO NOTHING;
INSERT INTO ingredient_alias (canonical_id, alias, alias_normalized, alias_type, language_code, confidence, source) VALUES ('NAME_calamus_and_its_derivatives', 'Calamus and its derivatives', 'calamus and its derivatives', 'synonym', 'en', 1.0, 'FDA CFR 21') ON CONFLICT(alias_normalized, alias_type, COALESCE(language_code, '')) DO NOTHING;
INSERT INTO regulatory_fact (canonical_id, jurisdiction, fact_type, status, regulation_ref, product_category, evidence_id) VALUES ('NAME_calamus_and_its_derivatives', 'US_FDA', 'prohibited', 'PROHIBITED per 21 CFR §189.110 (Substances Prohibited from Use in Human Food)', '21 CFR §189.110', 'food', (SELECT id FROM fact_evidence WHERE source_url = 'https://www.ecfr.gov/on/2026-04-16/title-21/part-189' AND snapshot_date = '2026-04-16' LIMIT 1));
INSERT INTO ingredient (canonical_id, primary_name, ingredient_class, category, is_natural) VALUES ('NAME_cinnamyl_anthranilate', 'Cinnamyl anthranilate', 'substance', 'food', 0) ON CONFLICT(canonical_id) DO NOTHING;
INSERT INTO ingredient_alias (canonical_id, alias, alias_normalized, alias_type, language_code, confidence, source) VALUES ('NAME_cinnamyl_anthranilate', 'Cinnamyl anthranilate', 'cinnamyl anthranilate', 'synonym', 'en', 1.0, 'FDA CFR 21') ON CONFLICT(alias_normalized, alias_type, COALESCE(language_code, '')) DO NOTHING;
INSERT INTO regulatory_fact (canonical_id, jurisdiction, fact_type, status, regulation_ref, product_category, evidence_id) VALUES ('NAME_cinnamyl_anthranilate', 'US_FDA', 'prohibited', 'PROHIBITED per 21 CFR §189.113 (Substances Prohibited from Use in Human Food)', '21 CFR §189.113', 'food', (SELECT id FROM fact_evidence WHERE source_url = 'https://www.ecfr.gov/on/2026-04-16/title-21/part-189' AND snapshot_date = '2026-04-16' LIMIT 1));
INSERT INTO ingredient (canonical_id, primary_name, ingredient_class, category, is_natural) VALUES ('NAME_cobaltous_salts_and_its_derivatives', 'Cobaltous salts and its derivatives', 'substance', 'food', 0) ON CONFLICT(canonical_id) DO NOTHING;
INSERT INTO ingredient_alias (canonical_id, alias, alias_normalized, alias_type, language_code, confidence, source) VALUES ('NAME_cobaltous_salts_and_its_derivatives', 'Cobaltous salts and its derivatives', 'cobaltous salts and its derivatives', 'synonym', 'en', 1.0, 'FDA CFR 21') ON CONFLICT(alias_normalized, alias_type, COALESCE(language_code, '')) DO NOTHING;
INSERT INTO regulatory_fact (canonical_id, jurisdiction, fact_type, status, regulation_ref, product_category, evidence_id) VALUES ('NAME_cobaltous_salts_and_its_derivatives', 'US_FDA', 'prohibited', 'PROHIBITED per 21 CFR §189.120 (Substances Prohibited from Use in Human Food)', '21 CFR §189.120', 'food', (SELECT id FROM fact_evidence WHERE source_url = 'https://www.ecfr.gov/on/2026-04-16/title-21/part-189' AND snapshot_date = '2026-04-16' LIMIT 1));
INSERT INTO ingredient (canonical_id, primary_name, ingredient_class, category, is_natural) VALUES ('NAME_coumarin', 'Coumarin', 'substance', 'food', 0) ON CONFLICT(canonical_id) DO NOTHING;
INSERT INTO ingredient_alias (canonical_id, alias, alias_normalized, alias_type, language_code, confidence, source) VALUES ('NAME_coumarin', 'Coumarin', 'coumarin', 'synonym', 'en', 1.0, 'FDA CFR 21') ON CONFLICT(alias_normalized, alias_type, COALESCE(language_code, '')) DO NOTHING;
INSERT INTO regulatory_fact (canonical_id, jurisdiction, fact_type, status, regulation_ref, product_category, evidence_id) VALUES ('NAME_coumarin', 'US_FDA', 'prohibited', 'PROHIBITED per 21 CFR §189.130 (Substances Prohibited from Use in Human Food)', '21 CFR §189.130', 'food', (SELECT id FROM fact_evidence WHERE source_url = 'https://www.ecfr.gov/on/2026-04-16/title-21/part-189' AND snapshot_date = '2026-04-16' LIMIT 1));
INSERT INTO ingredient (canonical_id, primary_name, ingredient_class, category, is_natural) VALUES ('NAME_cyclamate_and_its_derivatives', 'Cyclamate and its derivatives', 'substance', 'food', 0) ON CONFLICT(canonical_id) DO NOTHING;
INSERT INTO ingredient_alias (canonical_id, alias, alias_normalized, alias_type, language_code, confidence, source) VALUES ('NAME_cyclamate_and_its_derivatives', 'Cyclamate and its derivatives', 'cyclamate and its derivatives', 'synonym', 'en', 1.0, 'FDA CFR 21') ON CONFLICT(alias_normalized, alias_type, COALESCE(language_code, '')) DO NOTHING;
INSERT INTO regulatory_fact (canonical_id, jurisdiction, fact_type, status, regulation_ref, product_category, evidence_id) VALUES ('NAME_cyclamate_and_its_derivatives', 'US_FDA', 'prohibited', 'PROHIBITED per 21 CFR §189.135 (Substances Prohibited from Use in Human Food)', '21 CFR §189.135', 'food', (SELECT id FROM fact_evidence WHERE source_url = 'https://www.ecfr.gov/on/2026-04-16/title-21/part-189' AND snapshot_date = '2026-04-16' LIMIT 1));
INSERT INTO ingredient (canonical_id, primary_name, ingredient_class, category, is_natural) VALUES ('NAME_diethylpyrocarbonate_depc', 'Diethylpyrocarbonate (DEPC)', 'substance', 'food', 0) ON CONFLICT(canonical_id) DO NOTHING;
INSERT INTO ingredient_alias (canonical_id, alias, alias_normalized, alias_type, language_code, confidence, source) VALUES ('NAME_diethylpyrocarbonate_depc', 'Diethylpyrocarbonate (DEPC)', 'diethylpyrocarbonate (depc)', 'synonym', 'en', 1.0, 'FDA CFR 21') ON CONFLICT(alias_normalized, alias_type, COALESCE(language_code, '')) DO NOTHING;
INSERT INTO regulatory_fact (canonical_id, jurisdiction, fact_type, status, regulation_ref, product_category, evidence_id) VALUES ('NAME_diethylpyrocarbonate_depc', 'US_FDA', 'prohibited', 'PROHIBITED per 21 CFR §189.140 (Substances Prohibited from Use in Human Food)', '21 CFR §189.140', 'food', (SELECT id FROM fact_evidence WHERE source_url = 'https://www.ecfr.gov/on/2026-04-16/title-21/part-189' AND snapshot_date = '2026-04-16' LIMIT 1));
INSERT INTO ingredient (canonical_id, primary_name, ingredient_class, category, is_natural) VALUES ('NAME_dulcin', 'Dulcin', 'substance', 'food', 0) ON CONFLICT(canonical_id) DO NOTHING;
INSERT INTO ingredient_alias (canonical_id, alias, alias_normalized, alias_type, language_code, confidence, source) VALUES ('NAME_dulcin', 'Dulcin', 'dulcin', 'synonym', 'en', 1.0, 'FDA CFR 21') ON CONFLICT(alias_normalized, alias_type, COALESCE(language_code, '')) DO NOTHING;
INSERT INTO regulatory_fact (canonical_id, jurisdiction, fact_type, status, regulation_ref, product_category, evidence_id) VALUES ('NAME_dulcin', 'US_FDA', 'prohibited', 'PROHIBITED per 21 CFR §189.145 (Substances Prohibited from Use in Human Food)', '21 CFR §189.145', 'food', (SELECT id FROM fact_evidence WHERE source_url = 'https://www.ecfr.gov/on/2026-04-16/title-21/part-189' AND snapshot_date = '2026-04-16' LIMIT 1));
INSERT INTO ingredient (canonical_id, primary_name, ingredient_class, category, is_natural) VALUES ('NAME_monochloroacetic_acid', 'Monochloroacetic acid', 'substance', 'food', 0) ON CONFLICT(canonical_id) DO NOTHING;
INSERT INTO ingredient_alias (canonical_id, alias, alias_normalized, alias_type, language_code, confidence, source) VALUES ('NAME_monochloroacetic_acid', 'Monochloroacetic acid', 'monochloroacetic acid', 'synonym', 'en', 1.0, 'FDA CFR 21') ON CONFLICT(alias_normalized, alias_type, COALESCE(language_code, '')) DO NOTHING;
INSERT INTO regulatory_fact (canonical_id, jurisdiction, fact_type, status, regulation_ref, product_category, evidence_id) VALUES ('NAME_monochloroacetic_acid', 'US_FDA', 'prohibited', 'PROHIBITED per 21 CFR §189.155 (Substances Prohibited from Use in Human Food)', '21 CFR §189.155', 'food', (SELECT id FROM fact_evidence WHERE source_url = 'https://www.ecfr.gov/on/2026-04-16/title-21/part-189' AND snapshot_date = '2026-04-16' LIMIT 1));
INSERT INTO ingredient (canonical_id, primary_name, ingredient_class, category, is_natural) VALUES ('NAME_nordihydroguaiaretic_acid_ndga', 'Nordihydroguaiaretic acid (NDGA)', 'substance', 'food', 0) ON CONFLICT(canonical_id) DO NOTHING;
INSERT INTO ingredient_alias (canonical_id, alias, alias_normalized, alias_type, language_code, confidence, source) VALUES ('NAME_nordihydroguaiaretic_acid_ndga', 'Nordihydroguaiaretic acid (NDGA)', 'nordihydroguaiaretic acid (ndga)', 'synonym', 'en', 1.0, 'FDA CFR 21') ON CONFLICT(alias_normalized, alias_type, COALESCE(language_code, '')) DO NOTHING;
INSERT INTO regulatory_fact (canonical_id, jurisdiction, fact_type, status, regulation_ref, product_category, evidence_id) VALUES ('NAME_nordihydroguaiaretic_acid_ndga', 'US_FDA', 'prohibited', 'PROHIBITED per 21 CFR §189.165 (Substances Prohibited from Use in Human Food)', '21 CFR §189.165', 'food', (SELECT id FROM fact_evidence WHERE source_url = 'https://www.ecfr.gov/on/2026-04-16/title-21/part-189' AND snapshot_date = '2026-04-16' LIMIT 1));
INSERT INTO ingredient (canonical_id, primary_name, ingredient_class, category, is_natural) VALUES ('NAME_p_4000', 'P-4000', 'substance', 'food', 0) ON CONFLICT(canonical_id) DO NOTHING;
INSERT INTO ingredient_alias (canonical_id, alias, alias_normalized, alias_type, language_code, confidence, source) VALUES ('NAME_p_4000', 'P-4000', 'p-4000', 'synonym', 'en', 1.0, 'FDA CFR 21') ON CONFLICT(alias_normalized, alias_type, COALESCE(language_code, '')) DO NOTHING;
INSERT INTO regulatory_fact (canonical_id, jurisdiction, fact_type, status, regulation_ref, product_category, evidence_id) VALUES ('NAME_p_4000', 'US_FDA', 'prohibited', 'PROHIBITED per 21 CFR §189.175 (Substances Prohibited from Use in Human Food)', '21 CFR §189.175', 'food', (SELECT id FROM fact_evidence WHERE source_url = 'https://www.ecfr.gov/on/2026-04-16/title-21/part-189' AND snapshot_date = '2026-04-16' LIMIT 1));
INSERT INTO ingredient (canonical_id, primary_name, ingredient_class, category, is_natural) VALUES ('NAME_safrole', 'Safrole', 'substance', 'food', 0) ON CONFLICT(canonical_id) DO NOTHING;
INSERT INTO ingredient_alias (canonical_id, alias, alias_normalized, alias_type, language_code, confidence, source) VALUES ('NAME_safrole', 'Safrole', 'safrole', 'synonym', 'en', 1.0, 'FDA CFR 21') ON CONFLICT(alias_normalized, alias_type, COALESCE(language_code, '')) DO NOTHING;
INSERT INTO regulatory_fact (canonical_id, jurisdiction, fact_type, status, regulation_ref, product_category, evidence_id) VALUES ('NAME_safrole', 'US_FDA', 'prohibited', 'PROHIBITED per 21 CFR §189.180 (Substances Prohibited from Use in Human Food)', '21 CFR §189.180', 'food', (SELECT id FROM fact_evidence WHERE source_url = 'https://www.ecfr.gov/on/2026-04-16/title-21/part-189' AND snapshot_date = '2026-04-16' LIMIT 1));
INSERT INTO ingredient (canonical_id, primary_name, ingredient_class, category, is_natural) VALUES ('NAME_thiourea', 'Thiourea', 'substance', 'food', 0) ON CONFLICT(canonical_id) DO NOTHING;
INSERT INTO ingredient_alias (canonical_id, alias, alias_normalized, alias_type, language_code, confidence, source) VALUES ('NAME_thiourea', 'Thiourea', 'thiourea', 'synonym', 'en', 1.0, 'FDA CFR 21') ON CONFLICT(alias_normalized, alias_type, COALESCE(language_code, '')) DO NOTHING;
INSERT INTO regulatory_fact (canonical_id, jurisdiction, fact_type, status, regulation_ref, product_category, evidence_id) VALUES ('NAME_thiourea', 'US_FDA', 'prohibited', 'PROHIBITED per 21 CFR §189.190 (Substances Prohibited from Use in Human Food)', '21 CFR §189.190', 'food', (SELECT id FROM fact_evidence WHERE source_url = 'https://www.ecfr.gov/on/2026-04-16/title-21/part-189' AND snapshot_date = '2026-04-16' LIMIT 1));
INSERT INTO ingredient (canonical_id, primary_name, ingredient_class, category, is_natural) VALUES ('NAME_chlorofluorocarbon_propellants', 'Chlorofluorocarbon propellants', 'substance', 'food', 0) ON CONFLICT(canonical_id) DO NOTHING;
INSERT INTO ingredient_alias (canonical_id, alias, alias_normalized, alias_type, language_code, confidence, source) VALUES ('NAME_chlorofluorocarbon_propellants', 'Chlorofluorocarbon propellants', 'chlorofluorocarbon propellants', 'synonym', 'en', 1.0, 'FDA CFR 21') ON CONFLICT(alias_normalized, alias_type, COALESCE(language_code, '')) DO NOTHING;
INSERT INTO regulatory_fact (canonical_id, jurisdiction, fact_type, status, regulation_ref, product_category, evidence_id) VALUES ('NAME_chlorofluorocarbon_propellants', 'US_FDA', 'prohibited', 'PROHIBITED per 21 CFR §189.191 (Substances Prohibited from Use in Human Food)', '21 CFR §189.191', 'food', (SELECT id FROM fact_evidence WHERE source_url = 'https://www.ecfr.gov/on/2026-04-16/title-21/part-189' AND snapshot_date = '2026-04-16' LIMIT 1));
INSERT INTO ingredient (canonical_id, primary_name, ingredient_class, category, is_natural) VALUES ('NAME_flectol_h', 'Flectol H', 'substance', 'food', 0) ON CONFLICT(canonical_id) DO NOTHING;
INSERT INTO ingredient_alias (canonical_id, alias, alias_normalized, alias_type, language_code, confidence, source) VALUES ('NAME_flectol_h', 'Flectol H', 'flectol h', 'synonym', 'en', 1.0, 'FDA CFR 21') ON CONFLICT(alias_normalized, alias_type, COALESCE(language_code, '')) DO NOTHING;
INSERT INTO regulatory_fact (canonical_id, jurisdiction, fact_type, status, regulation_ref, product_category, evidence_id) VALUES ('NAME_flectol_h', 'US_FDA', 'prohibited', 'PROHIBITED per 21 CFR §189.220 (Substances Prohibited from Use in Human Food)', '21 CFR §189.220', 'food', (SELECT id FROM fact_evidence WHERE source_url = 'https://www.ecfr.gov/on/2026-04-16/title-21/part-189' AND snapshot_date = '2026-04-16' LIMIT 1));
INSERT INTO ingredient (canonical_id, primary_name, ingredient_class, category, is_natural) VALUES ('NAME_lead_solders', 'Lead solders', 'substance', 'food', 0) ON CONFLICT(canonical_id) DO NOTHING;
INSERT INTO ingredient_alias (canonical_id, alias, alias_normalized, alias_type, language_code, confidence, source) VALUES ('NAME_lead_solders', 'Lead solders', 'lead solders', 'synonym', 'en', 1.0, 'FDA CFR 21') ON CONFLICT(alias_normalized, alias_type, COALESCE(language_code, '')) DO NOTHING;
INSERT INTO regulatory_fact (canonical_id, jurisdiction, fact_type, status, regulation_ref, product_category, evidence_id) VALUES ('NAME_lead_solders', 'US_FDA', 'prohibited', 'PROHIBITED per 21 CFR §189.240 (Substances Prohibited from Use in Human Food)', '21 CFR §189.240', 'food', (SELECT id FROM fact_evidence WHERE source_url = 'https://www.ecfr.gov/on/2026-04-16/title-21/part-189' AND snapshot_date = '2026-04-16' LIMIT 1));
INSERT INTO ingredient (canonical_id, primary_name, ingredient_class, category, is_natural) VALUES ('NAME_mercaptoimidazoline_and_2_mercaptoimidazoline', 'Mercaptoimidazoline and 2-mercaptoimidazoline', 'substance', 'food', 0) ON CONFLICT(canonical_id) DO NOTHING;
INSERT INTO ingredient_alias (canonical_id, alias, alias_normalized, alias_type, language_code, confidence, source) VALUES ('NAME_mercaptoimidazoline_and_2_mercaptoimidazoline', 'Mercaptoimidazoline and 2-mercaptoimidazoline', 'mercaptoimidazoline and 2-mercaptoimidazoline', 'synonym', 'en', 1.0, 'FDA CFR 21') ON CONFLICT(alias_normalized, alias_type, COALESCE(language_code, '')) DO NOTHING;
INSERT INTO regulatory_fact (canonical_id, jurisdiction, fact_type, status, regulation_ref, product_category, evidence_id) VALUES ('NAME_mercaptoimidazoline_and_2_mercaptoimidazoline', 'US_FDA', 'prohibited', 'PROHIBITED per 21 CFR §189.250 (Substances Prohibited from Use in Human Food)', '21 CFR §189.250', 'food', (SELECT id FROM fact_evidence WHERE source_url = 'https://www.ecfr.gov/on/2026-04-16/title-21/part-189' AND snapshot_date = '2026-04-16' LIMIT 1));
INSERT INTO ingredient (canonical_id, primary_name, ingredient_class, category, is_natural) VALUES ('NAME_44_methylenebis_2_chloroanaline', '4,4′-Methylenebis (2-chloroanaline)', 'substance', 'food', 0) ON CONFLICT(canonical_id) DO NOTHING;
INSERT INTO ingredient_alias (canonical_id, alias, alias_normalized, alias_type, language_code, confidence, source) VALUES ('NAME_44_methylenebis_2_chloroanaline', '4,4′-Methylenebis (2-chloroanaline)', '4,4′-methylenebis (2-chloroanaline)', 'synonym', 'en', 1.0, 'FDA CFR 21') ON CONFLICT(alias_normalized, alias_type, COALESCE(language_code, '')) DO NOTHING;
INSERT INTO regulatory_fact (canonical_id, jurisdiction, fact_type, status, regulation_ref, product_category, evidence_id) VALUES ('NAME_44_methylenebis_2_chloroanaline', 'US_FDA', 'prohibited', 'PROHIBITED per 21 CFR §189.280 (Substances Prohibited from Use in Human Food)', '21 CFR §189.280', 'food', (SELECT id FROM fact_evidence WHERE source_url = 'https://www.ecfr.gov/on/2026-04-16/title-21/part-189' AND snapshot_date = '2026-04-16' LIMIT 1));
INSERT INTO ingredient (canonical_id, primary_name, ingredient_class, category, is_natural) VALUES ('NAME_hydrogenated_44_isopropylidene_diphenolphosphite_ester_resins', 'Hydrogenated 4,4′-isopropylidene-diphenolphosphite ester resins', 'substance', 'food', 0) ON CONFLICT(canonical_id) DO NOTHING;
INSERT INTO ingredient_alias (canonical_id, alias, alias_normalized, alias_type, language_code, confidence, source) VALUES ('NAME_hydrogenated_44_isopropylidene_diphenolphosphite_ester_resins', 'Hydrogenated 4,4′-isopropylidene-diphenolphosphite ester resins', 'hydrogenated 4,4′-isopropylidene-diphenolphosphite ester resins', 'synonym', 'en', 1.0, 'FDA CFR 21') ON CONFLICT(alias_normalized, alias_type, COALESCE(language_code, '')) DO NOTHING;
INSERT INTO regulatory_fact (canonical_id, jurisdiction, fact_type, status, regulation_ref, product_category, evidence_id) VALUES ('NAME_hydrogenated_44_isopropylidene_diphenolphosphite_ester_resins', 'US_FDA', 'prohibited', 'PROHIBITED per 21 CFR §189.300 (Substances Prohibited from Use in Human Food)', '21 CFR §189.300', 'food', (SELECT id FROM fact_evidence WHERE source_url = 'https://www.ecfr.gov/on/2026-04-16/title-21/part-189' AND snapshot_date = '2026-04-16' LIMIT 1));
INSERT INTO ingredient (canonical_id, primary_name, ingredient_class, category, is_natural) VALUES ('NAME_tin_coated_lead_foil_capsules_for_wine_bottles', 'Tin-coated lead foil capsules for wine bottles', 'substance', 'food', 0) ON CONFLICT(canonical_id) DO NOTHING;
INSERT INTO ingredient_alias (canonical_id, alias, alias_normalized, alias_type, language_code, confidence, source) VALUES ('NAME_tin_coated_lead_foil_capsules_for_wine_bottles', 'Tin-coated lead foil capsules for wine bottles', 'tin-coated lead foil capsules for wine bottles', 'synonym', 'en', 1.0, 'FDA CFR 21') ON CONFLICT(alias_normalized, alias_type, COALESCE(language_code, '')) DO NOTHING;
INSERT INTO regulatory_fact (canonical_id, jurisdiction, fact_type, status, regulation_ref, product_category, evidence_id) VALUES ('NAME_tin_coated_lead_foil_capsules_for_wine_bottles', 'US_FDA', 'prohibited', 'PROHIBITED per 21 CFR §189.301 (Substances Prohibited from Use in Human Food)', '21 CFR §189.301', 'food', (SELECT id FROM fact_evidence WHERE source_url = 'https://www.ecfr.gov/on/2026-04-16/title-21/part-189' AND snapshot_date = '2026-04-16' LIMIT 1));
INSERT INTO ingredient (canonical_id, primary_name, ingredient_class, category, is_natural) VALUES ('NAME_cosmetics_containing_bithionol', 'Cosmetics containing bithionol', 'substance', 'cosmetic', 0) ON CONFLICT(canonical_id) DO NOTHING;
INSERT INTO ingredient_alias (canonical_id, alias, alias_normalized, alias_type, language_code, confidence, source) VALUES ('NAME_cosmetics_containing_bithionol', 'Cosmetics containing bithionol', 'cosmetics containing bithionol', 'synonym', 'en', 1.0, 'FDA CFR 21') ON CONFLICT(alias_normalized, alias_type, COALESCE(language_code, '')) DO NOTHING;
INSERT INTO regulatory_fact (canonical_id, jurisdiction, fact_type, status, regulation_ref, product_category, evidence_id) VALUES ('NAME_cosmetics_containing_bithionol', 'US_FDA', 'permitted', 'PERMITTED per 21 CFR §700.11 (General (Cosmetics))', '21 CFR §700.11', 'cosmetic', (SELECT id FROM fact_evidence WHERE source_url = 'https://www.ecfr.gov/on/2026-04-16/title-21/part-700' AND snapshot_date = '2026-04-16' LIMIT 1));
INSERT INTO regulatory_fact (canonical_id, jurisdiction, fact_type, status, regulation_ref, product_category, evidence_id) VALUES ('NAME_chlorofluorocarbon_propellants', 'US_FDA', 'permitted', 'PERMITTED per 21 CFR §700.23 (General (Cosmetics))', '21 CFR §700.23', 'cosmetic', (SELECT id FROM fact_evidence WHERE source_url = 'https://www.ecfr.gov/on/2026-04-16/title-21/part-700' AND snapshot_date = '2026-04-16' LIMIT 1));
INSERT INTO ingredient (canonical_id, primary_name, ingredient_class, category, is_natural) VALUES ('NAME_tamper_resistant_packaging_requirements_for_cosmetic_products', 'Tamper-resistant packaging requirements for cosmetic products', 'substance', 'cosmetic', 0) ON CONFLICT(canonical_id) DO NOTHING;
INSERT INTO ingredient_alias (canonical_id, alias, alias_normalized, alias_type, language_code, confidence, source) VALUES ('NAME_tamper_resistant_packaging_requirements_for_cosmetic_products', 'Tamper-resistant packaging requirements for cosmetic products', 'tamper-resistant packaging requirements for cosmetic products', 'synonym', 'en', 1.0, 'FDA CFR 21') ON CONFLICT(alias_normalized, alias_type, COALESCE(language_code, '')) DO NOTHING;
INSERT INTO regulatory_fact (canonical_id, jurisdiction, fact_type, status, regulation_ref, product_category, evidence_id) VALUES ('NAME_tamper_resistant_packaging_requirements_for_cosmetic_products', 'US_FDA', 'permitted', 'PERMITTED per 21 CFR §700.25 (General (Cosmetics))', '21 CFR §700.25', 'cosmetic', (SELECT id FROM fact_evidence WHERE source_url = 'https://www.ecfr.gov/on/2026-04-16/title-21/part-700' AND snapshot_date = '2026-04-16' LIMIT 1));
INSERT INTO ingredient (canonical_id, primary_name, ingredient_class, category, is_natural) VALUES ('NAME_cosmetics_containing_sunscreen_ingredients', 'Cosmetics containing sunscreen ingredients', 'substance', 'cosmetic', 0) ON CONFLICT(canonical_id) DO NOTHING;
INSERT INTO ingredient_alias (canonical_id, alias, alias_normalized, alias_type, language_code, confidence, source) VALUES ('NAME_cosmetics_containing_sunscreen_ingredients', 'Cosmetics containing sunscreen ingredients', 'cosmetics containing sunscreen ingredients', 'synonym', 'en', 1.0, 'FDA CFR 21') ON CONFLICT(alias_normalized, alias_type, COALESCE(language_code, '')) DO NOTHING;
INSERT INTO regulatory_fact (canonical_id, jurisdiction, fact_type, status, regulation_ref, product_category, evidence_id) VALUES ('NAME_cosmetics_containing_sunscreen_ingredients', 'US_FDA', 'permitted', 'PERMITTED per 21 CFR §700.35 (General (Cosmetics))', '21 CFR §700.35', 'cosmetic', (SELECT id FROM fact_evidence WHERE source_url = 'https://www.ecfr.gov/on/2026-04-16/title-21/part-700' AND snapshot_date = '2026-04-16' LIMIT 1));
INSERT INTO ingredient (canonical_id, primary_name, ingredient_class, category, is_natural) VALUES ('NAME_fdc_blue_no_1', 'FD&C Blue No. 1', 'substance', 'food', 0) ON CONFLICT(canonical_id) DO NOTHING;
INSERT INTO ingredient_alias (canonical_id, alias, alias_normalized, alias_type, language_code, confidence, source) VALUES ('NAME_fdc_blue_no_1', 'FD&C Blue No. 1', 'fd&c blue no. 1', 'synonym', 'en', 1.0, 'FDA CFR 21') ON CONFLICT(alias_normalized, alias_type, COALESCE(language_code, '')) DO NOTHING;
INSERT INTO regulatory_fact (canonical_id, jurisdiction, fact_type, status, regulation_ref, product_category, evidence_id) VALUES ('NAME_fdc_blue_no_1', 'US_FDA', 'permitted', 'PERMITTED per 21 CFR §74.101 (Listing of Color Additives Subject to Certification)', '21 CFR §74.101', 'food', (SELECT id FROM fact_evidence WHERE source_url = 'https://www.ecfr.gov/on/2026-04-16/title-21/part-74' AND snapshot_date = '2026-04-16' LIMIT 1));
INSERT INTO ingredient (canonical_id, primary_name, ingredient_class, category, is_natural) VALUES ('NAME_fdc_blue_no_2', 'FD&C Blue No. 2', 'substance', 'food', 0) ON CONFLICT(canonical_id) DO NOTHING;
INSERT INTO ingredient_alias (canonical_id, alias, alias_normalized, alias_type, language_code, confidence, source) VALUES ('NAME_fdc_blue_no_2', 'FD&C Blue No. 2', 'fd&c blue no. 2', 'synonym', 'en', 1.0, 'FDA CFR 21') ON CONFLICT(alias_normalized, alias_type, COALESCE(language_code, '')) DO NOTHING;
INSERT INTO regulatory_fact (canonical_id, jurisdiction, fact_type, status, regulation_ref, product_category, evidence_id) VALUES ('NAME_fdc_blue_no_2', 'US_FDA', 'permitted', 'PERMITTED per 21 CFR §74.102 (Listing of Color Additives Subject to Certification)', '21 CFR §74.102', 'food', (SELECT id FROM fact_evidence WHERE source_url = 'https://www.ecfr.gov/on/2026-04-16/title-21/part-74' AND snapshot_date = '2026-04-16' LIMIT 1));
INSERT INTO ingredient (canonical_id, primary_name, ingredient_class, category, is_natural) VALUES ('NAME_fdc_green_no_3', 'FD&C Green No. 3', 'substance', 'food', 0) ON CONFLICT(canonical_id) DO NOTHING;
INSERT INTO ingredient_alias (canonical_id, alias, alias_normalized, alias_type, language_code, confidence, source) VALUES ('NAME_fdc_green_no_3', 'FD&C Green No. 3', 'fd&c green no. 3', 'synonym', 'en', 1.0, 'FDA CFR 21') ON CONFLICT(alias_normalized, alias_type, COALESCE(language_code, '')) DO NOTHING;
INSERT INTO regulatory_fact (canonical_id, jurisdiction, fact_type, status, regulation_ref, product_category, evidence_id) VALUES ('NAME_fdc_green_no_3', 'US_FDA', 'permitted', 'PERMITTED per 21 CFR §74.203 (Listing of Color Additives Subject to Certification)', '21 CFR §74.203', 'food', (SELECT id FROM fact_evidence WHERE source_url = 'https://www.ecfr.gov/on/2026-04-16/title-21/part-74' AND snapshot_date = '2026-04-16' LIMIT 1));
INSERT INTO ingredient (canonical_id, primary_name, ingredient_class, category, is_natural) VALUES ('NAME_orange_b', 'Orange B', 'substance', 'food', 0) ON CONFLICT(canonical_id) DO NOTHING;
INSERT INTO ingredient_alias (canonical_id, alias, alias_normalized, alias_type, language_code, confidence, source) VALUES ('NAME_orange_b', 'Orange B', 'orange b', 'synonym', 'en', 1.0, 'FDA CFR 21') ON CONFLICT(alias_normalized, alias_type, COALESCE(language_code, '')) DO NOTHING;
INSERT INTO regulatory_fact (canonical_id, jurisdiction, fact_type, status, regulation_ref, product_category, evidence_id) VALUES ('NAME_orange_b', 'US_FDA', 'permitted', 'PERMITTED per 21 CFR §74.250 (Listing of Color Additives Subject to Certification)', '21 CFR §74.250', 'food', (SELECT id FROM fact_evidence WHERE source_url = 'https://www.ecfr.gov/on/2026-04-16/title-21/part-74' AND snapshot_date = '2026-04-16' LIMIT 1));
INSERT INTO ingredient (canonical_id, primary_name, ingredient_class, category, is_natural) VALUES ('NAME_citrus_red_no_2', 'Citrus Red No. 2', 'substance', 'food', 0) ON CONFLICT(canonical_id) DO NOTHING;
INSERT INTO ingredient_alias (canonical_id, alias, alias_normalized, alias_type, language_code, confidence, source) VALUES ('NAME_citrus_red_no_2', 'Citrus Red No. 2', 'citrus red no. 2', 'synonym', 'en', 1.0, 'FDA CFR 21') ON CONFLICT(alias_normalized, alias_type, COALESCE(language_code, '')) DO NOTHING;
INSERT INTO regulatory_fact (canonical_id, jurisdiction, fact_type, status, regulation_ref, product_category, evidence_id) VALUES ('NAME_citrus_red_no_2', 'US_FDA', 'permitted', 'PERMITTED per 21 CFR §74.302 (Listing of Color Additives Subject to Certification)', '21 CFR §74.302', 'food', (SELECT id FROM fact_evidence WHERE source_url = 'https://www.ecfr.gov/on/2026-04-16/title-21/part-74' AND snapshot_date = '2026-04-16' LIMIT 1));
INSERT INTO ingredient (canonical_id, primary_name, ingredient_class, category, is_natural) VALUES ('NAME_fdc_red_no_3', 'FD&C Red No. 3', 'substance', 'food', 0) ON CONFLICT(canonical_id) DO NOTHING;
INSERT INTO ingredient_alias (canonical_id, alias, alias_normalized, alias_type, language_code, confidence, source) VALUES ('NAME_fdc_red_no_3', 'FD&C Red No. 3', 'fd&c red no. 3', 'synonym', 'en', 1.0, 'FDA CFR 21') ON CONFLICT(alias_normalized, alias_type, COALESCE(language_code, '')) DO NOTHING;
INSERT INTO regulatory_fact (canonical_id, jurisdiction, fact_type, status, regulation_ref, product_category, evidence_id) VALUES ('NAME_fdc_red_no_3', 'US_FDA', 'permitted', 'PERMITTED per 21 CFR §74.303 (Listing of Color Additives Subject to Certification)', '21 CFR §74.303', 'food', (SELECT id FROM fact_evidence WHERE source_url = 'https://www.ecfr.gov/on/2026-04-16/title-21/part-74' AND snapshot_date = '2026-04-16' LIMIT 1));
INSERT INTO ingredient (canonical_id, primary_name, ingredient_class, category, is_natural) VALUES ('NAME_fdc_red_no_40', 'FD&C Red No. 40', 'substance', 'food', 0) ON CONFLICT(canonical_id) DO NOTHING;
INSERT INTO ingredient_alias (canonical_id, alias, alias_normalized, alias_type, language_code, confidence, source) VALUES ('NAME_fdc_red_no_40', 'FD&C Red No. 40', 'fd&c red no. 40', 'synonym', 'en', 1.0, 'FDA CFR 21') ON CONFLICT(alias_normalized, alias_type, COALESCE(language_code, '')) DO NOTHING;
INSERT INTO regulatory_fact (canonical_id, jurisdiction, fact_type, status, regulation_ref, product_category, evidence_id) VALUES ('NAME_fdc_red_no_40', 'US_FDA', 'permitted', 'PERMITTED per 21 CFR §74.340 (Listing of Color Additives Subject to Certification)', '21 CFR §74.340', 'food', (SELECT id FROM fact_evidence WHERE source_url = 'https://www.ecfr.gov/on/2026-04-16/title-21/part-74' AND snapshot_date = '2026-04-16' LIMIT 1));
INSERT INTO ingredient (canonical_id, primary_name, ingredient_class, category, is_natural) VALUES ('NAME_fdc_yellow_no_5', 'FD&C Yellow No. 5', 'substance', 'food', 0) ON CONFLICT(canonical_id) DO NOTHING;
INSERT INTO ingredient_alias (canonical_id, alias, alias_normalized, alias_type, language_code, confidence, source) VALUES ('NAME_fdc_yellow_no_5', 'FD&C Yellow No. 5', 'fd&c yellow no. 5', 'synonym', 'en', 1.0, 'FDA CFR 21') ON CONFLICT(alias_normalized, alias_type, COALESCE(language_code, '')) DO NOTHING;
INSERT INTO regulatory_fact (canonical_id, jurisdiction, fact_type, status, regulation_ref, product_category, evidence_id) VALUES ('NAME_fdc_yellow_no_5', 'US_FDA', 'permitted', 'PERMITTED per 21 CFR §74.705 (Listing of Color Additives Subject to Certification)', '21 CFR §74.705', 'food', (SELECT id FROM fact_evidence WHERE source_url = 'https://www.ecfr.gov/on/2026-04-16/title-21/part-74' AND snapshot_date = '2026-04-16' LIMIT 1));
INSERT INTO ingredient (canonical_id, primary_name, ingredient_class, category, is_natural) VALUES ('NAME_fdc_yellow_no_6', 'FD&C Yellow No. 6', 'substance', 'food', 0) ON CONFLICT(canonical_id) DO NOTHING;
INSERT INTO ingredient_alias (canonical_id, alias, alias_normalized, alias_type, language_code, confidence, source) VALUES ('NAME_fdc_yellow_no_6', 'FD&C Yellow No. 6', 'fd&c yellow no. 6', 'synonym', 'en', 1.0, 'FDA CFR 21') ON CONFLICT(alias_normalized, alias_type, COALESCE(language_code, '')) DO NOTHING;
INSERT INTO regulatory_fact (canonical_id, jurisdiction, fact_type, status, regulation_ref, product_category, evidence_id) VALUES ('NAME_fdc_yellow_no_6', 'US_FDA', 'permitted', 'PERMITTED per 21 CFR §74.706 (Listing of Color Additives Subject to Certification)', '21 CFR §74.706', 'food', (SELECT id FROM fact_evidence WHERE source_url = 'https://www.ecfr.gov/on/2026-04-16/title-21/part-74' AND snapshot_date = '2026-04-16' LIMIT 1));
INSERT INTO regulatory_fact (canonical_id, jurisdiction, fact_type, status, regulation_ref, product_category, evidence_id) VALUES ('NAME_fdc_blue_no_1', 'US_FDA', 'permitted', 'PERMITTED per 21 CFR §74.1101 (Listing of Color Additives Subject to Certification)', '21 CFR §74.1101', 'food', (SELECT id FROM fact_evidence WHERE source_url = 'https://www.ecfr.gov/on/2026-04-16/title-21/part-74' AND snapshot_date = '2026-04-16' LIMIT 1));
INSERT INTO regulatory_fact (canonical_id, jurisdiction, fact_type, status, regulation_ref, product_category, evidence_id) VALUES ('NAME_fdc_blue_no_2', 'US_FDA', 'permitted', 'PERMITTED per 21 CFR §74.1102 (Listing of Color Additives Subject to Certification)', '21 CFR §74.1102', 'food', (SELECT id FROM fact_evidence WHERE source_url = 'https://www.ecfr.gov/on/2026-04-16/title-21/part-74' AND snapshot_date = '2026-04-16' LIMIT 1));
INSERT INTO ingredient (canonical_id, primary_name, ingredient_class, category, is_natural) VALUES ('NAME_dc_blue_no_4', 'D&C Blue No. 4', 'substance', 'food', 0) ON CONFLICT(canonical_id) DO NOTHING;
INSERT INTO ingredient_alias (canonical_id, alias, alias_normalized, alias_type, language_code, confidence, source) VALUES ('NAME_dc_blue_no_4', 'D&C Blue No. 4', 'd&c blue no. 4', 'synonym', 'en', 1.0, 'FDA CFR 21') ON CONFLICT(alias_normalized, alias_type, COALESCE(language_code, '')) DO NOTHING;
INSERT INTO regulatory_fact (canonical_id, jurisdiction, fact_type, status, regulation_ref, product_category, evidence_id) VALUES ('NAME_dc_blue_no_4', 'US_FDA', 'permitted', 'PERMITTED per 21 CFR §74.1104 (Listing of Color Additives Subject to Certification)', '21 CFR §74.1104', 'food', (SELECT id FROM fact_evidence WHERE source_url = 'https://www.ecfr.gov/on/2026-04-16/title-21/part-74' AND snapshot_date = '2026-04-16' LIMIT 1));
INSERT INTO ingredient (canonical_id, primary_name, ingredient_class, category, is_natural) VALUES ('NAME_dc_blue_no_9', 'D&C Blue No. 9', 'substance', 'food', 0) ON CONFLICT(canonical_id) DO NOTHING;
INSERT INTO ingredient_alias (canonical_id, alias, alias_normalized, alias_type, language_code, confidence, source) VALUES ('NAME_dc_blue_no_9', 'D&C Blue No. 9', 'd&c blue no. 9', 'synonym', 'en', 1.0, 'FDA CFR 21') ON CONFLICT(alias_normalized, alias_type, COALESCE(language_code, '')) DO NOTHING;
INSERT INTO regulatory_fact (canonical_id, jurisdiction, fact_type, status, regulation_ref, product_category, evidence_id) VALUES ('NAME_dc_blue_no_9', 'US_FDA', 'permitted', 'PERMITTED per 21 CFR §74.1109 (Listing of Color Additives Subject to Certification)', '21 CFR §74.1109', 'food', (SELECT id FROM fact_evidence WHERE source_url = 'https://www.ecfr.gov/on/2026-04-16/title-21/part-74' AND snapshot_date = '2026-04-16' LIMIT 1));
INSERT INTO regulatory_fact (canonical_id, jurisdiction, fact_type, status, regulation_ref, product_category, evidence_id) VALUES ('NAME_fdc_green_no_3', 'US_FDA', 'permitted', 'PERMITTED per 21 CFR §74.1203 (Listing of Color Additives Subject to Certification)', '21 CFR §74.1203', 'food', (SELECT id FROM fact_evidence WHERE source_url = 'https://www.ecfr.gov/on/2026-04-16/title-21/part-74' AND snapshot_date = '2026-04-16' LIMIT 1));
INSERT INTO ingredient (canonical_id, primary_name, ingredient_class, category, is_natural) VALUES ('NAME_dc_green_no_5', 'D&C Green No. 5', 'substance', 'food', 0) ON CONFLICT(canonical_id) DO NOTHING;
INSERT INTO ingredient_alias (canonical_id, alias, alias_normalized, alias_type, language_code, confidence, source) VALUES ('NAME_dc_green_no_5', 'D&C Green No. 5', 'd&c green no. 5', 'synonym', 'en', 1.0, 'FDA CFR 21') ON CONFLICT(alias_normalized, alias_type, COALESCE(language_code, '')) DO NOTHING;
INSERT INTO regulatory_fact (canonical_id, jurisdiction, fact_type, status, regulation_ref, product_category, evidence_id) VALUES ('NAME_dc_green_no_5', 'US_FDA', 'permitted', 'PERMITTED per 21 CFR §74.1205 (Listing of Color Additives Subject to Certification)', '21 CFR §74.1205', 'food', (SELECT id FROM fact_evidence WHERE source_url = 'https://www.ecfr.gov/on/2026-04-16/title-21/part-74' AND snapshot_date = '2026-04-16' LIMIT 1));
INSERT INTO ingredient (canonical_id, primary_name, ingredient_class, category, is_natural) VALUES ('NAME_dc_green_no_6', 'D&C Green No. 6', 'substance', 'food', 0) ON CONFLICT(canonical_id) DO NOTHING;
INSERT INTO ingredient_alias (canonical_id, alias, alias_normalized, alias_type, language_code, confidence, source) VALUES ('NAME_dc_green_no_6', 'D&C Green No. 6', 'd&c green no. 6', 'synonym', 'en', 1.0, 'FDA CFR 21') ON CONFLICT(alias_normalized, alias_type, COALESCE(language_code, '')) DO NOTHING;
INSERT INTO regulatory_fact (canonical_id, jurisdiction, fact_type, status, regulation_ref, product_category, evidence_id) VALUES ('NAME_dc_green_no_6', 'US_FDA', 'permitted', 'PERMITTED per 21 CFR §74.1206 (Listing of Color Additives Subject to Certification)', '21 CFR §74.1206', 'food', (SELECT id FROM fact_evidence WHERE source_url = 'https://www.ecfr.gov/on/2026-04-16/title-21/part-74' AND snapshot_date = '2026-04-16' LIMIT 1));
INSERT INTO ingredient (canonical_id, primary_name, ingredient_class, category, is_natural) VALUES ('NAME_dc_green_no_8', 'D&C Green No. 8', 'substance', 'food', 0) ON CONFLICT(canonical_id) DO NOTHING;
INSERT INTO ingredient_alias (canonical_id, alias, alias_normalized, alias_type, language_code, confidence, source) VALUES ('NAME_dc_green_no_8', 'D&C Green No. 8', 'd&c green no. 8', 'synonym', 'en', 1.0, 'FDA CFR 21') ON CONFLICT(alias_normalized, alias_type, COALESCE(language_code, '')) DO NOTHING;
INSERT INTO regulatory_fact (canonical_id, jurisdiction, fact_type, status, regulation_ref, product_category, evidence_id) VALUES ('NAME_dc_green_no_8', 'US_FDA', 'permitted', 'PERMITTED per 21 CFR §74.1208 (Listing of Color Additives Subject to Certification)', '21 CFR §74.1208', 'food', (SELECT id FROM fact_evidence WHERE source_url = 'https://www.ecfr.gov/on/2026-04-16/title-21/part-74' AND snapshot_date = '2026-04-16' LIMIT 1));
INSERT INTO ingredient (canonical_id, primary_name, ingredient_class, category, is_natural) VALUES ('NAME_dc_orange_no_4', 'D&C Orange No. 4', 'substance', 'food', 0) ON CONFLICT(canonical_id) DO NOTHING;
INSERT INTO ingredient_alias (canonical_id, alias, alias_normalized, alias_type, language_code, confidence, source) VALUES ('NAME_dc_orange_no_4', 'D&C Orange No. 4', 'd&c orange no. 4', 'synonym', 'en', 1.0, 'FDA CFR 21') ON CONFLICT(alias_normalized, alias_type, COALESCE(language_code, '')) DO NOTHING;
INSERT INTO regulatory_fact (canonical_id, jurisdiction, fact_type, status, regulation_ref, product_category, evidence_id) VALUES ('NAME_dc_orange_no_4', 'US_FDA', 'permitted', 'PERMITTED per 21 CFR §74.1254 (Listing of Color Additives Subject to Certification)', '21 CFR §74.1254', 'food', (SELECT id FROM fact_evidence WHERE source_url = 'https://www.ecfr.gov/on/2026-04-16/title-21/part-74' AND snapshot_date = '2026-04-16' LIMIT 1));
INSERT INTO ingredient (canonical_id, primary_name, ingredient_class, category, is_natural) VALUES ('NAME_dc_orange_no_5', 'D&C Orange No. 5', 'substance', 'food', 0) ON CONFLICT(canonical_id) DO NOTHING;
INSERT INTO ingredient_alias (canonical_id, alias, alias_normalized, alias_type, language_code, confidence, source) VALUES ('NAME_dc_orange_no_5', 'D&C Orange No. 5', 'd&c orange no. 5', 'synonym', 'en', 1.0, 'FDA CFR 21') ON CONFLICT(alias_normalized, alias_type, COALESCE(language_code, '')) DO NOTHING;
INSERT INTO regulatory_fact (canonical_id, jurisdiction, fact_type, status, regulation_ref, product_category, evidence_id) VALUES ('NAME_dc_orange_no_5', 'US_FDA', 'permitted', 'PERMITTED per 21 CFR §74.1255 (Listing of Color Additives Subject to Certification)', '21 CFR §74.1255', 'food', (SELECT id FROM fact_evidence WHERE source_url = 'https://www.ecfr.gov/on/2026-04-16/title-21/part-74' AND snapshot_date = '2026-04-16' LIMIT 1));
INSERT INTO ingredient (canonical_id, primary_name, ingredient_class, category, is_natural) VALUES ('NAME_dc_orange_no_10', 'D&C Orange No. 10', 'substance', 'food', 0) ON CONFLICT(canonical_id) DO NOTHING;
INSERT INTO ingredient_alias (canonical_id, alias, alias_normalized, alias_type, language_code, confidence, source) VALUES ('NAME_dc_orange_no_10', 'D&C Orange No. 10', 'd&c orange no. 10', 'synonym', 'en', 1.0, 'FDA CFR 21') ON CONFLICT(alias_normalized, alias_type, COALESCE(language_code, '')) DO NOTHING;
INSERT INTO regulatory_fact (canonical_id, jurisdiction, fact_type, status, regulation_ref, product_category, evidence_id) VALUES ('NAME_dc_orange_no_10', 'US_FDA', 'permitted', 'PERMITTED per 21 CFR §74.1260 (Listing of Color Additives Subject to Certification)', '21 CFR §74.1260', 'food', (SELECT id FROM fact_evidence WHERE source_url = 'https://www.ecfr.gov/on/2026-04-16/title-21/part-74' AND snapshot_date = '2026-04-16' LIMIT 1));
INSERT INTO ingredient (canonical_id, primary_name, ingredient_class, category, is_natural) VALUES ('NAME_dc_orange_no_11', 'D&C Orange No. 11', 'substance', 'food', 0) ON CONFLICT(canonical_id) DO NOTHING;
INSERT INTO ingredient_alias (canonical_id, alias, alias_normalized, alias_type, language_code, confidence, source) VALUES ('NAME_dc_orange_no_11', 'D&C Orange No. 11', 'd&c orange no. 11', 'synonym', 'en', 1.0, 'FDA CFR 21') ON CONFLICT(alias_normalized, alias_type, COALESCE(language_code, '')) DO NOTHING;
INSERT INTO regulatory_fact (canonical_id, jurisdiction, fact_type, status, regulation_ref, product_category, evidence_id) VALUES ('NAME_dc_orange_no_11', 'US_FDA', 'permitted', 'PERMITTED per 21 CFR §74.1261 (Listing of Color Additives Subject to Certification)', '21 CFR §74.1261', 'food', (SELECT id FROM fact_evidence WHERE source_url = 'https://www.ecfr.gov/on/2026-04-16/title-21/part-74' AND snapshot_date = '2026-04-16' LIMIT 1));
INSERT INTO regulatory_fact (canonical_id, jurisdiction, fact_type, status, regulation_ref, product_category, evidence_id) VALUES ('NAME_fdc_red_no_3', 'US_FDA', 'permitted', 'PERMITTED per 21 CFR §74.1303 (Listing of Color Additives Subject to Certification)', '21 CFR §74.1303', 'food', (SELECT id FROM fact_evidence WHERE source_url = 'https://www.ecfr.gov/on/2026-04-16/title-21/part-74' AND snapshot_date = '2026-04-16' LIMIT 1));
INSERT INTO ingredient (canonical_id, primary_name, ingredient_class, category, is_natural) VALUES ('NAME_fdc_red_no_4', 'FD&C Red No. 4', 'substance', 'food', 0) ON CONFLICT(canonical_id) DO NOTHING;
INSERT INTO ingredient_alias (canonical_id, alias, alias_normalized, alias_type, language_code, confidence, source) VALUES ('NAME_fdc_red_no_4', 'FD&C Red No. 4', 'fd&c red no. 4', 'synonym', 'en', 1.0, 'FDA CFR 21') ON CONFLICT(alias_normalized, alias_type, COALESCE(language_code, '')) DO NOTHING;
INSERT INTO regulatory_fact (canonical_id, jurisdiction, fact_type, status, regulation_ref, product_category, evidence_id) VALUES ('NAME_fdc_red_no_4', 'US_FDA', 'permitted', 'PERMITTED per 21 CFR §74.1304 (Listing of Color Additives Subject to Certification)', '21 CFR §74.1304', 'food', (SELECT id FROM fact_evidence WHERE source_url = 'https://www.ecfr.gov/on/2026-04-16/title-21/part-74' AND snapshot_date = '2026-04-16' LIMIT 1));
INSERT INTO ingredient (canonical_id, primary_name, ingredient_class, category, is_natural) VALUES ('NAME_dc_red_no_6', 'D&C Red No. 6', 'substance', 'food', 0) ON CONFLICT(canonical_id) DO NOTHING;
INSERT INTO ingredient_alias (canonical_id, alias, alias_normalized, alias_type, language_code, confidence, source) VALUES ('NAME_dc_red_no_6', 'D&C Red No. 6', 'd&c red no. 6', 'synonym', 'en', 1.0, 'FDA CFR 21') ON CONFLICT(alias_normalized, alias_type, COALESCE(language_code, '')) DO NOTHING;
INSERT INTO regulatory_fact (canonical_id, jurisdiction, fact_type, status, regulation_ref, product_category, evidence_id) VALUES ('NAME_dc_red_no_6', 'US_FDA', 'permitted', 'PERMITTED per 21 CFR §74.1306 (Listing of Color Additives Subject to Certification)', '21 CFR §74.1306', 'food', (SELECT id FROM fact_evidence WHERE source_url = 'https://www.ecfr.gov/on/2026-04-16/title-21/part-74' AND snapshot_date = '2026-04-16' LIMIT 1));
INSERT INTO ingredient (canonical_id, primary_name, ingredient_class, category, is_natural) VALUES ('NAME_dc_red_no_7', 'D&C Red No. 7', 'substance', 'food', 0) ON CONFLICT(canonical_id) DO NOTHING;
INSERT INTO ingredient_alias (canonical_id, alias, alias_normalized, alias_type, language_code, confidence, source) VALUES ('NAME_dc_red_no_7', 'D&C Red No. 7', 'd&c red no. 7', 'synonym', 'en', 1.0, 'FDA CFR 21') ON CONFLICT(alias_normalized, alias_type, COALESCE(language_code, '')) DO NOTHING;
INSERT INTO regulatory_fact (canonical_id, jurisdiction, fact_type, status, regulation_ref, product_category, evidence_id) VALUES ('NAME_dc_red_no_7', 'US_FDA', 'permitted', 'PERMITTED per 21 CFR §74.1307 (Listing of Color Additives Subject to Certification)', '21 CFR §74.1307', 'food', (SELECT id FROM fact_evidence WHERE source_url = 'https://www.ecfr.gov/on/2026-04-16/title-21/part-74' AND snapshot_date = '2026-04-16' LIMIT 1));
INSERT INTO ingredient (canonical_id, primary_name, ingredient_class, category, is_natural) VALUES ('NAME_dc_red_no_17', 'D&C Red No. 17', 'substance', 'food', 0) ON CONFLICT(canonical_id) DO NOTHING;
INSERT INTO ingredient_alias (canonical_id, alias, alias_normalized, alias_type, language_code, confidence, source) VALUES ('NAME_dc_red_no_17', 'D&C Red No. 17', 'd&c red no. 17', 'synonym', 'en', 1.0, 'FDA CFR 21') ON CONFLICT(alias_normalized, alias_type, COALESCE(language_code, '')) DO NOTHING;
INSERT INTO regulatory_fact (canonical_id, jurisdiction, fact_type, status, regulation_ref, product_category, evidence_id) VALUES ('NAME_dc_red_no_17', 'US_FDA', 'permitted', 'PERMITTED per 21 CFR §74.1317 (Listing of Color Additives Subject to Certification)', '21 CFR §74.1317', 'food', (SELECT id FROM fact_evidence WHERE source_url = 'https://www.ecfr.gov/on/2026-04-16/title-21/part-74' AND snapshot_date = '2026-04-16' LIMIT 1));
INSERT INTO ingredient (canonical_id, primary_name, ingredient_class, category, is_natural) VALUES ('NAME_dc_red_no_21', 'D&C Red No. 21', 'substance', 'food', 0) ON CONFLICT(canonical_id) DO NOTHING;
INSERT INTO ingredient_alias (canonical_id, alias, alias_normalized, alias_type, language_code, confidence, source) VALUES ('NAME_dc_red_no_21', 'D&C Red No. 21', 'd&c red no. 21', 'synonym', 'en', 1.0, 'FDA CFR 21') ON CONFLICT(alias_normalized, alias_type, COALESCE(language_code, '')) DO NOTHING;
INSERT INTO regulatory_fact (canonical_id, jurisdiction, fact_type, status, regulation_ref, product_category, evidence_id) VALUES ('NAME_dc_red_no_21', 'US_FDA', 'permitted', 'PERMITTED per 21 CFR §74.1321 (Listing of Color Additives Subject to Certification)', '21 CFR §74.1321', 'food', (SELECT id FROM fact_evidence WHERE source_url = 'https://www.ecfr.gov/on/2026-04-16/title-21/part-74' AND snapshot_date = '2026-04-16' LIMIT 1));
INSERT INTO ingredient (canonical_id, primary_name, ingredient_class, category, is_natural) VALUES ('NAME_dc_red_no_22', 'D&C Red No. 22', 'substance', 'food', 0) ON CONFLICT(canonical_id) DO NOTHING;
INSERT INTO ingredient_alias (canonical_id, alias, alias_normalized, alias_type, language_code, confidence, source) VALUES ('NAME_dc_red_no_22', 'D&C Red No. 22', 'd&c red no. 22', 'synonym', 'en', 1.0, 'FDA CFR 21') ON CONFLICT(alias_normalized, alias_type, COALESCE(language_code, '')) DO NOTHING;
INSERT INTO regulatory_fact (canonical_id, jurisdiction, fact_type, status, regulation_ref, product_category, evidence_id) VALUES ('NAME_dc_red_no_22', 'US_FDA', 'permitted', 'PERMITTED per 21 CFR §74.1322 (Listing of Color Additives Subject to Certification)', '21 CFR §74.1322', 'food', (SELECT id FROM fact_evidence WHERE source_url = 'https://www.ecfr.gov/on/2026-04-16/title-21/part-74' AND snapshot_date = '2026-04-16' LIMIT 1));
INSERT INTO ingredient (canonical_id, primary_name, ingredient_class, category, is_natural) VALUES ('NAME_dc_red_no_27', 'D&C Red No. 27', 'substance', 'food', 0) ON CONFLICT(canonical_id) DO NOTHING;
INSERT INTO ingredient_alias (canonical_id, alias, alias_normalized, alias_type, language_code, confidence, source) VALUES ('NAME_dc_red_no_27', 'D&C Red No. 27', 'd&c red no. 27', 'synonym', 'en', 1.0, 'FDA CFR 21') ON CONFLICT(alias_normalized, alias_type, COALESCE(language_code, '')) DO NOTHING;
INSERT INTO regulatory_fact (canonical_id, jurisdiction, fact_type, status, regulation_ref, product_category, evidence_id) VALUES ('NAME_dc_red_no_27', 'US_FDA', 'permitted', 'PERMITTED per 21 CFR §74.1327 (Listing of Color Additives Subject to Certification)', '21 CFR §74.1327', 'food', (SELECT id FROM fact_evidence WHERE source_url = 'https://www.ecfr.gov/on/2026-04-16/title-21/part-74' AND snapshot_date = '2026-04-16' LIMIT 1));
INSERT INTO ingredient (canonical_id, primary_name, ingredient_class, category, is_natural) VALUES ('NAME_dc_red_no_28', 'D&C Red No. 28', 'substance', 'food', 0) ON CONFLICT(canonical_id) DO NOTHING;
INSERT INTO ingredient_alias (canonical_id, alias, alias_normalized, alias_type, language_code, confidence, source) VALUES ('NAME_dc_red_no_28', 'D&C Red No. 28', 'd&c red no. 28', 'synonym', 'en', 1.0, 'FDA CFR 21') ON CONFLICT(alias_normalized, alias_type, COALESCE(language_code, '')) DO NOTHING;
INSERT INTO regulatory_fact (canonical_id, jurisdiction, fact_type, status, regulation_ref, product_category, evidence_id) VALUES ('NAME_dc_red_no_28', 'US_FDA', 'permitted', 'PERMITTED per 21 CFR §74.1328 (Listing of Color Additives Subject to Certification)', '21 CFR §74.1328', 'food', (SELECT id FROM fact_evidence WHERE source_url = 'https://www.ecfr.gov/on/2026-04-16/title-21/part-74' AND snapshot_date = '2026-04-16' LIMIT 1));
INSERT INTO ingredient (canonical_id, primary_name, ingredient_class, category, is_natural) VALUES ('NAME_dc_red_no_30', 'D&C Red No. 30', 'substance', 'food', 0) ON CONFLICT(canonical_id) DO NOTHING;
INSERT INTO ingredient_alias (canonical_id, alias, alias_normalized, alias_type, language_code, confidence, source) VALUES ('NAME_dc_red_no_30', 'D&C Red No. 30', 'd&c red no. 30', 'synonym', 'en', 1.0, 'FDA CFR 21') ON CONFLICT(alias_normalized, alias_type, COALESCE(language_code, '')) DO NOTHING;
INSERT INTO regulatory_fact (canonical_id, jurisdiction, fact_type, status, regulation_ref, product_category, evidence_id) VALUES ('NAME_dc_red_no_30', 'US_FDA', 'permitted', 'PERMITTED per 21 CFR §74.1330 (Listing of Color Additives Subject to Certification)', '21 CFR §74.1330', 'food', (SELECT id FROM fact_evidence WHERE source_url = 'https://www.ecfr.gov/on/2026-04-16/title-21/part-74' AND snapshot_date = '2026-04-16' LIMIT 1));
INSERT INTO ingredient (canonical_id, primary_name, ingredient_class, category, is_natural) VALUES ('NAME_dc_red_no_31', 'D&C Red No. 31', 'substance', 'food', 0) ON CONFLICT(canonical_id) DO NOTHING;
INSERT INTO ingredient_alias (canonical_id, alias, alias_normalized, alias_type, language_code, confidence, source) VALUES ('NAME_dc_red_no_31', 'D&C Red No. 31', 'd&c red no. 31', 'synonym', 'en', 1.0, 'FDA CFR 21') ON CONFLICT(alias_normalized, alias_type, COALESCE(language_code, '')) DO NOTHING;
INSERT INTO regulatory_fact (canonical_id, jurisdiction, fact_type, status, regulation_ref, product_category, evidence_id) VALUES ('NAME_dc_red_no_31', 'US_FDA', 'permitted', 'PERMITTED per 21 CFR §74.1331 (Listing of Color Additives Subject to Certification)', '21 CFR §74.1331', 'food', (SELECT id FROM fact_evidence WHERE source_url = 'https://www.ecfr.gov/on/2026-04-16/title-21/part-74' AND snapshot_date = '2026-04-16' LIMIT 1));
INSERT INTO ingredient (canonical_id, primary_name, ingredient_class, category, is_natural) VALUES ('NAME_dc_red_no_33', 'D&C Red No. 33', 'substance', 'food', 0) ON CONFLICT(canonical_id) DO NOTHING;
INSERT INTO ingredient_alias (canonical_id, alias, alias_normalized, alias_type, language_code, confidence, source) VALUES ('NAME_dc_red_no_33', 'D&C Red No. 33', 'd&c red no. 33', 'synonym', 'en', 1.0, 'FDA CFR 21') ON CONFLICT(alias_normalized, alias_type, COALESCE(language_code, '')) DO NOTHING;
INSERT INTO regulatory_fact (canonical_id, jurisdiction, fact_type, status, regulation_ref, product_category, evidence_id) VALUES ('NAME_dc_red_no_33', 'US_FDA', 'permitted', 'PERMITTED per 21 CFR §74.1333 (Listing of Color Additives Subject to Certification)', '21 CFR §74.1333', 'food', (SELECT id FROM fact_evidence WHERE source_url = 'https://www.ecfr.gov/on/2026-04-16/title-21/part-74' AND snapshot_date = '2026-04-16' LIMIT 1));
INSERT INTO ingredient (canonical_id, primary_name, ingredient_class, category, is_natural) VALUES ('NAME_dc_red_no_34', 'D&C Red No. 34', 'substance', 'food', 0) ON CONFLICT(canonical_id) DO NOTHING;
INSERT INTO ingredient_alias (canonical_id, alias, alias_normalized, alias_type, language_code, confidence, source) VALUES ('NAME_dc_red_no_34', 'D&C Red No. 34', 'd&c red no. 34', 'synonym', 'en', 1.0, 'FDA CFR 21') ON CONFLICT(alias_normalized, alias_type, COALESCE(language_code, '')) DO NOTHING;
INSERT INTO regulatory_fact (canonical_id, jurisdiction, fact_type, status, regulation_ref, product_category, evidence_id) VALUES ('NAME_dc_red_no_34', 'US_FDA', 'permitted', 'PERMITTED per 21 CFR §74.1334 (Listing of Color Additives Subject to Certification)', '21 CFR §74.1334', 'food', (SELECT id FROM fact_evidence WHERE source_url = 'https://www.ecfr.gov/on/2026-04-16/title-21/part-74' AND snapshot_date = '2026-04-16' LIMIT 1));
INSERT INTO ingredient (canonical_id, primary_name, ingredient_class, category, is_natural) VALUES ('NAME_dc_red_no_36', 'D&C Red No. 36', 'substance', 'food', 0) ON CONFLICT(canonical_id) DO NOTHING;
INSERT INTO ingredient_alias (canonical_id, alias, alias_normalized, alias_type, language_code, confidence, source) VALUES ('NAME_dc_red_no_36', 'D&C Red No. 36', 'd&c red no. 36', 'synonym', 'en', 1.0, 'FDA CFR 21') ON CONFLICT(alias_normalized, alias_type, COALESCE(language_code, '')) DO NOTHING;
INSERT INTO regulatory_fact (canonical_id, jurisdiction, fact_type, status, regulation_ref, product_category, evidence_id) VALUES ('NAME_dc_red_no_36', 'US_FDA', 'permitted', 'PERMITTED per 21 CFR §74.1336 (Listing of Color Additives Subject to Certification)', '21 CFR §74.1336', 'food', (SELECT id FROM fact_evidence WHERE source_url = 'https://www.ecfr.gov/on/2026-04-16/title-21/part-74' AND snapshot_date = '2026-04-16' LIMIT 1));
INSERT INTO ingredient (canonical_id, primary_name, ingredient_class, category, is_natural) VALUES ('NAME_dc_red_no_39', 'D&C Red No. 39', 'substance', 'food', 0) ON CONFLICT(canonical_id) DO NOTHING;
INSERT INTO ingredient_alias (canonical_id, alias, alias_normalized, alias_type, language_code, confidence, source) VALUES ('NAME_dc_red_no_39', 'D&C Red No. 39', 'd&c red no. 39', 'synonym', 'en', 1.0, 'FDA CFR 21') ON CONFLICT(alias_normalized, alias_type, COALESCE(language_code, '')) DO NOTHING;
INSERT INTO regulatory_fact (canonical_id, jurisdiction, fact_type, status, regulation_ref, product_category, evidence_id) VALUES ('NAME_dc_red_no_39', 'US_FDA', 'permitted', 'PERMITTED per 21 CFR §74.1339 (Listing of Color Additives Subject to Certification)', '21 CFR §74.1339', 'food', (SELECT id FROM fact_evidence WHERE source_url = 'https://www.ecfr.gov/on/2026-04-16/title-21/part-74' AND snapshot_date = '2026-04-16' LIMIT 1));
INSERT INTO regulatory_fact (canonical_id, jurisdiction, fact_type, status, regulation_ref, product_category, evidence_id) VALUES ('NAME_fdc_red_no_40', 'US_FDA', 'permitted', 'PERMITTED per 21 CFR §74.1340 (Listing of Color Additives Subject to Certification)', '21 CFR §74.1340', 'food', (SELECT id FROM fact_evidence WHERE source_url = 'https://www.ecfr.gov/on/2026-04-16/title-21/part-74' AND snapshot_date = '2026-04-16' LIMIT 1));
INSERT INTO ingredient (canonical_id, primary_name, ingredient_class, category, is_natural) VALUES ('NAME_dc_violet_no_2', 'D&C Violet No. 2', 'substance', 'food', 0) ON CONFLICT(canonical_id) DO NOTHING;
INSERT INTO ingredient_alias (canonical_id, alias, alias_normalized, alias_type, language_code, confidence, source) VALUES ('NAME_dc_violet_no_2', 'D&C Violet No. 2', 'd&c violet no. 2', 'synonym', 'en', 1.0, 'FDA CFR 21') ON CONFLICT(alias_normalized, alias_type, COALESCE(language_code, '')) DO NOTHING;
INSERT INTO regulatory_fact (canonical_id, jurisdiction, fact_type, status, regulation_ref, product_category, evidence_id) VALUES ('NAME_dc_violet_no_2', 'US_FDA', 'permitted', 'PERMITTED per 21 CFR §74.1602 (Listing of Color Additives Subject to Certification)', '21 CFR §74.1602', 'food', (SELECT id FROM fact_evidence WHERE source_url = 'https://www.ecfr.gov/on/2026-04-16/title-21/part-74' AND snapshot_date = '2026-04-16' LIMIT 1));
INSERT INTO regulatory_fact (canonical_id, jurisdiction, fact_type, status, regulation_ref, product_category, evidence_id) VALUES ('NAME_fdc_yellow_no_5', 'US_FDA', 'permitted', 'PERMITTED per 21 CFR §74.1705 (Listing of Color Additives Subject to Certification)', '21 CFR §74.1705', 'food', (SELECT id FROM fact_evidence WHERE source_url = 'https://www.ecfr.gov/on/2026-04-16/title-21/part-74' AND snapshot_date = '2026-04-16' LIMIT 1));
INSERT INTO regulatory_fact (canonical_id, jurisdiction, fact_type, status, regulation_ref, product_category, evidence_id) VALUES ('NAME_fdc_yellow_no_6', 'US_FDA', 'permitted', 'PERMITTED per 21 CFR §74.1706 (Listing of Color Additives Subject to Certification)', '21 CFR §74.1706', 'food', (SELECT id FROM fact_evidence WHERE source_url = 'https://www.ecfr.gov/on/2026-04-16/title-21/part-74' AND snapshot_date = '2026-04-16' LIMIT 1));
INSERT INTO ingredient (canonical_id, primary_name, ingredient_class, category, is_natural) VALUES ('NAME_dc_yellow_no_7', 'D&C Yellow No. 7', 'substance', 'food', 0) ON CONFLICT(canonical_id) DO NOTHING;
INSERT INTO ingredient_alias (canonical_id, alias, alias_normalized, alias_type, language_code, confidence, source) VALUES ('NAME_dc_yellow_no_7', 'D&C Yellow No. 7', 'd&c yellow no. 7', 'synonym', 'en', 1.0, 'FDA CFR 21') ON CONFLICT(alias_normalized, alias_type, COALESCE(language_code, '')) DO NOTHING;
INSERT INTO regulatory_fact (canonical_id, jurisdiction, fact_type, status, regulation_ref, product_category, evidence_id) VALUES ('NAME_dc_yellow_no_7', 'US_FDA', 'permitted', 'PERMITTED per 21 CFR §74.1707 (Listing of Color Additives Subject to Certification)', '21 CFR §74.1707', 'food', (SELECT id FROM fact_evidence WHERE source_url = 'https://www.ecfr.gov/on/2026-04-16/title-21/part-74' AND snapshot_date = '2026-04-16' LIMIT 1));
INSERT INTO ingredient (canonical_id, primary_name, ingredient_class, category, is_natural) VALUES ('NAME_dc_yellow_no_8', 'D&C Yellow No. 8', 'substance', 'food', 0) ON CONFLICT(canonical_id) DO NOTHING;
INSERT INTO ingredient_alias (canonical_id, alias, alias_normalized, alias_type, language_code, confidence, source) VALUES ('NAME_dc_yellow_no_8', 'D&C Yellow No. 8', 'd&c yellow no. 8', 'synonym', 'en', 1.0, 'FDA CFR 21') ON CONFLICT(alias_normalized, alias_type, COALESCE(language_code, '')) DO NOTHING;
INSERT INTO regulatory_fact (canonical_id, jurisdiction, fact_type, status, regulation_ref, product_category, evidence_id) VALUES ('NAME_dc_yellow_no_8', 'US_FDA', 'permitted', 'PERMITTED per 21 CFR §74.1708 (Listing of Color Additives Subject to Certification)', '21 CFR §74.1708', 'food', (SELECT id FROM fact_evidence WHERE source_url = 'https://www.ecfr.gov/on/2026-04-16/title-21/part-74' AND snapshot_date = '2026-04-16' LIMIT 1));
INSERT INTO ingredient (canonical_id, primary_name, ingredient_class, category, is_natural) VALUES ('NAME_dc_yellow_no_10', 'D&C Yellow No. 10', 'substance', 'food', 0) ON CONFLICT(canonical_id) DO NOTHING;
INSERT INTO ingredient_alias (canonical_id, alias, alias_normalized, alias_type, language_code, confidence, source) VALUES ('NAME_dc_yellow_no_10', 'D&C Yellow No. 10', 'd&c yellow no. 10', 'synonym', 'en', 1.0, 'FDA CFR 21') ON CONFLICT(alias_normalized, alias_type, COALESCE(language_code, '')) DO NOTHING;
INSERT INTO regulatory_fact (canonical_id, jurisdiction, fact_type, status, regulation_ref, product_category, evidence_id) VALUES ('NAME_dc_yellow_no_10', 'US_FDA', 'permitted', 'PERMITTED per 21 CFR §74.1710 (Listing of Color Additives Subject to Certification)', '21 CFR §74.1710', 'food', (SELECT id FROM fact_evidence WHERE source_url = 'https://www.ecfr.gov/on/2026-04-16/title-21/part-74' AND snapshot_date = '2026-04-16' LIMIT 1));
INSERT INTO ingredient (canonical_id, primary_name, ingredient_class, category, is_natural) VALUES ('NAME_dc_yellow_no_11', 'D&C Yellow No. 11', 'substance', 'food', 0) ON CONFLICT(canonical_id) DO NOTHING;
INSERT INTO ingredient_alias (canonical_id, alias, alias_normalized, alias_type, language_code, confidence, source) VALUES ('NAME_dc_yellow_no_11', 'D&C Yellow No. 11', 'd&c yellow no. 11', 'synonym', 'en', 1.0, 'FDA CFR 21') ON CONFLICT(alias_normalized, alias_type, COALESCE(language_code, '')) DO NOTHING;
INSERT INTO regulatory_fact (canonical_id, jurisdiction, fact_type, status, regulation_ref, product_category, evidence_id) VALUES ('NAME_dc_yellow_no_11', 'US_FDA', 'permitted', 'PERMITTED per 21 CFR §74.1711 (Listing of Color Additives Subject to Certification)', '21 CFR §74.1711', 'food', (SELECT id FROM fact_evidence WHERE source_url = 'https://www.ecfr.gov/on/2026-04-16/title-21/part-74' AND snapshot_date = '2026-04-16' LIMIT 1));
INSERT INTO ingredient (canonical_id, primary_name, ingredient_class, category, is_natural) VALUES ('NAME_dc_black_no_2', 'D&C Black No. 2', 'substance', 'food', 0) ON CONFLICT(canonical_id) DO NOTHING;
INSERT INTO ingredient_alias (canonical_id, alias, alias_normalized, alias_type, language_code, confidence, source) VALUES ('NAME_dc_black_no_2', 'D&C Black No. 2', 'd&c black no. 2', 'synonym', 'en', 1.0, 'FDA CFR 21') ON CONFLICT(alias_normalized, alias_type, COALESCE(language_code, '')) DO NOTHING;
INSERT INTO regulatory_fact (canonical_id, jurisdiction, fact_type, status, regulation_ref, product_category, evidence_id) VALUES ('NAME_dc_black_no_2', 'US_FDA', 'permitted', 'PERMITTED per 21 CFR §74.2052 (Listing of Color Additives Subject to Certification)', '21 CFR §74.2052', 'food', (SELECT id FROM fact_evidence WHERE source_url = 'https://www.ecfr.gov/on/2026-04-16/title-21/part-74' AND snapshot_date = '2026-04-16' LIMIT 1));
INSERT INTO ingredient (canonical_id, primary_name, ingredient_class, category, is_natural) VALUES ('NAME_dc_black_no_3', 'D&C Black No. 3', 'substance', 'food', 0) ON CONFLICT(canonical_id) DO NOTHING;
INSERT INTO ingredient_alias (canonical_id, alias, alias_normalized, alias_type, language_code, confidence, source) VALUES ('NAME_dc_black_no_3', 'D&C Black No. 3', 'd&c black no. 3', 'synonym', 'en', 1.0, 'FDA CFR 21') ON CONFLICT(alias_normalized, alias_type, COALESCE(language_code, '')) DO NOTHING;
INSERT INTO regulatory_fact (canonical_id, jurisdiction, fact_type, status, regulation_ref, product_category, evidence_id) VALUES ('NAME_dc_black_no_3', 'US_FDA', 'permitted', 'PERMITTED per 21 CFR §74.2053 (Listing of Color Additives Subject to Certification)', '21 CFR §74.2053', 'food', (SELECT id FROM fact_evidence WHERE source_url = 'https://www.ecfr.gov/on/2026-04-16/title-21/part-74' AND snapshot_date = '2026-04-16' LIMIT 1));
INSERT INTO regulatory_fact (canonical_id, jurisdiction, fact_type, status, regulation_ref, product_category, evidence_id) VALUES ('NAME_fdc_blue_no_1', 'US_FDA', 'permitted', 'PERMITTED per 21 CFR §74.2101 (Listing of Color Additives Subject to Certification)', '21 CFR §74.2101', 'food', (SELECT id FROM fact_evidence WHERE source_url = 'https://www.ecfr.gov/on/2026-04-16/title-21/part-74' AND snapshot_date = '2026-04-16' LIMIT 1));
INSERT INTO regulatory_fact (canonical_id, jurisdiction, fact_type, status, regulation_ref, product_category, evidence_id) VALUES ('NAME_dc_blue_no_4', 'US_FDA', 'permitted', 'PERMITTED per 21 CFR §74.2104 (Listing of Color Additives Subject to Certification)', '21 CFR §74.2104', 'food', (SELECT id FROM fact_evidence WHERE source_url = 'https://www.ecfr.gov/on/2026-04-16/title-21/part-74' AND snapshot_date = '2026-04-16' LIMIT 1));
INSERT INTO ingredient (canonical_id, primary_name, ingredient_class, category, is_natural) VALUES ('NAME_dc_brown_no_1', 'D&C Brown No. 1', 'substance', 'food', 0) ON CONFLICT(canonical_id) DO NOTHING;
INSERT INTO ingredient_alias (canonical_id, alias, alias_normalized, alias_type, language_code, confidence, source) VALUES ('NAME_dc_brown_no_1', 'D&C Brown No. 1', 'd&c brown no. 1', 'synonym', 'en', 1.0, 'FDA CFR 21') ON CONFLICT(alias_normalized, alias_type, COALESCE(language_code, '')) DO NOTHING;
INSERT INTO regulatory_fact (canonical_id, jurisdiction, fact_type, status, regulation_ref, product_category, evidence_id) VALUES ('NAME_dc_brown_no_1', 'US_FDA', 'permitted', 'PERMITTED per 21 CFR §74.2151 (Listing of Color Additives Subject to Certification)', '21 CFR §74.2151', 'food', (SELECT id FROM fact_evidence WHERE source_url = 'https://www.ecfr.gov/on/2026-04-16/title-21/part-74' AND snapshot_date = '2026-04-16' LIMIT 1));
INSERT INTO regulatory_fact (canonical_id, jurisdiction, fact_type, status, regulation_ref, product_category, evidence_id) VALUES ('NAME_fdc_green_no_3', 'US_FDA', 'permitted', 'PERMITTED per 21 CFR §74.2203 (Listing of Color Additives Subject to Certification)', '21 CFR §74.2203', 'food', (SELECT id FROM fact_evidence WHERE source_url = 'https://www.ecfr.gov/on/2026-04-16/title-21/part-74' AND snapshot_date = '2026-04-16' LIMIT 1));
INSERT INTO regulatory_fact (canonical_id, jurisdiction, fact_type, status, regulation_ref, product_category, evidence_id) VALUES ('NAME_dc_green_no_5', 'US_FDA', 'permitted', 'PERMITTED per 21 CFR §74.2205 (Listing of Color Additives Subject to Certification)', '21 CFR §74.2205', 'food', (SELECT id FROM fact_evidence WHERE source_url = 'https://www.ecfr.gov/on/2026-04-16/title-21/part-74' AND snapshot_date = '2026-04-16' LIMIT 1));
INSERT INTO regulatory_fact (canonical_id, jurisdiction, fact_type, status, regulation_ref, product_category, evidence_id) VALUES ('NAME_dc_green_no_6', 'US_FDA', 'permitted', 'PERMITTED per 21 CFR §74.2206 (Listing of Color Additives Subject to Certification)', '21 CFR §74.2206', 'food', (SELECT id FROM fact_evidence WHERE source_url = 'https://www.ecfr.gov/on/2026-04-16/title-21/part-74' AND snapshot_date = '2026-04-16' LIMIT 1));
INSERT INTO regulatory_fact (canonical_id, jurisdiction, fact_type, status, regulation_ref, product_category, evidence_id) VALUES ('NAME_dc_green_no_8', 'US_FDA', 'permitted', 'PERMITTED per 21 CFR §74.2208 (Listing of Color Additives Subject to Certification)', '21 CFR §74.2208', 'food', (SELECT id FROM fact_evidence WHERE source_url = 'https://www.ecfr.gov/on/2026-04-16/title-21/part-74' AND snapshot_date = '2026-04-16' LIMIT 1));
INSERT INTO regulatory_fact (canonical_id, jurisdiction, fact_type, status, regulation_ref, product_category, evidence_id) VALUES ('NAME_dc_orange_no_4', 'US_FDA', 'permitted', 'PERMITTED per 21 CFR §74.2254 (Listing of Color Additives Subject to Certification)', '21 CFR §74.2254', 'food', (SELECT id FROM fact_evidence WHERE source_url = 'https://www.ecfr.gov/on/2026-04-16/title-21/part-74' AND snapshot_date = '2026-04-16' LIMIT 1));
INSERT INTO regulatory_fact (canonical_id, jurisdiction, fact_type, status, regulation_ref, product_category, evidence_id) VALUES ('NAME_dc_orange_no_5', 'US_FDA', 'permitted', 'PERMITTED per 21 CFR §74.2255 (Listing of Color Additives Subject to Certification)', '21 CFR §74.2255', 'food', (SELECT id FROM fact_evidence WHERE source_url = 'https://www.ecfr.gov/on/2026-04-16/title-21/part-74' AND snapshot_date = '2026-04-16' LIMIT 1));
INSERT INTO regulatory_fact (canonical_id, jurisdiction, fact_type, status, regulation_ref, product_category, evidence_id) VALUES ('NAME_dc_orange_no_10', 'US_FDA', 'permitted', 'PERMITTED per 21 CFR §74.2260 (Listing of Color Additives Subject to Certification)', '21 CFR §74.2260', 'food', (SELECT id FROM fact_evidence WHERE source_url = 'https://www.ecfr.gov/on/2026-04-16/title-21/part-74' AND snapshot_date = '2026-04-16' LIMIT 1));
INSERT INTO regulatory_fact (canonical_id, jurisdiction, fact_type, status, regulation_ref, product_category, evidence_id) VALUES ('NAME_dc_orange_no_11', 'US_FDA', 'permitted', 'PERMITTED per 21 CFR §74.2261 (Listing of Color Additives Subject to Certification)', '21 CFR §74.2261', 'food', (SELECT id FROM fact_evidence WHERE source_url = 'https://www.ecfr.gov/on/2026-04-16/title-21/part-74' AND snapshot_date = '2026-04-16' LIMIT 1));
INSERT INTO regulatory_fact (canonical_id, jurisdiction, fact_type, status, regulation_ref, product_category, evidence_id) VALUES ('NAME_fdc_red_no_4', 'US_FDA', 'permitted', 'PERMITTED per 21 CFR §74.2304 (Listing of Color Additives Subject to Certification)', '21 CFR §74.2304', 'food', (SELECT id FROM fact_evidence WHERE source_url = 'https://www.ecfr.gov/on/2026-04-16/title-21/part-74' AND snapshot_date = '2026-04-16' LIMIT 1));
INSERT INTO regulatory_fact (canonical_id, jurisdiction, fact_type, status, regulation_ref, product_category, evidence_id) VALUES ('NAME_dc_red_no_6', 'US_FDA', 'permitted', 'PERMITTED per 21 CFR §74.2306 (Listing of Color Additives Subject to Certification)', '21 CFR §74.2306', 'food', (SELECT id FROM fact_evidence WHERE source_url = 'https://www.ecfr.gov/on/2026-04-16/title-21/part-74' AND snapshot_date = '2026-04-16' LIMIT 1));
INSERT INTO regulatory_fact (canonical_id, jurisdiction, fact_type, status, regulation_ref, product_category, evidence_id) VALUES ('NAME_dc_red_no_7', 'US_FDA', 'permitted', 'PERMITTED per 21 CFR §74.2307 (Listing of Color Additives Subject to Certification)', '21 CFR §74.2307', 'food', (SELECT id FROM fact_evidence WHERE source_url = 'https://www.ecfr.gov/on/2026-04-16/title-21/part-74' AND snapshot_date = '2026-04-16' LIMIT 1));
INSERT INTO regulatory_fact (canonical_id, jurisdiction, fact_type, status, regulation_ref, product_category, evidence_id) VALUES ('NAME_dc_red_no_17', 'US_FDA', 'permitted', 'PERMITTED per 21 CFR §74.2317 (Listing of Color Additives Subject to Certification)', '21 CFR §74.2317', 'food', (SELECT id FROM fact_evidence WHERE source_url = 'https://www.ecfr.gov/on/2026-04-16/title-21/part-74' AND snapshot_date = '2026-04-16' LIMIT 1));
INSERT INTO regulatory_fact (canonical_id, jurisdiction, fact_type, status, regulation_ref, product_category, evidence_id) VALUES ('NAME_dc_red_no_21', 'US_FDA', 'permitted', 'PERMITTED per 21 CFR §74.2321 (Listing of Color Additives Subject to Certification)', '21 CFR §74.2321', 'food', (SELECT id FROM fact_evidence WHERE source_url = 'https://www.ecfr.gov/on/2026-04-16/title-21/part-74' AND snapshot_date = '2026-04-16' LIMIT 1));
INSERT INTO regulatory_fact (canonical_id, jurisdiction, fact_type, status, regulation_ref, product_category, evidence_id) VALUES ('NAME_dc_red_no_22', 'US_FDA', 'permitted', 'PERMITTED per 21 CFR §74.2322 (Listing of Color Additives Subject to Certification)', '21 CFR §74.2322', 'food', (SELECT id FROM fact_evidence WHERE source_url = 'https://www.ecfr.gov/on/2026-04-16/title-21/part-74' AND snapshot_date = '2026-04-16' LIMIT 1));
INSERT INTO regulatory_fact (canonical_id, jurisdiction, fact_type, status, regulation_ref, product_category, evidence_id) VALUES ('NAME_dc_red_no_27', 'US_FDA', 'permitted', 'PERMITTED per 21 CFR §74.2327 (Listing of Color Additives Subject to Certification)', '21 CFR §74.2327', 'food', (SELECT id FROM fact_evidence WHERE source_url = 'https://www.ecfr.gov/on/2026-04-16/title-21/part-74' AND snapshot_date = '2026-04-16' LIMIT 1));
INSERT INTO regulatory_fact (canonical_id, jurisdiction, fact_type, status, regulation_ref, product_category, evidence_id) VALUES ('NAME_dc_red_no_28', 'US_FDA', 'permitted', 'PERMITTED per 21 CFR §74.2328 (Listing of Color Additives Subject to Certification)', '21 CFR §74.2328', 'food', (SELECT id FROM fact_evidence WHERE source_url = 'https://www.ecfr.gov/on/2026-04-16/title-21/part-74' AND snapshot_date = '2026-04-16' LIMIT 1));
INSERT INTO regulatory_fact (canonical_id, jurisdiction, fact_type, status, regulation_ref, product_category, evidence_id) VALUES ('NAME_dc_red_no_30', 'US_FDA', 'permitted', 'PERMITTED per 21 CFR §74.2330 (Listing of Color Additives Subject to Certification)', '21 CFR §74.2330', 'food', (SELECT id FROM fact_evidence WHERE source_url = 'https://www.ecfr.gov/on/2026-04-16/title-21/part-74' AND snapshot_date = '2026-04-16' LIMIT 1));
INSERT INTO regulatory_fact (canonical_id, jurisdiction, fact_type, status, regulation_ref, product_category, evidence_id) VALUES ('NAME_dc_red_no_31', 'US_FDA', 'permitted', 'PERMITTED per 21 CFR §74.2331 (Listing of Color Additives Subject to Certification)', '21 CFR §74.2331', 'food', (SELECT id FROM fact_evidence WHERE source_url = 'https://www.ecfr.gov/on/2026-04-16/title-21/part-74' AND snapshot_date = '2026-04-16' LIMIT 1));
INSERT INTO regulatory_fact (canonical_id, jurisdiction, fact_type, status, regulation_ref, product_category, evidence_id) VALUES ('NAME_dc_red_no_33', 'US_FDA', 'permitted', 'PERMITTED per 21 CFR §74.2333 (Listing of Color Additives Subject to Certification)', '21 CFR §74.2333', 'food', (SELECT id FROM fact_evidence WHERE source_url = 'https://www.ecfr.gov/on/2026-04-16/title-21/part-74' AND snapshot_date = '2026-04-16' LIMIT 1));
INSERT INTO regulatory_fact (canonical_id, jurisdiction, fact_type, status, regulation_ref, product_category, evidence_id) VALUES ('NAME_dc_red_no_34', 'US_FDA', 'permitted', 'PERMITTED per 21 CFR §74.2334 (Listing of Color Additives Subject to Certification)', '21 CFR §74.2334', 'food', (SELECT id FROM fact_evidence WHERE source_url = 'https://www.ecfr.gov/on/2026-04-16/title-21/part-74' AND snapshot_date = '2026-04-16' LIMIT 1));
INSERT INTO regulatory_fact (canonical_id, jurisdiction, fact_type, status, regulation_ref, product_category, evidence_id) VALUES ('NAME_dc_red_no_36', 'US_FDA', 'permitted', 'PERMITTED per 21 CFR §74.2336 (Listing of Color Additives Subject to Certification)', '21 CFR §74.2336', 'food', (SELECT id FROM fact_evidence WHERE source_url = 'https://www.ecfr.gov/on/2026-04-16/title-21/part-74' AND snapshot_date = '2026-04-16' LIMIT 1));
INSERT INTO regulatory_fact (canonical_id, jurisdiction, fact_type, status, regulation_ref, product_category, evidence_id) VALUES ('NAME_fdc_red_no_40', 'US_FDA', 'permitted', 'PERMITTED per 21 CFR §74.2340 (Listing of Color Additives Subject to Certification)', '21 CFR §74.2340', 'food', (SELECT id FROM fact_evidence WHERE source_url = 'https://www.ecfr.gov/on/2026-04-16/title-21/part-74' AND snapshot_date = '2026-04-16' LIMIT 1));
INSERT INTO regulatory_fact (canonical_id, jurisdiction, fact_type, status, regulation_ref, product_category, evidence_id) VALUES ('NAME_dc_violet_no_2', 'US_FDA', 'permitted', 'PERMITTED per 21 CFR §74.2602 (Listing of Color Additives Subject to Certification)', '21 CFR §74.2602', 'food', (SELECT id FROM fact_evidence WHERE source_url = 'https://www.ecfr.gov/on/2026-04-16/title-21/part-74' AND snapshot_date = '2026-04-16' LIMIT 1));
INSERT INTO regulatory_fact (canonical_id, jurisdiction, fact_type, status, regulation_ref, product_category, evidence_id) VALUES ('NAME_fdc_yellow_no_5', 'US_FDA', 'permitted', 'PERMITTED per 21 CFR §74.2705 (Listing of Color Additives Subject to Certification)', '21 CFR §74.2705', 'food', (SELECT id FROM fact_evidence WHERE source_url = 'https://www.ecfr.gov/on/2026-04-16/title-21/part-74' AND snapshot_date = '2026-04-16' LIMIT 1));
INSERT INTO regulatory_fact (canonical_id, jurisdiction, fact_type, status, regulation_ref, product_category, evidence_id) VALUES ('NAME_fdc_yellow_no_6', 'US_FDA', 'permitted', 'PERMITTED per 21 CFR §74.2706 (Listing of Color Additives Subject to Certification)', '21 CFR §74.2706', 'food', (SELECT id FROM fact_evidence WHERE source_url = 'https://www.ecfr.gov/on/2026-04-16/title-21/part-74' AND snapshot_date = '2026-04-16' LIMIT 1));
INSERT INTO regulatory_fact (canonical_id, jurisdiction, fact_type, status, regulation_ref, product_category, evidence_id) VALUES ('NAME_dc_yellow_no_7', 'US_FDA', 'permitted', 'PERMITTED per 21 CFR §74.2707 (Listing of Color Additives Subject to Certification)', '21 CFR §74.2707', 'food', (SELECT id FROM fact_evidence WHERE source_url = 'https://www.ecfr.gov/on/2026-04-16/title-21/part-74' AND snapshot_date = '2026-04-16' LIMIT 1));
INSERT INTO regulatory_fact (canonical_id, jurisdiction, fact_type, status, regulation_ref, product_category, evidence_id) VALUES ('NAME_dc_yellow_no_8', 'US_FDA', 'permitted', 'PERMITTED per 21 CFR §74.2708 (Listing of Color Additives Subject to Certification)', '21 CFR §74.2708', 'food', (SELECT id FROM fact_evidence WHERE source_url = 'https://www.ecfr.gov/on/2026-04-16/title-21/part-74' AND snapshot_date = '2026-04-16' LIMIT 1));
INSERT INTO regulatory_fact (canonical_id, jurisdiction, fact_type, status, regulation_ref, product_category, evidence_id) VALUES ('NAME_dc_yellow_no_10', 'US_FDA', 'permitted', 'PERMITTED per 21 CFR §74.2710 (Listing of Color Additives Subject to Certification)', '21 CFR §74.2710', 'food', (SELECT id FROM fact_evidence WHERE source_url = 'https://www.ecfr.gov/on/2026-04-16/title-21/part-74' AND snapshot_date = '2026-04-16' LIMIT 1));
INSERT INTO regulatory_fact (canonical_id, jurisdiction, fact_type, status, regulation_ref, product_category, evidence_id) VALUES ('NAME_dc_yellow_no_11', 'US_FDA', 'permitted', 'PERMITTED per 21 CFR §74.2711 (Listing of Color Additives Subject to Certification)', '21 CFR §74.2711', 'food', (SELECT id FROM fact_evidence WHERE source_url = 'https://www.ecfr.gov/on/2026-04-16/title-21/part-74' AND snapshot_date = '2026-04-16' LIMIT 1));
INSERT INTO ingredient (canonical_id, primary_name, ingredient_class, category, is_natural) VALUES ('NAME_phthalocyaninato2_copper', '[Phthalocyaninato(2-)] copper', 'substance', 'food', 0) ON CONFLICT(canonical_id) DO NOTHING;
INSERT INTO ingredient_alias (canonical_id, alias, alias_normalized, alias_type, language_code, confidence, source) VALUES ('NAME_phthalocyaninato2_copper', '[Phthalocyaninato(2-)] copper', '[phthalocyaninato(2-)] copper', 'synonym', 'en', 1.0, 'FDA CFR 21') ON CONFLICT(alias_normalized, alias_type, COALESCE(language_code, '')) DO NOTHING;
INSERT INTO regulatory_fact (canonical_id, jurisdiction, fact_type, status, regulation_ref, product_category, evidence_id) VALUES ('NAME_phthalocyaninato2_copper', 'US_FDA', 'permitted', 'PERMITTED per 21 CFR §74.3045 (Listing of Color Additives Subject to Certification)', '21 CFR §74.3045', 'food', (SELECT id FROM fact_evidence WHERE source_url = 'https://www.ecfr.gov/on/2026-04-16/title-21/part-74' AND snapshot_date = '2026-04-16' LIMIT 1));
INSERT INTO ingredient (canonical_id, primary_name, ingredient_class, category, is_natural) VALUES ('NAME_dc_black_no_4', 'D&C Black No. 4', 'substance', 'food', 0) ON CONFLICT(canonical_id) DO NOTHING;
INSERT INTO ingredient_alias (canonical_id, alias, alias_normalized, alias_type, language_code, confidence, source) VALUES ('NAME_dc_black_no_4', 'D&C Black No. 4', 'd&c black no. 4', 'synonym', 'en', 1.0, 'FDA CFR 21') ON CONFLICT(alias_normalized, alias_type, COALESCE(language_code, '')) DO NOTHING;
INSERT INTO regulatory_fact (canonical_id, jurisdiction, fact_type, status, regulation_ref, product_category, evidence_id) VALUES ('NAME_dc_black_no_4', 'US_FDA', 'permitted', 'PERMITTED per 21 CFR §74.3054 (Listing of Color Additives Subject to Certification)', '21 CFR §74.3054', 'food', (SELECT id FROM fact_evidence WHERE source_url = 'https://www.ecfr.gov/on/2026-04-16/title-21/part-74' AND snapshot_date = '2026-04-16' LIMIT 1));
INSERT INTO regulatory_fact (canonical_id, jurisdiction, fact_type, status, regulation_ref, product_category, evidence_id) VALUES ('NAME_fdc_blue_no_2', 'US_FDA', 'permitted', 'PERMITTED per 21 CFR §74.3102 (Listing of Color Additives Subject to Certification)', '21 CFR §74.3102', 'food', (SELECT id FROM fact_evidence WHERE source_url = 'https://www.ecfr.gov/on/2026-04-16/title-21/part-74' AND snapshot_date = '2026-04-16' LIMIT 1));
INSERT INTO ingredient (canonical_id, primary_name, ingredient_class, category, is_natural) VALUES ('NAME_dc_blue_no_6', 'D&C Blue No. 6', 'substance', 'food', 0) ON CONFLICT(canonical_id) DO NOTHING;
INSERT INTO ingredient_alias (canonical_id, alias, alias_normalized, alias_type, language_code, confidence, source) VALUES ('NAME_dc_blue_no_6', 'D&C Blue No. 6', 'd&c blue no. 6', 'synonym', 'en', 1.0, 'FDA CFR 21') ON CONFLICT(alias_normalized, alias_type, COALESCE(language_code, '')) DO NOTHING;
INSERT INTO regulatory_fact (canonical_id, jurisdiction, fact_type, status, regulation_ref, product_category, evidence_id) VALUES ('NAME_dc_blue_no_6', 'US_FDA', 'permitted', 'PERMITTED per 21 CFR §74.3106 (Listing of Color Additives Subject to Certification)', '21 CFR §74.3106', 'food', (SELECT id FROM fact_evidence WHERE source_url = 'https://www.ecfr.gov/on/2026-04-16/title-21/part-74' AND snapshot_date = '2026-04-16' LIMIT 1));
INSERT INTO regulatory_fact (canonical_id, jurisdiction, fact_type, status, regulation_ref, product_category, evidence_id) VALUES ('NAME_dc_green_no_6', 'US_FDA', 'permitted', 'PERMITTED per 21 CFR §74.3206 (Listing of Color Additives Subject to Certification)', '21 CFR §74.3206', 'food', (SELECT id FROM fact_evidence WHERE source_url = 'https://www.ecfr.gov/on/2026-04-16/title-21/part-74' AND snapshot_date = '2026-04-16' LIMIT 1));
INSERT INTO regulatory_fact (canonical_id, jurisdiction, fact_type, status, regulation_ref, product_category, evidence_id) VALUES ('NAME_dc_red_no_17', 'US_FDA', 'permitted', 'PERMITTED per 21 CFR §74.3230 (Listing of Color Additives Subject to Certification)', '21 CFR §74.3230', 'food', (SELECT id FROM fact_evidence WHERE source_url = 'https://www.ecfr.gov/on/2026-04-16/title-21/part-74' AND snapshot_date = '2026-04-16' LIMIT 1));
INSERT INTO regulatory_fact (canonical_id, jurisdiction, fact_type, status, regulation_ref, product_category, evidence_id) VALUES ('NAME_dc_violet_no_2', 'US_FDA', 'permitted', 'PERMITTED per 21 CFR §74.3602 (Listing of Color Additives Subject to Certification)', '21 CFR §74.3602', 'food', (SELECT id FROM fact_evidence WHERE source_url = 'https://www.ecfr.gov/on/2026-04-16/title-21/part-74' AND snapshot_date = '2026-04-16' LIMIT 1));
INSERT INTO regulatory_fact (canonical_id, jurisdiction, fact_type, status, regulation_ref, product_category, evidence_id) VALUES ('NAME_dc_yellow_no_8', 'US_FDA', 'permitted', 'PERMITTED per 21 CFR §74.3708 (Listing of Color Additives Subject to Certification)', '21 CFR §74.3708', 'food', (SELECT id FROM fact_evidence WHERE source_url = 'https://www.ecfr.gov/on/2026-04-16/title-21/part-74' AND snapshot_date = '2026-04-16' LIMIT 1));
INSERT INTO regulatory_fact (canonical_id, jurisdiction, fact_type, status, regulation_ref, product_category, evidence_id) VALUES ('NAME_dc_yellow_no_10', 'US_FDA', 'permitted', 'PERMITTED per 21 CFR §74.3710 (Listing of Color Additives Subject to Certification)', '21 CFR §74.3710', 'food', (SELECT id FROM fact_evidence WHERE source_url = 'https://www.ecfr.gov/on/2026-04-16/title-21/part-74' AND snapshot_date = '2026-04-16' LIMIT 1));

UPDATE ingestion_run SET finished_at = datetime('now'), status = 'completed', rows_inserted = 2239 WHERE id = (SELECT id FROM ingestion_run WHERE ingester_name = 'seed-ecfr-cig' AND status = 'running' ORDER BY started_at DESC LIMIT 1);

